[2026-09-15 11:32:18] [START] ──────── PitMine3D 麒麟版启动 ────────
  程序版本: 1.0.0.0   构建时间: 2026-09-15 11:30
  版本目录: C:\Users\cFore\coder\DayOps_Kylin\.artifacts\state-green\bin\Debug\net8.0\
  OS      : Microsoft Windows 10.0.26200 / X64
  运行时  : .NET 8.0.2 (X64)
  区域    : Invariant=False
  DISPLAY                               = (未设)
  WAYLAND_DISPLAY                       = (未设)
  XDG_SESSION_TYPE                      = (未设)
  LD_LIBRARY_PATH                       = (未设)
  DOTNET_SYSTEM_GLOBALIZATION_INVARIANT = (未设)
  LIBGL_ALWAYS_SOFTWARE                 = (未设)
[2026-09-15 11:32:20] [GL] 上下文: OpenGLES 3.0
[2026-09-15 11:32:20] [GL] 渲染器就绪, 着色器方言=GLES 300, 扩展 VAO=有 glPolygonOffset=有 glUniform1f=有 glDepthFunc=有 纹理=有 混合=有, 材质通道=可用
[2026-09-15 11:32:20] [GL] GL_VERSION=OpenGL ES 3.0.0 (ANGLE 2.1.22045 git hash: 4a177dd16290) · GL_RENDERER=ANGLE (NVIDIA, NVIDIA GeForce RTX 4070 (0x00002786) Direct3D11 vs_5_0 ps_5_0, D3D11-32.0.15.9186) · GL_VENDOR=Google Inc. (NVIDIA)
[2026-09-15 11:32:20] [GL] GLSL=OpenGL ES GLSL ES 3.00 (ANGLE 2.1.22045 git hash: 4a177dd16290)
[2026-09-15 11:32:20] [UI] 功能区缩放 0.77（需 2491px，目标 1920px）
[2026-09-15 11:32:20] [GL] 帧缓冲深度 16 位 → 已换成 24 位(2675×1525)
[11:32:20.299] [TRACE] 帧 公告板
[11:32:20.300] [TRACE] 帧 格网
[11:32:20.301] [TRACE] 帧 开始
[11:32:20.302] [TRACE] 帧 格网趟
[11:32:20.303] [TRACE] 帧 场景趟
[11:32:20.303] [TRACE] 帧 高亮趟
[11:32:20.303] [TRACE] 帧 叠加趟
[11:32:20.304] [TRACE] 帧 光标趟
[11:32:20.304] [TRACE] 帧 结束
[2026-09-15 11:32:20] [GL] 首帧完成 2675x1525
[11:32:20.518] [TRACE] RefreshScene/捕捉点 5ms
[11:32:20.519] [TRACE] RefreshScene/细分+上传 6ms
[11:32:20.521] [TRACE] RefreshScene/预览 7ms
[11:32:20.522] [TRACE] RefreshScene/三角面/生成 9ms
[11:32:20.522] [TRACE] RefreshScene/三角面/上传 9ms
[11:32:20.523] [TRACE] RefreshScene/材质面 10ms
[11:32:20.524] [TRACE] RefreshScene/点云 11ms
[11:32:20.524] [TRACE] RefreshScene/注记 11ms
[11:32:20.525] [TRACE] RefreshScene/对象树 11ms
[2026-09-15 11:32:20] [自检] @标注示例 对齐  →  状态栏「自检标注：对齐标注 测量值 100 · 已入场景并选中」 命令框「」 焦点=无 光标=CrosshairWithBox
[11:32:20.615] [TRACE] 帧 公告板
[11:32:20.616] [TRACE] 帧 格网
[11:32:20.616] [TRACE] 帧 开始
[11:32:20.616] [TRACE] 帧 格网趟
[11:32:20.616] [TRACE] 帧 场景趟
[11:32:20.617] [TRACE] 帧 高亮趟
[11:32:20.617] [TRACE] 帧 叠加趟
[11:32:20.617] [TRACE] 帧 光标趟
[11:32:20.617] [TRACE] 帧 结束
[11:32:20.647] [TRACE] 帧 公告板
[11:32:20.647] [TRACE] 帧 格网
[11:32:20.648] [TRACE] 帧 开始
[11:32:20.648] [TRACE] 帧 格网趟
[11:32:20.648] [TRACE] 帧 场景趟
[11:32:20.648] [TRACE] 帧 高亮趟
[11:32:20.648] [TRACE] 帧 叠加趟
[11:32:20.648] [TRACE] 帧 光标趟
[11:32:20.649] [TRACE] 帧 结束
[11:32:20.679] [TRACE] 帧 公告板
[11:32:20.679] [TRACE] 帧 格网
[11:32:20.679] [TRACE] 帧 开始
[11:32:20.679] [TRACE] 帧 格网趟
[11:32:20.679] [TRACE] 帧 场景趟
[11:32:20.680] [TRACE] 帧 高亮趟
[11:32:20.680] [TRACE] 帧 叠加趟
[11:32:20.680] [TRACE] 帧 光标趟
[11:32:20.680] [TRACE] 帧 结束
[11:32:20.710] [TRACE] 帧 公告板
[11:32:20.711] [TRACE] 帧 格网
[11:32:20.711] [TRACE] 帧 开始
[11:32:20.711] [TRACE] 帧 格网趟
[11:32:20.711] [TRACE] 帧 场景趟
[11:32:20.711] [TRACE] 帧 高亮趟
[11:32:20.711] [TRACE] 帧 叠加趟
[11:32:20.712] [TRACE] 帧 光标趟
[11:32:20.712] [TRACE] 帧 结束
[11:32:20.741] [TRACE] 帧 公告板
[11:32:20.741] [TRACE] 帧 格网
[11:32:20.741] [TRACE] 帧 开始
[11:32:20.741] [TRACE] 帧 格网趟
[11:32:20.742] [TRACE] 帧 场景趟
[11:32:20.742] [TRACE] 帧 高亮趟
[11:32:20.742] [TRACE] 帧 叠加趟
[11:32:20.742] [TRACE] 帧 光标趟
[11:32:20.742] [TRACE] 帧 结束
[11:32:20.779] [TRACE] 帧 公告板
[11:32:20.779] [TRACE] 帧 格网
[11:32:20.780] [TRACE] 帧 开始
[11:32:20.780] [TRACE] 帧 格网趟
[11:32:20.780] [TRACE] 帧 场景趟
[11:32:20.781] [TRACE] 帧 高亮趟
[11:32:20.781] [TRACE] 帧 叠加趟
[11:32:20.781] [TRACE] 帧 光标趟
[11:32:20.781] [TRACE] 帧 结束
[11:32:20.803] [TRACE] 帧 公告板
[11:32:20.803] [TRACE] 帧 格网
[11:32:20.803] [TRACE] 帧 开始
[11:32:20.803] [TRACE] 帧 格网趟
[11:32:20.803] [TRACE] 帧 场景趟
[11:32:20.804] [TRACE] 帧 高亮趟
[11:32:20.804] [TRACE] 帧 叠加趟
[11:32:20.804] [TRACE] 帧 光标趟
[11:32:20.804] [TRACE] 帧 结束
[2026-09-15 11:32:20] [自检] @等待 250  →  状态栏「自检标注：对齐标注 测量值 100 · 已入场景并选中」 命令框「」 焦点=无 光标=CrosshairWithBox
[2026-09-15 11:32:20] [自检] 连续标注  →  状态栏「连续标注：点击第一个可拾取的直线或边（Esc 结束）」 命令框「」 焦点=无 光标=PickBox
[11:32:20.876] [TRACE] 点选 1.66ms 命中=DimensionEntity
[2026-09-15 11:32:20] [自检] @鼠标 双击 60 35  →  状态栏「标注编辑：已进入编辑模式，可拖动蓝色节点调整高度，或在右侧特性面板修改  [自检鼠标 双击 (60,35) 屏幕(881,508) 拖拽=False 框选=False 编辑框=无 选集: 对齐标注]」 命令框「」 焦点=无 光标=CrosshairWithBox
[11:32:20.966] [TRACE] 帧 公告板
[11:32:20.966] [TRACE] 帧 格网
[11:32:20.966] [TRACE] 帧 开始
[11:32:20.967] [TRACE] 帧 格网趟
[11:32:20.967] [TRACE] 帧 场景趟
[11:32:20.967] [TRACE] 帧 高亮趟
[11:32:20.967] [TRACE] 帧 叠加趟
[11:32:20.967] [TRACE] 帧 光标趟
[11:32:20.968] [TRACE] 帧 结束
[11:32:21.003] [TRACE] 帧 公告板
[11:32:21.003] [TRACE] 帧 格网
[11:32:21.003] [TRACE] 帧 开始
[11:32:21.004] [TRACE] 帧 格网趟
[11:32:21.004] [TRACE] 帧 场景趟
[11:32:21.004] [TRACE] 帧 高亮趟
[11:32:21.004] [TRACE] 帧 叠加趟
[11:32:21.004] [TRACE] 帧 光标趟
[11:32:21.004] [TRACE] 帧 结束
[11:32:21.034] [TRACE] 帧 公告板
[11:32:21.034] [TRACE] 帧 格网
[11:32:21.034] [TRACE] 帧 开始
[11:32:21.034] [TRACE] 帧 格网趟
[11:32:21.034] [TRACE] 帧 场景趟
[11:32:21.034] [TRACE] 帧 高亮趟
[11:32:21.035] [TRACE] 帧 叠加趟
[11:32:21.035] [TRACE] 帧 光标趟
[11:32:21.035] [TRACE] 帧 结束
[2026-09-15 11:32:21] [自检] @等待 150  →  状态栏「标注编辑：已进入编辑模式，可拖动蓝色节点调整高度，或在右侧特性面板修改  [自检鼠标 双击 (60,35) 屏幕(881,508) 拖拽=False 框选=False 编辑框=无 选集: 对齐标注]」 命令框「」 焦点=TextBox 光标=CrosshairWithBox
[11:32:21.065] [TRACE] 帧 公告板
[11:32:21.065] [TRACE] 帧 格网
[11:32:21.065] [TRACE] 帧 开始
[11:32:21.065] [TRACE] 帧 格网趟
[11:32:21.065] [TRACE] 帧 场景趟
[11:32:21.065] [TRACE] 帧 高亮趟
[11:32:21.066] [TRACE] 帧 叠加趟
[11:32:21.066] [TRACE] 帧 光标趟
[11:32:21.066] [TRACE] 帧 结束
[11:32:21.072] [TRACE] 帧 公告板
[11:32:21.072] [TRACE] 帧 格网
[11:32:21.072] [TRACE] 帧 开始
[11:32:21.072] [TRACE] 帧 格网趟
[11:32:21.073] [TRACE] 帧 场景趟
[11:32:21.073] [TRACE] 帧 高亮趟
[11:32:21.073] [TRACE] 帧 叠加趟
[11:32:21.073] [TRACE] 帧 光标趟
[11:32:21.073] [TRACE] 帧 结束
[11:32:21.078] [TRACE] 帧 公告板
[11:32:21.079] [TRACE] 帧 格网
[11:32:21.079] [TRACE] 帧 开始
[11:32:21.079] [TRACE] 帧 格网趟
[11:32:21.079] [TRACE] 帧 场景趟
[11:32:21.079] [TRACE] 帧 高亮趟
[11:32:21.079] [TRACE] 帧 叠加趟
[11:32:21.080] [TRACE] 帧 光标趟
[11:32:21.080] [TRACE] 帧 结束
[11:32:21.086] [TRACE] 帧 公告板
[11:32:21.086] [TRACE] 帧 格网
[11:32:21.086] [TRACE] 帧 开始
[11:32:21.087] [TRACE] 帧 格网趟
[11:32:21.087] [TRACE] 帧 场景趟
[11:32:21.087] [TRACE] 帧 高亮趟
[11:32:21.087] [TRACE] 帧 叠加趟
[11:32:21.087] [TRACE] 帧 光标趟
[11:32:21.087] [TRACE] 帧 结束
[11:32:21.092] [TRACE] 帧 公告板
[11:32:21.092] [TRACE] 帧 格网
[11:32:21.092] [TRACE] 帧 开始
[11:32:21.093] [TRACE] 帧 格网趟
[11:32:21.093] [TRACE] 帧 场景趟
[11:32:21.093] [TRACE] 帧 高亮趟
[11:32:21.093] [TRACE] 帧 叠加趟
[11:32:21.093] [TRACE] 帧 光标趟
[11:32:21.093] [TRACE] 帧 结束
[11:32:21.100] [TRACE] 帧 公告板
[11:32:21.100] [TRACE] 帧 格网
[11:32:21.100] [TRACE] 帧 开始
[11:32:21.101] [TRACE] 帧 格网趟
[11:32:21.101] [TRACE] 帧 场景趟
[11:32:21.101] [TRACE] 帧 高亮趟
[11:32:21.101] [TRACE] 帧 叠加趟
[11:32:21.101] [TRACE] 帧 光标趟
[11:32:21.102] [TRACE] 帧 结束
[11:32:21.106] [TRACE] 帧 公告板
[11:32:21.107] [TRACE] 帧 格网
[11:32:21.107] [TRACE] 帧 开始
[11:32:21.107] [TRACE] 帧 格网趟
[11:32:21.107] [TRACE] 帧 场景趟
[11:32:21.107] [TRACE] 帧 高亮趟
[11:32:21.108] [TRACE] 帧 叠加趟
[11:32:21.108] [TRACE] 帧 光标趟
[11:32:21.108] [TRACE] 帧 结束
[11:32:21.113] [TRACE] 帧 公告板
[11:32:21.113] [TRACE] 帧 格网
[11:32:21.113] [TRACE] 帧 开始
[11:32:21.114] [TRACE] 帧 格网趟
[11:32:21.114] [TRACE] 帧 场景趟
[11:32:21.114] [TRACE] 帧 高亮趟
[11:32:21.114] [TRACE] 帧 叠加趟
[11:32:21.114] [TRACE] 帧 光标趟
[11:32:21.114] [TRACE] 帧 结束
[11:32:21.121] [TRACE] 帧 公告板
[11:32:21.121] [TRACE] 帧 格网
[11:32:21.121] [TRACE] 帧 开始
[11:32:21.121] [TRACE] 帧 格网趟
[11:32:21.121] [TRACE] 帧 场景趟
[11:32:21.121] [TRACE] 帧 高亮趟
[11:32:21.122] [TRACE] 帧 叠加趟
[11:32:21.122] [TRACE] 帧 光标趟
[11:32:21.122] [TRACE] 帧 结束
[11:32:21.127] [TRACE] 帧 公告板
[11:32:21.127] [TRACE] 帧 格网
[11:32:21.127] [TRACE] 帧 开始
[11:32:21.127] [TRACE] 帧 格网趟
[11:32:21.128] [TRACE] 帧 场景趟
[11:32:21.128] [TRACE] 帧 高亮趟
[11:32:21.128] [TRACE] 帧 叠加趟
[11:32:21.128] [TRACE] 帧 光标趟
[11:32:21.128] [TRACE] 帧 结束
[11:32:21.135] [TRACE] 帧 公告板
[11:32:21.135] [TRACE] 帧 格网
[11:32:21.135] [TRACE] 帧 开始
[11:32:21.135] [TRACE] 帧 格网趟
[11:32:21.136] [TRACE] 帧 场景趟
[11:32:21.136] [TRACE] 帧 高亮趟
[11:32:21.136] [TRACE] 帧 叠加趟
[11:32:21.136] [TRACE] 帧 光标趟
[11:32:21.136] [TRACE] 帧 结束
[11:32:21.141] [TRACE] 帧 公告板
[11:32:21.141] [TRACE] 帧 格网
[11:32:21.141] [TRACE] 帧 开始
[11:32:21.141] [TRACE] 帧 格网趟
[11:32:21.142] [TRACE] 帧 场景趟
[11:32:21.142] [TRACE] 帧 高亮趟
[11:32:21.142] [TRACE] 帧 叠加趟
[11:32:21.142] [TRACE] 帧 光标趟
[11:32:21.142] [TRACE] 帧 结束
[11:32:21.149] [TRACE] 帧 公告板
[11:32:21.149] [TRACE] 帧 格网
[11:32:21.149] [TRACE] 帧 开始
[11:32:21.150] [TRACE] 帧 格网趟
[11:32:21.150] [TRACE] 帧 场景趟
[11:32:21.150] [TRACE] 帧 高亮趟
[11:32:21.150] [TRACE] 帧 叠加趟
[11:32:21.150] [TRACE] 帧 光标趟
[11:32:21.150] [TRACE] 帧 结束
[11:32:21.155] [TRACE] 帧 公告板
[11:32:21.155] [TRACE] 帧 格网
[11:32:21.155] [TRACE] 帧 开始
[11:32:21.155] [TRACE] 帧 格网趟
[11:32:21.155] [TRACE] 帧 场景趟
[11:32:21.155] [TRACE] 帧 高亮趟
[11:32:21.155] [TRACE] 帧 叠加趟
[11:32:21.156] [TRACE] 帧 光标趟
[11:32:21.156] [TRACE] 帧 结束
[11:32:21.162] [TRACE] 帧 公告板
[11:32:21.162] [TRACE] 帧 格网
[11:32:21.162] [TRACE] 帧 开始
[11:32:21.162] [TRACE] 帧 格网趟
[11:32:21.162] [TRACE] 帧 场景趟
[11:32:21.162] [TRACE] 帧 高亮趟
[11:32:21.163] [TRACE] 帧 叠加趟
[11:32:21.163] [TRACE] 帧 光标趟
[11:32:21.163] [TRACE] 帧 结束
[11:32:21.169] [TRACE] 帧 公告板
[11:32:21.170] [TRACE] 帧 格网
[11:32:21.170] [TRACE] 帧 开始
[11:32:21.170] [TRACE] 帧 格网趟
[11:32:21.170] [TRACE] 帧 场景趟
[11:32:21.170] [TRACE] 帧 高亮趟
[11:32:21.170] [TRACE] 帧 叠加趟
[11:32:21.170] [TRACE] 帧 光标趟
[11:32:21.170] [TRACE] 帧 结束
[11:32:21.176] [TRACE] 帧 公告板
[11:32:21.176] [TRACE] 帧 格网
[11:32:21.176] [TRACE] 帧 开始
[11:32:21.176] [TRACE] 帧 格网趟
[11:32:21.176] [TRACE] 帧 场景趟
[11:32:21.176] [TRACE] 帧 高亮趟
[11:32:21.177] [TRACE] 帧 叠加趟
[11:32:21.177] [TRACE] 帧 光标趟
[11:32:21.177] [TRACE] 帧 结束
[11:32:21.183] [TRACE] 帧 公告板
[11:32:21.184] [TRACE] 帧 格网
[11:32:21.184] [TRACE] 帧 开始
[11:32:21.184] [TRACE] 帧 格网趟
[11:32:21.184] [TRACE] 帧 场景趟
[11:32:21.184] [TRACE] 帧 高亮趟
[11:32:21.184] [TRACE] 帧 叠加趟
[11:32:21.184] [TRACE] 帧 光标趟
[11:32:21.185] [TRACE] 帧 结束
[11:32:21.190] [TRACE] 帧 公告板
[11:32:21.190] [TRACE] 帧 格网
[11:32:21.190] [TRACE] 帧 开始
[11:32:21.190] [TRACE] 帧 格网趟
[11:32:21.190] [TRACE] 帧 场景趟
[11:32:21.190] [TRACE] 帧 高亮趟
[11:32:21.191] [TRACE] 帧 叠加趟
[11:32:21.191] [TRACE] 帧 光标趟
[11:32:21.191] [TRACE] 帧 结束
[11:32:21.196] [TRACE] 帧 公告板
[11:32:21.197] [TRACE] 帧 格网
[11:32:21.197] [TRACE] 帧 开始
[11:32:21.197] [TRACE] 帧 格网趟
[11:32:21.197] [TRACE] 帧 场景趟
[11:32:21.197] [TRACE] 帧 高亮趟
[11:32:21.197] [TRACE] 帧 叠加趟
[11:32:21.197] [TRACE] 帧 光标趟
[11:32:21.198] [TRACE] 帧 结束
[11:32:21.205] [TRACE] 帧 公告板
[11:32:21.205] [TRACE] 帧 格网
[11:32:21.205] [TRACE] 帧 开始
[11:32:21.205] [TRACE] 帧 格网趟
[11:32:21.205] [TRACE] 帧 场景趟
[11:32:21.205] [TRACE] 帧 高亮趟
[11:32:21.205] [TRACE] 帧 叠加趟
[11:32:21.206] [TRACE] 帧 光标趟
[11:32:21.206] [TRACE] 帧 结束
[11:32:21.210] [TRACE] 帧 公告板
[11:32:21.211] [TRACE] 帧 格网
[11:32:21.211] [TRACE] 帧 开始
[11:32:21.211] [TRACE] 帧 格网趟
[11:32:21.211] [TRACE] 帧 场景趟
[11:32:21.211] [TRACE] 帧 高亮趟
[11:32:21.211] [TRACE] 帧 叠加趟
[11:32:21.212] [TRACE] 帧 光标趟
[11:32:21.212] [TRACE] 帧 结束
[11:32:21.218] [TRACE] 帧 公告板
[11:32:21.218] [TRACE] 帧 格网
[11:32:21.219] [TRACE] 帧 开始
[11:32:21.219] [TRACE] 帧 格网趟
[11:32:21.219] [TRACE] 帧 场景趟
[11:32:21.219] [TRACE] 帧 高亮趟
[11:32:21.219] [TRACE] 帧 叠加趟
[11:32:21.219] [TRACE] 帧 光标趟
[11:32:21.219] [TRACE] 帧 结束
[11:32:21.224] [TRACE] 帧 公告板
[11:32:21.225] [TRACE] 帧 格网
[11:32:21.225] [TRACE] 帧 开始
[11:32:21.225] [TRACE] 帧 格网趟
[11:32:21.225] [TRACE] 帧 场景趟
[11:32:21.226] [TRACE] 帧 高亮趟
[11:32:21.226] [TRACE] 帧 叠加趟
[11:32:21.226] [TRACE] 帧 光标趟
[11:32:21.226] [TRACE] 帧 结束
[11:32:21.233] [TRACE] 帧 公告板
[11:32:21.233] [TRACE] 帧 格网
[11:32:21.233] [TRACE] 帧 开始
[11:32:21.233] [TRACE] 帧 格网趟
[11:32:21.234] [TRACE] 帧 场景趟
[11:32:21.234] [TRACE] 帧 高亮趟
[11:32:21.234] [TRACE] 帧 叠加趟
[11:32:21.234] [TRACE] 帧 光标趟
[11:32:21.234] [TRACE] 帧 结束
[11:32:21.238] [TRACE] 帧 公告板
[11:32:21.238] [TRACE] 帧 格网
[11:32:21.239] [TRACE] 帧 开始
[11:32:21.239] [TRACE] 帧 格网趟
[11:32:21.239] [TRACE] 帧 场景趟
[11:32:21.239] [TRACE] 帧 高亮趟
[11:32:21.239] [TRACE] 帧 叠加趟
[11:32:21.239] [TRACE] 帧 光标趟
[11:32:21.240] [TRACE] 帧 结束
[11:32:21.245] [TRACE] 帧 公告板
[11:32:21.245] [TRACE] 帧 格网
[11:32:21.246] [TRACE] 帧 开始
[11:32:21.246] [TRACE] 帧 格网趟
[11:32:21.246] [TRACE] 帧 场景趟
[11:32:21.246] [TRACE] 帧 高亮趟
[11:32:21.246] [TRACE] 帧 叠加趟
[11:32:21.246] [TRACE] 帧 光标趟
[11:32:21.246] [TRACE] 帧 结束
[11:32:21.254] [TRACE] 帧 公告板
[11:32:21.254] [TRACE] 帧 格网
[11:32:21.254] [TRACE] 帧 开始
[11:32:21.255] [TRACE] 帧 格网趟
[11:32:21.255] [TRACE] 帧 场景趟
[11:32:21.255] [TRACE] 帧 高亮趟
[11:32:21.255] [TRACE] 帧 叠加趟
[11:32:21.255] [TRACE] 帧 光标趟
[11:32:21.255] [TRACE] 帧 结束
[11:32:21.259] [TRACE] 帧 公告板
[11:32:21.260] [TRACE] 帧 格网
[11:32:21.260] [TRACE] 帧 开始
[11:32:21.260] [TRACE] 帧 格网趟
[11:32:21.260] [TRACE] 帧 场景趟
[11:32:21.261] [TRACE] 帧 高亮趟
[11:32:21.261] [TRACE] 帧 叠加趟
[11:32:21.261] [TRACE] 帧 光标趟
[11:32:21.261] [TRACE] 帧 结束
[11:32:21.267] [TRACE] 帧 公告板
[11:32:21.267] [TRACE] 帧 格网
[11:32:21.267] [TRACE] 帧 开始
[11:32:21.267] [TRACE] 帧 格网趟
[11:32:21.268] [TRACE] 帧 场景趟
[11:32:21.268] [TRACE] 帧 高亮趟
[11:32:21.268] [TRACE] 帧 叠加趟
[11:32:21.268] [TRACE] 帧 光标趟
[11:32:21.268] [TRACE] 帧 结束
[11:32:21.273] [TRACE] 帧 公告板
[11:32:21.274] [TRACE] 帧 格网
[11:32:21.274] [TRACE] 帧 开始
[11:32:21.274] [TRACE] 帧 格网趟
[11:32:21.274] [TRACE] 帧 场景趟
[11:32:21.274] [TRACE] 帧 高亮趟
[11:32:21.274] [TRACE] 帧 叠加趟
[11:32:21.274] [TRACE] 帧 光标趟
[11:32:21.275] [TRACE] 帧 结束
[11:32:21.280] [TRACE] 帧 公告板
[11:32:21.280] [TRACE] 帧 格网
[11:32:21.280] [TRACE] 帧 开始
[11:32:21.280] [TRACE] 帧 格网趟
[11:32:21.280] [TRACE] 帧 场景趟
[11:32:21.281] [TRACE] 帧 高亮趟
[11:32:21.281] [TRACE] 帧 叠加趟
[11:32:21.281] [TRACE] 帧 光标趟
[11:32:21.281] [TRACE] 帧 结束
[11:32:21.288] [TRACE] 帧 公告板
[11:32:21.288] [TRACE] 帧 格网
[11:32:21.288] [TRACE] 帧 开始
[11:32:21.288] [TRACE] 帧 格网趟
[11:32:21.289] [TRACE] 帧 场景趟
[11:32:21.289] [TRACE] 帧 高亮趟
[11:32:21.289] [TRACE] 帧 叠加趟
[11:32:21.289] [TRACE] 帧 光标趟
[11:32:21.290] [TRACE] 帧 结束
[11:32:21.294] [TRACE] 帧 公告板
[11:32:21.294] [TRACE] 帧 格网
[11:32:21.294] [TRACE] 帧 开始
[11:32:21.294] [TRACE] 帧 格网趟
[11:32:21.294] [TRACE] 帧 场景趟
[11:32:21.295] [TRACE] 帧 高亮趟
[11:32:21.295] [TRACE] 帧 叠加趟
[11:32:21.295] [TRACE] 帧 光标趟
[11:32:21.295] [TRACE] 帧 结束
[11:32:21.302] [TRACE] 帧 公告板
[11:32:21.303] [TRACE] 帧 格网
[11:32:21.303] [TRACE] 帧 开始
[11:32:21.303] [TRACE] 帧 格网趟
[11:32:21.303] [TRACE] 帧 场景趟
[11:32:21.303] [TRACE] 帧 高亮趟
[11:32:21.303] [TRACE] 帧 叠加趟
[11:32:21.304] [TRACE] 帧 光标趟
[11:32:21.304] [TRACE] 帧 结束
[11:32:21.308] [TRACE] 帧 公告板
[11:32:21.308] [TRACE] 帧 格网
[11:32:21.308] [TRACE] 帧 开始
[11:32:21.309] [TRACE] 帧 格网趟
[11:32:21.309] [TRACE] 帧 场景趟
[11:32:21.309] [TRACE] 帧 高亮趟
[11:32:21.309] [TRACE] 帧 叠加趟
[11:32:21.309] [TRACE] 帧 光标趟
[11:32:21.309] [TRACE] 帧 结束
[11:32:21.316] [TRACE] 帧 公告板
[11:32:21.316] [TRACE] 帧 格网
[11:32:21.316] [TRACE] 帧 开始
[11:32:21.316] [TRACE] 帧 格网趟
[11:32:21.316] [TRACE] 帧 场景趟
[11:32:21.317] [TRACE] 帧 高亮趟
[11:32:21.317] [TRACE] 帧 叠加趟
[11:32:21.317] [TRACE] 帧 光标趟
[11:32:21.317] [TRACE] 帧 结束
[11:32:21.321] [TRACE] 帧 公告板
[11:32:21.322] [TRACE] 帧 格网
[11:32:21.322] [TRACE] 帧 开始
[11:32:21.322] [TRACE] 帧 格网趟
[11:32:21.322] [TRACE] 帧 场景趟
[11:32:21.322] [TRACE] 帧 高亮趟
[11:32:21.323] [TRACE] 帧 叠加趟
[11:32:21.323] [TRACE] 帧 光标趟
[11:32:21.323] [TRACE] 帧 结束
[11:32:21.328] [TRACE] 帧 公告板
[11:32:21.329] [TRACE] 帧 格网
[11:32:21.329] [TRACE] 帧 开始
[11:32:21.329] [TRACE] 帧 格网趟
[11:32:21.329] [TRACE] 帧 场景趟
[11:32:21.329] [TRACE] 帧 高亮趟
[11:32:21.329] [TRACE] 帧 叠加趟
[11:32:21.330] [TRACE] 帧 光标趟
[11:32:21.330] [TRACE] 帧 结束
[11:32:21.336] [TRACE] 帧 公告板
[11:32:21.337] [TRACE] 帧 格网
[11:32:21.337] [TRACE] 帧 开始
[11:32:21.337] [TRACE] 帧 格网趟
[11:32:21.337] [TRACE] 帧 场景趟
[11:32:21.337] [TRACE] 帧 高亮趟
[11:32:21.337] [TRACE] 帧 叠加趟
[11:32:21.337] [TRACE] 帧 光标趟
[11:32:21.337] [TRACE] 帧 结束
[11:32:21.342] [TRACE] 帧 公告板
[11:32:21.343] [TRACE] 帧 格网
[11:32:21.343] [TRACE] 帧 开始
[11:32:21.343] [TRACE] 帧 格网趟
[11:32:21.343] [TRACE] 帧 场景趟
[11:32:21.343] [TRACE] 帧 高亮趟
[11:32:21.343] [TRACE] 帧 叠加趟
[11:32:21.344] [TRACE] 帧 光标趟
[11:32:21.344] [TRACE] 帧 结束
[11:32:21.350] [TRACE] 帧 公告板
[11:32:21.351] [TRACE] 帧 格网
[11:32:21.351] [TRACE] 帧 开始
[11:32:21.351] [TRACE] 帧 格网趟
[11:32:21.351] [TRACE] 帧 场景趟
[11:32:21.352] [TRACE] 帧 高亮趟
[11:32:21.352] [TRACE] 帧 叠加趟
[11:32:21.352] [TRACE] 帧 光标趟
[11:32:21.352] [TRACE] 帧 结束
[11:32:21.356] [TRACE] 帧 公告板
[11:32:21.357] [TRACE] 帧 格网
[11:32:21.357] [TRACE] 帧 开始
[11:32:21.357] [TRACE] 帧 格网趟
[11:32:21.357] [TRACE] 帧 场景趟
[11:32:21.357] [TRACE] 帧 高亮趟
[11:32:21.358] [TRACE] 帧 叠加趟
[11:32:21.358] [TRACE] 帧 光标趟
[11:32:21.358] [TRACE] 帧 结束
[11:32:21.363] [TRACE] 帧 公告板
[11:32:21.363] [TRACE] 帧 格网
[11:32:21.364] [TRACE] 帧 开始
[11:32:21.364] [TRACE] 帧 格网趟
[11:32:21.364] [TRACE] 帧 场景趟
[11:32:21.364] [TRACE] 帧 高亮趟
[11:32:21.364] [TRACE] 帧 叠加趟
[11:32:21.365] [TRACE] 帧 光标趟
[11:32:21.365] [TRACE] 帧 结束
[11:32:21.371] [TRACE] 帧 公告板
[11:32:21.371] [TRACE] 帧 格网
[11:32:21.371] [TRACE] 帧 开始
[11:32:21.372] [TRACE] 帧 格网趟
[11:32:21.372] [TRACE] 帧 场景趟
[11:32:21.372] [TRACE] 帧 高亮趟
[11:32:21.372] [TRACE] 帧 叠加趟
[11:32:21.372] [TRACE] 帧 光标趟
[11:32:21.372] [TRACE] 帧 结束
[11:32:21.377] [TRACE] 帧 公告板
[11:32:21.378] [TRACE] 帧 格网
[11:32:21.378] [TRACE] 帧 开始
[11:32:21.378] [TRACE] 帧 格网趟
[11:32:21.378] [TRACE] 帧 场景趟
[11:32:21.378] [TRACE] 帧 高亮趟
[11:32:21.379] [TRACE] 帧 叠加趟
[11:32:21.379] [TRACE] 帧 光标趟
[11:32:21.379] [TRACE] 帧 结束
[11:32:21.385] [TRACE] 帧 公告板
[11:32:21.385] [TRACE] 帧 格网
[11:32:21.385] [TRACE] 帧 开始
[11:32:21.386] [TRACE] 帧 格网趟
[11:32:21.386] [TRACE] 帧 场景趟
[11:32:21.386] [TRACE] 帧 高亮趟
[11:32:21.386] [TRACE] 帧 叠加趟
[11:32:21.386] [TRACE] 帧 光标趟
[11:32:21.386] [TRACE] 帧 结束
[11:32:21.391] [TRACE] 帧 公告板
[11:32:21.391] [TRACE] 帧 格网
[11:32:21.392] [TRACE] 帧 开始
[11:32:21.392] [TRACE] 帧 格网趟
[11:32:21.392] [TRACE] 帧 场景趟
[11:32:21.392] [TRACE] 帧 高亮趟
[11:32:21.392] [TRACE] 帧 叠加趟
[11:32:21.392] [TRACE] 帧 光标趟
[11:32:21.392] [TRACE] 帧 结束
[11:32:21.399] [TRACE] 帧 公告板
[11:32:21.399] [TRACE] 帧 格网
[11:32:21.400] [TRACE] 帧 开始
[11:32:21.400] [TRACE] 帧 格网趟
[11:32:21.400] [TRACE] 帧 场景趟
[11:32:21.400] [TRACE] 帧 高亮趟
[11:32:21.400] [TRACE] 帧 叠加趟
[11:32:21.400] [TRACE] 帧 光标趟
[11:32:21.400] [TRACE] 帧 结束
[11:32:21.405] [TRACE] 帧 公告板
[11:32:21.405] [TRACE] 帧 格网
[11:32:21.405] [TRACE] 帧 开始
[11:32:21.405] [TRACE] 帧 格网趟
[11:32:21.405] [TRACE] 帧 场景趟
[11:32:21.405] [TRACE] 帧 高亮趟
[11:32:21.405] [TRACE] 帧 叠加趟
[11:32:21.406] [TRACE] 帧 光标趟
[11:32:21.406] [TRACE] 帧 结束
[11:32:21.412] [TRACE] 帧 公告板
[11:32:21.412] [TRACE] 帧 格网
[11:32:21.412] [TRACE] 帧 开始
[11:32:21.413] [TRACE] 帧 格网趟
[11:32:21.413] [TRACE] 帧 场景趟
[11:32:21.413] [TRACE] 帧 高亮趟
[11:32:21.413] [TRACE] 帧 叠加趟
[11:32:21.413] [TRACE] 帧 光标趟
[11:32:21.413] [TRACE] 帧 结束
[11:32:21.419] [TRACE] 帧 公告板
[11:32:21.420] [TRACE] 帧 格网
[11:32:21.420] [TRACE] 帧 开始
[11:32:21.420] [TRACE] 帧 格网趟
[11:32:21.420] [TRACE] 帧 场景趟
[11:32:21.420] [TRACE] 帧 高亮趟
[11:32:21.420] [TRACE] 帧 叠加趟
[11:32:21.421] [TRACE] 帧 光标趟
[11:32:21.421] [TRACE] 帧 结束
[11:32:21.426] [TRACE] 帧 公告板
[11:32:21.426] [TRACE] 帧 格网
[11:32:21.426] [TRACE] 帧 开始
[11:32:21.426] [TRACE] 帧 格网趟
[11:32:21.426] [TRACE] 帧 场景趟
[11:32:21.427] [TRACE] 帧 高亮趟
[11:32:21.427] [TRACE] 帧 叠加趟
[11:32:21.427] [TRACE] 帧 光标趟
[11:32:21.427] [TRACE] 帧 结束
[11:32:21.433] [TRACE] 帧 公告板
[11:32:21.434] [TRACE] 帧 格网
[11:32:21.434] [TRACE] 帧 开始
[11:32:21.434] [TRACE] 帧 格网趟
[11:32:21.434] [TRACE] 帧 场景趟
[11:32:21.434] [TRACE] 帧 高亮趟
[11:32:21.435] [TRACE] 帧 叠加趟
[11:32:21.435] [TRACE] 帧 光标趟
[11:32:21.435] [TRACE] 帧 结束
[11:32:21.440] [TRACE] 帧 公告板
[11:32:21.440] [TRACE] 帧 格网
[11:32:21.440] [TRACE] 帧 开始
[11:32:21.441] [TRACE] 帧 格网趟
[11:32:21.441] [TRACE] 帧 场景趟
[11:32:21.441] [TRACE] 帧 高亮趟
[11:32:21.441] [TRACE] 帧 叠加趟
[11:32:21.441] [TRACE] 帧 光标趟
[11:32:21.442] [TRACE] 帧 结束
[11:32:21.447] [TRACE] 帧 公告板
[11:32:21.447] [TRACE] 帧 格网
[11:32:21.447] [TRACE] 帧 开始
[11:32:21.447] [TRACE] 帧 格网趟
[11:32:21.447] [TRACE] 帧 场景趟
[11:32:21.448] [TRACE] 帧 高亮趟
[11:32:21.448] [TRACE] 帧 叠加趟
[11:32:21.448] [TRACE] 帧 光标趟
[11:32:21.448] [TRACE] 帧 结束
[11:32:21.454] [TRACE] 帧 公告板
[11:32:21.455] [TRACE] 帧 格网
[11:32:21.455] [TRACE] 帧 开始
[11:32:21.455] [TRACE] 帧 格网趟
[11:32:21.455] [TRACE] 帧 场景趟
[11:32:21.456] [TRACE] 帧 高亮趟
[11:32:21.456] [TRACE] 帧 叠加趟
[11:32:21.456] [TRACE] 帧 光标趟
[11:32:21.456] [TRACE] 帧 结束
[11:32:21.460] [TRACE] 帧 公告板
[11:32:21.461] [TRACE] 帧 格网
[11:32:21.461] [TRACE] 帧 开始
[11:32:21.461] [TRACE] 帧 格网趟
[11:32:21.461] [TRACE] 帧 场景趟
[11:32:21.462] [TRACE] 帧 高亮趟
[11:32:21.462] [TRACE] 帧 叠加趟
[11:32:21.462] [TRACE] 帧 光标趟
[11:32:21.462] [TRACE] 帧 结束
[11:32:21.468] [TRACE] 帧 公告板
[11:32:21.468] [TRACE] 帧 格网
[11:32:21.469] [TRACE] 帧 开始
[11:32:21.469] [TRACE] 帧 格网趟
[11:32:21.469] [TRACE] 帧 场景趟
[11:32:21.469] [TRACE] 帧 高亮趟
[11:32:21.469] [TRACE] 帧 叠加趟
[11:32:21.469] [TRACE] 帧 光标趟
[11:32:21.469] [TRACE] 帧 结束
[11:32:21.474] [TRACE] 帧 公告板
[11:32:21.474] [TRACE] 帧 格网
[11:32:21.475] [TRACE] 帧 开始
[11:32:21.475] [TRACE] 帧 格网趟
[11:32:21.475] [TRACE] 帧 场景趟
[11:32:21.475] [TRACE] 帧 高亮趟
[11:32:21.475] [TRACE] 帧 叠加趟
[11:32:21.475] [TRACE] 帧 光标趟
[11:32:21.476] [TRACE] 帧 结束
[11:32:21.482] [TRACE] 帧 公告板
[11:32:21.483] [TRACE] 帧 格网
[11:32:21.483] [TRACE] 帧 开始
[11:32:21.483] [TRACE] 帧 格网趟
[11:32:21.483] [TRACE] 帧 场景趟
[11:32:21.484] [TRACE] 帧 高亮趟
[11:32:21.484] [TRACE] 帧 叠加趟
[11:32:21.484] [TRACE] 帧 光标趟
[11:32:21.484] [TRACE] 帧 结束
[11:32:21.489] [TRACE] 帧 公告板
[11:32:21.489] [TRACE] 帧 格网
[11:32:21.489] [TRACE] 帧 开始
[11:32:21.489] [TRACE] 帧 格网趟
[11:32:21.490] [TRACE] 帧 场景趟
[11:32:21.490] [TRACE] 帧 高亮趟
[11:32:21.490] [TRACE] 帧 叠加趟
[11:32:21.490] [TRACE] 帧 光标趟
[11:32:21.490] [TRACE] 帧 结束
[11:32:21.495] [TRACE] 帧 公告板
[11:32:21.495] [TRACE] 帧 格网
[11:32:21.496] [TRACE] 帧 开始
[11:32:21.496] [TRACE] 帧 格网趟
[11:32:21.496] [TRACE] 帧 场景趟
[11:32:21.496] [TRACE] 帧 高亮趟
[11:32:21.496] [TRACE] 帧 叠加趟
[11:32:21.497] [TRACE] 帧 光标趟
[11:32:21.497] [TRACE] 帧 结束
[11:32:21.503] [TRACE] 帧 公告板
[11:32:21.503] [TRACE] 帧 格网
[11:32:21.503] [TRACE] 帧 开始
[11:32:21.504] [TRACE] 帧 格网趟
[11:32:21.504] [TRACE] 帧 场景趟
[11:32:21.504] [TRACE] 帧 高亮趟
[11:32:21.504] [TRACE] 帧 叠加趟
[11:32:21.504] [TRACE] 帧 光标趟
[11:32:21.504] [TRACE] 帧 结束
[11:32:21.509] [TRACE] 帧 公告板
[11:32:21.509] [TRACE] 帧 格网
[11:32:21.509] [TRACE] 帧 开始
[11:32:21.510] [TRACE] 帧 格网趟
[11:32:21.510] [TRACE] 帧 场景趟
[11:32:21.510] [TRACE] 帧 高亮趟
[11:32:21.510] [TRACE] 帧 叠加趟
[11:32:21.510] [TRACE] 帧 光标趟
[11:32:21.510] [TRACE] 帧 结束
[11:32:21.517] [TRACE] 帧 公告板
[11:32:21.517] [TRACE] 帧 格网
[11:32:21.517] [TRACE] 帧 开始
[11:32:21.517] [TRACE] 帧 格网趟
[11:32:21.518] [TRACE] 帧 场景趟
[11:32:21.518] [TRACE] 帧 高亮趟
[11:32:21.518] [TRACE] 帧 叠加趟
[11:32:21.518] [TRACE] 帧 光标趟
[11:32:21.519] [TRACE] 帧 结束
[11:32:21.523] [TRACE] 帧 公告板
[11:32:21.524] [TRACE] 帧 格网
[11:32:21.524] [TRACE] 帧 开始
[11:32:21.524] [TRACE] 帧 格网趟
[11:32:21.524] [TRACE] 帧 场景趟
[11:32:21.524] [TRACE] 帧 高亮趟
[11:32:21.525] [TRACE] 帧 叠加趟
[11:32:21.525] [TRACE] 帧 光标趟
[11:32:21.525] [TRACE] 帧 结束
[11:32:21.530] [TRACE] 帧 公告板
[11:32:21.530] [TRACE] 帧 格网
[11:32:21.530] [TRACE] 帧 开始
[11:32:21.530] [TRACE] 帧 格网趟
[11:32:21.531] [TRACE] 帧 场景趟
[11:32:21.531] [TRACE] 帧 高亮趟
[11:32:21.531] [TRACE] 帧 叠加趟
[11:32:21.531] [TRACE] 帧 光标趟
[11:32:21.531] [TRACE] 帧 结束
[11:32:21.538] [TRACE] 帧 公告板
[11:32:21.538] [TRACE] 帧 格网
[11:32:21.538] [TRACE] 帧 开始
[11:32:21.538] [TRACE] 帧 格网趟
[11:32:21.538] [TRACE] 帧 场景趟
[11:32:21.538] [TRACE] 帧 高亮趟
[11:32:21.538] [TRACE] 帧 叠加趟
[11:32:21.538] [TRACE] 帧 光标趟
[11:32:21.539] [TRACE] 帧 结束
[11:32:21.544] [TRACE] 帧 公告板
[11:32:21.544] [TRACE] 帧 格网
[11:32:21.544] [TRACE] 帧 开始
[11:32:21.544] [TRACE] 帧 格网趟
[11:32:21.544] [TRACE] 帧 场景趟
[11:32:21.544] [TRACE] 帧 高亮趟
[11:32:21.545] [TRACE] 帧 叠加趟
[11:32:21.545] [TRACE] 帧 光标趟
[11:32:21.545] [TRACE] 帧 结束
[11:32:21.552] [TRACE] 帧 公告板
[11:32:21.552] [TRACE] 帧 格网
[11:32:21.552] [TRACE] 帧 开始
[11:32:21.552] [TRACE] 帧 格网趟
[11:32:21.553] [TRACE] 帧 场景趟
[11:32:21.553] [TRACE] 帧 高亮趟
[11:32:21.553] [TRACE] 帧 叠加趟
[11:32:21.553] [TRACE] 帧 光标趟
[11:32:21.554] [TRACE] 帧 结束
[11:32:21.558] [TRACE] 帧 公告板
[11:32:21.558] [TRACE] 帧 格网
[11:32:21.558] [TRACE] 帧 开始
[11:32:21.559] [TRACE] 帧 格网趟
[11:32:21.559] [TRACE] 帧 场景趟
[11:32:21.559] [TRACE] 帧 高亮趟
[11:32:21.559] [TRACE] 帧 叠加趟
[11:32:21.559] [TRACE] 帧 光标趟
[11:32:21.559] [TRACE] 帧 结束
[11:32:21.566] [TRACE] 帧 公告板
[11:32:21.566] [TRACE] 帧 格网
[11:32:21.566] [TRACE] 帧 开始
[11:32:21.566] [TRACE] 帧 格网趟
[11:32:21.567] [TRACE] 帧 场景趟
[11:32:21.567] [TRACE] 帧 高亮趟
[11:32:21.567] [TRACE] 帧 叠加趟
[11:32:21.567] [TRACE] 帧 光标趟
[11:32:21.567] [TRACE] 帧 结束
[11:32:21.572] [TRACE] 帧 公告板
[11:32:21.572] [TRACE] 帧 格网
[11:32:21.572] [TRACE] 帧 开始
[11:32:21.572] [TRACE] 帧 格网趟
[11:32:21.572] [TRACE] 帧 场景趟
[11:32:21.572] [TRACE] 帧 高亮趟
[11:32:21.572] [TRACE] 帧 叠加趟
[11:32:21.573] [TRACE] 帧 光标趟
[11:32:21.573] [TRACE] 帧 结束
[11:32:21.578] [TRACE] 帧 公告板
[11:32:21.579] [TRACE] 帧 格网
[11:32:21.579] [TRACE] 帧 开始
[11:32:21.579] [TRACE] 帧 格网趟
[11:32:21.579] [TRACE] 帧 场景趟
[11:32:21.579] [TRACE] 帧 高亮趟
[11:32:21.579] [TRACE] 帧 叠加趟
[11:32:21.579] [TRACE] 帧 光标趟
[11:32:21.580] [TRACE] 帧 结束
[11:32:21.586] [TRACE] 帧 公告板
[11:32:21.587] [TRACE] 帧 格网
[11:32:21.587] [TRACE] 帧 开始
[11:32:21.587] [TRACE] 帧 格网趟
[11:32:21.587] [TRACE] 帧 场景趟
[11:32:21.588] [TRACE] 帧 高亮趟
[11:32:21.588] [TRACE] 帧 叠加趟
[11:32:21.588] [TRACE] 帧 光标趟
[11:32:21.588] [TRACE] 帧 结束
[11:32:21.593] [TRACE] 帧 公告板
[11:32:21.593] [TRACE] 帧 格网
[11:32:21.593] [TRACE] 帧 开始
[11:32:21.593] [TRACE] 帧 格网趟
[11:32:21.594] [TRACE] 帧 场景趟
[11:32:21.594] [TRACE] 帧 高亮趟
[11:32:21.594] [TRACE] 帧 叠加趟
[11:32:21.594] [TRACE] 帧 光标趟
[11:32:21.594] [TRACE] 帧 结束
[11:32:21.600] [TRACE] 帧 公告板
[11:32:21.600] [TRACE] 帧 格网
[11:32:21.601] [TRACE] 帧 开始
[11:32:21.601] [TRACE] 帧 格网趟
[11:32:21.601] [TRACE] 帧 场景趟
[11:32:21.601] [TRACE] 帧 高亮趟
[11:32:21.601] [TRACE] 帧 叠加趟
[11:32:21.601] [TRACE] 帧 光标趟
[11:32:21.601] [TRACE] 帧 结束
[11:32:21.607] [TRACE] 帧 公告板
[11:32:21.607] [TRACE] 帧 格网
[11:32:21.607] [TRACE] 帧 开始
[11:32:21.608] [TRACE] 帧 格网趟
[11:32:21.608] [TRACE] 帧 场景趟
[11:32:21.608] [TRACE] 帧 高亮趟
[11:32:21.608] [TRACE] 帧 叠加趟
[11:32:21.608] [TRACE] 帧 光标趟
[11:32:21.608] [TRACE] 帧 结束
[11:32:21.613] [TRACE] 帧 公告板
[11:32:21.613] [TRACE] 帧 格网
[11:32:21.614] [TRACE] 帧 开始
[11:32:21.614] [TRACE] 帧 格网趟
[11:32:21.614] [TRACE] 帧 场景趟
[11:32:21.614] [TRACE] 帧 高亮趟
[11:32:21.614] [TRACE] 帧 叠加趟
[11:32:21.614] [TRACE] 帧 光标趟
[11:32:21.615] [TRACE] 帧 结束
[11:32:21.621] [TRACE] 帧 公告板
[11:32:21.621] [TRACE] 帧 格网
[11:32:21.622] [TRACE] 帧 开始
[11:32:21.622] [TRACE] 帧 格网趟
[11:32:21.622] [TRACE] 帧 场景趟
[11:32:21.622] [TRACE] 帧 高亮趟
[11:32:21.622] [TRACE] 帧 叠加趟
[11:32:21.623] [TRACE] 帧 光标趟
[11:32:21.623] [TRACE] 帧 结束
[11:32:21.627] [TRACE] 帧 公告板
[11:32:21.627] [TRACE] 帧 格网
[11:32:21.628] [TRACE] 帧 开始
[11:32:21.628] [TRACE] 帧 格网趟
[11:32:21.628] [TRACE] 帧 场景趟
[11:32:21.628] [TRACE] 帧 高亮趟
[11:32:21.628] [TRACE] 帧 叠加趟
[11:32:21.628] [TRACE] 帧 光标趟
[11:32:21.628] [TRACE] 帧 结束
[11:32:21.635] [TRACE] 帧 公告板
[11:32:21.635] [TRACE] 帧 格网
[11:32:21.635] [TRACE] 帧 开始
[11:32:21.635] [TRACE] 帧 格网趟
[11:32:21.636] [TRACE] 帧 场景趟
[11:32:21.636] [TRACE] 帧 高亮趟
[11:32:21.636] [TRACE] 帧 叠加趟
[11:32:21.636] [TRACE] 帧 光标趟
[11:32:21.636] [TRACE] 帧 结束
[11:32:21.641] [TRACE] 帧 公告板
[11:32:21.641] [TRACE] 帧 格网
[11:32:21.641] [TRACE] 帧 开始
[11:32:21.642] [TRACE] 帧 格网趟
[11:32:21.642] [TRACE] 帧 场景趟
[11:32:21.642] [TRACE] 帧 高亮趟
[11:32:21.642] [TRACE] 帧 叠加趟
[11:32:21.642] [TRACE] 帧 光标趟
[11:32:21.642] [TRACE] 帧 结束
[11:32:21.649] [TRACE] 帧 公告板
[11:32:21.650] [TRACE] 帧 格网
[11:32:21.650] [TRACE] 帧 开始
[11:32:21.650] [TRACE] 帧 格网趟
[11:32:21.650] [TRACE] 帧 场景趟
[11:32:21.650] [TRACE] 帧 高亮趟
[11:32:21.651] [TRACE] 帧 叠加趟
[11:32:21.651] [TRACE] 帧 光标趟
[11:32:21.651] [TRACE] 帧 结束
[11:32:21.655] [TRACE] 帧 公告板
[11:32:21.655] [TRACE] 帧 格网
[11:32:21.655] [TRACE] 帧 开始
[11:32:21.656] [TRACE] 帧 格网趟
[11:32:21.656] [TRACE] 帧 场景趟
[11:32:21.656] [TRACE] 帧 高亮趟
[11:32:21.656] [TRACE] 帧 叠加趟
[11:32:21.656] [TRACE] 帧 光标趟
[11:32:21.656] [TRACE] 帧 结束
[11:32:21.662] [TRACE] 帧 公告板
[11:32:21.662] [TRACE] 帧 格网
[11:32:21.662] [TRACE] 帧 开始
[11:32:21.663] [TRACE] 帧 格网趟
[11:32:21.663] [TRACE] 帧 场景趟
[11:32:21.663] [TRACE] 帧 高亮趟
[11:32:21.663] [TRACE] 帧 叠加趟
[11:32:21.663] [TRACE] 帧 光标趟
[11:32:21.663] [TRACE] 帧 结束
[11:32:21.670] [TRACE] 帧 公告板
[11:32:21.671] [TRACE] 帧 格网
[11:32:21.671] [TRACE] 帧 开始
[11:32:21.671] [TRACE] 帧 格网趟
[11:32:21.671] [TRACE] 帧 场景趟
[11:32:21.671] [TRACE] 帧 高亮趟
[11:32:21.672] [TRACE] 帧 叠加趟
[11:32:21.672] [TRACE] 帧 光标趟
[11:32:21.672] [TRACE] 帧 结束
[11:32:21.676] [TRACE] 帧 公告板
[11:32:21.676] [TRACE] 帧 格网
[11:32:21.677] [TRACE] 帧 开始
[11:32:21.677] [TRACE] 帧 格网趟
[11:32:21.677] [TRACE] 帧 场景趟
[11:32:21.677] [TRACE] 帧 高亮趟
[11:32:21.677] [TRACE] 帧 叠加趟
[11:32:21.677] [TRACE] 帧 光标趟
[11:32:21.677] [TRACE] 帧 结束
[11:32:21.684] [TRACE] 帧 公告板
[11:32:21.684] [TRACE] 帧 格网
[11:32:21.684] [TRACE] 帧 开始
[11:32:21.684] [TRACE] 帧 格网趟
[11:32:21.684] [TRACE] 帧 场景趟
[11:32:21.685] [TRACE] 帧 高亮趟
[11:32:21.685] [TRACE] 帧 叠加趟
[11:32:21.685] [TRACE] 帧 光标趟
[11:32:21.685] [TRACE] 帧 结束
[11:32:21.690] [TRACE] 帧 公告板
[11:32:21.691] [TRACE] 帧 格网
[11:32:21.691] [TRACE] 帧 开始
[11:32:21.691] [TRACE] 帧 格网趟
[11:32:21.691] [TRACE] 帧 场景趟
[11:32:21.691] [TRACE] 帧 高亮趟
[11:32:21.691] [TRACE] 帧 叠加趟
[11:32:21.692] [TRACE] 帧 光标趟
[11:32:21.692] [TRACE] 帧 结束
[11:32:21.697] [TRACE] 帧 公告板
[11:32:21.697] [TRACE] 帧 格网
[11:32:21.697] [TRACE] 帧 开始
[11:32:21.698] [TRACE] 帧 格网趟
[11:32:21.698] [TRACE] 帧 场景趟
[11:32:21.698] [TRACE] 帧 高亮趟
[11:32:21.698] [TRACE] 帧 叠加趟
[11:32:21.698] [TRACE] 帧 光标趟
[11:32:21.699] [TRACE] 帧 结束
[11:32:21.705] [TRACE] 帧 公告板
[11:32:21.705] [TRACE] 帧 格网
[11:32:21.705] [TRACE] 帧 开始
[11:32:21.705] [TRACE] 帧 格网趟
[11:32:21.705] [TRACE] 帧 场景趟
[11:32:21.705] [TRACE] 帧 高亮趟
[11:32:21.706] [TRACE] 帧 叠加趟
[11:32:21.706] [TRACE] 帧 光标趟
[11:32:21.706] [TRACE] 帧 结束
[11:32:21.711] [TRACE] 帧 公告板
[11:32:21.711] [TRACE] 帧 格网
[11:32:21.711] [TRACE] 帧 开始
[11:32:21.711] [TRACE] 帧 格网趟
[11:32:21.712] [TRACE] 帧 场景趟
[11:32:21.712] [TRACE] 帧 高亮趟
[11:32:21.712] [TRACE] 帧 叠加趟
[11:32:21.712] [TRACE] 帧 光标趟
[11:32:21.712] [TRACE] 帧 结束
[11:32:21.719] [TRACE] 帧 公告板
[11:32:21.719] [TRACE] 帧 格网
[11:32:21.719] [TRACE] 帧 开始
[11:32:21.719] [TRACE] 帧 格网趟
[11:32:21.719] [TRACE] 帧 场景趟
[11:32:21.719] [TRACE] 帧 高亮趟
[11:32:21.719] [TRACE] 帧 叠加趟
[11:32:21.720] [TRACE] 帧 光标趟
[11:32:21.720] [TRACE] 帧 结束
[11:32:21.725] [TRACE] 帧 公告板
[11:32:21.725] [TRACE] 帧 格网
[11:32:21.725] [TRACE] 帧 开始
[11:32:21.726] [TRACE] 帧 格网趟
[11:32:21.726] [TRACE] 帧 场景趟
[11:32:21.726] [TRACE] 帧 高亮趟
[11:32:21.726] [TRACE] 帧 叠加趟
[11:32:21.726] [TRACE] 帧 光标趟
[11:32:21.726] [TRACE] 帧 结束
[11:32:21.733] [TRACE] 帧 公告板
[11:32:21.733] [TRACE] 帧 格网
[11:32:21.733] [TRACE] 帧 开始
[11:32:21.734] [TRACE] 帧 格网趟
[11:32:21.734] [TRACE] 帧 场景趟
[11:32:21.734] [TRACE] 帧 高亮趟
[11:32:21.734] [TRACE] 帧 叠加趟
[11:32:21.735] [TRACE] 帧 光标趟
[11:32:21.735] [TRACE] 帧 结束
[11:32:21.739] [TRACE] 帧 公告板
[11:32:21.739] [TRACE] 帧 格网
[11:32:21.739] [TRACE] 帧 开始
[11:32:21.739] [TRACE] 帧 格网趟
[11:32:21.739] [TRACE] 帧 场景趟
[11:32:21.740] [TRACE] 帧 高亮趟
[11:32:21.740] [TRACE] 帧 叠加趟
[11:32:21.740] [TRACE] 帧 光标趟
[11:32:21.740] [TRACE] 帧 结束
[11:32:21.745] [TRACE] 帧 公告板
[11:32:21.746] [TRACE] 帧 格网
[11:32:21.746] [TRACE] 帧 开始
[11:32:21.746] [TRACE] 帧 格网趟
[11:32:21.746] [TRACE] 帧 场景趟
[11:32:21.746] [TRACE] 帧 高亮趟
[11:32:21.746] [TRACE] 帧 叠加趟
[11:32:21.746] [TRACE] 帧 光标趟
[11:32:21.746] [TRACE] 帧 结束
[11:32:21.753] [TRACE] 帧 公告板
[11:32:21.753] [TRACE] 帧 格网
[11:32:21.754] [TRACE] 帧 开始
[11:32:21.754] [TRACE] 帧 格网趟
[11:32:21.754] [TRACE] 帧 场景趟
[11:32:21.754] [TRACE] 帧 高亮趟
[11:32:21.754] [TRACE] 帧 叠加趟
[11:32:21.754] [TRACE] 帧 光标趟
[11:32:21.755] [TRACE] 帧 结束
[11:32:21.759] [TRACE] 帧 公告板
[11:32:21.759] [TRACE] 帧 格网
[11:32:21.760] [TRACE] 帧 开始
[11:32:21.760] [TRACE] 帧 格网趟
[11:32:21.760] [TRACE] 帧 场景趟
[11:32:21.760] [TRACE] 帧 高亮趟
[11:32:21.760] [TRACE] 帧 叠加趟
[11:32:21.760] [TRACE] 帧 光标趟
[11:32:21.761] [TRACE] 帧 结束
[11:32:21.767] [TRACE] 帧 公告板
[11:32:21.767] [TRACE] 帧 格网
[11:32:21.767] [TRACE] 帧 开始
[11:32:21.768] [TRACE] 帧 格网趟
[11:32:21.768] [TRACE] 帧 场景趟
[11:32:21.768] [TRACE] 帧 高亮趟
[11:32:21.768] [TRACE] 帧 叠加趟
[11:32:21.768] [TRACE] 帧 光标趟
[11:32:21.768] [TRACE] 帧 结束
[11:32:21.774] [TRACE] 帧 公告板
[11:32:21.774] [TRACE] 帧 格网
[11:32:21.774] [TRACE] 帧 开始
[11:32:21.774] [TRACE] 帧 格网趟
[11:32:21.774] [TRACE] 帧 场景趟
[11:32:21.775] [TRACE] 帧 高亮趟
[11:32:21.775] [TRACE] 帧 叠加趟
[11:32:21.775] [TRACE] 帧 光标趟
[11:32:21.775] [TRACE] 帧 结束
[11:32:21.780] [TRACE] 帧 公告板
[11:32:21.780] [TRACE] 帧 格网
[11:32:21.781] [TRACE] 帧 开始
[11:32:21.781] [TRACE] 帧 格网趟
[11:32:21.781] [TRACE] 帧 场景趟
[11:32:21.781] [TRACE] 帧 高亮趟
[11:32:21.781] [TRACE] 帧 叠加趟
[11:32:21.781] [TRACE] 帧 光标趟
[11:32:21.782] [TRACE] 帧 结束
[11:32:21.788] [TRACE] 帧 公告板
[11:32:21.788] [TRACE] 帧 格网
[11:32:21.788] [TRACE] 帧 开始
[11:32:21.789] [TRACE] 帧 格网趟
[11:32:21.789] [TRACE] 帧 场景趟
[11:32:21.789] [TRACE] 帧 高亮趟
[11:32:21.789] [TRACE] 帧 叠加趟
[11:32:21.789] [TRACE] 帧 光标趟
[11:32:21.789] [TRACE] 帧 结束
[11:32:21.795] [TRACE] 帧 公告板
[11:32:21.795] [TRACE] 帧 格网
[11:32:21.795] [TRACE] 帧 开始
[11:32:21.795] [TRACE] 帧 格网趟
[11:32:21.795] [TRACE] 帧 场景趟
[11:32:21.795] [TRACE] 帧 高亮趟
[11:32:21.796] [TRACE] 帧 叠加趟
[11:32:21.796] [TRACE] 帧 光标趟
[11:32:21.796] [TRACE] 帧 结束
[11:32:21.802] [TRACE] 帧 公告板
[11:32:21.802] [TRACE] 帧 格网
[11:32:21.802] [TRACE] 帧 开始
[11:32:21.802] [TRACE] 帧 格网趟
[11:32:21.802] [TRACE] 帧 场景趟
[11:32:21.802] [TRACE] 帧 高亮趟
[11:32:21.802] [TRACE] 帧 叠加趟
[11:32:21.803] [TRACE] 帧 光标趟
[11:32:21.803] [TRACE] 帧 结束
[11:32:21.808] [TRACE] 帧 公告板
[11:32:21.808] [TRACE] 帧 格网
[11:32:21.808] [TRACE] 帧 开始
[11:32:21.809] [TRACE] 帧 格网趟
[11:32:21.809] [TRACE] 帧 场景趟
[11:32:21.809] [TRACE] 帧 高亮趟
[11:32:21.809] [TRACE] 帧 叠加趟
[11:32:21.809] [TRACE] 帧 光标趟
[11:32:21.809] [TRACE] 帧 结束
[11:32:21.816] [TRACE] 帧 公告板
[11:32:21.816] [TRACE] 帧 格网
[11:32:21.816] [TRACE] 帧 开始
[11:32:21.816] [TRACE] 帧 格网趟
[11:32:21.817] [TRACE] 帧 场景趟
[11:32:21.817] [TRACE] 帧 高亮趟
[11:32:21.817] [TRACE] 帧 叠加趟
[11:32:21.817] [TRACE] 帧 光标趟
[11:32:21.817] [TRACE] 帧 结束
[11:32:21.822] [TRACE] 帧 公告板
[11:32:21.822] [TRACE] 帧 格网
[11:32:21.822] [TRACE] 帧 开始
[11:32:21.822] [TRACE] 帧 格网趟
[11:32:21.822] [TRACE] 帧 场景趟
[11:32:21.822] [TRACE] 帧 高亮趟
[11:32:21.822] [TRACE] 帧 叠加趟
[11:32:21.822] [TRACE] 帧 光标趟
[11:32:21.823] [TRACE] 帧 结束
[11:32:21.829] [TRACE] 帧 公告板
[11:32:21.829] [TRACE] 帧 格网
[11:32:21.829] [TRACE] 帧 开始
[11:32:21.829] [TRACE] 帧 格网趟
[11:32:21.829] [TRACE] 帧 场景趟
[11:32:21.830] [TRACE] 帧 高亮趟
[11:32:21.830] [TRACE] 帧 叠加趟
[11:32:21.830] [TRACE] 帧 光标趟
[11:32:21.830] [TRACE] 帧 结束
[11:32:21.837] [TRACE] 帧 公告板
[11:32:21.837] [TRACE] 帧 格网
[11:32:21.837] [TRACE] 帧 开始
[11:32:21.837] [TRACE] 帧 格网趟
[11:32:21.837] [TRACE] 帧 场景趟
[11:32:21.837] [TRACE] 帧 高亮趟
[11:32:21.838] [TRACE] 帧 叠加趟
[11:32:21.838] [TRACE] 帧 光标趟
[11:32:21.838] [TRACE] 帧 结束
[11:32:21.843] [TRACE] 帧 公告板
[11:32:21.843] [TRACE] 帧 格网
[11:32:21.843] [TRACE] 帧 开始
[11:32:21.844] [TRACE] 帧 格网趟
[11:32:21.844] [TRACE] 帧 场景趟
[11:32:21.844] [TRACE] 帧 高亮趟
[11:32:21.844] [TRACE] 帧 叠加趟
[11:32:21.844] [TRACE] 帧 光标趟
[11:32:21.844] [TRACE] 帧 结束
[11:32:21.851] [TRACE] 帧 公告板
[11:32:21.851] [TRACE] 帧 格网
[11:32:21.851] [TRACE] 帧 开始
[11:32:21.851] [TRACE] 帧 格网趟
[11:32:21.851] [TRACE] 帧 场景趟
[11:32:21.852] [TRACE] 帧 高亮趟
[11:32:21.852] [TRACE] 帧 叠加趟
[11:32:21.852] [TRACE] 帧 光标趟
[11:32:21.852] [TRACE] 帧 结束
[11:32:21.857] [TRACE] 帧 公告板
[11:32:21.858] [TRACE] 帧 格网
[11:32:21.858] [TRACE] 帧 开始
[11:32:21.858] [TRACE] 帧 格网趟
[11:32:21.858] [TRACE] 帧 场景趟
[11:32:21.858] [TRACE] 帧 高亮趟
[11:32:21.859] [TRACE] 帧 叠加趟
[11:32:21.859] [TRACE] 帧 光标趟
[11:32:21.859] [TRACE] 帧 结束
[11:32:21.864] [TRACE] 帧 公告板
[11:32:21.864] [TRACE] 帧 格网
[11:32:21.864] [TRACE] 帧 开始
[11:32:21.865] [TRACE] 帧 格网趟
[11:32:21.865] [TRACE] 帧 场景趟
[11:32:21.865] [TRACE] 帧 高亮趟
[11:32:21.865] [TRACE] 帧 叠加趟
[11:32:21.865] [TRACE] 帧 光标趟
[11:32:21.865] [TRACE] 帧 结束
[11:32:21.871] [TRACE] 帧 公告板
[11:32:21.872] [TRACE] 帧 格网
[11:32:21.872] [TRACE] 帧 开始
[11:32:21.872] [TRACE] 帧 格网趟
[11:32:21.872] [TRACE] 帧 场景趟
[11:32:21.872] [TRACE] 帧 高亮趟
[11:32:21.872] [TRACE] 帧 叠加趟
[11:32:21.872] [TRACE] 帧 光标趟
[11:32:21.873] [TRACE] 帧 结束
[11:32:21.878] [TRACE] 帧 公告板
[11:32:21.878] [TRACE] 帧 格网
[11:32:21.878] [TRACE] 帧 开始
[11:32:21.878] [TRACE] 帧 格网趟
[11:32:21.878] [TRACE] 帧 场景趟
[11:32:21.878] [TRACE] 帧 高亮趟
[11:32:21.878] [TRACE] 帧 叠加趟
[11:32:21.879] [TRACE] 帧 光标趟
[11:32:21.879] [TRACE] 帧 结束
[11:32:21.885] [TRACE] 帧 公告板
[11:32:21.886] [TRACE] 帧 格网
[11:32:21.886] [TRACE] 帧 开始
[11:32:21.886] [TRACE] 帧 格网趟
[11:32:21.886] [TRACE] 帧 场景趟
[11:32:21.887] [TRACE] 帧 高亮趟
[11:32:21.887] [TRACE] 帧 叠加趟
[11:32:21.887] [TRACE] 帧 光标趟
[11:32:21.887] [TRACE] 帧 结束
[11:32:21.892] [TRACE] 帧 公告板
[11:32:21.892] [TRACE] 帧 格网
[11:32:21.892] [TRACE] 帧 开始
[11:32:21.892] [TRACE] 帧 格网趟
[11:32:21.892] [TRACE] 帧 场景趟
[11:32:21.892] [TRACE] 帧 高亮趟
[11:32:21.893] [TRACE] 帧 叠加趟
[11:32:21.893] [TRACE] 帧 光标趟
[11:32:21.893] [TRACE] 帧 结束
[11:32:21.903] [TRACE] 帧 公告板
[11:32:21.903] [TRACE] 帧 格网
[11:32:21.904] [TRACE] 帧 开始
[11:32:21.904] [TRACE] 帧 格网趟
[11:32:21.904] [TRACE] 帧 场景趟
[11:32:21.904] [TRACE] 帧 高亮趟
[11:32:21.905] [TRACE] 帧 叠加趟
[11:32:21.905] [TRACE] 帧 光标趟
[11:32:21.905] [TRACE] 帧 结束
[11:32:21.906] [TRACE] 帧 公告板
[11:32:21.906] [TRACE] 帧 格网
[11:32:21.906] [TRACE] 帧 开始
[11:32:21.906] [TRACE] 帧 格网趟
[11:32:21.907] [TRACE] 帧 场景趟
[11:32:21.907] [TRACE] 帧 高亮趟
[11:32:21.907] [TRACE] 帧 叠加趟
[11:32:21.907] [TRACE] 帧 光标趟
[11:32:21.907] [TRACE] 帧 结束
[11:32:21.912] [TRACE] 帧 公告板
[11:32:21.913] [TRACE] 帧 格网
[11:32:21.913] [TRACE] 帧 开始
[11:32:21.913] [TRACE] 帧 格网趟
[11:32:21.913] [TRACE] 帧 场景趟
[11:32:21.913] [TRACE] 帧 高亮趟
[11:32:21.913] [TRACE] 帧 叠加趟
[11:32:21.914] [TRACE] 帧 光标趟
[11:32:21.914] [TRACE] 帧 结束
[11:32:21.920] [TRACE] 帧 公告板
[11:32:21.921] [TRACE] 帧 格网
[11:32:21.921] [TRACE] 帧 开始
[11:32:21.921] [TRACE] 帧 格网趟
[11:32:21.921] [TRACE] 帧 场景趟
[11:32:21.921] [TRACE] 帧 高亮趟
[11:32:21.922] [TRACE] 帧 叠加趟
[11:32:21.922] [TRACE] 帧 光标趟
[11:32:21.922] [TRACE] 帧 结束
[11:32:21.926] [TRACE] 帧 公告板
[11:32:21.927] [TRACE] 帧 格网
[11:32:21.927] [TRACE] 帧 开始
[11:32:21.927] [TRACE] 帧 格网趟
[11:32:21.927] [TRACE] 帧 场景趟
[11:32:21.927] [TRACE] 帧 高亮趟
[11:32:21.928] [TRACE] 帧 叠加趟
[11:32:21.928] [TRACE] 帧 光标趟
[11:32:21.928] [TRACE] 帧 结束
[11:32:21.934] [TRACE] 帧 公告板
[11:32:21.934] [TRACE] 帧 格网
[11:32:21.935] [TRACE] 帧 开始
[11:32:21.935] [TRACE] 帧 格网趟
[11:32:21.935] [TRACE] 帧 场景趟
[11:32:21.935] [TRACE] 帧 高亮趟
[11:32:21.935] [TRACE] 帧 叠加趟
[11:32:21.935] [TRACE] 帧 光标趟
[11:32:21.935] [TRACE] 帧 结束
[11:32:21.940] [TRACE] 帧 公告板
[11:32:21.941] [TRACE] 帧 格网
[11:32:21.941] [TRACE] 帧 开始
[11:32:21.941] [TRACE] 帧 格网趟
[11:32:21.941] [TRACE] 帧 场景趟
[11:32:21.942] [TRACE] 帧 高亮趟
[11:32:21.942] [TRACE] 帧 叠加趟
[11:32:21.942] [TRACE] 帧 光标趟
[11:32:21.942] [TRACE] 帧 结束
[11:32:21.948] [TRACE] 帧 公告板
[11:32:21.948] [TRACE] 帧 格网
[11:32:21.949] [TRACE] 帧 开始
[11:32:21.949] [TRACE] 帧 格网趟
[11:32:21.949] [TRACE] 帧 场景趟
[11:32:21.949] [TRACE] 帧 高亮趟
[11:32:21.950] [TRACE] 帧 叠加趟
[11:32:21.950] [TRACE] 帧 光标趟
[11:32:21.950] [TRACE] 帧 结束
[11:32:21.954] [TRACE] 帧 公告板
[11:32:21.955] [TRACE] 帧 格网
[11:32:21.955] [TRACE] 帧 开始
[11:32:21.955] [TRACE] 帧 格网趟
[11:32:21.955] [TRACE] 帧 场景趟
[11:32:21.955] [TRACE] 帧 高亮趟
[11:32:21.956] [TRACE] 帧 叠加趟
[11:32:21.956] [TRACE] 帧 光标趟
[11:32:21.956] [TRACE] 帧 结束
[11:32:21.961] [TRACE] 帧 公告板
[11:32:21.961] [TRACE] 帧 格网
[11:32:21.961] [TRACE] 帧 开始
[11:32:21.962] [TRACE] 帧 格网趟
[11:32:21.962] [TRACE] 帧 场景趟
[11:32:21.962] [TRACE] 帧 高亮趟
[11:32:21.962] [TRACE] 帧 叠加趟
[11:32:21.962] [TRACE] 帧 光标趟
[11:32:21.963] [TRACE] 帧 结束
[11:32:21.969] [TRACE] 帧 公告板
[11:32:21.969] [TRACE] 帧 格网
[11:32:21.969] [TRACE] 帧 开始
[11:32:21.970] [TRACE] 帧 格网趟
[11:32:21.970] [TRACE] 帧 场景趟
[11:32:21.970] [TRACE] 帧 高亮趟
[11:32:21.970] [TRACE] 帧 叠加趟
[11:32:21.970] [TRACE] 帧 光标趟
[11:32:21.970] [TRACE] 帧 结束
[11:32:21.975] [TRACE] 帧 公告板
[11:32:21.975] [TRACE] 帧 格网
[11:32:21.976] [TRACE] 帧 开始
[11:32:21.976] [TRACE] 帧 格网趟
[11:32:21.976] [TRACE] 帧 场景趟
[11:32:21.976] [TRACE] 帧 高亮趟
[11:32:21.976] [TRACE] 帧 叠加趟
[11:32:21.977] [TRACE] 帧 光标趟
[11:32:21.977] [TRACE] 帧 结束
[11:32:21.983] [TRACE] 帧 公告板
[11:32:21.984] [TRACE] 帧 格网
[11:32:21.984] [TRACE] 帧 开始
[11:32:21.984] [TRACE] 帧 格网趟
[11:32:21.984] [TRACE] 帧 场景趟
[11:32:21.984] [TRACE] 帧 高亮趟
[11:32:21.984] [TRACE] 帧 叠加趟
[11:32:21.985] [TRACE] 帧 光标趟
[11:32:21.985] [TRACE] 帧 结束
[11:32:21.989] [TRACE] 帧 公告板
[11:32:21.990] [TRACE] 帧 格网
[11:32:21.990] [TRACE] 帧 开始
[11:32:21.990] [TRACE] 帧 格网趟
[11:32:21.990] [TRACE] 帧 场景趟
[11:32:21.991] [TRACE] 帧 高亮趟
[11:32:21.991] [TRACE] 帧 叠加趟
[11:32:21.991] [TRACE] 帧 光标趟
[11:32:21.991] [TRACE] 帧 结束
[11:32:21.996] [TRACE] 帧 公告板
[11:32:21.996] [TRACE] 帧 格网
[11:32:21.996] [TRACE] 帧 开始
[11:32:21.997] [TRACE] 帧 格网趟
[11:32:21.997] [TRACE] 帧 场景趟
[11:32:21.997] [TRACE] 帧 高亮趟
[11:32:21.997] [TRACE] 帧 叠加趟
[11:32:21.998] [TRACE] 帧 光标趟
[11:32:21.998] [TRACE] 帧 结束
[11:32:22.004] [TRACE] 帧 公告板
[11:32:22.004] [TRACE] 帧 格网
[11:32:22.004] [TRACE] 帧 开始
[11:32:22.004] [TRACE] 帧 格网趟
[11:32:22.005] [TRACE] 帧 场景趟
[11:32:22.005] [TRACE] 帧 高亮趟
[11:32:22.005] [TRACE] 帧 叠加趟
[11:32:22.005] [TRACE] 帧 光标趟
[11:32:22.005] [TRACE] 帧 结束
[11:32:22.010] [TRACE] 帧 公告板
[11:32:22.010] [TRACE] 帧 格网
[11:32:22.010] [TRACE] 帧 开始
[11:32:22.010] [TRACE] 帧 格网趟
[11:32:22.011] [TRACE] 帧 场景趟
[11:32:22.011] [TRACE] 帧 高亮趟
[11:32:22.011] [TRACE] 帧 叠加趟
[11:32:22.011] [TRACE] 帧 光标趟
[11:32:22.011] [TRACE] 帧 结束
[11:32:22.018] [TRACE] 帧 公告板
[11:32:22.018] [TRACE] 帧 格网
[11:32:22.018] [TRACE] 帧 开始
[11:32:22.018] [TRACE] 帧 格网趟
[11:32:22.018] [TRACE] 帧 场景趟
[11:32:22.018] [TRACE] 帧 高亮趟
[11:32:22.019] [TRACE] 帧 叠加趟
[11:32:22.019] [TRACE] 帧 光标趟
[11:32:22.019] [TRACE] 帧 结束
[11:32:22.024] [TRACE] 帧 公告板
[11:32:22.025] [TRACE] 帧 格网
[11:32:22.025] [TRACE] 帧 开始
[11:32:22.025] [TRACE] 帧 格网趟
[11:32:22.025] [TRACE] 帧 场景趟
[11:32:22.026] [TRACE] 帧 高亮趟
[11:32:22.026] [TRACE] 帧 叠加趟
[11:32:22.026] [TRACE] 帧 光标趟
[11:32:22.026] [TRACE] 帧 结束
[11:32:22.031] [TRACE] 帧 公告板
[11:32:22.032] [TRACE] 帧 格网
[11:32:22.032] [TRACE] 帧 开始
[11:32:22.032] [TRACE] 帧 格网趟
[11:32:22.033] [TRACE] 帧 场景趟
[11:32:22.033] [TRACE] 帧 高亮趟
[11:32:22.033] [TRACE] 帧 叠加趟
[11:32:22.033] [TRACE] 帧 光标趟
[11:32:22.033] [TRACE] 帧 结束
[11:32:22.038] [TRACE] 帧 公告板
[11:32:22.038] [TRACE] 帧 格网
[11:32:22.038] [TRACE] 帧 开始
[11:32:22.038] [TRACE] 帧 格网趟
[11:32:22.039] [TRACE] 帧 场景趟
[11:32:22.039] [TRACE] 帧 高亮趟
[11:32:22.039] [TRACE] 帧 叠加趟
[11:32:22.039] [TRACE] 帧 光标趟
[11:32:22.040] [TRACE] 帧 结束
[11:32:22.044] [TRACE] 帧 公告板
[11:32:22.045] [TRACE] 帧 格网
[11:32:22.045] [TRACE] 帧 开始
[11:32:22.045] [TRACE] 帧 格网趟
[11:32:22.045] [TRACE] 帧 场景趟
[11:32:22.045] [TRACE] 帧 高亮趟
[11:32:22.045] [TRACE] 帧 叠加趟
[11:32:22.045] [TRACE] 帧 光标趟
[11:32:22.045] [TRACE] 帧 结束
[11:32:22.053] [TRACE] 帧 公告板
[11:32:22.053] [TRACE] 帧 格网
[11:32:22.053] [TRACE] 帧 开始
[11:32:22.053] [TRACE] 帧 格网趟
[11:32:22.054] [TRACE] 帧 场景趟
[11:32:22.054] [TRACE] 帧 高亮趟
[11:32:22.054] [TRACE] 帧 叠加趟
[11:32:22.054] [TRACE] 帧 光标趟
[11:32:22.054] [TRACE] 帧 结束
[11:32:22.059] [TRACE] 帧 公告板
[11:32:22.059] [TRACE] 帧 格网
[11:32:22.059] [TRACE] 帧 开始
[11:32:22.059] [TRACE] 帧 格网趟
[11:32:22.060] [TRACE] 帧 场景趟
[11:32:22.060] [TRACE] 帧 高亮趟
[11:32:22.060] [TRACE] 帧 叠加趟
[11:32:22.060] [TRACE] 帧 光标趟
[11:32:22.061] [TRACE] 帧 结束
[11:32:22.067] [TRACE] 帧 公告板
[11:32:22.067] [TRACE] 帧 格网
[11:32:22.067] [TRACE] 帧 开始
[11:32:22.067] [TRACE] 帧 格网趟
[11:32:22.068] [TRACE] 帧 场景趟
[11:32:22.068] [TRACE] 帧 高亮趟
[11:32:22.068] [TRACE] 帧 叠加趟
[11:32:22.068] [TRACE] 帧 光标趟
[11:32:22.068] [TRACE] 帧 结束
[11:32:22.072] [TRACE] 帧 公告板
[11:32:22.072] [TRACE] 帧 格网
[11:32:22.073] [TRACE] 帧 开始
[11:32:22.073] [TRACE] 帧 格网趟
[11:32:22.073] [TRACE] 帧 场景趟
[11:32:22.073] [TRACE] 帧 高亮趟
[11:32:22.073] [TRACE] 帧 叠加趟
[11:32:22.074] [TRACE] 帧 光标趟
[11:32:22.074] [TRACE] 帧 结束
[11:32:22.079] [TRACE] 帧 公告板
[11:32:22.079] [TRACE] 帧 格网
[11:32:22.080] [TRACE] 帧 开始
[11:32:22.080] [TRACE] 帧 格网趟
[11:32:22.080] [TRACE] 帧 场景趟
[11:32:22.080] [TRACE] 帧 高亮趟
[11:32:22.080] [TRACE] 帧 叠加趟
[11:32:22.080] [TRACE] 帧 光标趟
[11:32:22.081] [TRACE] 帧 结束
[11:32:22.087] [TRACE] 帧 公告板
[11:32:22.087] [TRACE] 帧 格网
[11:32:22.087] [TRACE] 帧 开始
[11:32:22.087] [TRACE] 帧 格网趟
[11:32:22.088] [TRACE] 帧 场景趟
[11:32:22.088] [TRACE] 帧 高亮趟
[11:32:22.088] [TRACE] 帧 叠加趟
[11:32:22.088] [TRACE] 帧 光标趟
[11:32:22.089] [TRACE] 帧 结束
[11:32:22.093] [TRACE] 帧 公告板
[11:32:22.094] [TRACE] 帧 格网
[11:32:22.094] [TRACE] 帧 开始
[11:32:22.094] [TRACE] 帧 格网趟
[11:32:22.094] [TRACE] 帧 场景趟
[11:32:22.094] [TRACE] 帧 高亮趟
[11:32:22.095] [TRACE] 帧 叠加趟
[11:32:22.095] [TRACE] 帧 光标趟
[11:32:22.095] [TRACE] 帧 结束
[11:32:22.101] [TRACE] 帧 公告板
[11:32:22.101] [TRACE] 帧 格网
[11:32:22.101] [TRACE] 帧 开始
[11:32:22.102] [TRACE] 帧 格网趟
[11:32:22.102] [TRACE] 帧 场景趟
[11:32:22.102] [TRACE] 帧 高亮趟
[11:32:22.102] [TRACE] 帧 叠加趟
[11:32:22.103] [TRACE] 帧 光标趟
[11:32:22.103] [TRACE] 帧 结束
[11:32:22.107] [TRACE] 帧 公告板
[11:32:22.108] [TRACE] 帧 格网
[11:32:22.108] [TRACE] 帧 开始
[11:32:22.108] [TRACE] 帧 格网趟
[11:32:22.108] [TRACE] 帧 场景趟
[11:32:22.109] [TRACE] 帧 高亮趟
[11:32:22.109] [TRACE] 帧 叠加趟
[11:32:22.109] [TRACE] 帧 光标趟
[11:32:22.109] [TRACE] 帧 结束
[11:32:22.115] [TRACE] 帧 公告板
[11:32:22.115] [TRACE] 帧 格网
[11:32:22.116] [TRACE] 帧 开始
[11:32:22.116] [TRACE] 帧 格网趟
[11:32:22.116] [TRACE] 帧 场景趟
[11:32:22.116] [TRACE] 帧 高亮趟
[11:32:22.116] [TRACE] 帧 叠加趟
[11:32:22.116] [TRACE] 帧 光标趟
[11:32:22.117] [TRACE] 帧 结束
[11:32:22.121] [TRACE] 帧 公告板
[11:32:22.121] [TRACE] 帧 格网
[11:32:22.121] [TRACE] 帧 开始
[11:32:22.122] [TRACE] 帧 格网趟
[11:32:22.122] [TRACE] 帧 场景趟
[11:32:22.122] [TRACE] 帧 高亮趟
[11:32:22.122] [TRACE] 帧 叠加趟
[11:32:22.122] [TRACE] 帧 光标趟
[11:32:22.123] [TRACE] 帧 结束
[11:32:22.128] [TRACE] 帧 公告板
[11:32:22.128] [TRACE] 帧 格网
[11:32:22.128] [TRACE] 帧 开始
[11:32:22.129] [TRACE] 帧 格网趟
[11:32:22.129] [TRACE] 帧 场景趟
[11:32:22.129] [TRACE] 帧 高亮趟
[11:32:22.129] [TRACE] 帧 叠加趟
[11:32:22.129] [TRACE] 帧 光标趟
[11:32:22.130] [TRACE] 帧 结束
[11:32:22.136] [TRACE] 帧 公告板
[11:32:22.137] [TRACE] 帧 格网
[11:32:22.137] [TRACE] 帧 开始
[11:32:22.137] [TRACE] 帧 格网趟
[11:32:22.137] [TRACE] 帧 场景趟
[11:32:22.138] [TRACE] 帧 高亮趟
[11:32:22.138] [TRACE] 帧 叠加趟
[11:32:22.138] [TRACE] 帧 光标趟
[11:32:22.138] [TRACE] 帧 结束
[11:32:22.142] [TRACE] 帧 公告板
[11:32:22.142] [TRACE] 帧 格网
[11:32:22.142] [TRACE] 帧 开始
[11:32:22.143] [TRACE] 帧 格网趟
[11:32:22.143] [TRACE] 帧 场景趟
[11:32:22.143] [TRACE] 帧 高亮趟
[11:32:22.143] [TRACE] 帧 叠加趟
[11:32:22.143] [TRACE] 帧 光标趟
[11:32:22.143] [TRACE] 帧 结束
[11:32:22.150] [TRACE] 帧 公告板
[11:32:22.150] [TRACE] 帧 格网
[11:32:22.150] [TRACE] 帧 开始
[11:32:22.150] [TRACE] 帧 格网趟
[11:32:22.150] [TRACE] 帧 场景趟
[11:32:22.150] [TRACE] 帧 高亮趟
[11:32:22.150] [TRACE] 帧 叠加趟
[11:32:22.151] [TRACE] 帧 光标趟
[11:32:22.151] [TRACE] 帧 结束
[11:32:22.156] [TRACE] 帧 公告板
[11:32:22.156] [TRACE] 帧 格网
[11:32:22.156] [TRACE] 帧 开始
[11:32:22.156] [TRACE] 帧 格网趟
[11:32:22.157] [TRACE] 帧 场景趟
[11:32:22.157] [TRACE] 帧 高亮趟
[11:32:22.157] [TRACE] 帧 叠加趟
[11:32:22.157] [TRACE] 帧 光标趟
[11:32:22.158] [TRACE] 帧 结束
[11:32:22.163] [TRACE] 帧 公告板
[11:32:22.163] [TRACE] 帧 格网
[11:32:22.163] [TRACE] 帧 开始
[11:32:22.163] [TRACE] 帧 格网趟
[11:32:22.163] [TRACE] 帧 场景趟
[11:32:22.164] [TRACE] 帧 高亮趟
[11:32:22.164] [TRACE] 帧 叠加趟
[11:32:22.164] [TRACE] 帧 光标趟
[11:32:22.164] [TRACE] 帧 结束
[11:32:22.170] [TRACE] 帧 公告板
[11:32:22.171] [TRACE] 帧 格网
[11:32:22.171] [TRACE] 帧 开始
[11:32:22.171] [TRACE] 帧 格网趟
[11:32:22.171] [TRACE] 帧 场景趟
[11:32:22.171] [TRACE] 帧 高亮趟
[11:32:22.171] [TRACE] 帧 叠加趟
[11:32:22.171] [TRACE] 帧 光标趟
[11:32:22.172] [TRACE] 帧 结束
[11:32:22.176] [TRACE] 帧 公告板
[11:32:22.177] [TRACE] 帧 格网
[11:32:22.177] [TRACE] 帧 开始
[11:32:22.177] [TRACE] 帧 格网趟
[11:32:22.178] [TRACE] 帧 场景趟
[11:32:22.178] [TRACE] 帧 高亮趟
[11:32:22.178] [TRACE] 帧 叠加趟
[11:32:22.178] [TRACE] 帧 光标趟
[11:32:22.178] [TRACE] 帧 结束
[11:32:22.184] [TRACE] 帧 公告板
[11:32:22.185] [TRACE] 帧 格网
[11:32:22.185] [TRACE] 帧 开始
[11:32:22.185] [TRACE] 帧 格网趟
[11:32:22.185] [TRACE] 帧 场景趟
[11:32:22.186] [TRACE] 帧 高亮趟
[11:32:22.186] [TRACE] 帧 叠加趟
[11:32:22.186] [TRACE] 帧 光标趟
[11:32:22.186] [TRACE] 帧 结束
[11:32:22.191] [TRACE] 帧 公告板
[11:32:22.191] [TRACE] 帧 格网
[11:32:22.191] [TRACE] 帧 开始
[11:32:22.192] [TRACE] 帧 格网趟
[11:32:22.192] [TRACE] 帧 场景趟
[11:32:22.192] [TRACE] 帧 高亮趟
[11:32:22.192] [TRACE] 帧 叠加趟
[11:32:22.192] [TRACE] 帧 光标趟
[11:32:22.192] [TRACE] 帧 结束
[11:32:22.198] [TRACE] 帧 公告板
[11:32:22.199] [TRACE] 帧 格网
[11:32:22.199] [TRACE] 帧 开始
[11:32:22.199] [TRACE] 帧 格网趟
[11:32:22.199] [TRACE] 帧 场景趟
[11:32:22.199] [TRACE] 帧 高亮趟
[11:32:22.200] [TRACE] 帧 叠加趟
[11:32:22.200] [TRACE] 帧 光标趟
[11:32:22.200] [TRACE] 帧 结束
[11:32:22.204] [TRACE] 帧 公告板
[11:32:22.205] [TRACE] 帧 格网
[11:32:22.205] [TRACE] 帧 开始
[11:32:22.205] [TRACE] 帧 格网趟
[11:32:22.205] [TRACE] 帧 场景趟
[11:32:22.206] [TRACE] 帧 高亮趟
[11:32:22.206] [TRACE] 帧 叠加趟
[11:32:22.206] [TRACE] 帧 光标趟
[11:32:22.206] [TRACE] 帧 结束
[11:32:22.211] [TRACE] 帧 公告板
[11:32:22.212] [TRACE] 帧 格网
[11:32:22.212] [TRACE] 帧 开始
[11:32:22.212] [TRACE] 帧 格网趟
[11:32:22.212] [TRACE] 帧 场景趟
[11:32:22.212] [TRACE] 帧 高亮趟
[11:32:22.212] [TRACE] 帧 叠加趟
[11:32:22.212] [TRACE] 帧 光标趟
[11:32:22.213] [TRACE] 帧 结束
[11:32:22.219] [TRACE] 帧 公告板
[11:32:22.219] [TRACE] 帧 格网
[11:32:22.219] [TRACE] 帧 开始
[11:32:22.220] [TRACE] 帧 格网趟
[11:32:22.220] [TRACE] 帧 场景趟
[11:32:22.220] [TRACE] 帧 高亮趟
[11:32:22.220] [TRACE] 帧 叠加趟
[11:32:22.220] [TRACE] 帧 光标趟
[11:32:22.220] [TRACE] 帧 结束
[11:32:22.226] [TRACE] 帧 公告板
[11:32:22.226] [TRACE] 帧 格网
[11:32:22.226] [TRACE] 帧 开始
[11:32:22.226] [TRACE] 帧 格网趟
[11:32:22.226] [TRACE] 帧 场景趟
[11:32:22.227] [TRACE] 帧 高亮趟
[11:32:22.227] [TRACE] 帧 叠加趟
[11:32:22.227] [TRACE] 帧 光标趟
[11:32:22.227] [TRACE] 帧 结束
[11:32:22.234] [TRACE] 帧 公告板
[11:32:22.234] [TRACE] 帧 格网
[11:32:22.234] [TRACE] 帧 开始
[11:32:22.235] [TRACE] 帧 格网趟
[11:32:22.235] [TRACE] 帧 场景趟
[11:32:22.235] [TRACE] 帧 高亮趟
[11:32:22.235] [TRACE] 帧 叠加趟
[11:32:22.235] [TRACE] 帧 光标趟
[11:32:22.235] [TRACE] 帧 结束
[11:32:22.239] [TRACE] 帧 公告板
[11:32:22.239] [TRACE] 帧 格网
[11:32:22.239] [TRACE] 帧 开始
[11:32:22.240] [TRACE] 帧 格网趟
[11:32:22.240] [TRACE] 帧 场景趟
[11:32:22.240] [TRACE] 帧 高亮趟
[11:32:22.240] [TRACE] 帧 叠加趟
[11:32:22.240] [TRACE] 帧 光标趟
[11:32:22.240] [TRACE] 帧 结束
[11:32:22.246] [TRACE] 帧 公告板
[11:32:22.247] [TRACE] 帧 格网
[11:32:22.247] [TRACE] 帧 开始
[11:32:22.247] [TRACE] 帧 格网趟
[11:32:22.248] [TRACE] 帧 场景趟
[11:32:22.248] [TRACE] 帧 高亮趟
[11:32:22.248] [TRACE] 帧 叠加趟
[11:32:22.248] [TRACE] 帧 光标趟
[11:32:22.248] [TRACE] 帧 结束
[11:32:22.255] [TRACE] 帧 公告板
[11:32:22.255] [TRACE] 帧 格网
[11:32:22.255] [TRACE] 帧 开始
[11:32:22.255] [TRACE] 帧 格网趟
[11:32:22.255] [TRACE] 帧 场景趟
[11:32:22.256] [TRACE] 帧 高亮趟
[11:32:22.256] [TRACE] 帧 叠加趟
[11:32:22.256] [TRACE] 帧 光标趟
[11:32:22.256] [TRACE] 帧 结束
[11:32:22.260] [TRACE] 帧 公告板
[11:32:22.260] [TRACE] 帧 格网
[11:32:22.261] [TRACE] 帧 开始
[11:32:22.261] [TRACE] 帧 格网趟
[11:32:22.261] [TRACE] 帧 场景趟
[11:32:22.261] [TRACE] 帧 高亮趟
[11:32:22.261] [TRACE] 帧 叠加趟
[11:32:22.261] [TRACE] 帧 光标趟
[11:32:22.262] [TRACE] 帧 结束
[11:32:22.268] [TRACE] 帧 公告板
[11:32:22.268] [TRACE] 帧 格网
[11:32:22.268] [TRACE] 帧 开始
[11:32:22.268] [TRACE] 帧 格网趟
[11:32:22.269] [TRACE] 帧 场景趟
[11:32:22.269] [TRACE] 帧 高亮趟
[11:32:22.269] [TRACE] 帧 叠加趟
[11:32:22.269] [TRACE] 帧 光标趟
[11:32:22.269] [TRACE] 帧 结束
[11:32:22.274] [TRACE] 帧 公告板
[11:32:22.275] [TRACE] 帧 格网
[11:32:22.275] [TRACE] 帧 开始
[11:32:22.275] [TRACE] 帧 格网趟
[11:32:22.275] [TRACE] 帧 场景趟
[11:32:22.276] [TRACE] 帧 高亮趟
[11:32:22.276] [TRACE] 帧 叠加趟
[11:32:22.276] [TRACE] 帧 光标趟
[11:32:22.276] [TRACE] 帧 结束
[11:32:22.282] [TRACE] 帧 公告板
[11:32:22.282] [TRACE] 帧 格网
[11:32:22.282] [TRACE] 帧 开始
[11:32:22.282] [TRACE] 帧 格网趟
[11:32:22.283] [TRACE] 帧 场景趟
[11:32:22.283] [TRACE] 帧 高亮趟
[11:32:22.283] [TRACE] 帧 叠加趟
[11:32:22.283] [TRACE] 帧 光标趟
[11:32:22.283] [TRACE] 帧 结束
[11:32:22.288] [TRACE] 帧 公告板
[11:32:22.288] [TRACE] 帧 格网
[11:32:22.288] [TRACE] 帧 开始
[11:32:22.288] [TRACE] 帧 格网趟
[11:32:22.288] [TRACE] 帧 场景趟
[11:32:22.289] [TRACE] 帧 高亮趟
[11:32:22.289] [TRACE] 帧 叠加趟
[11:32:22.289] [TRACE] 帧 光标趟
[11:32:22.289] [TRACE] 帧 结束
[11:32:22.295] [TRACE] 帧 公告板
[11:32:22.295] [TRACE] 帧 格网
[11:32:22.295] [TRACE] 帧 开始
[11:32:22.295] [TRACE] 帧 格网趟
[11:32:22.296] [TRACE] 帧 场景趟
[11:32:22.296] [TRACE] 帧 高亮趟
[11:32:22.296] [TRACE] 帧 叠加趟
[11:32:22.296] [TRACE] 帧 光标趟
[11:32:22.296] [TRACE] 帧 结束
[11:32:22.303] [TRACE] 帧 公告板
[11:32:22.309] [TRACE] 帧 格网
[11:32:22.309] [TRACE] 帧 开始
[11:32:22.310] [TRACE] 帧 格网趟
[11:32:22.310] [TRACE] 帧 场景趟
[11:32:22.310] [TRACE] 帧 高亮趟
[11:32:22.310] [TRACE] 帧 叠加趟
[11:32:22.310] [TRACE] 帧 光标趟
[11:32:22.311] [TRACE] 帧 结束
[11:32:22.317] [TRACE] 帧 公告板
[11:32:22.318] [TRACE] 帧 格网
[11:32:22.318] [TRACE] 帧 开始
[11:32:22.318] [TRACE] 帧 格网趟
[11:32:22.318] [TRACE] 帧 场景趟
[11:32:22.319] [TRACE] 帧 高亮趟
[11:32:22.319] [TRACE] 帧 叠加趟
[11:32:22.319] [TRACE] 帧 光标趟
[11:32:22.319] [TRACE] 帧 结束
[11:32:22.323] [TRACE] 帧 公告板
[11:32:22.323] [TRACE] 帧 格网
[11:32:22.323] [TRACE] 帧 开始
[11:32:22.323] [TRACE] 帧 格网趟
[11:32:22.324] [TRACE] 帧 场景趟
[11:32:22.324] [TRACE] 帧 高亮趟
[11:32:22.324] [TRACE] 帧 叠加趟
[11:32:22.324] [TRACE] 帧 光标趟
[11:32:22.324] [TRACE] 帧 结束
[11:32:22.330] [TRACE] 帧 公告板
[11:32:22.330] [TRACE] 帧 格网
[11:32:22.330] [TRACE] 帧 开始
[11:32:22.330] [TRACE] 帧 格网趟
[11:32:22.330] [TRACE] 帧 场景趟
[11:32:22.331] [TRACE] 帧 高亮趟
[11:32:22.331] [TRACE] 帧 叠加趟
[11:32:22.331] [TRACE] 帧 光标趟
[11:32:22.331] [TRACE] 帧 结束
[11:32:22.337] [TRACE] 帧 公告板
[11:32:22.338] [TRACE] 帧 格网
[11:32:22.338] [TRACE] 帧 开始
[11:32:22.338] [TRACE] 帧 格网趟
[11:32:22.338] [TRACE] 帧 场景趟
[11:32:22.338] [TRACE] 帧 高亮趟
[11:32:22.339] [TRACE] 帧 叠加趟
[11:32:22.339] [TRACE] 帧 光标趟
[11:32:22.339] [TRACE] 帧 结束
[11:32:22.344] [TRACE] 帧 公告板
[11:32:22.344] [TRACE] 帧 格网
[11:32:22.344] [TRACE] 帧 开始
[11:32:22.344] [TRACE] 帧 格网趟
[11:32:22.344] [TRACE] 帧 场景趟
[11:32:22.344] [TRACE] 帧 高亮趟
[11:32:22.345] [TRACE] 帧 叠加趟
[11:32:22.345] [TRACE] 帧 光标趟
[11:32:22.345] [TRACE] 帧 结束
[11:32:22.351] [TRACE] 帧 公告板
[11:32:22.352] [TRACE] 帧 格网
[11:32:22.352] [TRACE] 帧 开始
[11:32:22.352] [TRACE] 帧 格网趟
[11:32:22.352] [TRACE] 帧 场景趟
[11:32:22.352] [TRACE] 帧 高亮趟
[11:32:22.352] [TRACE] 帧 叠加趟
[11:32:22.353] [TRACE] 帧 光标趟
[11:32:22.353] [TRACE] 帧 结束
[11:32:22.358] [TRACE] 帧 公告板
[11:32:22.358] [TRACE] 帧 格网
[11:32:22.358] [TRACE] 帧 开始
[11:32:22.358] [TRACE] 帧 格网趟
[11:32:22.358] [TRACE] 帧 场景趟
[11:32:22.358] [TRACE] 帧 高亮趟
[11:32:22.359] [TRACE] 帧 叠加趟
[11:32:22.359] [TRACE] 帧 光标趟
[11:32:22.359] [TRACE] 帧 结束
[11:32:22.365] [TRACE] 帧 公告板
[11:32:22.365] [TRACE] 帧 格网
[11:32:22.366] [TRACE] 帧 开始
[11:32:22.366] [TRACE] 帧 格网趟
[11:32:22.366] [TRACE] 帧 场景趟
[11:32:22.366] [TRACE] 帧 高亮趟
[11:32:22.367] [TRACE] 帧 叠加趟
[11:32:22.367] [TRACE] 帧 光标趟
[11:32:22.367] [TRACE] 帧 结束
[11:32:22.371] [TRACE] 帧 公告板
[11:32:22.371] [TRACE] 帧 格网
[11:32:22.371] [TRACE] 帧 开始
[11:32:22.371] [TRACE] 帧 格网趟
[11:32:22.372] [TRACE] 帧 场景趟
[11:32:22.372] [TRACE] 帧 高亮趟
[11:32:22.372] [TRACE] 帧 叠加趟
[11:32:22.372] [TRACE] 帧 光标趟
[11:32:22.372] [TRACE] 帧 结束
[11:32:22.378] [TRACE] 帧 公告板
[11:32:22.378] [TRACE] 帧 格网
[11:32:22.379] [TRACE] 帧 开始
[11:32:22.379] [TRACE] 帧 格网趟
[11:32:22.379] [TRACE] 帧 场景趟
[11:32:22.379] [TRACE] 帧 高亮趟
[11:32:22.379] [TRACE] 帧 叠加趟
[11:32:22.380] [TRACE] 帧 光标趟
[11:32:22.380] [TRACE] 帧 结束
[11:32:22.386] [TRACE] 帧 公告板
[11:32:22.386] [TRACE] 帧 格网
[11:32:22.386] [TRACE] 帧 开始
[11:32:22.386] [TRACE] 帧 格网趟
[11:32:22.387] [TRACE] 帧 场景趟
[11:32:22.387] [TRACE] 帧 高亮趟
[11:32:22.387] [TRACE] 帧 叠加趟
[11:32:22.387] [TRACE] 帧 光标趟
[11:32:22.387] [TRACE] 帧 结束
[11:32:22.392] [TRACE] 帧 公告板
[11:32:22.392] [TRACE] 帧 格网
[11:32:22.392] [TRACE] 帧 开始
[11:32:22.393] [TRACE] 帧 格网趟
[11:32:22.393] [TRACE] 帧 场景趟
[11:32:22.393] [TRACE] 帧 高亮趟
[11:32:22.393] [TRACE] 帧 叠加趟
[11:32:22.393] [TRACE] 帧 光标趟
[11:32:22.393] [TRACE] 帧 结束
[11:32:22.400] [TRACE] 帧 公告板
[11:32:22.401] [TRACE] 帧 格网
[11:32:22.401] [TRACE] 帧 开始
[11:32:22.401] [TRACE] 帧 格网趟
[11:32:22.401] [TRACE] 帧 场景趟
[11:32:22.401] [TRACE] 帧 高亮趟
[11:32:22.401] [TRACE] 帧 叠加趟
[11:32:22.401] [TRACE] 帧 光标趟
[11:32:22.402] [TRACE] 帧 结束
[11:32:22.406] [TRACE] 帧 公告板
[11:32:22.406] [TRACE] 帧 格网
[11:32:22.406] [TRACE] 帧 开始
[11:32:22.406] [TRACE] 帧 格网趟
[11:32:22.407] [TRACE] 帧 场景趟
[11:32:22.407] [TRACE] 帧 高亮趟
[11:32:22.407] [TRACE] 帧 叠加趟
[11:32:22.407] [TRACE] 帧 光标趟
[11:32:22.407] [TRACE] 帧 结束
[11:32:22.413] [TRACE] 帧 公告板
[11:32:22.413] [TRACE] 帧 格网
[11:32:22.413] [TRACE] 帧 开始
[11:32:22.413] [TRACE] 帧 格网趟
[11:32:22.414] [TRACE] 帧 场景趟
[11:32:22.414] [TRACE] 帧 高亮趟
[11:32:22.414] [TRACE] 帧 叠加趟
[11:32:22.414] [TRACE] 帧 光标趟
[11:32:22.414] [TRACE] 帧 结束
[11:32:22.421] [TRACE] 帧 公告板
[11:32:22.421] [TRACE] 帧 格网
[11:32:22.421] [TRACE] 帧 开始
[11:32:22.421] [TRACE] 帧 格网趟
[11:32:22.421] [TRACE] 帧 场景趟
[11:32:22.421] [TRACE] 帧 高亮趟
[11:32:22.421] [TRACE] 帧 叠加趟
[11:32:22.422] [TRACE] 帧 光标趟
[11:32:22.422] [TRACE] 帧 结束
[11:32:22.427] [TRACE] 帧 公告板
[11:32:22.427] [TRACE] 帧 格网
[11:32:22.427] [TRACE] 帧 开始
[11:32:22.427] [TRACE] 帧 格网趟
[11:32:22.427] [TRACE] 帧 场景趟
[11:32:22.428] [TRACE] 帧 高亮趟
[11:32:22.428] [TRACE] 帧 叠加趟
[11:32:22.428] [TRACE] 帧 光标趟
[11:32:22.428] [TRACE] 帧 结束
[11:32:22.434] [TRACE] 帧 公告板
[11:32:22.435] [TRACE] 帧 格网
[11:32:22.435] [TRACE] 帧 开始
[11:32:22.435] [TRACE] 帧 格网趟
[11:32:22.435] [TRACE] 帧 场景趟
[11:32:22.435] [TRACE] 帧 高亮趟
[11:32:22.435] [TRACE] 帧 叠加趟
[11:32:22.435] [TRACE] 帧 光标趟
[11:32:22.435] [TRACE] 帧 结束
[11:32:22.441] [TRACE] 帧 公告板
[11:32:22.441] [TRACE] 帧 格网
[11:32:22.441] [TRACE] 帧 开始
[11:32:22.442] [TRACE] 帧 格网趟
[11:32:22.442] [TRACE] 帧 场景趟
[11:32:22.442] [TRACE] 帧 高亮趟
[11:32:22.442] [TRACE] 帧 叠加趟
[11:32:22.442] [TRACE] 帧 光标趟
[11:32:22.442] [TRACE] 帧 结束
[11:32:22.448] [TRACE] 帧 公告板
[11:32:22.449] [TRACE] 帧 格网
[11:32:22.449] [TRACE] 帧 开始
[11:32:22.449] [TRACE] 帧 格网趟
[11:32:22.449] [TRACE] 帧 场景趟
[11:32:22.449] [TRACE] 帧 高亮趟
[11:32:22.450] [TRACE] 帧 叠加趟
[11:32:22.450] [TRACE] 帧 光标趟
[11:32:22.450] [TRACE] 帧 结束
[11:32:22.455] [TRACE] 帧 公告板
[11:32:22.455] [TRACE] 帧 格网
[11:32:22.455] [TRACE] 帧 开始
[11:32:22.455] [TRACE] 帧 格网趟
[11:32:22.455] [TRACE] 帧 场景趟
[11:32:22.455] [TRACE] 帧 高亮趟
[11:32:22.455] [TRACE] 帧 叠加趟
[11:32:22.456] [TRACE] 帧 光标趟
[11:32:22.456] [TRACE] 帧 结束
[11:32:22.461] [TRACE] 帧 公告板
[11:32:22.462] [TRACE] 帧 格网
[11:32:22.462] [TRACE] 帧 开始
[11:32:22.462] [TRACE] 帧 格网趟
[11:32:22.462] [TRACE] 帧 场景趟
[11:32:22.462] [TRACE] 帧 高亮趟
[11:32:22.462] [TRACE] 帧 叠加趟
[11:32:22.463] [TRACE] 帧 光标趟
[11:32:22.463] [TRACE] 帧 结束
[11:32:22.469] [TRACE] 帧 公告板
[11:32:22.470] [TRACE] 帧 格网
[11:32:22.470] [TRACE] 帧 开始
[11:32:22.470] [TRACE] 帧 格网趟
[11:32:22.470] [TRACE] 帧 场景趟
[11:32:22.470] [TRACE] 帧 高亮趟
[11:32:22.470] [TRACE] 帧 叠加趟
[11:32:22.470] [TRACE] 帧 光标趟
[11:32:22.470] [TRACE] 帧 结束
[11:32:22.476] [TRACE] 帧 公告板
[11:32:22.476] [TRACE] 帧 格网
[11:32:22.476] [TRACE] 帧 开始
[11:32:22.476] [TRACE] 帧 格网趟
[11:32:22.476] [TRACE] 帧 场景趟
[11:32:22.476] [TRACE] 帧 高亮趟
[11:32:22.476] [TRACE] 帧 叠加趟
[11:32:22.476] [TRACE] 帧 光标趟
[11:32:22.476] [TRACE] 帧 结束
[11:32:22.484] [TRACE] 帧 公告板
[11:32:22.484] [TRACE] 帧 格网
[11:32:22.484] [TRACE] 帧 开始
[11:32:22.484] [TRACE] 帧 格网趟
[11:32:22.484] [TRACE] 帧 场景趟
[11:32:22.484] [TRACE] 帧 高亮趟
[11:32:22.484] [TRACE] 帧 叠加趟
[11:32:22.485] [TRACE] 帧 光标趟
[11:32:22.485] [TRACE] 帧 结束
[11:32:22.489] [TRACE] 帧 公告板
[11:32:22.490] [TRACE] 帧 格网
[11:32:22.490] [TRACE] 帧 开始
[11:32:22.490] [TRACE] 帧 格网趟
[11:32:22.490] [TRACE] 帧 场景趟
[11:32:22.490] [TRACE] 帧 高亮趟
[11:32:22.490] [TRACE] 帧 叠加趟
[11:32:22.491] [TRACE] 帧 光标趟
[11:32:22.491] [TRACE] 帧 结束
[11:32:22.497] [TRACE] 帧 公告板
[11:32:22.497] [TRACE] 帧 格网
[11:32:22.497] [TRACE] 帧 开始
[11:32:22.497] [TRACE] 帧 格网趟
[11:32:22.497] [TRACE] 帧 场景趟
[11:32:22.497] [TRACE] 帧 高亮趟
[11:32:22.498] [TRACE] 帧 叠加趟
[11:32:22.498] [TRACE] 帧 光标趟
[11:32:22.498] [TRACE] 帧 结束
[11:32:22.504] [TRACE] 帧 公告板
[11:32:22.504] [TRACE] 帧 格网
[11:32:22.505] [TRACE] 帧 开始
[11:32:22.505] [TRACE] 帧 格网趟
[11:32:22.505] [TRACE] 帧 场景趟
[11:32:22.505] [TRACE] 帧 高亮趟
[11:32:22.505] [TRACE] 帧 叠加趟
[11:32:22.505] [TRACE] 帧 光标趟
[11:32:22.505] [TRACE] 帧 结束
[11:32:22.510] [TRACE] 帧 公告板
[11:32:22.510] [TRACE] 帧 格网
[11:32:22.511] [TRACE] 帧 开始
[11:32:22.511] [TRACE] 帧 格网趟
[11:32:22.511] [TRACE] 帧 场景趟
[11:32:22.511] [TRACE] 帧 高亮趟
[11:32:22.511] [TRACE] 帧 叠加趟
[11:32:22.511] [TRACE] 帧 光标趟
[11:32:22.512] [TRACE] 帧 结束
[11:32:22.518] [TRACE] 帧 公告板
[11:32:22.518] [TRACE] 帧 格网
[11:32:22.518] [TRACE] 帧 开始
[11:32:22.519] [TRACE] 帧 格网趟
[11:32:22.519] [TRACE] 帧 场景趟
[11:32:22.519] [TRACE] 帧 高亮趟
[11:32:22.519] [TRACE] 帧 叠加趟
[11:32:22.519] [TRACE] 帧 光标趟
[11:32:22.520] [TRACE] 帧 结束
[11:32:22.524] [TRACE] 帧 公告板
[11:32:22.525] [TRACE] 帧 格网
[11:32:22.525] [TRACE] 帧 开始
[11:32:22.525] [TRACE] 帧 格网趟
[11:32:22.525] [TRACE] 帧 场景趟
[11:32:22.525] [TRACE] 帧 高亮趟
[11:32:22.526] [TRACE] 帧 叠加趟
[11:32:22.526] [TRACE] 帧 光标趟
[11:32:22.526] [TRACE] 帧 结束
[11:32:22.532] [TRACE] 帧 公告板
[11:32:22.532] [TRACE] 帧 格网
[11:32:22.532] [TRACE] 帧 开始
[11:32:22.532] [TRACE] 帧 格网趟
[11:32:22.532] [TRACE] 帧 场景趟
[11:32:22.532] [TRACE] 帧 高亮趟
[11:32:22.532] [TRACE] 帧 叠加趟
[11:32:22.533] [TRACE] 帧 光标趟
[11:32:22.533] [TRACE] 帧 结束
[11:32:22.538] [TRACE] 帧 公告板
[11:32:22.538] [TRACE] 帧 格网
[11:32:22.539] [TRACE] 帧 开始
[11:32:22.539] [TRACE] 帧 格网趟
[11:32:22.539] [TRACE] 帧 场景趟
[11:32:22.539] [TRACE] 帧 高亮趟
[11:32:22.539] [TRACE] 帧 叠加趟
[11:32:22.539] [TRACE] 帧 光标趟
[11:32:22.539] [TRACE] 帧 结束
[11:32:22.545] [TRACE] 帧 公告板
[11:32:22.545] [TRACE] 帧 格网
[11:32:22.545] [TRACE] 帧 开始
[11:32:22.545] [TRACE] 帧 格网趟
[11:32:22.545] [TRACE] 帧 场景趟
[11:32:22.546] [TRACE] 帧 高亮趟
[11:32:22.546] [TRACE] 帧 叠加趟
[11:32:22.546] [TRACE] 帧 光标趟
[11:32:22.546] [TRACE] 帧 结束
[11:32:22.553] [TRACE] 帧 公告板
[11:32:22.553] [TRACE] 帧 格网
[11:32:22.553] [TRACE] 帧 开始
[11:32:22.553] [TRACE] 帧 格网趟
[11:32:22.553] [TRACE] 帧 场景趟
[11:32:22.554] [TRACE] 帧 高亮趟
[11:32:22.554] [TRACE] 帧 叠加趟
[11:32:22.554] [TRACE] 帧 光标趟
[11:32:22.554] [TRACE] 帧 结束
[11:32:22.559] [TRACE] 帧 公告板
[11:32:22.559] [TRACE] 帧 格网
[11:32:22.559] [TRACE] 帧 开始
[11:32:22.559] [TRACE] 帧 格网趟
[11:32:22.559] [TRACE] 帧 场景趟
[11:32:22.559] [TRACE] 帧 高亮趟
[11:32:22.559] [TRACE] 帧 叠加趟
[11:32:22.559] [TRACE] 帧 光标趟
[11:32:22.560] [TRACE] 帧 结束
[11:32:22.567] [TRACE] 帧 公告板
[11:32:22.567] [TRACE] 帧 格网
[11:32:22.567] [TRACE] 帧 开始
[11:32:22.567] [TRACE] 帧 格网趟
[11:32:22.567] [TRACE] 帧 场景趟
[11:32:22.567] [TRACE] 帧 高亮趟
[11:32:22.568] [TRACE] 帧 叠加趟
[11:32:22.568] [TRACE] 帧 光标趟
[11:32:22.568] [TRACE] 帧 结束
[11:32:22.572] [TRACE] 帧 公告板
[11:32:22.573] [TRACE] 帧 格网
[11:32:22.573] [TRACE] 帧 开始
[11:32:22.573] [TRACE] 帧 格网趟
[11:32:22.573] [TRACE] 帧 场景趟
[11:32:22.573] [TRACE] 帧 高亮趟
[11:32:22.573] [TRACE] 帧 叠加趟
[11:32:22.573] [TRACE] 帧 光标趟
[11:32:22.573] [TRACE] 帧 结束
[11:32:22.579] [TRACE] 帧 公告板
[11:32:22.580] [TRACE] 帧 格网
[11:32:22.580] [TRACE] 帧 开始
[11:32:22.580] [TRACE] 帧 格网趟
[11:32:22.580] [TRACE] 帧 场景趟
[11:32:22.580] [TRACE] 帧 高亮趟
[11:32:22.581] [TRACE] 帧 叠加趟
[11:32:22.581] [TRACE] 帧 光标趟
[11:32:22.581] [TRACE] 帧 结束
[11:32:22.588] [TRACE] 帧 公告板
[11:32:22.588] [TRACE] 帧 格网
[11:32:22.588] [TRACE] 帧 开始
[11:32:22.588] [TRACE] 帧 格网趟
[11:32:22.588] [TRACE] 帧 场景趟
[11:32:22.589] [TRACE] 帧 高亮趟
[11:32:22.589] [TRACE] 帧 叠加趟
[11:32:22.589] [TRACE] 帧 光标趟
[11:32:22.589] [TRACE] 帧 结束
[11:32:22.593] [TRACE] 帧 公告板
[11:32:22.594] [TRACE] 帧 格网
[11:32:22.594] [TRACE] 帧 开始
[11:32:22.594] [TRACE] 帧 格网趟
[11:32:22.594] [TRACE] 帧 场景趟
[11:32:22.594] [TRACE] 帧 高亮趟
[11:32:22.594] [TRACE] 帧 叠加趟
[11:32:22.594] [TRACE] 帧 光标趟
[11:32:22.595] [TRACE] 帧 结束
[11:32:22.601] [TRACE] 帧 公告板
[11:32:22.601] [TRACE] 帧 格网
[11:32:22.602] [TRACE] 帧 开始
[11:32:22.602] [TRACE] 帧 格网趟
[11:32:22.602] [TRACE] 帧 场景趟
[11:32:22.602] [TRACE] 帧 高亮趟
[11:32:22.602] [TRACE] 帧 叠加趟
[11:32:22.602] [TRACE] 帧 光标趟
[11:32:22.602] [TRACE] 帧 结束
[11:32:22.608] [TRACE] 帧 公告板
[11:32:22.608] [TRACE] 帧 格网
[11:32:22.608] [TRACE] 帧 开始
[11:32:22.608] [TRACE] 帧 格网趟
[11:32:22.608] [TRACE] 帧 场景趟
[11:32:22.608] [TRACE] 帧 高亮趟
[11:32:22.608] [TRACE] 帧 叠加趟
[11:32:22.608] [TRACE] 帧 光标趟
[11:32:22.609] [TRACE] 帧 结束
[11:32:22.615] [TRACE] 帧 公告板
[11:32:22.615] [TRACE] 帧 格网
[11:32:22.616] [TRACE] 帧 开始
[11:32:22.616] [TRACE] 帧 格网趟
[11:32:22.616] [TRACE] 帧 场景趟
[11:32:22.616] [TRACE] 帧 高亮趟
[11:32:22.616] [TRACE] 帧 叠加趟
[11:32:22.616] [TRACE] 帧 光标趟
[11:32:22.616] [TRACE] 帧 结束
[11:32:22.621] [TRACE] 帧 公告板
[11:32:22.622] [TRACE] 帧 格网
[11:32:22.622] [TRACE] 帧 开始
[11:32:22.622] [TRACE] 帧 格网趟
[11:32:22.622] [TRACE] 帧 场景趟
[11:32:22.622] [TRACE] 帧 高亮趟
[11:32:22.622] [TRACE] 帧 叠加趟
[11:32:22.622] [TRACE] 帧 光标趟
[11:32:22.622] [TRACE] 帧 结束
[11:32:22.628] [TRACE] 帧 公告板
[11:32:22.628] [TRACE] 帧 格网
[11:32:22.629] [TRACE] 帧 开始
[11:32:22.629] [TRACE] 帧 格网趟
[11:32:22.629] [TRACE] 帧 场景趟
[11:32:22.629] [TRACE] 帧 高亮趟
[11:32:22.629] [TRACE] 帧 叠加趟
[11:32:22.629] [TRACE] 帧 光标趟
[11:32:22.629] [TRACE] 帧 结束
[11:32:22.636] [TRACE] 帧 公告板
[11:32:22.636] [TRACE] 帧 格网
[11:32:22.637] [TRACE] 帧 开始
[11:32:22.637] [TRACE] 帧 格网趟
[11:32:22.637] [TRACE] 帧 场景趟
[11:32:22.637] [TRACE] 帧 高亮趟
[11:32:22.637] [TRACE] 帧 叠加趟
[11:32:22.637] [TRACE] 帧 光标趟
[11:32:22.637] [TRACE] 帧 结束
[11:32:22.642] [TRACE] 帧 公告板
[11:32:22.642] [TRACE] 帧 格网
[11:32:22.642] [TRACE] 帧 开始
[11:32:22.642] [TRACE] 帧 格网趟
[11:32:22.643] [TRACE] 帧 场景趟
[11:32:22.643] [TRACE] 帧 高亮趟
[11:32:22.643] [TRACE] 帧 叠加趟
[11:32:22.643] [TRACE] 帧 光标趟
[11:32:22.643] [TRACE] 帧 结束
[11:32:22.650] [TRACE] 帧 公告板
[11:32:22.650] [TRACE] 帧 格网
[11:32:22.650] [TRACE] 帧 开始
[11:32:22.651] [TRACE] 帧 格网趟
[11:32:22.651] [TRACE] 帧 场景趟
[11:32:22.651] [TRACE] 帧 高亮趟
[11:32:22.651] [TRACE] 帧 叠加趟
[11:32:22.651] [TRACE] 帧 光标趟
[11:32:22.651] [TRACE] 帧 结束
[11:32:22.656] [TRACE] 帧 公告板
[11:32:22.657] [TRACE] 帧 格网
[11:32:22.657] [TRACE] 帧 开始
[11:32:22.657] [TRACE] 帧 格网趟
[11:32:22.657] [TRACE] 帧 场景趟
[11:32:22.657] [TRACE] 帧 高亮趟
[11:32:22.657] [TRACE] 帧 叠加趟
[11:32:22.657] [TRACE] 帧 光标趟
[11:32:22.658] [TRACE] 帧 结束
[11:32:22.664] [TRACE] 帧 公告板
[11:32:22.664] [TRACE] 帧 格网
[11:32:22.664] [TRACE] 帧 开始
[11:32:22.664] [TRACE] 帧 格网趟
[11:32:22.664] [TRACE] 帧 场景趟
[11:32:22.664] [TRACE] 帧 高亮趟
[11:32:22.664] [TRACE] 帧 叠加趟
[11:32:22.665] [TRACE] 帧 光标趟
[11:32:22.665] [TRACE] 帧 结束
[11:32:22.671] [TRACE] 帧 公告板
[11:32:22.671] [TRACE] 帧 格网
[11:32:22.672] [TRACE] 帧 开始
[11:32:22.672] [TRACE] 帧 格网趟
[11:32:22.672] [TRACE] 帧 场景趟
[11:32:22.672] [TRACE] 帧 高亮趟
[11:32:22.672] [TRACE] 帧 叠加趟
[11:32:22.672] [TRACE] 帧 光标趟
[11:32:22.672] [TRACE] 帧 结束
[11:32:22.677] [TRACE] 帧 公告板
[11:32:22.677] [TRACE] 帧 格网
[11:32:22.678] [TRACE] 帧 开始
[11:32:22.678] [TRACE] 帧 格网趟
[11:32:22.678] [TRACE] 帧 场景趟
[11:32:22.678] [TRACE] 帧 高亮趟
[11:32:22.678] [TRACE] 帧 叠加趟
[11:32:22.678] [TRACE] 帧 光标趟
[11:32:22.678] [TRACE] 帧 结束
[11:32:22.685] [TRACE] 帧 公告板
[11:32:22.685] [TRACE] 帧 格网
[11:32:22.685] [TRACE] 帧 开始
[11:32:22.685] [TRACE] 帧 格网趟
[11:32:22.685] [TRACE] 帧 场景趟
[11:32:22.685] [TRACE] 帧 高亮趟
[11:32:22.686] [TRACE] 帧 叠加趟
[11:32:22.686] [TRACE] 帧 光标趟
[11:32:22.686] [TRACE] 帧 结束
[11:32:22.691] [TRACE] 帧 公告板
[11:32:22.692] [TRACE] 帧 格网
[11:32:22.692] [TRACE] 帧 开始
[11:32:22.692] [TRACE] 帧 格网趟
[11:32:22.692] [TRACE] 帧 场景趟
[11:32:22.692] [TRACE] 帧 高亮趟
[11:32:22.692] [TRACE] 帧 叠加趟
[11:32:22.693] [TRACE] 帧 光标趟
[11:32:22.693] [TRACE] 帧 结束
[11:32:22.699] [TRACE] 帧 公告板
[11:32:22.699] [TRACE] 帧 格网
[11:32:22.699] [TRACE] 帧 开始
[11:32:22.699] [TRACE] 帧 格网趟
[11:32:22.699] [TRACE] 帧 场景趟
[11:32:22.700] [TRACE] 帧 高亮趟
[11:32:22.700] [TRACE] 帧 叠加趟
[11:32:22.700] [TRACE] 帧 光标趟
[11:32:22.700] [TRACE] 帧 结束
[11:32:22.705] [TRACE] 帧 公告板
[11:32:22.705] [TRACE] 帧 格网
[11:32:22.705] [TRACE] 帧 开始
[11:32:22.706] [TRACE] 帧 格网趟
[11:32:22.706] [TRACE] 帧 场景趟
[11:32:22.706] [TRACE] 帧 高亮趟
[11:32:22.706] [TRACE] 帧 叠加趟
[11:32:22.706] [TRACE] 帧 光标趟
[11:32:22.707] [TRACE] 帧 结束
[11:32:22.712] [TRACE] 帧 公告板
[11:32:22.712] [TRACE] 帧 格网
[11:32:22.712] [TRACE] 帧 开始
[11:32:22.712] [TRACE] 帧 格网趟
[11:32:22.712] [TRACE] 帧 场景趟
[11:32:22.713] [TRACE] 帧 高亮趟
[11:32:22.713] [TRACE] 帧 叠加趟
[11:32:22.713] [TRACE] 帧 光标趟
[11:32:22.713] [TRACE] 帧 结束
[11:32:22.720] [TRACE] 帧 公告板
[11:32:22.720] [TRACE] 帧 格网
[11:32:22.720] [TRACE] 帧 开始
[11:32:22.720] [TRACE] 帧 格网趟
[11:32:22.721] [TRACE] 帧 场景趟
[11:32:22.721] [TRACE] 帧 高亮趟
[11:32:22.721] [TRACE] 帧 叠加趟
[11:32:22.721] [TRACE] 帧 光标趟
[11:32:22.722] [TRACE] 帧 结束
[11:32:22.725] [TRACE] 帧 公告板
[11:32:22.726] [TRACE] 帧 格网
[11:32:22.726] [TRACE] 帧 开始
[11:32:22.726] [TRACE] 帧 格网趟
[11:32:22.726] [TRACE] 帧 场景趟
[11:32:22.726] [TRACE] 帧 高亮趟
[11:32:22.726] [TRACE] 帧 叠加趟
[11:32:22.727] [TRACE] 帧 光标趟
[11:32:22.727] [TRACE] 帧 结束
[11:32:22.734] [TRACE] 帧 公告板
[11:32:22.734] [TRACE] 帧 格网
[11:32:22.734] [TRACE] 帧 开始
[11:32:22.735] [TRACE] 帧 格网趟
[11:32:22.735] [TRACE] 帧 场景趟
[11:32:22.735] [TRACE] 帧 高亮趟
[11:32:22.735] [TRACE] 帧 叠加趟
[11:32:22.735] [TRACE] 帧 光标趟
[11:32:22.735] [TRACE] 帧 结束
[11:32:22.740] [TRACE] 帧 公告板
[11:32:22.740] [TRACE] 帧 格网
[11:32:22.740] [TRACE] 帧 开始
[11:32:22.741] [TRACE] 帧 格网趟
[11:32:22.741] [TRACE] 帧 场景趟
[11:32:22.741] [TRACE] 帧 高亮趟
[11:32:22.741] [TRACE] 帧 叠加趟
[11:32:22.741] [TRACE] 帧 光标趟
[11:32:22.741] [TRACE] 帧 结束
[11:32:22.747] [TRACE] 帧 公告板
[11:32:22.747] [TRACE] 帧 格网
[11:32:22.747] [TRACE] 帧 开始
[11:32:22.747] [TRACE] 帧 格网趟
[11:32:22.747] [TRACE] 帧 场景趟
[11:32:22.747] [TRACE] 帧 高亮趟
[11:32:22.748] [TRACE] 帧 叠加趟
[11:32:22.748] [TRACE] 帧 光标趟
[11:32:22.748] [TRACE] 帧 结束
[11:32:22.755] [TRACE] 帧 公告板
[11:32:22.755] [TRACE] 帧 格网
[11:32:22.756] [TRACE] 帧 开始
[11:32:22.756] [TRACE] 帧 格网趟
[11:32:22.756] [TRACE] 帧 场景趟
[11:32:22.756] [TRACE] 帧 高亮趟
[11:32:22.756] [TRACE] 帧 叠加趟
[11:32:22.756] [TRACE] 帧 光标趟
[11:32:22.756] [TRACE] 帧 结束
[11:32:22.761] [TRACE] 帧 公告板
[11:32:22.762] [TRACE] 帧 格网
[11:32:22.762] [TRACE] 帧 开始
[11:32:22.762] [TRACE] 帧 格网趟
[11:32:22.762] [TRACE] 帧 场景趟
[11:32:22.762] [TRACE] 帧 高亮趟
[11:32:22.762] [TRACE] 帧 叠加趟
[11:32:22.762] [TRACE] 帧 光标趟
[11:32:22.763] [TRACE] 帧 结束
[11:32:22.768] [TRACE] 帧 公告板
[11:32:22.769] [TRACE] 帧 格网
[11:32:22.769] [TRACE] 帧 开始
[11:32:22.769] [TRACE] 帧 格网趟
[11:32:22.769] [TRACE] 帧 场景趟
[11:32:22.769] [TRACE] 帧 高亮趟
[11:32:22.769] [TRACE] 帧 叠加趟
[11:32:22.770] [TRACE] 帧 光标趟
[11:32:22.770] [TRACE] 帧 结束
[11:32:22.775] [TRACE] 帧 公告板
[11:32:22.775] [TRACE] 帧 格网
[11:32:22.775] [TRACE] 帧 开始
[11:32:22.775] [TRACE] 帧 格网趟
[11:32:22.776] [TRACE] 帧 场景趟
[11:32:22.776] [TRACE] 帧 高亮趟
[11:32:22.776] [TRACE] 帧 叠加趟
[11:32:22.776] [TRACE] 帧 光标趟
[11:32:22.776] [TRACE] 帧 结束
[11:32:22.783] [TRACE] 帧 公告板
[11:32:22.783] [TRACE] 帧 格网
[11:32:22.783] [TRACE] 帧 开始
[11:32:22.783] [TRACE] 帧 格网趟
[11:32:22.784] [TRACE] 帧 场景趟
[11:32:22.784] [TRACE] 帧 高亮趟
[11:32:22.784] [TRACE] 帧 叠加趟
[11:32:22.784] [TRACE] 帧 光标趟
[11:32:22.784] [TRACE] 帧 结束
[11:32:22.789] [TRACE] 帧 公告板
[11:32:22.789] [TRACE] 帧 格网
[11:32:22.789] [TRACE] 帧 开始
[11:32:22.789] [TRACE] 帧 格网趟
[11:32:22.790] [TRACE] 帧 场景趟
[11:32:22.790] [TRACE] 帧 高亮趟
[11:32:22.790] [TRACE] 帧 叠加趟
[11:32:22.790] [TRACE] 帧 光标趟
[11:32:22.790] [TRACE] 帧 结束
[11:32:22.795] [TRACE] 帧 公告板
[11:32:22.795] [TRACE] 帧 格网
[11:32:22.796] [TRACE] 帧 开始
[11:32:22.796] [TRACE] 帧 格网趟
[11:32:22.796] [TRACE] 帧 场景趟
[11:32:22.796] [TRACE] 帧 高亮趟
[11:32:22.797] [TRACE] 帧 叠加趟
[11:32:22.797] [TRACE] 帧 光标趟
[11:32:22.797] [TRACE] 帧 结束
[11:32:22.804] [TRACE] 帧 公告板
[11:32:22.804] [TRACE] 帧 格网
[11:32:22.804] [TRACE] 帧 开始
[11:32:22.804] [TRACE] 帧 格网趟
[11:32:22.804] [TRACE] 帧 场景趟
[11:32:22.804] [TRACE] 帧 高亮趟
[11:32:22.804] [TRACE] 帧 叠加趟
[11:32:22.805] [TRACE] 帧 光标趟
[11:32:22.805] [TRACE] 帧 结束
[11:32:22.809] [TRACE] 帧 公告板
[11:32:22.809] [TRACE] 帧 格网
[11:32:22.809] [TRACE] 帧 开始
[11:32:22.810] [TRACE] 帧 格网趟
[11:32:22.810] [TRACE] 帧 场景趟
[11:32:22.810] [TRACE] 帧 高亮趟
[11:32:22.810] [TRACE] 帧 叠加趟
[11:32:22.810] [TRACE] 帧 光标趟
[11:32:22.810] [TRACE] 帧 结束
[11:32:22.817] [TRACE] 帧 公告板
[11:32:22.817] [TRACE] 帧 格网
[11:32:22.817] [TRACE] 帧 开始
[11:32:22.818] [TRACE] 帧 格网趟
[11:32:22.818] [TRACE] 帧 场景趟
[11:32:22.818] [TRACE] 帧 高亮趟
[11:32:22.818] [TRACE] 帧 叠加趟
[11:32:22.818] [TRACE] 帧 光标趟
[11:32:22.818] [TRACE] 帧 结束
[11:32:22.823] [TRACE] 帧 公告板
[11:32:22.823] [TRACE] 帧 格网
[11:32:22.824] [TRACE] 帧 开始
[11:32:22.824] [TRACE] 帧 格网趟
[11:32:22.824] [TRACE] 帧 场景趟
[11:32:22.824] [TRACE] 帧 高亮趟
[11:32:22.824] [TRACE] 帧 叠加趟
[11:32:22.824] [TRACE] 帧 光标趟
[11:32:22.824] [TRACE] 帧 结束
[11:32:22.830] [TRACE] 帧 公告板
[11:32:22.830] [TRACE] 帧 格网
[11:32:22.830] [TRACE] 帧 开始
[11:32:22.830] [TRACE] 帧 格网趟
[11:32:22.830] [TRACE] 帧 场景趟
[11:32:22.831] [TRACE] 帧 高亮趟
[11:32:22.831] [TRACE] 帧 叠加趟
[11:32:22.831] [TRACE] 帧 光标趟
[11:32:22.831] [TRACE] 帧 结束
[11:32:22.837] [TRACE] 帧 公告板
[11:32:22.838] [TRACE] 帧 格网
[11:32:22.838] [TRACE] 帧 开始
[11:32:22.838] [TRACE] 帧 格网趟
[11:32:22.838] [TRACE] 帧 场景趟
[11:32:22.838] [TRACE] 帧 高亮趟
[11:32:22.838] [TRACE] 帧 叠加趟
[11:32:22.839] [TRACE] 帧 光标趟
[11:32:22.839] [TRACE] 帧 结束
[11:32:22.844] [TRACE] 帧 公告板
[11:32:22.844] [TRACE] 帧 格网
[11:32:22.844] [TRACE] 帧 开始
[11:32:22.845] [TRACE] 帧 格网趟
[11:32:22.845] [TRACE] 帧 场景趟
[11:32:22.845] [TRACE] 帧 高亮趟
[11:32:22.845] [TRACE] 帧 叠加趟
[11:32:22.845] [TRACE] 帧 光标趟
[11:32:22.845] [TRACE] 帧 结束
[11:32:22.851] [TRACE] 帧 公告板
[11:32:22.852] [TRACE] 帧 格网
[11:32:22.852] [TRACE] 帧 开始
[11:32:22.852] [TRACE] 帧 格网趟
[11:32:22.852] [TRACE] 帧 场景趟
[11:32:22.852] [TRACE] 帧 高亮趟
[11:32:22.852] [TRACE] 帧 叠加趟
[11:32:22.852] [TRACE] 帧 光标趟
[11:32:22.852] [TRACE] 帧 结束
[11:32:22.858] [TRACE] 帧 公告板
[11:32:22.858] [TRACE] 帧 格网
[11:32:22.858] [TRACE] 帧 开始
[11:32:22.858] [TRACE] 帧 格网趟
[11:32:22.858] [TRACE] 帧 场景趟
[11:32:22.858] [TRACE] 帧 高亮趟
[11:32:22.858] [TRACE] 帧 叠加趟
[11:32:22.859] [TRACE] 帧 光标趟
[11:32:22.859] [TRACE] 帧 结束
[11:32:22.866] [TRACE] 帧 公告板
[11:32:22.866] [TRACE] 帧 格网
[11:32:22.866] [TRACE] 帧 开始
[11:32:22.866] [TRACE] 帧 格网趟
[11:32:22.866] [TRACE] 帧 场景趟
[11:32:22.866] [TRACE] 帧 高亮趟
[11:32:22.867] [TRACE] 帧 叠加趟
[11:32:22.867] [TRACE] 帧 光标趟
[11:32:22.867] [TRACE] 帧 结束
[11:32:22.871] [TRACE] 帧 公告板
[11:32:22.872] [TRACE] 帧 格网
[11:32:22.872] [TRACE] 帧 开始
[11:32:22.872] [TRACE] 帧 格网趟
[11:32:22.872] [TRACE] 帧 场景趟
[11:32:22.872] [TRACE] 帧 高亮趟
[11:32:22.872] [TRACE] 帧 叠加趟
[11:32:22.873] [TRACE] 帧 光标趟
[11:32:22.873] [TRACE] 帧 结束
[11:32:22.879] [TRACE] 帧 公告板
[11:32:22.879] [TRACE] 帧 格网
[11:32:22.879] [TRACE] 帧 开始
[11:32:22.879] [TRACE] 帧 格网趟
[11:32:22.879] [TRACE] 帧 场景趟
[11:32:22.879] [TRACE] 帧 高亮趟
[11:32:22.879] [TRACE] 帧 叠加趟
[11:32:22.879] [TRACE] 帧 光标趟
[11:32:22.880] [TRACE] 帧 结束
[11:32:22.887] [TRACE] 帧 公告板
[11:32:22.887] [TRACE] 帧 格网
[11:32:22.887] [TRACE] 帧 开始
[11:32:22.887] [TRACE] 帧 格网趟
[11:32:22.887] [TRACE] 帧 场景趟
[11:32:22.888] [TRACE] 帧 高亮趟
[11:32:22.888] [TRACE] 帧 叠加趟
[11:32:22.888] [TRACE] 帧 光标趟
[11:32:22.888] [TRACE] 帧 结束
[11:32:22.892] [TRACE] 帧 公告板
[11:32:22.893] [TRACE] 帧 格网
[11:32:22.893] [TRACE] 帧 开始
[11:32:22.893] [TRACE] 帧 格网趟
[11:32:22.893] [TRACE] 帧 场景趟
[11:32:22.893] [TRACE] 帧 高亮趟
[11:32:22.893] [TRACE] 帧 叠加趟
[11:32:22.893] [TRACE] 帧 光标趟
[11:32:22.894] [TRACE] 帧 结束
[11:32:22.900] [TRACE] 帧 公告板
[11:32:22.901] [TRACE] 帧 格网
[11:32:22.901] [TRACE] 帧 开始
[11:32:22.901] [TRACE] 帧 格网趟
[11:32:22.901] [TRACE] 帧 场景趟
[11:32:22.901] [TRACE] 帧 高亮趟
[11:32:22.901] [TRACE] 帧 叠加趟
[11:32:22.901] [TRACE] 帧 光标趟
[11:32:22.901] [TRACE] 帧 结束
[11:32:22.907] [TRACE] 帧 公告板
[11:32:22.907] [TRACE] 帧 格网
[11:32:22.907] [TRACE] 帧 开始
[11:32:22.907] [TRACE] 帧 格网趟
[11:32:22.907] [TRACE] 帧 场景趟
[11:32:22.908] [TRACE] 帧 高亮趟
[11:32:22.908] [TRACE] 帧 叠加趟
[11:32:22.908] [TRACE] 帧 光标趟
[11:32:22.908] [TRACE] 帧 结束
[11:32:22.913] [TRACE] 帧 公告板
[11:32:22.913] [TRACE] 帧 格网
[11:32:22.914] [TRACE] 帧 开始
[11:32:22.914] [TRACE] 帧 格网趟
[11:32:22.914] [TRACE] 帧 场景趟
[11:32:22.914] [TRACE] 帧 高亮趟
[11:32:22.914] [TRACE] 帧 叠加趟
[11:32:22.914] [TRACE] 帧 光标趟
[11:32:22.914] [TRACE] 帧 结束
[11:32:22.921] [TRACE] 帧 公告板
[11:32:22.921] [TRACE] 帧 格网
[11:32:22.922] [TRACE] 帧 开始
[11:32:22.922] [TRACE] 帧 格网趟
[11:32:22.922] [TRACE] 帧 场景趟
[11:32:22.922] [TRACE] 帧 高亮趟
[11:32:22.922] [TRACE] 帧 叠加趟
[11:32:22.922] [TRACE] 帧 光标趟
[11:32:22.923] [TRACE] 帧 结束
[11:32:22.928] [TRACE] 帧 公告板
[11:32:22.928] [TRACE] 帧 格网
[11:32:22.928] [TRACE] 帧 开始
[11:32:22.928] [TRACE] 帧 格网趟
[11:32:22.928] [TRACE] 帧 场景趟
[11:32:22.928] [TRACE] 帧 高亮趟
[11:32:22.929] [TRACE] 帧 叠加趟
[11:32:22.929] [TRACE] 帧 光标趟
[11:32:22.929] [TRACE] 帧 结束
[11:32:22.936] [TRACE] 帧 公告板
[11:32:22.936] [TRACE] 帧 格网
[11:32:22.936] [TRACE] 帧 开始
[11:32:22.936] [TRACE] 帧 格网趟
[11:32:22.936] [TRACE] 帧 场景趟
[11:32:22.937] [TRACE] 帧 高亮趟
[11:32:22.937] [TRACE] 帧 叠加趟
[11:32:22.937] [TRACE] 帧 光标趟
[11:32:22.937] [TRACE] 帧 结束
[11:32:22.942] [TRACE] 帧 公告板
[11:32:22.942] [TRACE] 帧 格网
[11:32:22.942] [TRACE] 帧 开始
[11:32:22.942] [TRACE] 帧 格网趟
[11:32:22.942] [TRACE] 帧 场景趟
[11:32:22.942] [TRACE] 帧 高亮趟
[11:32:22.943] [TRACE] 帧 叠加趟
[11:32:22.943] [TRACE] 帧 光标趟
[11:32:22.943] [TRACE] 帧 结束
[11:32:22.950] [TRACE] 帧 公告板
[11:32:22.950] [TRACE] 帧 格网
[11:32:22.950] [TRACE] 帧 开始
[11:32:22.950] [TRACE] 帧 格网趟
[11:32:22.950] [TRACE] 帧 场景趟
[11:32:22.950] [TRACE] 帧 高亮趟
[11:32:22.951] [TRACE] 帧 叠加趟
[11:32:22.951] [TRACE] 帧 光标趟
[11:32:22.951] [TRACE] 帧 结束
[11:32:22.955] [TRACE] 帧 公告板
[11:32:22.955] [TRACE] 帧 格网
[11:32:22.956] [TRACE] 帧 开始
[11:32:22.956] [TRACE] 帧 格网趟
[11:32:22.956] [TRACE] 帧 场景趟
[11:32:22.956] [TRACE] 帧 高亮趟
[11:32:22.956] [TRACE] 帧 叠加趟
[11:32:22.956] [TRACE] 帧 光标趟
[11:32:22.957] [TRACE] 帧 结束
[11:32:22.962] [TRACE] 帧 公告板
[11:32:22.962] [TRACE] 帧 格网
[11:32:22.963] [TRACE] 帧 开始
[11:32:22.963] [TRACE] 帧 格网趟
[11:32:22.963] [TRACE] 帧 场景趟
[11:32:22.963] [TRACE] 帧 高亮趟
[11:32:22.963] [TRACE] 帧 叠加趟
[11:32:22.963] [TRACE] 帧 光标趟
[11:32:22.964] [TRACE] 帧 结束
[11:32:22.970] [TRACE] 帧 公告板
[11:32:22.971] [TRACE] 帧 格网
[11:32:22.971] [TRACE] 帧 开始
[11:32:22.971] [TRACE] 帧 格网趟
[11:32:22.971] [TRACE] 帧 场景趟
[11:32:22.971] [TRACE] 帧 高亮趟
[11:32:22.971] [TRACE] 帧 叠加趟
[11:32:22.972] [TRACE] 帧 光标趟
[11:32:22.972] [TRACE] 帧 结束
[11:32:22.976] [TRACE] 帧 公告板
[11:32:22.976] [TRACE] 帧 格网
[11:32:22.977] [TRACE] 帧 开始
[11:32:22.977] [TRACE] 帧 格网趟
[11:32:22.977] [TRACE] 帧 场景趟
[11:32:22.977] [TRACE] 帧 高亮趟
[11:32:22.977] [TRACE] 帧 叠加趟
[11:32:22.978] [TRACE] 帧 光标趟
[11:32:22.978] [TRACE] 帧 结束
[11:32:22.984] [TRACE] 帧 公告板
[11:32:22.984] [TRACE] 帧 格网
[11:32:22.985] [TRACE] 帧 开始
[11:32:22.985] [TRACE] 帧 格网趟
[11:32:22.985] [TRACE] 帧 场景趟
[11:32:22.985] [TRACE] 帧 高亮趟
[11:32:22.985] [TRACE] 帧 叠加趟
[11:32:22.985] [TRACE] 帧 光标趟
[11:32:22.985] [TRACE] 帧 结束
[11:32:22.991] [TRACE] 帧 公告板
[11:32:22.991] [TRACE] 帧 格网
[11:32:22.991] [TRACE] 帧 开始
[11:32:22.991] [TRACE] 帧 格网趟
[11:32:22.991] [TRACE] 帧 场景趟
[11:32:22.992] [TRACE] 帧 高亮趟
[11:32:22.992] [TRACE] 帧 叠加趟
[11:32:22.992] [TRACE] 帧 光标趟
[11:32:22.992] [TRACE] 帧 结束
[11:32:22.997] [TRACE] 帧 公告板
[11:32:22.997] [TRACE] 帧 格网
[11:32:22.997] [TRACE] 帧 开始
[11:32:22.998] [TRACE] 帧 格网趟
[11:32:22.998] [TRACE] 帧 场景趟
[11:32:22.998] [TRACE] 帧 高亮趟
[11:32:22.998] [TRACE] 帧 叠加趟
[11:32:22.998] [TRACE] 帧 光标趟
[11:32:22.998] [TRACE] 帧 结束
[11:32:23.005] [TRACE] 帧 公告板
[11:32:23.005] [TRACE] 帧 格网
[11:32:23.005] [TRACE] 帧 开始
[11:32:23.006] [TRACE] 帧 格网趟
[11:32:23.006] [TRACE] 帧 场景趟
[11:32:23.006] [TRACE] 帧 高亮趟
[11:32:23.006] [TRACE] 帧 叠加趟
[11:32:23.006] [TRACE] 帧 光标趟
[11:32:23.007] [TRACE] 帧 结束
[11:32:23.011] [TRACE] 帧 公告板
[11:32:23.011] [TRACE] 帧 格网
[11:32:23.012] [TRACE] 帧 开始
[11:32:23.012] [TRACE] 帧 格网趟
[11:32:23.012] [TRACE] 帧 场景趟
[11:32:23.012] [TRACE] 帧 高亮趟
[11:32:23.012] [TRACE] 帧 叠加趟
[11:32:23.012] [TRACE] 帧 光标趟
[11:32:23.012] [TRACE] 帧 结束
[11:32:23.019] [TRACE] 帧 公告板
[11:32:23.019] [TRACE] 帧 格网
[11:32:23.020] [TRACE] 帧 开始
[11:32:23.020] [TRACE] 帧 格网趟
[11:32:23.020] [TRACE] 帧 场景趟
[11:32:23.020] [TRACE] 帧 高亮趟
[11:32:23.020] [TRACE] 帧 叠加趟
[11:32:23.020] [TRACE] 帧 光标趟
[11:32:23.021] [TRACE] 帧 结束
[11:32:23.025] [TRACE] 帧 公告板
[11:32:23.025] [TRACE] 帧 格网
[11:32:23.025] [TRACE] 帧 开始
[11:32:23.026] [TRACE] 帧 格网趟
[11:32:23.026] [TRACE] 帧 场景趟
[11:32:23.026] [TRACE] 帧 高亮趟
[11:32:23.026] [TRACE] 帧 叠加趟
[11:32:23.026] [TRACE] 帧 光标趟
[11:32:23.026] [TRACE] 帧 结束
[11:32:23.033] [TRACE] 帧 公告板
[11:32:23.033] [TRACE] 帧 格网
[11:32:23.033] [TRACE] 帧 开始
[11:32:23.033] [TRACE] 帧 格网趟
[11:32:23.034] [TRACE] 帧 场景趟
[11:32:23.034] [TRACE] 帧 高亮趟
[11:32:23.034] [TRACE] 帧 叠加趟
[11:32:23.034] [TRACE] 帧 光标趟
[11:32:23.034] [TRACE] 帧 结束
[11:32:23.039] [TRACE] 帧 公告板
[11:32:23.039] [TRACE] 帧 格网
[11:32:23.039] [TRACE] 帧 开始
[11:32:23.039] [TRACE] 帧 格网趟
[11:32:23.039] [TRACE] 帧 场景趟
[11:32:23.039] [TRACE] 帧 高亮趟
[11:32:23.040] [TRACE] 帧 叠加趟
[11:32:23.040] [TRACE] 帧 光标趟
[11:32:23.040] [TRACE] 帧 结束
[11:32:23.046] [TRACE] 帧 公告板
[11:32:23.046] [TRACE] 帧 格网
[11:32:23.046] [TRACE] 帧 开始
[11:32:23.046] [TRACE] 帧 格网趟
[11:32:23.047] [TRACE] 帧 场景趟
[11:32:23.047] [TRACE] 帧 高亮趟
[11:32:23.047] [TRACE] 帧 叠加趟
[11:32:23.047] [TRACE] 帧 光标趟
[11:32:23.047] [TRACE] 帧 结束
[11:32:23.054] [TRACE] 帧 公告板
[11:32:23.054] [TRACE] 帧 格网
[11:32:23.054] [TRACE] 帧 开始
[11:32:23.054] [TRACE] 帧 格网趟
[11:32:23.054] [TRACE] 帧 场景趟
[11:32:23.055] [TRACE] 帧 高亮趟
[11:32:23.055] [TRACE] 帧 叠加趟
[11:32:23.055] [TRACE] 帧 光标趟
[11:32:23.055] [TRACE] 帧 结束
[11:32:23.059] [TRACE] 帧 公告板
[11:32:23.060] [TRACE] 帧 格网
[11:32:23.060] [TRACE] 帧 开始
[11:32:23.060] [TRACE] 帧 格网趟
[11:32:23.060] [TRACE] 帧 场景趟
[11:32:23.060] [TRACE] 帧 高亮趟
[11:32:23.060] [TRACE] 帧 叠加趟
[11:32:23.061] [TRACE] 帧 光标趟
[11:32:23.061] [TRACE] 帧 结束
[11:32:23.068] [TRACE] 帧 公告板
[11:32:23.068] [TRACE] 帧 格网
[11:32:23.068] [TRACE] 帧 开始
[11:32:23.068] [TRACE] 帧 格网趟
[11:32:23.069] [TRACE] 帧 场景趟
[11:32:23.069] [TRACE] 帧 高亮趟
[11:32:23.069] [TRACE] 帧 叠加趟
[11:32:23.069] [TRACE] 帧 光标趟
[11:32:23.069] [TRACE] 帧 结束
[11:32:23.074] [TRACE] 帧 公告板
[11:32:23.074] [TRACE] 帧 格网
[11:32:23.074] [TRACE] 帧 开始
[11:32:23.074] [TRACE] 帧 格网趟
[11:32:23.074] [TRACE] 帧 场景趟
[11:32:23.074] [TRACE] 帧 高亮趟
[11:32:23.075] [TRACE] 帧 叠加趟
[11:32:23.075] [TRACE] 帧 光标趟
[11:32:23.075] [TRACE] 帧 结束
[11:32:23.080] [TRACE] 帧 公告板
[11:32:23.081] [TRACE] 帧 格网
[11:32:23.081] [TRACE] 帧 开始
[11:32:23.081] [TRACE] 帧 格网趟
[11:32:23.082] [TRACE] 帧 场景趟
[11:32:23.082] [TRACE] 帧 高亮趟
[11:32:23.082] [TRACE] 帧 叠加趟
[11:32:23.082] [TRACE] 帧 光标趟
[11:32:23.082] [TRACE] 帧 结束
[11:32:23.089] [TRACE] 帧 公告板
[11:32:23.089] [TRACE] 帧 格网
[11:32:23.089] [TRACE] 帧 开始
[11:32:23.089] [TRACE] 帧 格网趟
[11:32:23.090] [TRACE] 帧 场景趟
[11:32:23.090] [TRACE] 帧 高亮趟
[11:32:23.090] [TRACE] 帧 叠加趟
[11:32:23.090] [TRACE] 帧 光标趟
[11:32:23.090] [TRACE] 帧 结束
[11:32:23.095] [TRACE] 帧 公告板
[11:32:23.095] [TRACE] 帧 格网
[11:32:23.095] [TRACE] 帧 开始
[11:32:23.096] [TRACE] 帧 格网趟
[11:32:23.096] [TRACE] 帧 场景趟
[11:32:23.096] [TRACE] 帧 高亮趟
[11:32:23.096] [TRACE] 帧 叠加趟
[11:32:23.097] [TRACE] 帧 光标趟
[11:32:23.097] [TRACE] 帧 结束
[11:32:23.103] [TRACE] 帧 公告板
[11:32:23.103] [TRACE] 帧 格网
[11:32:23.103] [TRACE] 帧 开始
[11:32:23.104] [TRACE] 帧 格网趟
[11:32:23.104] [TRACE] 帧 场景趟
[11:32:23.104] [TRACE] 帧 高亮趟
[11:32:23.104] [TRACE] 帧 叠加趟
[11:32:23.105] [TRACE] 帧 光标趟
[11:32:23.105] [TRACE] 帧 结束
[11:32:23.109] [TRACE] 帧 公告板
[11:32:23.109] [TRACE] 帧 格网
[11:32:23.109] [TRACE] 帧 开始
[11:32:23.109] [TRACE] 帧 格网趟
[11:32:23.110] [TRACE] 帧 场景趟
[11:32:23.110] [TRACE] 帧 高亮趟
[11:32:23.110] [TRACE] 帧 叠加趟
[11:32:23.110] [TRACE] 帧 光标趟
[11:32:23.110] [TRACE] 帧 结束
[11:32:23.116] [TRACE] 帧 公告板
[11:32:23.117] [TRACE] 帧 格网
[11:32:23.117] [TRACE] 帧 开始
[11:32:23.117] [TRACE] 帧 格网趟
[11:32:23.117] [TRACE] 帧 场景趟
[11:32:23.118] [TRACE] 帧 高亮趟
[11:32:23.118] [TRACE] 帧 叠加趟
[11:32:23.118] [TRACE] 帧 光标趟
[11:32:23.118] [TRACE] 帧 结束
[11:32:23.122] [TRACE] 帧 公告板
[11:32:23.122] [TRACE] 帧 格网
[11:32:23.123] [TRACE] 帧 开始
[11:32:23.123] [TRACE] 帧 格网趟
[11:32:23.123] [TRACE] 帧 场景趟
[11:32:23.123] [TRACE] 帧 高亮趟
[11:32:23.123] [TRACE] 帧 叠加趟
[11:32:23.124] [TRACE] 帧 光标趟
[11:32:23.124] [TRACE] 帧 结束
[11:32:23.129] [TRACE] 帧 公告板
[11:32:23.129] [TRACE] 帧 格网
[11:32:23.129] [TRACE] 帧 开始
[11:32:23.130] [TRACE] 帧 格网趟
[11:32:23.130] [TRACE] 帧 场景趟
[11:32:23.130] [TRACE] 帧 高亮趟
[11:32:23.130] [TRACE] 帧 叠加趟
[11:32:23.130] [TRACE] 帧 光标趟
[11:32:23.130] [TRACE] 帧 结束
[11:32:23.137] [TRACE] 帧 公告板
[11:32:23.137] [TRACE] 帧 格网
[11:32:23.138] [TRACE] 帧 开始
[11:32:23.138] [TRACE] 帧 格网趟
[11:32:23.138] [TRACE] 帧 场景趟
[11:32:23.138] [TRACE] 帧 高亮趟
[11:32:23.139] [TRACE] 帧 叠加趟
[11:32:23.139] [TRACE] 帧 光标趟
[11:32:23.139] [TRACE] 帧 结束
[11:32:23.143] [TRACE] 帧 公告板
[11:32:23.143] [TRACE] 帧 格网
[11:32:23.143] [TRACE] 帧 开始
[11:32:23.143] [TRACE] 帧 格网趟
[11:32:23.143] [TRACE] 帧 场景趟
[11:32:23.143] [TRACE] 帧 高亮趟
[11:32:23.144] [TRACE] 帧 叠加趟
[11:32:23.144] [TRACE] 帧 光标趟
[11:32:23.144] [TRACE] 帧 结束
[11:32:23.151] [TRACE] 帧 公告板
[11:32:23.151] [TRACE] 帧 格网
[11:32:23.151] [TRACE] 帧 开始
[11:32:23.152] [TRACE] 帧 格网趟
[11:32:23.152] [TRACE] 帧 场景趟
[11:32:23.152] [TRACE] 帧 高亮趟
[11:32:23.152] [TRACE] 帧 叠加趟
[11:32:23.153] [TRACE] 帧 光标趟
[11:32:23.153] [TRACE] 帧 结束
[11:32:23.157] [TRACE] 帧 公告板
[11:32:23.157] [TRACE] 帧 格网
[11:32:23.157] [TRACE] 帧 开始
[11:32:23.158] [TRACE] 帧 格网趟
[11:32:23.158] [TRACE] 帧 场景趟
[11:32:23.158] [TRACE] 帧 高亮趟
[11:32:23.158] [TRACE] 帧 叠加趟
[11:32:23.159] [TRACE] 帧 光标趟
[11:32:23.159] [TRACE] 帧 结束
[11:32:23.164] [TRACE] 帧 公告板
[11:32:23.164] [TRACE] 帧 格网
[11:32:23.164] [TRACE] 帧 开始
[11:32:23.165] [TRACE] 帧 格网趟
[11:32:23.165] [TRACE] 帧 场景趟
[11:32:23.165] [TRACE] 帧 高亮趟
[11:32:23.165] [TRACE] 帧 叠加趟
[11:32:23.166] [TRACE] 帧 光标趟
[11:32:23.166] [TRACE] 帧 结束
[11:32:23.172] [TRACE] 帧 公告板
[11:32:23.172] [TRACE] 帧 格网
[11:32:23.172] [TRACE] 帧 开始
[11:32:23.172] [TRACE] 帧 格网趟
[11:32:23.173] [TRACE] 帧 场景趟
[11:32:23.173] [TRACE] 帧 高亮趟
[11:32:23.173] [TRACE] 帧 叠加趟
[11:32:23.173] [TRACE] 帧 光标趟
[11:32:23.174] [TRACE] 帧 结束
[11:32:23.178] [TRACE] 帧 公告板
[11:32:23.178] [TRACE] 帧 格网
[11:32:23.178] [TRACE] 帧 开始
[11:32:23.179] [TRACE] 帧 格网趟
[11:32:23.179] [TRACE] 帧 场景趟
[11:32:23.179] [TRACE] 帧 高亮趟
[11:32:23.179] [TRACE] 帧 叠加趟
[11:32:23.179] [TRACE] 帧 光标趟
[11:32:23.179] [TRACE] 帧 结束
[11:32:23.185] [TRACE] 帧 公告板
[11:32:23.186] [TRACE] 帧 格网
[11:32:23.186] [TRACE] 帧 开始
[11:32:23.186] [TRACE] 帧 格网趟
[11:32:23.186] [TRACE] 帧 场景趟
[11:32:23.186] [TRACE] 帧 高亮趟
[11:32:23.186] [TRACE] 帧 叠加趟
[11:32:23.186] [TRACE] 帧 光标趟
[11:32:23.187] [TRACE] 帧 结束
[11:32:23.192] [TRACE] 帧 公告板
[11:32:23.192] [TRACE] 帧 格网
[11:32:23.192] [TRACE] 帧 开始
[11:32:23.192] [TRACE] 帧 格网趟
[11:32:23.192] [TRACE] 帧 场景趟
[11:32:23.192] [TRACE] 帧 高亮趟
[11:32:23.192] [TRACE] 帧 叠加趟
[11:32:23.192] [TRACE] 帧 光标趟
[11:32:23.193] [TRACE] 帧 结束
[11:32:23.199] [TRACE] 帧 公告板
[11:32:23.200] [TRACE] 帧 格网
[11:32:23.200] [TRACE] 帧 开始
[11:32:23.200] [TRACE] 帧 格网趟
[11:32:23.200] [TRACE] 帧 场景趟
[11:32:23.200] [TRACE] 帧 高亮趟
[11:32:23.200] [TRACE] 帧 叠加趟
[11:32:23.200] [TRACE] 帧 光标趟
[11:32:23.200] [TRACE] 帧 结束
[11:32:23.205] [TRACE] 帧 公告板
[11:32:23.205] [TRACE] 帧 格网
[11:32:23.206] [TRACE] 帧 开始
[11:32:23.206] [TRACE] 帧 格网趟
[11:32:23.206] [TRACE] 帧 场景趟
[11:32:23.206] [TRACE] 帧 高亮趟
[11:32:23.206] [TRACE] 帧 叠加趟
[11:32:23.206] [TRACE] 帧 光标趟
[11:32:23.206] [TRACE] 帧 结束
[11:32:23.212] [TRACE] 帧 公告板
[11:32:23.212] [TRACE] 帧 格网
[11:32:23.212] [TRACE] 帧 开始
[11:32:23.212] [TRACE] 帧 格网趟
[11:32:23.213] [TRACE] 帧 场景趟
[11:32:23.213] [TRACE] 帧 高亮趟
[11:32:23.213] [TRACE] 帧 叠加趟
[11:32:23.213] [TRACE] 帧 光标趟
[11:32:23.213] [TRACE] 帧 结束
[11:32:23.220] [TRACE] 帧 公告板
[11:32:23.220] [TRACE] 帧 格网
[11:32:23.221] [TRACE] 帧 开始
[11:32:23.221] [TRACE] 帧 格网趟
[11:32:23.221] [TRACE] 帧 场景趟
[11:32:23.221] [TRACE] 帧 高亮趟
[11:32:23.221] [TRACE] 帧 叠加趟
[11:32:23.222] [TRACE] 帧 光标趟
[11:32:23.222] [TRACE] 帧 结束
[11:32:23.226] [TRACE] 帧 公告板
[11:32:23.226] [TRACE] 帧 格网
[11:32:23.226] [TRACE] 帧 开始
[11:32:23.227] [TRACE] 帧 格网趟
[11:32:23.227] [TRACE] 帧 场景趟
[11:32:23.227] [TRACE] 帧 高亮趟
[11:32:23.227] [TRACE] 帧 叠加趟
[11:32:23.227] [TRACE] 帧 光标趟
[11:32:23.227] [TRACE] 帧 结束
[11:32:23.234] [TRACE] 帧 公告板
[11:32:23.234] [TRACE] 帧 格网
[11:32:23.235] [TRACE] 帧 开始
[11:32:23.235] [TRACE] 帧 格网趟
[11:32:23.235] [TRACE] 帧 场景趟
[11:32:23.235] [TRACE] 帧 高亮趟
[11:32:23.235] [TRACE] 帧 叠加趟
[11:32:23.235] [TRACE] 帧 光标趟
[11:32:23.235] [TRACE] 帧 结束
[11:32:23.240] [TRACE] 帧 公告板
[11:32:23.240] [TRACE] 帧 格网
[11:32:23.240] [TRACE] 帧 开始
[11:32:23.240] [TRACE] 帧 格网趟
[11:32:23.240] [TRACE] 帧 场景趟
[11:32:23.241] [TRACE] 帧 高亮趟
[11:32:23.241] [TRACE] 帧 叠加趟
[11:32:23.241] [TRACE] 帧 光标趟
[11:32:23.241] [TRACE] 帧 结束
[11:32:23.247] [TRACE] 帧 公告板
[11:32:23.247] [TRACE] 帧 格网
[11:32:23.247] [TRACE] 帧 开始
[11:32:23.248] [TRACE] 帧 格网趟
[11:32:23.248] [TRACE] 帧 场景趟
[11:32:23.248] [TRACE] 帧 高亮趟
[11:32:23.248] [TRACE] 帧 叠加趟
[11:32:23.248] [TRACE] 帧 光标趟
[11:32:23.248] [TRACE] 帧 结束
[11:32:23.255] [TRACE] 帧 公告板
[11:32:23.255] [TRACE] 帧 格网
[11:32:23.255] [TRACE] 帧 开始
[11:32:23.255] [TRACE] 帧 格网趟
[11:32:23.255] [TRACE] 帧 场景趟
[11:32:23.256] [TRACE] 帧 高亮趟
[11:32:23.256] [TRACE] 帧 叠加趟
[11:32:23.256] [TRACE] 帧 光标趟
[11:32:23.256] [TRACE] 帧 结束
[11:32:23.261] [TRACE] 帧 公告板
[11:32:23.261] [TRACE] 帧 格网
[11:32:23.261] [TRACE] 帧 开始
[11:32:23.262] [TRACE] 帧 格网趟
[11:32:23.262] [TRACE] 帧 场景趟
[11:32:23.262] [TRACE] 帧 高亮趟
[11:32:23.262] [TRACE] 帧 叠加趟
[11:32:23.262] [TRACE] 帧 光标趟
[11:32:23.262] [TRACE] 帧 结束
[11:32:23.268] [TRACE] 帧 公告板
[11:32:23.269] [TRACE] 帧 格网
[11:32:23.269] [TRACE] 帧 开始
[11:32:23.269] [TRACE] 帧 格网趟
[11:32:23.269] [TRACE] 帧 场景趟
[11:32:23.269] [TRACE] 帧 高亮趟
[11:32:23.269] [TRACE] 帧 叠加趟
[11:32:23.269] [TRACE] 帧 光标趟
[11:32:23.270] [TRACE] 帧 结束
[11:32:23.275] [TRACE] 帧 公告板
[11:32:23.275] [TRACE] 帧 格网
[11:32:23.275] [TRACE] 帧 开始
[11:32:23.276] [TRACE] 帧 格网趟
[11:32:23.276] [TRACE] 帧 场景趟
[11:32:23.276] [TRACE] 帧 高亮趟
[11:32:23.276] [TRACE] 帧 叠加趟
[11:32:23.276] [TRACE] 帧 光标趟
[11:32:23.276] [TRACE] 帧 结束
[11:32:23.282] [TRACE] 帧 公告板
[11:32:23.283] [TRACE] 帧 格网
[11:32:23.283] [TRACE] 帧 开始
[11:32:23.283] [TRACE] 帧 格网趟
[11:32:23.283] [TRACE] 帧 场景趟
[11:32:23.283] [TRACE] 帧 高亮趟
[11:32:23.283] [TRACE] 帧 叠加趟
[11:32:23.283] [TRACE] 帧 光标趟
[11:32:23.283] [TRACE] 帧 结束
[11:32:23.289] [TRACE] 帧 公告板
[11:32:23.289] [TRACE] 帧 格网
[11:32:23.289] [TRACE] 帧 开始
[11:32:23.289] [TRACE] 帧 格网趟
[11:32:23.289] [TRACE] 帧 场景趟
[11:32:23.289] [TRACE] 帧 高亮趟
[11:32:23.289] [TRACE] 帧 叠加趟
[11:32:23.290] [TRACE] 帧 光标趟
[11:32:23.290] [TRACE] 帧 结束
[11:32:23.295] [TRACE] 帧 公告板
[11:32:23.296] [TRACE] 帧 格网
[11:32:23.296] [TRACE] 帧 开始
[11:32:23.296] [TRACE] 帧 格网趟
[11:32:23.296] [TRACE] 帧 场景趟
[11:32:23.296] [TRACE] 帧 高亮趟
[11:32:23.296] [TRACE] 帧 叠加趟
[11:32:23.297] [TRACE] 帧 光标趟
[11:32:23.297] [TRACE] 帧 结束
[11:32:23.304] [TRACE] 帧 公告板
[11:32:23.304] [TRACE] 帧 格网
[11:32:23.304] [TRACE] 帧 开始
[11:32:23.304] [TRACE] 帧 格网趟
[11:32:23.304] [TRACE] 帧 场景趟
[11:32:23.305] [TRACE] 帧 高亮趟
[11:32:23.305] [TRACE] 帧 叠加趟
[11:32:23.305] [TRACE] 帧 光标趟
[11:32:23.305] [TRACE] 帧 结束
[11:32:23.309] [TRACE] 帧 公告板
[11:32:23.309] [TRACE] 帧 格网
[11:32:23.310] [TRACE] 帧 开始
[11:32:23.310] [TRACE] 帧 格网趟
[11:32:23.310] [TRACE] 帧 场景趟
[11:32:23.310] [TRACE] 帧 高亮趟
[11:32:23.310] [TRACE] 帧 叠加趟
[11:32:23.310] [TRACE] 帧 光标趟
[11:32:23.310] [TRACE] 帧 结束
[11:32:23.317] [TRACE] 帧 公告板
[11:32:23.318] [TRACE] 帧 格网
[11:32:23.318] [TRACE] 帧 开始
[11:32:23.318] [TRACE] 帧 格网趟
[11:32:23.318] [TRACE] 帧 场景趟
[11:32:23.319] [TRACE] 帧 高亮趟
[11:32:23.319] [TRACE] 帧 叠加趟
[11:32:23.319] [TRACE] 帧 光标趟
[11:32:23.319] [TRACE] 帧 结束
[11:32:23.324] [TRACE] 帧 公告板
[11:32:23.324] [TRACE] 帧 格网
[11:32:23.324] [TRACE] 帧 开始
[11:32:23.324] [TRACE] 帧 格网趟
[11:32:23.324] [TRACE] 帧 场景趟
[11:32:23.324] [TRACE] 帧 高亮趟
[11:32:23.324] [TRACE] 帧 叠加趟
[11:32:23.324] [TRACE] 帧 光标趟
[11:32:23.324] [TRACE] 帧 结束
[11:32:23.331] [TRACE] 帧 公告板
[11:32:23.331] [TRACE] 帧 格网
[11:32:23.331] [TRACE] 帧 开始
[11:32:23.332] [TRACE] 帧 格网趟
[11:32:23.332] [TRACE] 帧 场景趟
[11:32:23.332] [TRACE] 帧 高亮趟
[11:32:23.332] [TRACE] 帧 叠加趟
[11:32:23.332] [TRACE] 帧 光标趟
[11:32:23.332] [TRACE] 帧 结束
[11:32:23.337] [TRACE] 帧 公告板
[11:32:23.337] [TRACE] 帧 格网
[11:32:23.338] [TRACE] 帧 开始
[11:32:23.338] [TRACE] 帧 格网趟
[11:32:23.338] [TRACE] 帧 场景趟
[11:32:23.338] [TRACE] 帧 高亮趟
[11:32:23.338] [TRACE] 帧 叠加趟
[11:32:23.338] [TRACE] 帧 光标趟
[11:32:23.338] [TRACE] 帧 结束
[11:32:23.344] [TRACE] 帧 公告板
[11:32:23.345] [TRACE] 帧 格网
[11:32:23.345] [TRACE] 帧 开始
[11:32:23.345] [TRACE] 帧 格网趟
[11:32:23.345] [TRACE] 帧 场景趟
[11:32:23.345] [TRACE] 帧 高亮趟
[11:32:23.345] [TRACE] 帧 叠加趟
[11:32:23.346] [TRACE] 帧 光标趟
[11:32:23.346] [TRACE] 帧 结束
[11:32:23.352] [TRACE] 帧 公告板
[11:32:23.352] [TRACE] 帧 格网
[11:32:23.352] [TRACE] 帧 开始
[11:32:23.352] [TRACE] 帧 格网趟
[11:32:23.352] [TRACE] 帧 场景趟
[11:32:23.353] [TRACE] 帧 高亮趟
[11:32:23.353] [TRACE] 帧 叠加趟
[11:32:23.353] [TRACE] 帧 光标趟
[11:32:23.353] [TRACE] 帧 结束
[11:32:23.358] [TRACE] 帧 公告板
[11:32:23.358] [TRACE] 帧 格网
[11:32:23.359] [TRACE] 帧 开始
[11:32:23.359] [TRACE] 帧 格网趟
[11:32:23.359] [TRACE] 帧 场景趟
[11:32:23.359] [TRACE] 帧 高亮趟
[11:32:23.359] [TRACE] 帧 叠加趟
[11:32:23.359] [TRACE] 帧 光标趟
[11:32:23.359] [TRACE] 帧 结束
[11:32:23.366] [TRACE] 帧 公告板
[11:32:23.366] [TRACE] 帧 格网
[11:32:23.366] [TRACE] 帧 开始
[11:32:23.367] [TRACE] 帧 格网趟
[11:32:23.367] [TRACE] 帧 场景趟
[11:32:23.367] [TRACE] 帧 高亮趟
[11:32:23.367] [TRACE] 帧 叠加趟
[11:32:23.367] [TRACE] 帧 光标趟
[11:32:23.367] [TRACE] 帧 结束
[11:32:23.372] [TRACE] 帧 公告板
[11:32:23.372] [TRACE] 帧 格网
[11:32:23.372] [TRACE] 帧 开始
[11:32:23.372] [TRACE] 帧 格网趟
[11:32:23.372] [TRACE] 帧 场景趟
[11:32:23.373] [TRACE] 帧 高亮趟
[11:32:23.373] [TRACE] 帧 叠加趟
[11:32:23.373] [TRACE] 帧 光标趟
[11:32:23.373] [TRACE] 帧 结束
[11:32:23.379] [TRACE] 帧 公告板
[11:32:23.380] [TRACE] 帧 格网
[11:32:23.380] [TRACE] 帧 开始
[11:32:23.380] [TRACE] 帧 格网趟
[11:32:23.380] [TRACE] 帧 场景趟
[11:32:23.380] [TRACE] 帧 高亮趟
[11:32:23.380] [TRACE] 帧 叠加趟
[11:32:23.380] [TRACE] 帧 光标趟
[11:32:23.381] [TRACE] 帧 结束
[11:32:23.387] [TRACE] 帧 公告板
[11:32:23.387] [TRACE] 帧 格网
[11:32:23.388] [TRACE] 帧 开始
[11:32:23.388] [TRACE] 帧 格网趟
[11:32:23.388] [TRACE] 帧 场景趟
[11:32:23.388] [TRACE] 帧 高亮趟
[11:32:23.388] [TRACE] 帧 叠加趟
[11:32:23.388] [TRACE] 帧 光标趟
[11:32:23.388] [TRACE] 帧 结束
[11:32:23.393] [TRACE] 帧 公告板
[11:32:23.393] [TRACE] 帧 格网
[11:32:23.393] [TRACE] 帧 开始
[11:32:23.393] [TRACE] 帧 格网趟
[11:32:23.394] [TRACE] 帧 场景趟
[11:32:23.394] [TRACE] 帧 高亮趟
[11:32:23.394] [TRACE] 帧 叠加趟
[11:32:23.394] [TRACE] 帧 光标趟
[11:32:23.394] [TRACE] 帧 结束
[11:32:23.401] [TRACE] 帧 公告板
[11:32:23.401] [TRACE] 帧 格网
[11:32:23.401] [TRACE] 帧 开始
[11:32:23.401] [TRACE] 帧 格网趟
[11:32:23.402] [TRACE] 帧 场景趟
[11:32:23.402] [TRACE] 帧 高亮趟
[11:32:23.402] [TRACE] 帧 叠加趟
[11:32:23.402] [TRACE] 帧 光标趟
[11:32:23.402] [TRACE] 帧 结束
[11:32:23.407] [TRACE] 帧 公告板
[11:32:23.407] [TRACE] 帧 格网
[11:32:23.407] [TRACE] 帧 开始
[11:32:23.407] [TRACE] 帧 格网趟
[11:32:23.407] [TRACE] 帧 场景趟
[11:32:23.407] [TRACE] 帧 高亮趟
[11:32:23.408] [TRACE] 帧 叠加趟
[11:32:23.408] [TRACE] 帧 光标趟
[11:32:23.408] [TRACE] 帧 结束
[11:32:23.415] [TRACE] 帧 公告板
[11:32:23.415] [TRACE] 帧 格网
[11:32:23.415] [TRACE] 帧 开始
[11:32:23.415] [TRACE] 帧 格网趟
[11:32:23.415] [TRACE] 帧 场景趟
[11:32:23.415] [TRACE] 帧 高亮趟
[11:32:23.416] [TRACE] 帧 叠加趟
[11:32:23.416] [TRACE] 帧 光标趟
[11:32:23.416] [TRACE] 帧 结束
[11:32:23.420] [TRACE] 帧 公告板
[11:32:23.421] [TRACE] 帧 格网
[11:32:23.421] [TRACE] 帧 开始
[11:32:23.421] [TRACE] 帧 格网趟
[11:32:23.421] [TRACE] 帧 场景趟
[11:32:23.421] [TRACE] 帧 高亮趟
[11:32:23.421] [TRACE] 帧 叠加趟
[11:32:23.421] [TRACE] 帧 光标趟
[11:32:23.422] [TRACE] 帧 结束
[11:32:23.428] [TRACE] 帧 公告板
[11:32:23.428] [TRACE] 帧 格网
[11:32:23.428] [TRACE] 帧 开始
[11:32:23.428] [TRACE] 帧 格网趟
[11:32:23.429] [TRACE] 帧 场景趟
[11:32:23.429] [TRACE] 帧 高亮趟
[11:32:23.429] [TRACE] 帧 叠加趟
[11:32:23.429] [TRACE] 帧 光标趟
[11:32:23.429] [TRACE] 帧 结束
[11:32:23.435] [TRACE] 帧 公告板
[11:32:23.435] [TRACE] 帧 格网
[11:32:23.436] [TRACE] 帧 开始
[11:32:23.436] [TRACE] 帧 格网趟
[11:32:23.436] [TRACE] 帧 场景趟
[11:32:23.436] [TRACE] 帧 高亮趟
[11:32:23.436] [TRACE] 帧 叠加趟
[11:32:23.436] [TRACE] 帧 光标趟
[11:32:23.436] [TRACE] 帧 结束
[11:32:23.442] [TRACE] 帧 公告板
[11:32:23.442] [TRACE] 帧 格网
[11:32:23.442] [TRACE] 帧 开始
[11:32:23.443] [TRACE] 帧 格网趟
[11:32:23.443] [TRACE] 帧 场景趟
[11:32:23.443] [TRACE] 帧 高亮趟
[11:32:23.443] [TRACE] 帧 叠加趟
[11:32:23.443] [TRACE] 帧 光标趟
[11:32:23.443] [TRACE] 帧 结束
[11:32:23.449] [TRACE] 帧 公告板
[11:32:23.450] [TRACE] 帧 格网
[11:32:23.450] [TRACE] 帧 开始
[11:32:23.450] [TRACE] 帧 格网趟
[11:32:23.450] [TRACE] 帧 场景趟
[11:32:23.450] [TRACE] 帧 高亮趟
[11:32:23.450] [TRACE] 帧 叠加趟
[11:32:23.450] [TRACE] 帧 光标趟
[11:32:23.451] [TRACE] 帧 结束
[11:32:23.455] [TRACE] 帧 公告板
[11:32:23.455] [TRACE] 帧 格网
[11:32:23.456] [TRACE] 帧 开始
[11:32:23.456] [TRACE] 帧 格网趟
[11:32:23.456] [TRACE] 帧 场景趟
[11:32:23.457] [TRACE] 帧 高亮趟
[11:32:23.457] [TRACE] 帧 叠加趟
[11:32:23.457] [TRACE] 帧 光标趟
[11:32:23.457] [TRACE] 帧 结束
[11:32:23.463] [TRACE] 帧 公告板
[11:32:23.463] [TRACE] 帧 格网
[11:32:23.463] [TRACE] 帧 开始
[11:32:23.463] [TRACE] 帧 格网趟
[11:32:23.463] [TRACE] 帧 场景趟
[11:32:23.463] [TRACE] 帧 高亮趟
[11:32:23.463] [TRACE] 帧 叠加趟
[11:32:23.463] [TRACE] 帧 光标趟
[11:32:23.464] [TRACE] 帧 结束
[11:32:23.470] [TRACE] 帧 公告板
[11:32:23.471] [TRACE] 帧 格网
[11:32:23.471] [TRACE] 帧 开始
[11:32:23.471] [TRACE] 帧 格网趟
[11:32:23.471] [TRACE] 帧 场景趟
[11:32:23.471] [TRACE] 帧 高亮趟
[11:32:23.471] [TRACE] 帧 叠加趟
[11:32:23.472] [TRACE] 帧 光标趟
[11:32:23.472] [TRACE] 帧 结束
[11:32:23.476] [TRACE] 帧 公告板
[11:32:23.476] [TRACE] 帧 格网
[11:32:23.477] [TRACE] 帧 开始
[11:32:23.477] [TRACE] 帧 格网趟
[11:32:23.477] [TRACE] 帧 场景趟
[11:32:23.477] [TRACE] 帧 高亮趟
[11:32:23.477] [TRACE] 帧 叠加趟
[11:32:23.477] [TRACE] 帧 光标趟
[11:32:23.478] [TRACE] 帧 结束
[11:32:23.484] [TRACE] 帧 公告板
[11:32:23.484] [TRACE] 帧 格网
[11:32:23.485] [TRACE] 帧 开始
[11:32:23.485] [TRACE] 帧 格网趟
[11:32:23.485] [TRACE] 帧 场景趟
[11:32:23.485] [TRACE] 帧 高亮趟
[11:32:23.485] [TRACE] 帧 叠加趟
[11:32:23.485] [TRACE] 帧 光标趟
[11:32:23.485] [TRACE] 帧 结束
[11:32:23.491] [TRACE] 帧 公告板
[11:32:23.491] [TRACE] 帧 格网
[11:32:23.491] [TRACE] 帧 开始
[11:32:23.491] [TRACE] 帧 格网趟
[11:32:23.491] [TRACE] 帧 场景趟
[11:32:23.491] [TRACE] 帧 高亮趟
[11:32:23.491] [TRACE] 帧 叠加趟
[11:32:23.492] [TRACE] 帧 光标趟
[11:32:23.492] [TRACE] 帧 结束
[11:32:23.498] [TRACE] 帧 公告板
[11:32:23.498] [TRACE] 帧 格网
[11:32:23.498] [TRACE] 帧 开始
[11:32:23.498] [TRACE] 帧 格网趟
[11:32:23.499] [TRACE] 帧 场景趟
[11:32:23.499] [TRACE] 帧 高亮趟
[11:32:23.499] [TRACE] 帧 叠加趟
[11:32:23.499] [TRACE] 帧 光标趟
[11:32:23.499] [TRACE] 帧 结束
[11:32:23.504] [TRACE] 帧 公告板
[11:32:23.504] [TRACE] 帧 格网
[11:32:23.504] [TRACE] 帧 开始
[11:32:23.504] [TRACE] 帧 格网趟
[11:32:23.505] [TRACE] 帧 场景趟
[11:32:23.505] [TRACE] 帧 高亮趟
[11:32:23.505] [TRACE] 帧 叠加趟
[11:32:23.505] [TRACE] 帧 光标趟
[11:32:23.505] [TRACE] 帧 结束
[11:32:23.511] [TRACE] 帧 公告板
[11:32:23.512] [TRACE] 帧 格网
[11:32:23.512] [TRACE] 帧 开始
[11:32:23.512] [TRACE] 帧 格网趟
[11:32:23.512] [TRACE] 帧 场景趟
[11:32:23.512] [TRACE] 帧 高亮趟
[11:32:23.512] [TRACE] 帧 叠加趟
[11:32:23.512] [TRACE] 帧 光标趟
[11:32:23.512] [TRACE] 帧 结束
[11:32:23.519] [TRACE] 帧 公告板
[11:32:23.519] [TRACE] 帧 格网
[11:32:23.519] [TRACE] 帧 开始
[11:32:23.519] [TRACE] 帧 格网趟
[11:32:23.520] [TRACE] 帧 场景趟
[11:32:23.520] [TRACE] 帧 高亮趟
[11:32:23.520] [TRACE] 帧 叠加趟
[11:32:23.520] [TRACE] 帧 光标趟
[11:32:23.520] [TRACE] 帧 结束
[11:32:23.525] [TRACE] 帧 公告板
[11:32:23.526] [TRACE] 帧 格网
[11:32:23.526] [TRACE] 帧 开始
[11:32:23.526] [TRACE] 帧 格网趟
[11:32:23.526] [TRACE] 帧 场景趟
[11:32:23.526] [TRACE] 帧 高亮趟
[11:32:23.526] [TRACE] 帧 叠加趟
[11:32:23.526] [TRACE] 帧 光标趟
[11:32:23.526] [TRACE] 帧 结束
[11:32:23.533] [TRACE] 帧 公告板
[11:32:23.533] [TRACE] 帧 格网
[11:32:23.533] [TRACE] 帧 开始
[11:32:23.533] [TRACE] 帧 格网趟
[11:32:23.533] [TRACE] 帧 场景趟
[11:32:23.534] [TRACE] 帧 高亮趟
[11:32:23.534] [TRACE] 帧 叠加趟
[11:32:23.534] [TRACE] 帧 光标趟
[11:32:23.534] [TRACE] 帧 结束
[11:32:23.539] [TRACE] 帧 公告板
[11:32:23.539] [TRACE] 帧 格网
[11:32:23.539] [TRACE] 帧 开始
[11:32:23.539] [TRACE] 帧 格网趟
[11:32:23.539] [TRACE] 帧 场景趟
[11:32:23.540] [TRACE] 帧 高亮趟
[11:32:23.540] [TRACE] 帧 叠加趟
[11:32:23.540] [TRACE] 帧 光标趟
[11:32:23.540] [TRACE] 帧 结束
[11:32:23.546] [TRACE] 帧 公告板
[11:32:23.546] [TRACE] 帧 格网
[11:32:23.546] [TRACE] 帧 开始
[11:32:23.546] [TRACE] 帧 格网趟
[11:32:23.547] [TRACE] 帧 场景趟
[11:32:23.547] [TRACE] 帧 高亮趟
[11:32:23.547] [TRACE] 帧 叠加趟
[11:32:23.547] [TRACE] 帧 光标趟
[11:32:23.547] [TRACE] 帧 结束
[11:32:23.554] [TRACE] 帧 公告板
[11:32:23.554] [TRACE] 帧 格网
[11:32:23.554] [TRACE] 帧 开始
[11:32:23.555] [TRACE] 帧 格网趟
[11:32:23.555] [TRACE] 帧 场景趟
[11:32:23.555] [TRACE] 帧 高亮趟
[11:32:23.555] [TRACE] 帧 叠加趟
[11:32:23.555] [TRACE] 帧 光标趟
[11:32:23.555] [TRACE] 帧 结束
[11:32:23.560] [TRACE] 帧 公告板
[11:32:23.560] [TRACE] 帧 格网
[11:32:23.560] [TRACE] 帧 开始
[11:32:23.560] [TRACE] 帧 格网趟
[11:32:23.560] [TRACE] 帧 场景趟
[11:32:23.561] [TRACE] 帧 高亮趟
[11:32:23.561] [TRACE] 帧 叠加趟
[11:32:23.561] [TRACE] 帧 光标趟
[11:32:23.561] [TRACE] 帧 结束
[11:32:23.568] [TRACE] 帧 公告板
[11:32:23.568] [TRACE] 帧 格网
[11:32:23.568] [TRACE] 帧 开始
[11:32:23.568] [TRACE] 帧 格网趟
[11:32:23.568] [TRACE] 帧 场景趟
[11:32:23.568] [TRACE] 帧 高亮趟
[11:32:23.569] [TRACE] 帧 叠加趟
[11:32:23.569] [TRACE] 帧 光标趟
[11:32:23.569] [TRACE] 帧 结束
[11:32:23.574] [TRACE] 帧 公告板
[11:32:23.574] [TRACE] 帧 格网
[11:32:23.574] [TRACE] 帧 开始
[11:32:23.574] [TRACE] 帧 格网趟
[11:32:23.574] [TRACE] 帧 场景趟
[11:32:23.574] [TRACE] 帧 高亮趟
[11:32:23.574] [TRACE] 帧 叠加趟
[11:32:23.575] [TRACE] 帧 光标趟
[11:32:23.575] [TRACE] 帧 结束
[11:32:23.581] [TRACE] 帧 公告板
[11:32:23.581] [TRACE] 帧 格网
[11:32:23.582] [TRACE] 帧 开始
[11:32:23.582] [TRACE] 帧 格网趟
[11:32:23.582] [TRACE] 帧 场景趟
[11:32:23.582] [TRACE] 帧 高亮趟
[11:32:23.582] [TRACE] 帧 叠加趟
[11:32:23.582] [TRACE] 帧 光标趟
[11:32:23.582] [TRACE] 帧 结束
[11:32:23.587] [TRACE] 帧 公告板
[11:32:23.587] [TRACE] 帧 格网
[11:32:23.588] [TRACE] 帧 开始
[11:32:23.588] [TRACE] 帧 格网趟
[11:32:23.588] [TRACE] 帧 场景趟
[11:32:23.588] [TRACE] 帧 高亮趟
[11:32:23.588] [TRACE] 帧 叠加趟
[11:32:23.588] [TRACE] 帧 光标趟
[11:32:23.588] [TRACE] 帧 结束
[11:32:23.595] [TRACE] 帧 公告板
[11:32:23.595] [TRACE] 帧 格网
[11:32:23.595] [TRACE] 帧 开始
[11:32:23.595] [TRACE] 帧 格网趟
[11:32:23.596] [TRACE] 帧 场景趟
[11:32:23.596] [TRACE] 帧 高亮趟
[11:32:23.596] [TRACE] 帧 叠加趟
[11:32:23.596] [TRACE] 帧 光标趟
[11:32:23.596] [TRACE] 帧 结束
[11:32:23.602] [TRACE] 帧 公告板
[11:32:23.603] [TRACE] 帧 格网
[11:32:23.603] [TRACE] 帧 开始
[11:32:23.603] [TRACE] 帧 格网趟
[11:32:23.603] [TRACE] 帧 场景趟
[11:32:23.603] [TRACE] 帧 高亮趟
[11:32:23.603] [TRACE] 帧 叠加趟
[11:32:23.604] [TRACE] 帧 光标趟
[11:32:23.604] [TRACE] 帧 结束
[11:32:23.609] [TRACE] 帧 公告板
[11:32:23.609] [TRACE] 帧 格网
[11:32:23.609] [TRACE] 帧 开始
[11:32:23.609] [TRACE] 帧 格网趟
[11:32:23.609] [TRACE] 帧 场景趟
[11:32:23.609] [TRACE] 帧 高亮趟
[11:32:23.609] [TRACE] 帧 叠加趟
[11:32:23.610] [TRACE] 帧 光标趟
[11:32:23.610] [TRACE] 帧 结束
[11:32:23.616] [TRACE] 帧 公告板
[11:32:23.617] [TRACE] 帧 格网
[11:32:23.617] [TRACE] 帧 开始
[11:32:23.617] [TRACE] 帧 格网趟
[11:32:23.617] [TRACE] 帧 场景趟
[11:32:23.617] [TRACE] 帧 高亮趟
[11:32:23.617] [TRACE] 帧 叠加趟
[11:32:23.618] [TRACE] 帧 光标趟
[11:32:23.618] [TRACE] 帧 结束
[11:32:23.622] [TRACE] 帧 公告板
[11:32:23.622] [TRACE] 帧 格网
[11:32:23.622] [TRACE] 帧 开始
[11:32:23.623] [TRACE] 帧 格网趟
[11:32:23.623] [TRACE] 帧 场景趟
[11:32:23.623] [TRACE] 帧 高亮趟
[11:32:23.623] [TRACE] 帧 叠加趟
[11:32:23.623] [TRACE] 帧 光标趟
[11:32:23.623] [TRACE] 帧 结束
[11:32:23.629] [TRACE] 帧 公告板
[11:32:23.629] [TRACE] 帧 格网
[11:32:23.630] [TRACE] 帧 开始
[11:32:23.630] [TRACE] 帧 格网趟
[11:32:23.630] [TRACE] 帧 场景趟
[11:32:23.630] [TRACE] 帧 高亮趟
[11:32:23.631] [TRACE] 帧 叠加趟
[11:32:23.631] [TRACE] 帧 光标趟
[11:32:23.631] [TRACE] 帧 结束
[11:32:23.637] [TRACE] 帧 公告板
[11:32:23.638] [TRACE] 帧 格网
[11:32:23.638] [TRACE] 帧 开始
[11:32:23.638] [TRACE] 帧 格网趟
[11:32:23.638] [TRACE] 帧 场景趟
[11:32:23.638] [TRACE] 帧 高亮趟
[11:32:23.638] [TRACE] 帧 叠加趟
[11:32:23.638] [TRACE] 帧 光标趟
[11:32:23.639] [TRACE] 帧 结束
[11:32:23.643] [TRACE] 帧 公告板
[11:32:23.643] [TRACE] 帧 格网
[11:32:23.643] [TRACE] 帧 开始
[11:32:23.644] [TRACE] 帧 格网趟
[11:32:23.644] [TRACE] 帧 场景趟
[11:32:23.644] [TRACE] 帧 高亮趟
[11:32:23.644] [TRACE] 帧 叠加趟
[11:32:23.644] [TRACE] 帧 光标趟
[11:32:23.644] [TRACE] 帧 结束
[11:32:23.651] [TRACE] 帧 公告板
[11:32:23.651] [TRACE] 帧 格网
[11:32:23.652] [TRACE] 帧 开始
[11:32:23.652] [TRACE] 帧 格网趟
[11:32:23.652] [TRACE] 帧 场景趟
[11:32:23.652] [TRACE] 帧 高亮趟
[11:32:23.652] [TRACE] 帧 叠加趟
[11:32:23.653] [TRACE] 帧 光标趟
[11:32:23.653] [TRACE] 帧 结束
[11:32:23.657] [TRACE] 帧 公告板
[11:32:23.668] [TRACE] 帧 格网
[11:32:23.668] [TRACE] 帧 开始
[11:32:23.669] [TRACE] 帧 格网趟
[11:32:23.669] [TRACE] 帧 场景趟
[11:32:23.669] [TRACE] 帧 高亮趟
[11:32:23.669] [TRACE] 帧 叠加趟
[11:32:23.669] [TRACE] 帧 光标趟
[11:32:23.669] [TRACE] 帧 结束
[11:32:23.671] [TRACE] 帧 公告板
[11:32:23.671] [TRACE] 帧 格网
[11:32:23.671] [TRACE] 帧 开始
[11:32:23.671] [TRACE] 帧 格网趟
[11:32:23.671] [TRACE] 帧 场景趟
[11:32:23.671] [TRACE] 帧 高亮趟
[11:32:23.672] [TRACE] 帧 叠加趟
[11:32:23.672] [TRACE] 帧 光标趟
[11:32:23.672] [TRACE] 帧 结束
[11:32:23.678] [TRACE] 帧 公告板
[11:32:23.678] [TRACE] 帧 格网
[11:32:23.678] [TRACE] 帧 开始
[11:32:23.679] [TRACE] 帧 格网趟
[11:32:23.679] [TRACE] 帧 场景趟
[11:32:23.679] [TRACE] 帧 高亮趟
[11:32:23.679] [TRACE] 帧 叠加趟
[11:32:23.679] [TRACE] 帧 光标趟
[11:32:23.679] [TRACE] 帧 结束
[11:32:23.686] [TRACE] 帧 公告板
[11:32:23.686] [TRACE] 帧 格网
[11:32:23.686] [TRACE] 帧 开始
[11:32:23.686] [TRACE] 帧 格网趟
[11:32:23.686] [TRACE] 帧 场景趟
[11:32:23.686] [TRACE] 帧 高亮趟
[11:32:23.687] [TRACE] 帧 叠加趟
[11:32:23.687] [TRACE] 帧 光标趟
[11:32:23.687] [TRACE] 帧 结束
[11:32:23.692] [TRACE] 帧 公告板
[11:32:23.693] [TRACE] 帧 格网
[11:32:23.693] [TRACE] 帧 开始
[11:32:23.693] [TRACE] 帧 格网趟
[11:32:23.693] [TRACE] 帧 场景趟
[11:32:23.693] [TRACE] 帧 高亮趟
[11:32:23.693] [TRACE] 帧 叠加趟
[11:32:23.694] [TRACE] 帧 光标趟
[11:32:23.694] [TRACE] 帧 结束
[11:32:23.699] [TRACE] 帧 公告板
[11:32:23.700] [TRACE] 帧 格网
[11:32:23.700] [TRACE] 帧 开始
[11:32:23.700] [TRACE] 帧 格网趟
[11:32:23.700] [TRACE] 帧 场景趟
[11:32:23.700] [TRACE] 帧 高亮趟
[11:32:23.700] [TRACE] 帧 叠加趟
[11:32:23.700] [TRACE] 帧 光标趟
[11:32:23.700] [TRACE] 帧 结束
[11:32:23.706] [TRACE] 帧 公告板
[11:32:23.706] [TRACE] 帧 格网
[11:32:23.706] [TRACE] 帧 开始
[11:32:23.706] [TRACE] 帧 格网趟
[11:32:23.706] [TRACE] 帧 场景趟
[11:32:23.706] [TRACE] 帧 高亮趟
[11:32:23.706] [TRACE] 帧 叠加趟
[11:32:23.707] [TRACE] 帧 光标趟
[11:32:23.707] [TRACE] 帧 结束
[11:32:23.713] [TRACE] 帧 公告板
[11:32:23.713] [TRACE] 帧 格网
[11:32:23.713] [TRACE] 帧 开始
[11:32:23.713] [TRACE] 帧 格网趟
[11:32:23.713] [TRACE] 帧 场景趟
[11:32:23.713] [TRACE] 帧 高亮趟
[11:32:23.713] [TRACE] 帧 叠加趟
[11:32:23.713] [TRACE] 帧 光标趟
[11:32:23.713] [TRACE] 帧 结束
[11:32:23.721] [TRACE] 帧 公告板
[11:32:23.721] [TRACE] 帧 格网
[11:32:23.721] [TRACE] 帧 开始
[11:32:23.722] [TRACE] 帧 格网趟
[11:32:23.722] [TRACE] 帧 场景趟
[11:32:23.722] [TRACE] 帧 高亮趟
[11:32:23.722] [TRACE] 帧 叠加趟
[11:32:23.722] [TRACE] 帧 光标趟
[11:32:23.722] [TRACE] 帧 结束
[11:32:23.726] [TRACE] 帧 公告板
[11:32:23.727] [TRACE] 帧 格网
[11:32:23.727] [TRACE] 帧 开始
[11:32:23.727] [TRACE] 帧 格网趟
[11:32:23.727] [TRACE] 帧 场景趟
[11:32:23.727] [TRACE] 帧 高亮趟
[11:32:23.727] [TRACE] 帧 叠加趟
[11:32:23.727] [TRACE] 帧 光标趟
[11:32:23.727] [TRACE] 帧 结束
[11:32:23.734] [TRACE] 帧 公告板
[11:32:23.734] [TRACE] 帧 格网
[11:32:23.735] [TRACE] 帧 开始
[11:32:23.735] [TRACE] 帧 格网趟
[11:32:23.735] [TRACE] 帧 场景趟
[11:32:23.735] [TRACE] 帧 高亮趟
[11:32:23.736] [TRACE] 帧 叠加趟
[11:32:23.736] [TRACE] 帧 光标趟
[11:32:23.736] [TRACE] 帧 结束
[11:32:23.740] [TRACE] 帧 公告板
[11:32:23.740] [TRACE] 帧 格网
[11:32:23.741] [TRACE] 帧 开始
[11:32:23.741] [TRACE] 帧 格网趟
[11:32:23.741] [TRACE] 帧 场景趟
[11:32:23.741] [TRACE] 帧 高亮趟
[11:32:23.741] [TRACE] 帧 叠加趟
[11:32:23.741] [TRACE] 帧 光标趟
[11:32:23.741] [TRACE] 帧 结束
[11:32:23.748] [TRACE] 帧 公告板
[11:32:23.748] [TRACE] 帧 格网
[11:32:23.748] [TRACE] 帧 开始
[11:32:23.749] [TRACE] 帧 格网趟
[11:32:23.749] [TRACE] 帧 场景趟
[11:32:23.749] [TRACE] 帧 高亮趟
[11:32:23.749] [TRACE] 帧 叠加趟
[11:32:23.749] [TRACE] 帧 光标趟
[11:32:23.749] [TRACE] 帧 结束
[11:32:23.754] [TRACE] 帧 公告板
[11:32:23.755] [TRACE] 帧 格网
[11:32:23.755] [TRACE] 帧 开始
[11:32:23.755] [TRACE] 帧 格网趟
[11:32:23.755] [TRACE] 帧 场景趟
[11:32:23.755] [TRACE] 帧 高亮趟
[11:32:23.756] [TRACE] 帧 叠加趟
[11:32:23.756] [TRACE] 帧 光标趟
[11:32:23.756] [TRACE] 帧 结束
[11:32:23.761] [TRACE] 帧 公告板
[11:32:23.761] [TRACE] 帧 格网
[11:32:23.762] [TRACE] 帧 开始
[11:32:23.762] [TRACE] 帧 格网趟
[11:32:23.762] [TRACE] 帧 场景趟
[11:32:23.762] [TRACE] 帧 高亮趟
[11:32:23.762] [TRACE] 帧 叠加趟
[11:32:23.763] [TRACE] 帧 光标趟
[11:32:23.763] [TRACE] 帧 结束
[11:32:23.769] [TRACE] 帧 公告板
[11:32:23.769] [TRACE] 帧 格网
[11:32:23.770] [TRACE] 帧 开始
[11:32:23.770] [TRACE] 帧 格网趟
[11:32:23.770] [TRACE] 帧 场景趟
[11:32:23.770] [TRACE] 帧 高亮趟
[11:32:23.770] [TRACE] 帧 叠加趟
[11:32:23.770] [TRACE] 帧 光标趟
[11:32:23.771] [TRACE] 帧 结束
[11:32:23.776] [TRACE] 帧 公告板
[11:32:23.776] [TRACE] 帧 格网
[11:32:23.776] [TRACE] 帧 开始
[11:32:23.776] [TRACE] 帧 格网趟
[11:32:23.776] [TRACE] 帧 场景趟
[11:32:23.777] [TRACE] 帧 高亮趟
[11:32:23.777] [TRACE] 帧 叠加趟
[11:32:23.777] [TRACE] 帧 光标趟
[11:32:23.777] [TRACE] 帧 结束
[11:32:23.783] [TRACE] 帧 公告板
[11:32:23.783] [TRACE] 帧 格网
[11:32:23.783] [TRACE] 帧 开始
[11:32:23.784] [TRACE] 帧 格网趟
[11:32:23.784] [TRACE] 帧 场景趟
[11:32:23.784] [TRACE] 帧 高亮趟
[11:32:23.784] [TRACE] 帧 叠加趟
[11:32:23.785] [TRACE] 帧 光标趟
[11:32:23.785] [TRACE] 帧 结束
[11:32:23.789] [TRACE] 帧 公告板
[11:32:23.789] [TRACE] 帧 格网
[11:32:23.790] [TRACE] 帧 开始
[11:32:23.790] [TRACE] 帧 格网趟
[11:32:23.790] [TRACE] 帧 场景趟
[11:32:23.790] [TRACE] 帧 高亮趟
[11:32:23.790] [TRACE] 帧 叠加趟
[11:32:23.790] [TRACE] 帧 光标趟
[11:32:23.790] [TRACE] 帧 结束
[11:32:23.796] [TRACE] 帧 公告板
[11:32:23.796] [TRACE] 帧 格网
[11:32:23.796] [TRACE] 帧 开始
[11:32:23.797] [TRACE] 帧 格网趟
[11:32:23.797] [TRACE] 帧 场景趟
[11:32:23.797] [TRACE] 帧 高亮趟
[11:32:23.797] [TRACE] 帧 叠加趟
[11:32:23.797] [TRACE] 帧 光标趟
[11:32:23.797] [TRACE] 帧 结束
[11:32:23.804] [TRACE] 帧 公告板
[11:32:23.804] [TRACE] 帧 格网
[11:32:23.804] [TRACE] 帧 开始
[11:32:23.805] [TRACE] 帧 格网趟
[11:32:23.805] [TRACE] 帧 场景趟
[11:32:23.805] [TRACE] 帧 高亮趟
[11:32:23.805] [TRACE] 帧 叠加趟
[11:32:23.806] [TRACE] 帧 光标趟
[11:32:23.806] [TRACE] 帧 结束
[11:32:23.811] [TRACE] 帧 公告板
[11:32:23.811] [TRACE] 帧 格网
[11:32:23.811] [TRACE] 帧 开始
[11:32:23.811] [TRACE] 帧 格网趟
[11:32:23.811] [TRACE] 帧 场景趟
[11:32:23.811] [TRACE] 帧 高亮趟
[11:32:23.812] [TRACE] 帧 叠加趟
[11:32:23.812] [TRACE] 帧 光标趟
[11:32:23.812] [TRACE] 帧 结束
[11:32:23.819] [TRACE] 帧 公告板
[11:32:23.819] [TRACE] 帧 格网
[11:32:23.819] [TRACE] 帧 开始
[11:32:23.820] [TRACE] 帧 格网趟
[11:32:23.820] [TRACE] 帧 场景趟
[11:32:23.820] [TRACE] 帧 高亮趟
[11:32:23.820] [TRACE] 帧 叠加趟
[11:32:23.821] [TRACE] 帧 光标趟
[11:32:23.821] [TRACE] 帧 结束
[11:32:23.824] [TRACE] 帧 公告板
[11:32:23.824] [TRACE] 帧 格网
[11:32:23.825] [TRACE] 帧 开始
[11:32:23.825] [TRACE] 帧 格网趟
[11:32:23.825] [TRACE] 帧 场景趟
[11:32:23.825] [TRACE] 帧 高亮趟
[11:32:23.825] [TRACE] 帧 叠加趟
[11:32:23.825] [TRACE] 帧 光标趟
[11:32:23.826] [TRACE] 帧 结束
[11:32:23.832] [TRACE] 帧 公告板
[11:32:23.832] [TRACE] 帧 格网
[11:32:23.832] [TRACE] 帧 开始
[11:32:23.832] [TRACE] 帧 格网趟
[11:32:23.832] [TRACE] 帧 场景趟
[11:32:23.833] [TRACE] 帧 高亮趟
[11:32:23.833] [TRACE] 帧 叠加趟
[11:32:23.833] [TRACE] 帧 光标趟
[11:32:23.833] [TRACE] 帧 结束
[11:32:23.838] [TRACE] 帧 公告板
[11:32:23.838] [TRACE] 帧 格网
[11:32:23.838] [TRACE] 帧 开始
[11:32:23.839] [TRACE] 帧 格网趟
[11:32:23.839] [TRACE] 帧 场景趟
[11:32:23.839] [TRACE] 帧 高亮趟
[11:32:23.839] [TRACE] 帧 叠加趟
[11:32:23.839] [TRACE] 帧 光标趟
[11:32:23.839] [TRACE] 帧 结束
[11:32:23.845] [TRACE] 帧 公告板
[11:32:23.845] [TRACE] 帧 格网
[11:32:23.845] [TRACE] 帧 开始
[11:32:23.845] [TRACE] 帧 格网趟
[11:32:23.845] [TRACE] 帧 场景趟
[11:32:23.846] [TRACE] 帧 高亮趟
[11:32:23.846] [TRACE] 帧 叠加趟
[11:32:23.846] [TRACE] 帧 光标趟
[11:32:23.846] [TRACE] 帧 结束
[11:32:23.853] [TRACE] 帧 公告板
[11:32:23.853] [TRACE] 帧 格网
[11:32:23.854] [TRACE] 帧 开始
[11:32:23.854] [TRACE] 帧 格网趟
[11:32:23.854] [TRACE] 帧 场景趟
[11:32:23.854] [TRACE] 帧 高亮趟
[11:32:23.854] [TRACE] 帧 叠加趟
[11:32:23.855] [TRACE] 帧 光标趟
[11:32:23.855] [TRACE] 帧 结束
[11:32:23.860] [TRACE] 帧 公告板
[11:32:23.860] [TRACE] 帧 格网
[11:32:23.860] [TRACE] 帧 开始
[11:32:23.861] [TRACE] 帧 格网趟
[11:32:23.861] [TRACE] 帧 场景趟
[11:32:23.861] [TRACE] 帧 高亮趟
[11:32:23.861] [TRACE] 帧 叠加趟
[11:32:23.861] [TRACE] 帧 光标趟
[11:32:23.862] [TRACE] 帧 结束
[11:32:23.867] [TRACE] 帧 公告板
[11:32:23.867] [TRACE] 帧 格网
[11:32:23.867] [TRACE] 帧 开始
[11:32:23.867] [TRACE] 帧 格网趟
[11:32:23.868] [TRACE] 帧 场景趟
[11:32:23.868] [TRACE] 帧 高亮趟
[11:32:23.868] [TRACE] 帧 叠加趟
[11:32:23.868] [TRACE] 帧 光标趟
[11:32:23.869] [TRACE] 帧 结束
[11:32:23.873] [TRACE] 帧 公告板
[11:32:23.873] [TRACE] 帧 格网
[11:32:23.873] [TRACE] 帧 开始
[11:32:23.873] [TRACE] 帧 格网趟
[11:32:23.873] [TRACE] 帧 场景趟
[11:32:23.874] [TRACE] 帧 高亮趟
[11:32:23.874] [TRACE] 帧 叠加趟
[11:32:23.874] [TRACE] 帧 光标趟
[11:32:23.874] [TRACE] 帧 结束
[11:32:23.880] [TRACE] 帧 公告板
[11:32:23.880] [TRACE] 帧 格网
[11:32:23.881] [TRACE] 帧 开始
[11:32:23.881] [TRACE] 帧 格网趟
[11:32:23.881] [TRACE] 帧 场景趟
[11:32:23.881] [TRACE] 帧 高亮趟
[11:32:23.881] [TRACE] 帧 叠加趟
[11:32:23.882] [TRACE] 帧 光标趟
[11:32:23.882] [TRACE] 帧 结束
[11:32:23.887] [TRACE] 帧 公告板
[11:32:23.888] [TRACE] 帧 格网
[11:32:23.888] [TRACE] 帧 开始
[11:32:23.888] [TRACE] 帧 格网趟
[11:32:23.888] [TRACE] 帧 场景趟
[11:32:23.889] [TRACE] 帧 高亮趟
[11:32:23.889] [TRACE] 帧 叠加趟
[11:32:23.889] [TRACE] 帧 光标趟
[11:32:23.889] [TRACE] 帧 结束
[11:32:23.894] [TRACE] 帧 公告板
[11:32:23.894] [TRACE] 帧 格网
[11:32:23.894] [TRACE] 帧 开始
[11:32:23.894] [TRACE] 帧 格网趟
[11:32:23.894] [TRACE] 帧 场景趟
[11:32:23.894] [TRACE] 帧 高亮趟
[11:32:23.894] [TRACE] 帧 叠加趟
[11:32:23.894] [TRACE] 帧 光标趟
[11:32:23.895] [TRACE] 帧 结束
[11:32:23.902] [TRACE] 帧 公告板
[11:32:23.902] [TRACE] 帧 格网
[11:32:23.902] [TRACE] 帧 开始
[11:32:23.902] [TRACE] 帧 格网趟
[11:32:23.903] [TRACE] 帧 场景趟
[11:32:23.903] [TRACE] 帧 高亮趟
[11:32:23.903] [TRACE] 帧 叠加趟
[11:32:23.903] [TRACE] 帧 光标趟
[11:32:23.904] [TRACE] 帧 结束
[11:32:23.908] [TRACE] 帧 公告板
[11:32:23.908] [TRACE] 帧 格网
[11:32:23.908] [TRACE] 帧 开始
[11:32:23.908] [TRACE] 帧 格网趟
[11:32:23.908] [TRACE] 帧 场景趟
[11:32:23.909] [TRACE] 帧 高亮趟
[11:32:23.909] [TRACE] 帧 叠加趟
[11:32:23.909] [TRACE] 帧 光标趟
[11:32:23.909] [TRACE] 帧 结束
[11:32:23.915] [TRACE] 帧 公告板
[11:32:23.916] [TRACE] 帧 格网
[11:32:23.916] [TRACE] 帧 开始
[11:32:23.916] [TRACE] 帧 格网趟
[11:32:23.916] [TRACE] 帧 场景趟
[11:32:23.917] [TRACE] 帧 高亮趟
[11:32:23.917] [TRACE] 帧 叠加趟
[11:32:23.917] [TRACE] 帧 光标趟
[11:32:23.917] [TRACE] 帧 结束
[11:32:23.921] [TRACE] 帧 公告板
[11:32:23.922] [TRACE] 帧 格网
[11:32:23.922] [TRACE] 帧 开始
[11:32:23.922] [TRACE] 帧 格网趟
[11:32:23.922] [TRACE] 帧 场景趟
[11:32:23.922] [TRACE] 帧 高亮趟
[11:32:23.922] [TRACE] 帧 叠加趟
[11:32:23.923] [TRACE] 帧 光标趟
[11:32:23.923] [TRACE] 帧 结束
[11:32:23.928] [TRACE] 帧 公告板
[11:32:23.929] [TRACE] 帧 格网
[11:32:23.929] [TRACE] 帧 开始
[11:32:23.929] [TRACE] 帧 格网趟
[11:32:23.929] [TRACE] 帧 场景趟
[11:32:23.930] [TRACE] 帧 高亮趟
[11:32:23.930] [TRACE] 帧 叠加趟
[11:32:23.930] [TRACE] 帧 光标趟
[11:32:23.930] [TRACE] 帧 结束
[11:32:23.936] [TRACE] 帧 公告板
[11:32:23.936] [TRACE] 帧 格网
[11:32:23.936] [TRACE] 帧 开始
[11:32:23.937] [TRACE] 帧 格网趟
[11:32:23.937] [TRACE] 帧 场景趟
[11:32:23.937] [TRACE] 帧 高亮趟
[11:32:23.937] [TRACE] 帧 叠加趟
[11:32:23.938] [TRACE] 帧 光标趟
[11:32:23.938] [TRACE] 帧 结束
[11:32:23.942] [TRACE] 帧 公告板
[11:32:23.943] [TRACE] 帧 格网
[11:32:23.943] [TRACE] 帧 开始
[11:32:23.943] [TRACE] 帧 格网趟
[11:32:23.943] [TRACE] 帧 场景趟
[11:32:23.943] [TRACE] 帧 高亮趟
[11:32:23.943] [TRACE] 帧 叠加趟
[11:32:23.943] [TRACE] 帧 光标趟
[11:32:23.944] [TRACE] 帧 结束
[11:32:23.950] [TRACE] 帧 公告板
[11:32:23.950] [TRACE] 帧 格网
[11:32:23.950] [TRACE] 帧 开始
[11:32:23.951] [TRACE] 帧 格网趟
[11:32:23.951] [TRACE] 帧 场景趟
[11:32:23.951] [TRACE] 帧 高亮趟
[11:32:23.951] [TRACE] 帧 叠加趟
[11:32:23.952] [TRACE] 帧 光标趟
[11:32:23.952] [TRACE] 帧 结束
[11:32:23.956] [TRACE] 帧 公告板
[11:32:23.956] [TRACE] 帧 格网
[11:32:23.957] [TRACE] 帧 开始
[11:32:23.957] [TRACE] 帧 格网趟
[11:32:23.957] [TRACE] 帧 场景趟
[11:32:23.957] [TRACE] 帧 高亮趟
[11:32:23.958] [TRACE] 帧 叠加趟
[11:32:23.958] [TRACE] 帧 光标趟
[11:32:23.958] [TRACE] 帧 结束
[11:32:23.963] [TRACE] 帧 公告板
[11:32:23.963] [TRACE] 帧 格网
[11:32:23.963] [TRACE] 帧 开始
[11:32:23.963] [TRACE] 帧 格网趟
[11:32:23.964] [TRACE] 帧 场景趟
[11:32:23.964] [TRACE] 帧 高亮趟
[11:32:23.964] [TRACE] 帧 叠加趟
[11:32:23.964] [TRACE] 帧 光标趟
[11:32:23.965] [TRACE] 帧 结束
[11:32:23.971] [TRACE] 帧 公告板
[11:32:23.972] [TRACE] 帧 格网
[11:32:23.972] [TRACE] 帧 开始
[11:32:23.972] [TRACE] 帧 格网趟
[11:32:23.972] [TRACE] 帧 场景趟
[11:32:23.972] [TRACE] 帧 高亮趟
[11:32:23.973] [TRACE] 帧 叠加趟
[11:32:23.973] [TRACE] 帧 光标趟
[11:32:23.973] [TRACE] 帧 结束
[11:32:23.977] [TRACE] 帧 公告板
[11:32:23.977] [TRACE] 帧 格网
[11:32:23.977] [TRACE] 帧 开始
[11:32:23.978] [TRACE] 帧 格网趟
[11:32:23.978] [TRACE] 帧 场景趟
[11:32:23.978] [TRACE] 帧 高亮趟
[11:32:23.978] [TRACE] 帧 叠加趟
[11:32:23.978] [TRACE] 帧 光标趟
[11:32:23.978] [TRACE] 帧 结束
[11:32:23.985] [TRACE] 帧 公告板
[11:32:23.985] [TRACE] 帧 格网
[11:32:23.986] [TRACE] 帧 开始
[11:32:23.986] [TRACE] 帧 格网趟
[11:32:23.986] [TRACE] 帧 场景趟
[11:32:23.986] [TRACE] 帧 高亮趟
[11:32:23.986] [TRACE] 帧 叠加趟
[11:32:23.986] [TRACE] 帧 光标趟
[11:32:23.987] [TRACE] 帧 结束
[11:32:23.991] [TRACE] 帧 公告板
[11:32:23.991] [TRACE] 帧 格网
[11:32:23.991] [TRACE] 帧 开始
[11:32:23.992] [TRACE] 帧 格网趟
[11:32:23.992] [TRACE] 帧 场景趟
[11:32:23.992] [TRACE] 帧 高亮趟
[11:32:23.992] [TRACE] 帧 叠加趟
[11:32:23.992] [TRACE] 帧 光标趟
[11:32:23.992] [TRACE] 帧 结束
[11:32:23.999] [TRACE] 帧 公告板
[11:32:23.999] [TRACE] 帧 格网
[11:32:23.999] [TRACE] 帧 开始
[11:32:23.999] [TRACE] 帧 格网趟
[11:32:23.999] [TRACE] 帧 场景趟
[11:32:23.999] [TRACE] 帧 高亮趟
[11:32:23.999] [TRACE] 帧 叠加趟
[11:32:23.999] [TRACE] 帧 光标趟
[11:32:23.999] [TRACE] 帧 结束
[11:32:24.005] [TRACE] 帧 公告板
[11:32:24.005] [TRACE] 帧 格网
[11:32:24.005] [TRACE] 帧 开始
[11:32:24.005] [TRACE] 帧 格网趟
[11:32:24.006] [TRACE] 帧 场景趟
[11:32:24.006] [TRACE] 帧 高亮趟
[11:32:24.006] [TRACE] 帧 叠加趟
[11:32:24.006] [TRACE] 帧 光标趟
[11:32:24.006] [TRACE] 帧 结束
[11:32:24.012] [TRACE] 帧 公告板
[11:32:24.012] [TRACE] 帧 格网
[11:32:24.012] [TRACE] 帧 开始
[11:32:24.013] [TRACE] 帧 格网趟
[11:32:24.013] [TRACE] 帧 场景趟
[11:32:24.013] [TRACE] 帧 高亮趟
[11:32:24.013] [TRACE] 帧 叠加趟
[11:32:24.014] [TRACE] 帧 光标趟
[11:32:24.014] [TRACE] 帧 结束
[11:32:24.020] [TRACE] 帧 公告板
[11:32:24.020] [TRACE] 帧 格网
[11:32:24.020] [TRACE] 帧 开始
[11:32:24.020] [TRACE] 帧 格网趟
[11:32:24.020] [TRACE] 帧 场景趟
[11:32:24.020] [TRACE] 帧 高亮趟
[11:32:24.021] [TRACE] 帧 叠加趟
[11:32:24.021] [TRACE] 帧 光标趟
[11:32:24.021] [TRACE] 帧 结束
[11:32:24.026] [TRACE] 帧 公告板
[11:32:24.026] [TRACE] 帧 格网
[11:32:24.026] [TRACE] 帧 开始
[11:32:24.026] [TRACE] 帧 格网趟
[11:32:24.027] [TRACE] 帧 场景趟
[11:32:24.027] [TRACE] 帧 高亮趟
[11:32:24.027] [TRACE] 帧 叠加趟
[11:32:24.028] [TRACE] 帧 光标趟
[11:32:24.028] [TRACE] 帧 结束
[11:32:24.034] [TRACE] 帧 公告板
[11:32:24.034] [TRACE] 帧 格网
[11:32:24.034] [TRACE] 帧 开始
[11:32:24.034] [TRACE] 帧 格网趟
[11:32:24.034] [TRACE] 帧 场景趟
[11:32:24.034] [TRACE] 帧 高亮趟
[11:32:24.034] [TRACE] 帧 叠加趟
[11:32:24.034] [TRACE] 帧 光标趟
[11:32:24.035] [TRACE] 帧 结束
[11:32:24.040] [TRACE] 帧 公告板
[11:32:24.040] [TRACE] 帧 格网
[11:32:24.040] [TRACE] 帧 开始
[11:32:24.040] [TRACE] 帧 格网趟
[11:32:24.040] [TRACE] 帧 场景趟
[11:32:24.041] [TRACE] 帧 高亮趟
[11:32:24.041] [TRACE] 帧 叠加趟
[11:32:24.041] [TRACE] 帧 光标趟
[11:32:24.041] [TRACE] 帧 结束
[11:32:24.046] [TRACE] 帧 公告板
[11:32:24.047] [TRACE] 帧 格网
[11:32:24.047] [TRACE] 帧 开始
[11:32:24.047] [TRACE] 帧 格网趟
[11:32:24.047] [TRACE] 帧 场景趟
[11:32:24.047] [TRACE] 帧 高亮趟
[11:32:24.048] [TRACE] 帧 叠加趟
[11:32:24.048] [TRACE] 帧 光标趟
[11:32:24.048] [TRACE] 帧 结束
[11:32:24.054] [TRACE] 帧 公告板
[11:32:24.055] [TRACE] 帧 格网
[11:32:24.055] [TRACE] 帧 开始
[11:32:24.055] [TRACE] 帧 格网趟
[11:32:24.055] [TRACE] 帧 场景趟
[11:32:24.055] [TRACE] 帧 高亮趟
[11:32:24.055] [TRACE] 帧 叠加趟
[11:32:24.056] [TRACE] 帧 光标趟
[11:32:24.056] [TRACE] 帧 结束
[11:32:24.060] [TRACE] 帧 公告板
[11:32:24.061] [TRACE] 帧 格网
[11:32:24.061] [TRACE] 帧 开始
[11:32:24.061] [TRACE] 帧 格网趟
[11:32:24.061] [TRACE] 帧 场景趟
[11:32:24.061] [TRACE] 帧 高亮趟
[11:32:24.061] [TRACE] 帧 叠加趟
[11:32:24.062] [TRACE] 帧 光标趟
[11:32:24.062] [TRACE] 帧 结束
[11:32:24.069] [TRACE] 帧 公告板
[11:32:24.069] [TRACE] 帧 格网
[11:32:24.069] [TRACE] 帧 开始
[11:32:24.069] [TRACE] 帧 格网趟
[11:32:24.069] [TRACE] 帧 场景趟
[11:32:24.069] [TRACE] 帧 高亮趟
[11:32:24.069] [TRACE] 帧 叠加趟
[11:32:24.069] [TRACE] 帧 光标趟
[11:32:24.069] [TRACE] 帧 结束
[11:32:24.074] [TRACE] 帧 公告板
[11:32:24.075] [TRACE] 帧 格网
[11:32:24.075] [TRACE] 帧 开始
[11:32:24.075] [TRACE] 帧 格网趟
[11:32:24.075] [TRACE] 帧 场景趟
[11:32:24.076] [TRACE] 帧 高亮趟
[11:32:24.076] [TRACE] 帧 叠加趟
[11:32:24.076] [TRACE] 帧 光标趟
[11:32:24.076] [TRACE] 帧 结束
[11:32:24.082] [TRACE] 帧 公告板
[11:32:24.082] [TRACE] 帧 格网
[11:32:24.083] [TRACE] 帧 开始
[11:32:24.083] [TRACE] 帧 格网趟
[11:32:24.083] [TRACE] 帧 场景趟
[11:32:24.083] [TRACE] 帧 高亮趟
[11:32:24.083] [TRACE] 帧 叠加趟
[11:32:24.083] [TRACE] 帧 光标趟
[11:32:24.083] [TRACE] 帧 结束
[11:32:24.088] [TRACE] 帧 公告板
[11:32:24.088] [TRACE] 帧 格网
[11:32:24.089] [TRACE] 帧 开始
[11:32:24.089] [TRACE] 帧 格网趟
[11:32:24.089] [TRACE] 帧 场景趟
[11:32:24.089] [TRACE] 帧 高亮趟
[11:32:24.089] [TRACE] 帧 叠加趟
[11:32:24.090] [TRACE] 帧 光标趟
[11:32:24.090] [TRACE] 帧 结束
[11:32:24.095] [TRACE] 帧 公告板
[11:32:24.095] [TRACE] 帧 格网
[11:32:24.096] [TRACE] 帧 开始
[11:32:24.096] [TRACE] 帧 格网趟
[11:32:24.096] [TRACE] 帧 场景趟
[11:32:24.096] [TRACE] 帧 高亮趟
[11:32:24.096] [TRACE] 帧 叠加趟
[11:32:24.097] [TRACE] 帧 光标趟
[11:32:24.097] [TRACE] 帧 结束
[11:32:24.103] [TRACE] 帧 公告板
[11:32:24.103] [TRACE] 帧 格网
[11:32:24.103] [TRACE] 帧 开始
[11:32:24.104] [TRACE] 帧 格网趟
[11:32:24.104] [TRACE] 帧 场景趟
[11:32:24.104] [TRACE] 帧 高亮趟
[11:32:24.104] [TRACE] 帧 叠加趟
[11:32:24.104] [TRACE] 帧 光标趟
[11:32:24.105] [TRACE] 帧 结束
[11:32:24.110] [TRACE] 帧 公告板
[11:32:24.110] [TRACE] 帧 格网
[11:32:24.110] [TRACE] 帧 开始
[11:32:24.110] [TRACE] 帧 格网趟
[11:32:24.110] [TRACE] 帧 场景趟
[11:32:24.110] [TRACE] 帧 高亮趟
[11:32:24.110] [TRACE] 帧 叠加趟
[11:32:24.111] [TRACE] 帧 光标趟
[11:32:24.111] [TRACE] 帧 结束
[11:32:24.118] [TRACE] 帧 公告板
[11:32:24.118] [TRACE] 帧 格网
[11:32:24.118] [TRACE] 帧 开始
[11:32:24.118] [TRACE] 帧 格网趟
[11:32:24.118] [TRACE] 帧 场景趟
[11:32:24.118] [TRACE] 帧 高亮趟
[11:32:24.119] [TRACE] 帧 叠加趟
[11:32:24.119] [TRACE] 帧 光标趟
[11:32:24.119] [TRACE] 帧 结束
[11:32:24.126] [TRACE] 帧 公告板
[11:32:24.127] [TRACE] 帧 格网
[11:32:24.127] [TRACE] 帧 开始
[11:32:24.127] [TRACE] 帧 格网趟
[11:32:24.127] [TRACE] 帧 场景趟
[11:32:24.128] [TRACE] 帧 高亮趟
[11:32:24.128] [TRACE] 帧 叠加趟
[11:32:24.128] [TRACE] 帧 光标趟
[11:32:24.129] [TRACE] 帧 结束
[11:32:24.140] [TRACE] 帧 公告板
[11:32:24.140] [TRACE] 帧 格网
[11:32:24.140] [TRACE] 帧 开始
[11:32:24.140] [TRACE] 帧 格网趟
[11:32:24.141] [TRACE] 帧 场景趟
[11:32:24.141] [TRACE] 帧 高亮趟
[11:32:24.141] [TRACE] 帧 叠加趟
[11:32:24.142] [TRACE] 帧 光标趟
[11:32:24.142] [TRACE] 帧 结束
[11:32:24.145] [TRACE] 帧 公告板
[11:32:24.145] [TRACE] 帧 格网
[11:32:24.145] [TRACE] 帧 开始
[11:32:24.145] [TRACE] 帧 格网趟
[11:32:24.145] [TRACE] 帧 场景趟
[11:32:24.146] [TRACE] 帧 高亮趟
[11:32:24.146] [TRACE] 帧 叠加趟
[11:32:24.146] [TRACE] 帧 光标趟
[11:32:24.146] [TRACE] 帧 结束
[11:32:24.153] [TRACE] 帧 公告板
[11:32:24.153] [TRACE] 帧 格网
[11:32:24.153] [TRACE] 帧 开始
[11:32:24.154] [TRACE] 帧 格网趟
[11:32:24.154] [TRACE] 帧 场景趟
[11:32:24.154] [TRACE] 帧 高亮趟
[11:32:24.154] [TRACE] 帧 叠加趟
[11:32:24.155] [TRACE] 帧 光标趟
[11:32:24.155] [TRACE] 帧 结束
[11:32:24.158] [TRACE] 帧 公告板
[11:32:24.158] [TRACE] 帧 格网
[11:32:24.159] [TRACE] 帧 开始
[11:32:24.159] [TRACE] 帧 格网趟
[11:32:24.159] [TRACE] 帧 场景趟
[11:32:24.159] [TRACE] 帧 高亮趟
[11:32:24.160] [TRACE] 帧 叠加趟
[11:32:24.160] [TRACE] 帧 光标趟
[11:32:24.160] [TRACE] 帧 结束
[11:32:24.166] [TRACE] 帧 公告板
[11:32:24.167] [TRACE] 帧 格网
[11:32:24.167] [TRACE] 帧 开始
[11:32:24.167] [TRACE] 帧 格网趟
[11:32:24.167] [TRACE] 帧 场景趟
[11:32:24.167] [TRACE] 帧 高亮趟
[11:32:24.168] [TRACE] 帧 叠加趟
[11:32:24.168] [TRACE] 帧 光标趟
[11:32:24.168] [TRACE] 帧 结束
[11:32:24.172] [TRACE] 帧 公告板
[11:32:24.172] [TRACE] 帧 格网
[11:32:24.173] [TRACE] 帧 开始
[11:32:24.173] [TRACE] 帧 格网趟
[11:32:24.173] [TRACE] 帧 场景趟
[11:32:24.173] [TRACE] 帧 高亮趟
[11:32:24.174] [TRACE] 帧 叠加趟
[11:32:24.174] [TRACE] 帧 光标趟
[11:32:24.174] [TRACE] 帧 结束
[11:32:24.179] [TRACE] 帧 公告板
[11:32:24.179] [TRACE] 帧 格网
[11:32:24.180] [TRACE] 帧 开始
[11:32:24.180] [TRACE] 帧 格网趟
[11:32:24.180] [TRACE] 帧 场景趟
[11:32:24.180] [TRACE] 帧 高亮趟
[11:32:24.181] [TRACE] 帧 叠加趟
[11:32:24.181] [TRACE] 帧 光标趟
[11:32:24.181] [TRACE] 帧 结束
[11:32:24.188] [TRACE] 帧 公告板
[11:32:24.188] [TRACE] 帧 格网
[11:32:24.188] [TRACE] 帧 开始
[11:32:24.188] [TRACE] 帧 格网趟
[11:32:24.188] [TRACE] 帧 场景趟
[11:32:24.189] [TRACE] 帧 高亮趟
[11:32:24.189] [TRACE] 帧 叠加趟
[11:32:24.189] [TRACE] 帧 光标趟
[11:32:24.189] [TRACE] 帧 结束
[11:32:24.193] [TRACE] 帧 公告板
[11:32:24.193] [TRACE] 帧 格网
[11:32:24.194] [TRACE] 帧 开始
[11:32:24.194] [TRACE] 帧 格网趟
[11:32:24.194] [TRACE] 帧 场景趟
[11:32:24.194] [TRACE] 帧 高亮趟
[11:32:24.195] [TRACE] 帧 叠加趟
[11:32:24.195] [TRACE] 帧 光标趟
[11:32:24.195] [TRACE] 帧 结束
[11:32:24.201] [TRACE] 帧 公告板
[11:32:24.202] [TRACE] 帧 格网
[11:32:24.202] [TRACE] 帧 开始
[11:32:24.202] [TRACE] 帧 格网趟
[11:32:24.202] [TRACE] 帧 场景趟
[11:32:24.203] [TRACE] 帧 高亮趟
[11:32:24.203] [TRACE] 帧 叠加趟
[11:32:24.203] [TRACE] 帧 光标趟
[11:32:24.203] [TRACE] 帧 结束
[11:32:24.207] [TRACE] 帧 公告板
[11:32:24.207] [TRACE] 帧 格网
[11:32:24.207] [TRACE] 帧 开始
[11:32:24.207] [TRACE] 帧 格网趟
[11:32:24.207] [TRACE] 帧 场景趟
[11:32:24.208] [TRACE] 帧 高亮趟
[11:32:24.208] [TRACE] 帧 叠加趟
[11:32:24.208] [TRACE] 帧 光标趟
[11:32:24.208] [TRACE] 帧 结束
[11:32:24.214] [TRACE] 帧 公告板
[11:32:24.214] [TRACE] 帧 格网
[11:32:24.215] [TRACE] 帧 开始
[11:32:24.215] [TRACE] 帧 格网趟
[11:32:24.215] [TRACE] 帧 场景趟
[11:32:24.215] [TRACE] 帧 高亮趟
[11:32:24.216] [TRACE] 帧 叠加趟
[11:32:24.216] [TRACE] 帧 光标趟
[11:32:24.216] [TRACE] 帧 结束
[11:32:24.222] [TRACE] 帧 公告板
[11:32:24.223] [TRACE] 帧 格网
[11:32:24.223] [TRACE] 帧 开始
[11:32:24.223] [TRACE] 帧 格网趟
[11:32:24.223] [TRACE] 帧 场景趟
[11:32:24.223] [TRACE] 帧 高亮趟
[11:32:24.224] [TRACE] 帧 叠加趟
[11:32:24.224] [TRACE] 帧 光标趟
[11:32:24.224] [TRACE] 帧 结束
[11:32:24.230] [TRACE] 帧 公告板
[11:32:24.230] [TRACE] 帧 格网
[11:32:24.230] [TRACE] 帧 开始
[11:32:24.231] [TRACE] 帧 格网趟
[11:32:24.231] [TRACE] 帧 场景趟
[11:32:24.231] [TRACE] 帧 高亮趟
[11:32:24.231] [TRACE] 帧 叠加趟
[11:32:24.232] [TRACE] 帧 光标趟
[11:32:24.232] [TRACE] 帧 结束
[11:32:24.237] [TRACE] 帧 公告板
[11:32:24.237] [TRACE] 帧 格网
[11:32:24.237] [TRACE] 帧 开始
[11:32:24.238] [TRACE] 帧 格网趟
[11:32:24.238] [TRACE] 帧 场景趟
[11:32:24.238] [TRACE] 帧 高亮趟
[11:32:24.238] [TRACE] 帧 叠加趟
[11:32:24.239] [TRACE] 帧 光标趟
[11:32:24.239] [TRACE] 帧 结束
[11:32:24.250] [TRACE] 帧 公告板
[11:32:24.250] [TRACE] 帧 格网
[11:32:24.250] [TRACE] 帧 开始
[11:32:24.251] [TRACE] 帧 格网趟
[11:32:24.251] [TRACE] 帧 场景趟
[11:32:24.251] [TRACE] 帧 高亮趟
[11:32:24.251] [TRACE] 帧 叠加趟
[11:32:24.251] [TRACE] 帧 光标趟
[11:32:24.251] [TRACE] 帧 结束
[11:32:24.256] [TRACE] 帧 公告板
[11:32:24.257] [TRACE] 帧 格网
[11:32:24.257] [TRACE] 帧 开始
[11:32:24.257] [TRACE] 帧 格网趟
[11:32:24.257] [TRACE] 帧 场景趟
[11:32:24.258] [TRACE] 帧 高亮趟
[11:32:24.258] [TRACE] 帧 叠加趟
[11:32:24.258] [TRACE] 帧 光标趟
[11:32:24.258] [TRACE] 帧 结束
[11:32:24.263] [TRACE] 帧 公告板
[11:32:24.263] [TRACE] 帧 格网
[11:32:24.263] [TRACE] 帧 开始
[11:32:24.264] [TRACE] 帧 格网趟
[11:32:24.264] [TRACE] 帧 场景趟
[11:32:24.264] [TRACE] 帧 高亮趟
[11:32:24.264] [TRACE] 帧 叠加趟
[11:32:24.265] [TRACE] 帧 光标趟
[11:32:24.265] [TRACE] 帧 结束
[11:32:24.271] [TRACE] 帧 公告板
[11:32:24.271] [TRACE] 帧 格网
[11:32:24.271] [TRACE] 帧 开始
[11:32:24.272] [TRACE] 帧 格网趟
[11:32:24.272] [TRACE] 帧 场景趟
[11:32:24.273] [TRACE] 帧 高亮趟
[11:32:24.273] [TRACE] 帧 叠加趟
[11:32:24.273] [TRACE] 帧 光标趟
[11:32:24.273] [TRACE] 帧 结束
[11:32:24.277] [TRACE] 帧 公告板
[11:32:24.277] [TRACE] 帧 格网
[11:32:24.277] [TRACE] 帧 开始
[11:32:24.278] [TRACE] 帧 格网趟
[11:32:24.278] [TRACE] 帧 场景趟
[11:32:24.278] [TRACE] 帧 高亮趟
[11:32:24.278] [TRACE] 帧 叠加趟
[11:32:24.279] [TRACE] 帧 光标趟
[11:32:24.279] [TRACE] 帧 结束
[11:32:24.285] [TRACE] 帧 公告板
[11:32:24.285] [TRACE] 帧 格网
[11:32:24.285] [TRACE] 帧 开始
[11:32:24.285] [TRACE] 帧 格网趟
[11:32:24.286] [TRACE] 帧 场景趟
[11:32:24.286] [TRACE] 帧 高亮趟
[11:32:24.286] [TRACE] 帧 叠加趟
[11:32:24.286] [TRACE] 帧 光标趟
[11:32:24.286] [TRACE] 帧 结束
[11:32:24.291] [TRACE] 帧 公告板
[11:32:24.291] [TRACE] 帧 格网
[11:32:24.291] [TRACE] 帧 开始
[11:32:24.291] [TRACE] 帧 格网趟
[11:32:24.292] [TRACE] 帧 场景趟
[11:32:24.292] [TRACE] 帧 高亮趟
[11:32:24.292] [TRACE] 帧 叠加趟
[11:32:24.292] [TRACE] 帧 光标趟
[11:32:24.293] [TRACE] 帧 结束
[11:32:24.297] [TRACE] 帧 公告板
[11:32:24.298] [TRACE] 帧 格网
[11:32:24.298] [TRACE] 帧 开始
[11:32:24.298] [TRACE] 帧 格网趟
[11:32:24.299] [TRACE] 帧 场景趟
[11:32:24.299] [TRACE] 帧 高亮趟
[11:32:24.299] [TRACE] 帧 叠加趟
[11:32:24.299] [TRACE] 帧 光标趟
[11:32:24.299] [TRACE] 帧 结束
[11:32:24.306] [TRACE] 帧 公告板
[11:32:24.306] [TRACE] 帧 格网
[11:32:24.306] [TRACE] 帧 开始
[11:32:24.307] [TRACE] 帧 格网趟
[11:32:24.307] [TRACE] 帧 场景趟
[11:32:24.307] [TRACE] 帧 高亮趟
[11:32:24.307] [TRACE] 帧 叠加趟
[11:32:24.308] [TRACE] 帧 光标趟
[11:32:24.308] [TRACE] 帧 结束
[11:32:24.312] [TRACE] 帧 公告板
[11:32:24.312] [TRACE] 帧 格网
[11:32:24.312] [TRACE] 帧 开始
[11:32:24.312] [TRACE] 帧 格网趟
[11:32:24.313] [TRACE] 帧 场景趟
[11:32:24.313] [TRACE] 帧 高亮趟
[11:32:24.313] [TRACE] 帧 叠加趟
[11:32:24.313] [TRACE] 帧 光标趟
[11:32:24.313] [TRACE] 帧 结束
[11:32:24.319] [TRACE] 帧 公告板
[11:32:24.320] [TRACE] 帧 格网
[11:32:24.320] [TRACE] 帧 开始
[11:32:24.320] [TRACE] 帧 格网趟
[11:32:24.320] [TRACE] 帧 场景趟
[11:32:24.321] [TRACE] 帧 高亮趟
[11:32:24.321] [TRACE] 帧 叠加趟
[11:32:24.321] [TRACE] 帧 光标趟
[11:32:24.321] [TRACE] 帧 结束
[11:32:24.325] [TRACE] 帧 公告板
[11:32:24.325] [TRACE] 帧 格网
[11:32:24.326] [TRACE] 帧 开始
[11:32:24.326] [TRACE] 帧 格网趟
[11:32:24.326] [TRACE] 帧 场景趟
[11:32:24.326] [TRACE] 帧 高亮趟
[11:32:24.326] [TRACE] 帧 叠加趟
[11:32:24.327] [TRACE] 帧 光标趟
[11:32:24.327] [TRACE] 帧 结束
[11:32:24.333] [TRACE] 帧 公告板
[11:32:24.334] [TRACE] 帧 格网
[11:32:24.334] [TRACE] 帧 开始
[11:32:24.334] [TRACE] 帧 格网趟
[11:32:24.334] [TRACE] 帧 场景趟
[11:32:24.335] [TRACE] 帧 高亮趟
[11:32:24.335] [TRACE] 帧 叠加趟
[11:32:24.335] [TRACE] 帧 光标趟
[11:32:24.335] [TRACE] 帧 结束
[11:32:24.339] [TRACE] 帧 公告板
[11:32:24.339] [TRACE] 帧 格网
[11:32:24.340] [TRACE] 帧 开始
[11:32:24.340] [TRACE] 帧 格网趟
[11:32:24.340] [TRACE] 帧 场景趟
[11:32:24.340] [TRACE] 帧 高亮趟
[11:32:24.341] [TRACE] 帧 叠加趟
[11:32:24.341] [TRACE] 帧 光标趟
[11:32:24.341] [TRACE] 帧 结束
[11:32:24.346] [TRACE] 帧 公告板
[11:32:24.346] [TRACE] 帧 格网
[11:32:24.347] [TRACE] 帧 开始
[11:32:24.347] [TRACE] 帧 格网趟
[11:32:24.347] [TRACE] 帧 场景趟
[11:32:24.347] [TRACE] 帧 高亮趟
[11:32:24.347] [TRACE] 帧 叠加趟
[11:32:24.348] [TRACE] 帧 光标趟
[11:32:24.348] [TRACE] 帧 结束
[11:32:24.354] [TRACE] 帧 公告板
[11:32:24.355] [TRACE] 帧 格网
[11:32:24.355] [TRACE] 帧 开始
[11:32:24.355] [TRACE] 帧 格网趟
[11:32:24.355] [TRACE] 帧 场景趟
[11:32:24.356] [TRACE] 帧 高亮趟
[11:32:24.356] [TRACE] 帧 叠加趟
[11:32:24.356] [TRACE] 帧 光标趟
[11:32:24.356] [TRACE] 帧 结束
[11:32:24.360] [TRACE] 帧 公告板
[11:32:24.361] [TRACE] 帧 格网
[11:32:24.361] [TRACE] 帧 开始
[11:32:24.361] [TRACE] 帧 格网趟
[11:32:24.361] [TRACE] 帧 场景趟
[11:32:24.362] [TRACE] 帧 高亮趟
[11:32:24.362] [TRACE] 帧 叠加趟
[11:32:24.362] [TRACE] 帧 光标趟
[11:32:24.362] [TRACE] 帧 结束
[11:32:24.368] [TRACE] 帧 公告板
[11:32:24.368] [TRACE] 帧 格网
[11:32:24.368] [TRACE] 帧 开始
[11:32:24.368] [TRACE] 帧 格网趟
[11:32:24.369] [TRACE] 帧 场景趟
[11:32:24.369] [TRACE] 帧 高亮趟
[11:32:24.369] [TRACE] 帧 叠加趟
[11:32:24.369] [TRACE] 帧 光标趟
[11:32:24.369] [TRACE] 帧 结束
[11:32:24.374] [TRACE] 帧 公告板
[11:32:24.374] [TRACE] 帧 格网
[11:32:24.374] [TRACE] 帧 开始
[11:32:24.374] [TRACE] 帧 格网趟
[11:32:24.374] [TRACE] 帧 场景趟
[11:32:24.375] [TRACE] 帧 高亮趟
[11:32:24.375] [TRACE] 帧 叠加趟
[11:32:24.375] [TRACE] 帧 光标趟
[11:32:24.375] [TRACE] 帧 结束
[11:32:24.380] [TRACE] 帧 公告板
[11:32:24.381] [TRACE] 帧 格网
[11:32:24.381] [TRACE] 帧 开始
[11:32:24.381] [TRACE] 帧 格网趟
[11:32:24.381] [TRACE] 帧 场景趟
[11:32:24.381] [TRACE] 帧 高亮趟
[11:32:24.382] [TRACE] 帧 叠加趟
[11:32:24.382] [TRACE] 帧 光标趟
[11:32:24.382] [TRACE] 帧 结束
[11:32:24.389] [TRACE] 帧 公告板
[11:32:24.389] [TRACE] 帧 格网
[11:32:24.389] [TRACE] 帧 开始
[11:32:24.389] [TRACE] 帧 格网趟
[11:32:24.390] [TRACE] 帧 场景趟
[11:32:24.390] [TRACE] 帧 高亮趟
[11:32:24.390] [TRACE] 帧 叠加趟
[11:32:24.390] [TRACE] 帧 光标趟
[11:32:24.390] [TRACE] 帧 结束
[11:32:24.394] [TRACE] 帧 公告板
[11:32:24.394] [TRACE] 帧 格网
[11:32:24.395] [TRACE] 帧 开始
[11:32:24.395] [TRACE] 帧 格网趟
[11:32:24.395] [TRACE] 帧 场景趟
[11:32:24.395] [TRACE] 帧 高亮趟
[11:32:24.396] [TRACE] 帧 叠加趟
[11:32:24.396] [TRACE] 帧 光标趟
[11:32:24.396] [TRACE] 帧 结束
[11:32:24.402] [TRACE] 帧 公告板
[11:32:24.403] [TRACE] 帧 格网
[11:32:24.403] [TRACE] 帧 开始
[11:32:24.403] [TRACE] 帧 格网趟
[11:32:24.403] [TRACE] 帧 场景趟
[11:32:24.403] [TRACE] 帧 高亮趟
[11:32:24.403] [TRACE] 帧 叠加趟
[11:32:24.403] [TRACE] 帧 光标趟
[11:32:24.404] [TRACE] 帧 结束
[11:32:24.408] [TRACE] 帧 公告板
[11:32:24.408] [TRACE] 帧 格网
[11:32:24.409] [TRACE] 帧 开始
[11:32:24.409] [TRACE] 帧 格网趟
[11:32:24.409] [TRACE] 帧 场景趟
[11:32:24.409] [TRACE] 帧 高亮趟
[11:32:24.409] [TRACE] 帧 叠加趟
[11:32:24.410] [TRACE] 帧 光标趟
[11:32:24.410] [TRACE] 帧 结束
[11:32:24.417] [TRACE] 帧 公告板
[11:32:24.417] [TRACE] 帧 格网
[11:32:24.417] [TRACE] 帧 开始
[11:32:24.417] [TRACE] 帧 格网趟
[11:32:24.417] [TRACE] 帧 场景趟
[11:32:24.418] [TRACE] 帧 高亮趟
[11:32:24.418] [TRACE] 帧 叠加趟
[11:32:24.418] [TRACE] 帧 光标趟
[11:32:24.418] [TRACE] 帧 结束
[11:32:24.423] [TRACE] 帧 公告板
[11:32:24.424] [TRACE] 帧 格网
[11:32:24.424] [TRACE] 帧 开始
[11:32:24.424] [TRACE] 帧 格网趟
[11:32:24.424] [TRACE] 帧 场景趟
[11:32:24.425] [TRACE] 帧 高亮趟
[11:32:24.425] [TRACE] 帧 叠加趟
[11:32:24.425] [TRACE] 帧 光标趟
[11:32:24.425] [TRACE] 帧 结束
[11:32:24.429] [TRACE] 帧 公告板
[11:32:24.429] [TRACE] 帧 格网
[11:32:24.429] [TRACE] 帧 开始
[11:32:24.430] [TRACE] 帧 格网趟
[11:32:24.430] [TRACE] 帧 场景趟
[11:32:24.430] [TRACE] 帧 高亮趟
[11:32:24.430] [TRACE] 帧 叠加趟
[11:32:24.431] [TRACE] 帧 光标趟
[11:32:24.431] [TRACE] 帧 结束
[11:32:24.437] [TRACE] 帧 公告板
[11:32:24.438] [TRACE] 帧 格网
[11:32:24.438] [TRACE] 帧 开始
[11:32:24.438] [TRACE] 帧 格网趟
[11:32:24.438] [TRACE] 帧 场景趟
[11:32:24.439] [TRACE] 帧 高亮趟
[11:32:24.439] [TRACE] 帧 叠加趟
[11:32:24.439] [TRACE] 帧 光标趟
[11:32:24.439] [TRACE] 帧 结束
[11:32:24.443] [TRACE] 帧 公告板
[11:32:24.444] [TRACE] 帧 格网
[11:32:24.444] [TRACE] 帧 开始
[11:32:24.444] [TRACE] 帧 格网趟
[11:32:24.444] [TRACE] 帧 场景趟
[11:32:24.444] [TRACE] 帧 高亮趟
[11:32:24.444] [TRACE] 帧 叠加趟
[11:32:24.445] [TRACE] 帧 光标趟
[11:32:24.445] [TRACE] 帧 结束
[11:32:24.451] [TRACE] 帧 公告板
[11:32:24.452] [TRACE] 帧 格网
[11:32:24.452] [TRACE] 帧 开始
[11:32:24.452] [TRACE] 帧 格网趟
[11:32:24.453] [TRACE] 帧 场景趟
[11:32:24.453] [TRACE] 帧 高亮趟
[11:32:24.453] [TRACE] 帧 叠加趟
[11:32:24.453] [TRACE] 帧 光标趟
[11:32:24.453] [TRACE] 帧 结束
[11:32:24.457] [TRACE] 帧 公告板
[11:32:24.458] [TRACE] 帧 格网
[11:32:24.458] [TRACE] 帧 开始
[11:32:24.458] [TRACE] 帧 格网趟
[11:32:24.458] [TRACE] 帧 场景趟
[11:32:24.458] [TRACE] 帧 高亮趟
[11:32:24.458] [TRACE] 帧 叠加趟
[11:32:24.459] [TRACE] 帧 光标趟
[11:32:24.459] [TRACE] 帧 结束
[11:32:24.464] [TRACE] 帧 公告板
[11:32:24.465] [TRACE] 帧 格网
[11:32:24.465] [TRACE] 帧 开始
[11:32:24.465] [TRACE] 帧 格网趟
[11:32:24.465] [TRACE] 帧 场景趟
[11:32:24.465] [TRACE] 帧 高亮趟
[11:32:24.466] [TRACE] 帧 叠加趟
[11:32:24.466] [TRACE] 帧 光标趟
[11:32:24.466] [TRACE] 帧 结束
[11:32:24.472] [TRACE] 帧 公告板
[11:32:24.472] [TRACE] 帧 格网
[11:32:24.473] [TRACE] 帧 开始
[11:32:24.473] [TRACE] 帧 格网趟
[11:32:24.473] [TRACE] 帧 场景趟
[11:32:24.473] [TRACE] 帧 高亮趟
[11:32:24.474] [TRACE] 帧 叠加趟
[11:32:24.474] [TRACE] 帧 光标趟
[11:32:24.474] [TRACE] 帧 结束
[11:32:24.478] [TRACE] 帧 公告板
[11:32:24.478] [TRACE] 帧 格网
[11:32:24.478] [TRACE] 帧 开始
[11:32:24.478] [TRACE] 帧 格网趟
[11:32:24.478] [TRACE] 帧 场景趟
[11:32:24.479] [TRACE] 帧 高亮趟
[11:32:24.479] [TRACE] 帧 叠加趟
[11:32:24.479] [TRACE] 帧 光标趟
[11:32:24.479] [TRACE] 帧 结束
[11:32:24.486] [TRACE] 帧 公告板
[11:32:24.486] [TRACE] 帧 格网
[11:32:24.486] [TRACE] 帧 开始
[11:32:24.486] [TRACE] 帧 格网趟
[11:32:24.487] [TRACE] 帧 场景趟
[11:32:24.487] [TRACE] 帧 高亮趟
[11:32:24.487] [TRACE] 帧 叠加趟
[11:32:24.487] [TRACE] 帧 光标趟
[11:32:24.487] [TRACE] 帧 结束
[11:32:24.492] [TRACE] 帧 公告板
[11:32:24.492] [TRACE] 帧 格网
[11:32:24.492] [TRACE] 帧 开始
[11:32:24.492] [TRACE] 帧 格网趟
[11:32:24.493] [TRACE] 帧 场景趟
[11:32:24.493] [TRACE] 帧 高亮趟
[11:32:24.493] [TRACE] 帧 叠加趟
[11:32:24.493] [TRACE] 帧 光标趟
[11:32:24.493] [TRACE] 帧 结束
[11:32:24.499] [TRACE] 帧 公告板
[11:32:24.500] [TRACE] 帧 格网
[11:32:24.500] [TRACE] 帧 开始
[11:32:24.500] [TRACE] 帧 格网趟
[11:32:24.500] [TRACE] 帧 场景趟
[11:32:24.500] [TRACE] 帧 高亮趟
[11:32:24.501] [TRACE] 帧 叠加趟
[11:32:24.501] [TRACE] 帧 光标趟
[11:32:24.501] [TRACE] 帧 结束
[11:32:24.512] [TRACE] 帧 公告板
[11:32:24.513] [TRACE] 帧 格网
[11:32:24.513] [TRACE] 帧 开始
[11:32:24.513] [TRACE] 帧 格网趟
[11:32:24.513] [TRACE] 帧 场景趟
[11:32:24.513] [TRACE] 帧 高亮趟
[11:32:24.513] [TRACE] 帧 叠加趟
[11:32:24.514] [TRACE] 帧 光标趟
[11:32:24.514] [TRACE] 帧 结束
[11:32:24.520] [TRACE] 帧 公告板
[11:32:24.520] [TRACE] 帧 格网
[11:32:24.520] [TRACE] 帧 开始
[11:32:24.521] [TRACE] 帧 格网趟
[11:32:24.521] [TRACE] 帧 场景趟
[11:32:24.521] [TRACE] 帧 高亮趟
[11:32:24.521] [TRACE] 帧 叠加趟
[11:32:24.521] [TRACE] 帧 光标趟
[11:32:24.521] [TRACE] 帧 结束
[11:32:24.527] [TRACE] 帧 公告板
[11:32:24.527] [TRACE] 帧 格网
[11:32:24.527] [TRACE] 帧 开始
[11:32:24.527] [TRACE] 帧 格网趟
[11:32:24.527] [TRACE] 帧 场景趟
[11:32:24.527] [TRACE] 帧 高亮趟
[11:32:24.527] [TRACE] 帧 叠加趟
[11:32:24.528] [TRACE] 帧 光标趟
[11:32:24.528] [TRACE] 帧 结束
[11:32:24.534] [TRACE] 帧 公告板
[11:32:24.534] [TRACE] 帧 格网
[11:32:24.535] [TRACE] 帧 开始
[11:32:24.535] [TRACE] 帧 格网趟
[11:32:24.535] [TRACE] 帧 场景趟
[11:32:24.535] [TRACE] 帧 高亮趟
[11:32:24.535] [TRACE] 帧 叠加趟
[11:32:24.536] [TRACE] 帧 光标趟
[11:32:24.536] [TRACE] 帧 结束
[11:32:24.540] [TRACE] 帧 公告板
[11:32:24.541] [TRACE] 帧 格网
[11:32:24.541] [TRACE] 帧 开始
[11:32:24.541] [TRACE] 帧 格网趟
[11:32:24.541] [TRACE] 帧 场景趟
[11:32:24.542] [TRACE] 帧 高亮趟
[11:32:24.542] [TRACE] 帧 叠加趟
[11:32:24.542] [TRACE] 帧 光标趟
[11:32:24.542] [TRACE] 帧 结束
[11:32:24.548] [TRACE] 帧 公告板
[11:32:24.549] [TRACE] 帧 格网
[11:32:24.549] [TRACE] 帧 开始
[11:32:24.549] [TRACE] 帧 格网趟
[11:32:24.549] [TRACE] 帧 场景趟
[11:32:24.549] [TRACE] 帧 高亮趟
[11:32:24.550] [TRACE] 帧 叠加趟
[11:32:24.550] [TRACE] 帧 光标趟
[11:32:24.550] [TRACE] 帧 结束
[11:32:24.555] [TRACE] 帧 公告板
[11:32:24.556] [TRACE] 帧 格网
[11:32:24.556] [TRACE] 帧 开始
[11:32:24.556] [TRACE] 帧 格网趟
[11:32:24.556] [TRACE] 帧 场景趟
[11:32:24.556] [TRACE] 帧 高亮趟
[11:32:24.557] [TRACE] 帧 叠加趟
[11:32:24.557] [TRACE] 帧 光标趟
[11:32:24.557] [TRACE] 帧 结束
[11:32:24.561] [TRACE] 帧 公告板
[11:32:24.561] [TRACE] 帧 格网
[11:32:24.561] [TRACE] 帧 开始
[11:32:24.562] [TRACE] 帧 格网趟
[11:32:24.562] [TRACE] 帧 场景趟
[11:32:24.562] [TRACE] 帧 高亮趟
[11:32:24.562] [TRACE] 帧 叠加趟
[11:32:24.562] [TRACE] 帧 光标趟
[11:32:24.563] [TRACE] 帧 结束
[11:32:24.570] [TRACE] 帧 公告板
[11:32:24.570] [TRACE] 帧 格网
[11:32:24.570] [TRACE] 帧 开始
[11:32:24.571] [TRACE] 帧 格网趟
[11:32:24.571] [TRACE] 帧 场景趟
[11:32:24.571] [TRACE] 帧 高亮趟
[11:32:24.571] [TRACE] 帧 叠加趟
[11:32:24.571] [TRACE] 帧 光标趟
[11:32:24.572] [TRACE] 帧 结束
[11:32:24.575] [TRACE] 帧 公告板
[11:32:24.575] [TRACE] 帧 格网
[11:32:24.575] [TRACE] 帧 开始
[11:32:24.575] [TRACE] 帧 格网趟
[11:32:24.575] [TRACE] 帧 场景趟
[11:32:24.576] [TRACE] 帧 高亮趟
[11:32:24.576] [TRACE] 帧 叠加趟
[11:32:24.576] [TRACE] 帧 光标趟
[11:32:24.576] [TRACE] 帧 结束
[11:32:24.583] [TRACE] 帧 公告板
[11:32:24.583] [TRACE] 帧 格网
[11:32:24.583] [TRACE] 帧 开始
[11:32:24.583] [TRACE] 帧 格网趟
[11:32:24.583] [TRACE] 帧 场景趟
[11:32:24.584] [TRACE] 帧 高亮趟
[11:32:24.584] [TRACE] 帧 叠加趟
[11:32:24.584] [TRACE] 帧 光标趟
[11:32:24.584] [TRACE] 帧 结束
[11:32:24.589] [TRACE] 帧 公告板
[11:32:24.589] [TRACE] 帧 格网
[11:32:24.589] [TRACE] 帧 开始
[11:32:24.589] [TRACE] 帧 格网趟
[11:32:24.589] [TRACE] 帧 场景趟
[11:32:24.589] [TRACE] 帧 高亮趟
[11:32:24.589] [TRACE] 帧 叠加趟
[11:32:24.589] [TRACE] 帧 光标趟
[11:32:24.590] [TRACE] 帧 结束
[11:32:24.596] [TRACE] 帧 公告板
[11:32:24.596] [TRACE] 帧 格网
[11:32:24.596] [TRACE] 帧 开始
[11:32:24.596] [TRACE] 帧 格网趟
[11:32:24.596] [TRACE] 帧 场景趟
[11:32:24.597] [TRACE] 帧 高亮趟
[11:32:24.597] [TRACE] 帧 叠加趟
[11:32:24.597] [TRACE] 帧 光标趟
[11:32:24.597] [TRACE] 帧 结束
[11:32:24.604] [TRACE] 帧 公告板
[11:32:24.604] [TRACE] 帧 格网
[11:32:24.604] [TRACE] 帧 开始
[11:32:24.604] [TRACE] 帧 格网趟
[11:32:24.605] [TRACE] 帧 场景趟
[11:32:24.605] [TRACE] 帧 高亮趟
[11:32:24.605] [TRACE] 帧 叠加趟
[11:32:24.605] [TRACE] 帧 光标趟
[11:32:24.606] [TRACE] 帧 结束
[11:32:24.610] [TRACE] 帧 公告板
[11:32:24.610] [TRACE] 帧 格网
[11:32:24.610] [TRACE] 帧 开始
[11:32:24.610] [TRACE] 帧 格网趟
[11:32:24.610] [TRACE] 帧 场景趟
[11:32:24.610] [TRACE] 帧 高亮趟
[11:32:24.611] [TRACE] 帧 叠加趟
[11:32:24.611] [TRACE] 帧 光标趟
[11:32:24.611] [TRACE] 帧 结束
[11:32:24.617] [TRACE] 帧 公告板
[11:32:24.617] [TRACE] 帧 格网
[11:32:24.618] [TRACE] 帧 开始
[11:32:24.618] [TRACE] 帧 格网趟
[11:32:24.618] [TRACE] 帧 场景趟
[11:32:24.618] [TRACE] 帧 高亮趟
[11:32:24.618] [TRACE] 帧 叠加趟
[11:32:24.618] [TRACE] 帧 光标趟
[11:32:24.618] [TRACE] 帧 结束
[11:32:24.623] [TRACE] 帧 公告板
[11:32:24.624] [TRACE] 帧 格网
[11:32:24.624] [TRACE] 帧 开始
[11:32:24.624] [TRACE] 帧 格网趟
[11:32:24.624] [TRACE] 帧 场景趟
[11:32:24.625] [TRACE] 帧 高亮趟
[11:32:24.625] [TRACE] 帧 叠加趟
[11:32:24.625] [TRACE] 帧 光标趟
[11:32:24.625] [TRACE] 帧 结束
[11:32:24.631] [TRACE] 帧 公告板
[11:32:24.631] [TRACE] 帧 格网
[11:32:24.632] [TRACE] 帧 开始
[11:32:24.632] [TRACE] 帧 格网趟
[11:32:24.632] [TRACE] 帧 场景趟
[11:32:24.632] [TRACE] 帧 高亮趟
[11:32:24.632] [TRACE] 帧 叠加趟
[11:32:24.633] [TRACE] 帧 光标趟
[11:32:24.633] [TRACE] 帧 结束
[11:32:24.637] [TRACE] 帧 公告板
[11:32:24.638] [TRACE] 帧 格网
[11:32:24.638] [TRACE] 帧 开始
[11:32:24.638] [TRACE] 帧 格网趟
[11:32:24.638] [TRACE] 帧 场景趟
[11:32:24.639] [TRACE] 帧 高亮趟
[11:32:24.639] [TRACE] 帧 叠加趟
[11:32:24.639] [TRACE] 帧 光标趟
[11:32:24.639] [TRACE] 帧 结束
[11:32:24.644] [TRACE] 帧 公告板
[11:32:24.645] [TRACE] 帧 格网
[11:32:24.645] [TRACE] 帧 开始
[11:32:24.645] [TRACE] 帧 格网趟
[11:32:24.645] [TRACE] 帧 场景趟
[11:32:24.646] [TRACE] 帧 高亮趟
[11:32:24.646] [TRACE] 帧 叠加趟
[11:32:24.646] [TRACE] 帧 光标趟
[11:32:24.646] [TRACE] 帧 结束
[11:32:24.653] [TRACE] 帧 公告板
[11:32:24.653] [TRACE] 帧 格网
[11:32:24.653] [TRACE] 帧 开始
[11:32:24.654] [TRACE] 帧 格网趟
[11:32:24.654] [TRACE] 帧 场景趟
[11:32:24.654] [TRACE] 帧 高亮趟
[11:32:24.654] [TRACE] 帧 叠加趟
[11:32:24.654] [TRACE] 帧 光标趟
[11:32:24.655] [TRACE] 帧 结束
[11:32:24.658] [TRACE] 帧 公告板
[11:32:24.658] [TRACE] 帧 格网
[11:32:24.659] [TRACE] 帧 开始
[11:32:24.659] [TRACE] 帧 格网趟
[11:32:24.659] [TRACE] 帧 场景趟
[11:32:24.659] [TRACE] 帧 高亮趟
[11:32:24.659] [TRACE] 帧 叠加趟
[11:32:24.660] [TRACE] 帧 光标趟
[11:32:24.660] [TRACE] 帧 结束
[11:32:24.666] [TRACE] 帧 公告板
[11:32:24.666] [TRACE] 帧 格网
[11:32:24.666] [TRACE] 帧 开始
[11:32:24.667] [TRACE] 帧 格网趟
[11:32:24.667] [TRACE] 帧 场景趟
[11:32:24.667] [TRACE] 帧 高亮趟
[11:32:24.667] [TRACE] 帧 叠加趟
[11:32:24.667] [TRACE] 帧 光标趟
[11:32:24.668] [TRACE] 帧 结束
[11:32:24.672] [TRACE] 帧 公告板
[11:32:24.672] [TRACE] 帧 格网
[11:32:24.672] [TRACE] 帧 开始
[11:32:24.673] [TRACE] 帧 格网趟
[11:32:24.673] [TRACE] 帧 场景趟
[11:32:24.673] [TRACE] 帧 高亮趟
[11:32:24.673] [TRACE] 帧 叠加趟
[11:32:24.673] [TRACE] 帧 光标趟
[11:32:24.673] [TRACE] 帧 结束
[11:32:24.679] [TRACE] 帧 公告板
[11:32:24.679] [TRACE] 帧 格网
[11:32:24.680] [TRACE] 帧 开始
[11:32:24.680] [TRACE] 帧 格网趟
[11:32:24.680] [TRACE] 帧 场景趟
[11:32:24.680] [TRACE] 帧 高亮趟
[11:32:24.680] [TRACE] 帧 叠加趟
[11:32:24.680] [TRACE] 帧 光标趟
[11:32:24.680] [TRACE] 帧 结束
[11:32:24.687] [TRACE] 帧 公告板
[11:32:24.687] [TRACE] 帧 格网
[11:32:24.687] [TRACE] 帧 开始
[11:32:24.687] [TRACE] 帧 格网趟
[11:32:24.688] [TRACE] 帧 场景趟
[11:32:24.688] [TRACE] 帧 高亮趟
[11:32:24.688] [TRACE] 帧 叠加趟
[11:32:24.688] [TRACE] 帧 光标趟
[11:32:24.688] [TRACE] 帧 结束
[11:32:24.693] [TRACE] 帧 公告板
[11:32:24.693] [TRACE] 帧 格网
[11:32:24.694] [TRACE] 帧 开始
[11:32:24.694] [TRACE] 帧 格网趟
[11:32:24.694] [TRACE] 帧 场景趟
[11:32:24.694] [TRACE] 帧 高亮趟
[11:32:24.694] [TRACE] 帧 叠加趟
[11:32:24.694] [TRACE] 帧 光标趟
[11:32:24.694] [TRACE] 帧 结束
[11:32:24.701] [TRACE] 帧 公告板
[11:32:24.701] [TRACE] 帧 格网
[11:32:24.701] [TRACE] 帧 开始
[11:32:24.702] [TRACE] 帧 格网趟
[11:32:24.702] [TRACE] 帧 场景趟
[11:32:24.702] [TRACE] 帧 高亮趟
[11:32:24.702] [TRACE] 帧 叠加趟
[11:32:24.702] [TRACE] 帧 光标趟
[11:32:24.702] [TRACE] 帧 结束
[11:32:24.707] [TRACE] 帧 公告板
[11:32:24.707] [TRACE] 帧 格网
[11:32:24.708] [TRACE] 帧 开始
[11:32:24.708] [TRACE] 帧 格网趟
[11:32:24.708] [TRACE] 帧 场景趟
[11:32:24.708] [TRACE] 帧 高亮趟
[11:32:24.708] [TRACE] 帧 叠加趟
[11:32:24.708] [TRACE] 帧 光标趟
[11:32:24.708] [TRACE] 帧 结束
[11:32:24.715] [TRACE] 帧 公告板
[11:32:24.715] [TRACE] 帧 格网
[11:32:24.716] [TRACE] 帧 开始
[11:32:24.716] [TRACE] 帧 格网趟
[11:32:24.717] [TRACE] 帧 场景趟
[11:32:24.717] [TRACE] 帧 高亮趟
[11:32:24.717] [TRACE] 帧 叠加趟
[11:32:24.717] [TRACE] 帧 光标趟
[11:32:24.717] [TRACE] 帧 结束
[11:32:24.721] [TRACE] 帧 公告板
[11:32:24.721] [TRACE] 帧 格网
[11:32:24.722] [TRACE] 帧 开始
[11:32:24.722] [TRACE] 帧 格网趟
[11:32:24.722] [TRACE] 帧 场景趟
[11:32:24.722] [TRACE] 帧 高亮趟
[11:32:24.722] [TRACE] 帧 叠加趟
[11:32:24.722] [TRACE] 帧 光标趟
[11:32:24.722] [TRACE] 帧 结束
[11:32:24.728] [TRACE] 帧 公告板
[11:32:24.728] [TRACE] 帧 格网
[11:32:24.728] [TRACE] 帧 开始
[11:32:24.729] [TRACE] 帧 格网趟
[11:32:24.729] [TRACE] 帧 场景趟
[11:32:24.729] [TRACE] 帧 高亮趟
[11:32:24.729] [TRACE] 帧 叠加趟
[11:32:24.729] [TRACE] 帧 光标趟
[11:32:24.729] [TRACE] 帧 结束
[11:32:24.736] [TRACE] 帧 公告板
[11:32:24.736] [TRACE] 帧 格网
[11:32:24.736] [TRACE] 帧 开始
[11:32:24.737] [TRACE] 帧 格网趟
[11:32:24.737] [TRACE] 帧 场景趟
[11:32:24.737] [TRACE] 帧 高亮趟
[11:32:24.737] [TRACE] 帧 叠加趟
[11:32:24.737] [TRACE] 帧 光标趟
[11:32:24.737] [TRACE] 帧 结束
[11:32:24.741] [TRACE] 帧 公告板
[11:32:24.742] [TRACE] 帧 格网
[11:32:24.742] [TRACE] 帧 开始
[11:32:24.742] [TRACE] 帧 格网趟
[11:32:24.742] [TRACE] 帧 场景趟
[11:32:24.743] [TRACE] 帧 高亮趟
[11:32:24.743] [TRACE] 帧 叠加趟
[11:32:24.743] [TRACE] 帧 光标趟
[11:32:24.743] [TRACE] 帧 结束
[11:32:24.749] [TRACE] 帧 公告板
[11:32:24.750] [TRACE] 帧 格网
[11:32:24.750] [TRACE] 帧 开始
[11:32:24.750] [TRACE] 帧 格网趟
[11:32:24.750] [TRACE] 帧 场景趟
[11:32:24.750] [TRACE] 帧 高亮趟
[11:32:24.750] [TRACE] 帧 叠加趟
[11:32:24.750] [TRACE] 帧 光标趟
[11:32:24.751] [TRACE] 帧 结束
[11:32:24.756] [TRACE] 帧 公告板
[11:32:24.756] [TRACE] 帧 格网
[11:32:24.756] [TRACE] 帧 开始
[11:32:24.756] [TRACE] 帧 格网趟
[11:32:24.756] [TRACE] 帧 场景趟
[11:32:24.756] [TRACE] 帧 高亮趟
[11:32:24.756] [TRACE] 帧 叠加趟
[11:32:24.756] [TRACE] 帧 光标趟
[11:32:24.757] [TRACE] 帧 结束
[11:32:24.763] [TRACE] 帧 公告板
[11:32:24.763] [TRACE] 帧 格网
[11:32:24.763] [TRACE] 帧 开始
[11:32:24.763] [TRACE] 帧 格网趟
[11:32:24.763] [TRACE] 帧 场景趟
[11:32:24.763] [TRACE] 帧 高亮趟
[11:32:24.764] [TRACE] 帧 叠加趟
[11:32:24.764] [TRACE] 帧 光标趟
[11:32:24.764] [TRACE] 帧 结束
[11:32:24.770] [TRACE] 帧 公告板
[11:32:24.771] [TRACE] 帧 格网
[11:32:24.771] [TRACE] 帧 开始
[11:32:24.771] [TRACE] 帧 格网趟
[11:32:24.771] [TRACE] 帧 场景趟
[11:32:24.771] [TRACE] 帧 高亮趟
[11:32:24.771] [TRACE] 帧 叠加趟
[11:32:24.771] [TRACE] 帧 光标趟
[11:32:24.771] [TRACE] 帧 结束
[11:32:24.777] [TRACE] 帧 公告板
[11:32:24.777] [TRACE] 帧 格网
[11:32:24.777] [TRACE] 帧 开始
[11:32:24.777] [TRACE] 帧 格网趟
[11:32:24.777] [TRACE] 帧 场景趟
[11:32:24.778] [TRACE] 帧 高亮趟
[11:32:24.778] [TRACE] 帧 叠加趟
[11:32:24.778] [TRACE] 帧 光标趟
[11:32:24.778] [TRACE] 帧 结束
[11:32:24.784] [TRACE] 帧 公告板
[11:32:24.784] [TRACE] 帧 格网
[11:32:24.784] [TRACE] 帧 开始
[11:32:24.785] [TRACE] 帧 格网趟
[11:32:24.785] [TRACE] 帧 场景趟
[11:32:24.785] [TRACE] 帧 高亮趟
[11:32:24.785] [TRACE] 帧 叠加趟
[11:32:24.786] [TRACE] 帧 光标趟
[11:32:24.786] [TRACE] 帧 结束
[11:32:24.791] [TRACE] 帧 公告板
[11:32:24.791] [TRACE] 帧 格网
[11:32:24.791] [TRACE] 帧 开始
[11:32:24.792] [TRACE] 帧 格网趟
[11:32:24.792] [TRACE] 帧 场景趟
[11:32:24.792] [TRACE] 帧 高亮趟
[11:32:24.792] [TRACE] 帧 叠加趟
[11:32:24.792] [TRACE] 帧 光标趟
[11:32:24.793] [TRACE] 帧 结束
[11:32:24.798] [TRACE] 帧 公告板
[11:32:24.799] [TRACE] 帧 格网
[11:32:24.799] [TRACE] 帧 开始
[11:32:24.799] [TRACE] 帧 格网趟
[11:32:24.799] [TRACE] 帧 场景趟
[11:32:24.799] [TRACE] 帧 高亮趟
[11:32:24.800] [TRACE] 帧 叠加趟
[11:32:24.800] [TRACE] 帧 光标趟
[11:32:24.800] [TRACE] 帧 结束
[11:32:24.804] [TRACE] 帧 公告板
[11:32:24.805] [TRACE] 帧 格网
[11:32:24.805] [TRACE] 帧 开始
[11:32:24.805] [TRACE] 帧 格网趟
[11:32:24.805] [TRACE] 帧 场景趟
[11:32:24.805] [TRACE] 帧 高亮趟
[11:32:24.806] [TRACE] 帧 叠加趟
[11:32:24.806] [TRACE] 帧 光标趟
[11:32:24.806] [TRACE] 帧 结束
[11:32:24.811] [TRACE] 帧 公告板
[11:32:24.812] [TRACE] 帧 格网
[11:32:24.812] [TRACE] 帧 开始
[11:32:24.812] [TRACE] 帧 格网趟
[11:32:24.812] [TRACE] 帧 场景趟
[11:32:24.813] [TRACE] 帧 高亮趟
[11:32:24.813] [TRACE] 帧 叠加趟
[11:32:24.813] [TRACE] 帧 光标趟
[11:32:24.813] [TRACE] 帧 结束
[11:32:24.819] [TRACE] 帧 公告板
[11:32:24.820] [TRACE] 帧 格网
[11:32:24.820] [TRACE] 帧 开始
[11:32:24.820] [TRACE] 帧 格网趟
[11:32:24.820] [TRACE] 帧 场景趟
[11:32:24.821] [TRACE] 帧 高亮趟
[11:32:24.821] [TRACE] 帧 叠加趟
[11:32:24.821] [TRACE] 帧 光标趟
[11:32:24.821] [TRACE] 帧 结束
[11:32:24.825] [TRACE] 帧 公告板
[11:32:24.826] [TRACE] 帧 格网
[11:32:24.826] [TRACE] 帧 开始
[11:32:24.826] [TRACE] 帧 格网趟
[11:32:24.826] [TRACE] 帧 场景趟
[11:32:24.826] [TRACE] 帧 高亮趟
[11:32:24.827] [TRACE] 帧 叠加趟
[11:32:24.827] [TRACE] 帧 光标趟
[11:32:24.827] [TRACE] 帧 结束
[11:32:24.833] [TRACE] 帧 公告板
[11:32:24.834] [TRACE] 帧 格网
[11:32:24.834] [TRACE] 帧 开始
[11:32:24.834] [TRACE] 帧 格网趟
[11:32:24.834] [TRACE] 帧 场景趟
[11:32:24.835] [TRACE] 帧 高亮趟
[11:32:24.835] [TRACE] 帧 叠加趟
[11:32:24.835] [TRACE] 帧 光标趟
[11:32:24.835] [TRACE] 帧 结束
[11:32:24.840] [TRACE] 帧 公告板
[11:32:24.840] [TRACE] 帧 格网
[11:32:24.840] [TRACE] 帧 开始
[11:32:24.841] [TRACE] 帧 格网趟
[11:32:24.841] [TRACE] 帧 场景趟
[11:32:24.841] [TRACE] 帧 高亮趟
[11:32:24.841] [TRACE] 帧 叠加趟
[11:32:24.841] [TRACE] 帧 光标趟
[11:32:24.842] [TRACE] 帧 结束
[11:32:24.846] [TRACE] 帧 公告板
[11:32:24.846] [TRACE] 帧 格网
[11:32:24.846] [TRACE] 帧 开始
[11:32:24.847] [TRACE] 帧 格网趟
[11:32:24.847] [TRACE] 帧 场景趟
[11:32:24.847] [TRACE] 帧 高亮趟
[11:32:24.847] [TRACE] 帧 叠加趟
[11:32:24.847] [TRACE] 帧 光标趟
[11:32:24.848] [TRACE] 帧 结束
[11:32:24.854] [TRACE] 帧 公告板
[11:32:24.855] [TRACE] 帧 格网
[11:32:24.855] [TRACE] 帧 开始
[11:32:24.855] [TRACE] 帧 格网趟
[11:32:24.855] [TRACE] 帧 场景趟
[11:32:24.856] [TRACE] 帧 高亮趟
[11:32:24.856] [TRACE] 帧 叠加趟
[11:32:24.856] [TRACE] 帧 光标趟
[11:32:24.856] [TRACE] 帧 结束
[11:32:24.860] [TRACE] 帧 公告板
[11:32:24.861] [TRACE] 帧 格网
[11:32:24.861] [TRACE] 帧 开始
[11:32:24.861] [TRACE] 帧 格网趟
[11:32:24.861] [TRACE] 帧 场景趟
[11:32:24.861] [TRACE] 帧 高亮趟
[11:32:24.862] [TRACE] 帧 叠加趟
[11:32:24.862] [TRACE] 帧 光标趟
[11:32:24.862] [TRACE] 帧 结束
[11:32:24.868] [TRACE] 帧 公告板
[11:32:24.868] [TRACE] 帧 格网
[11:32:24.868] [TRACE] 帧 开始
[11:32:24.869] [TRACE] 帧 格网趟
[11:32:24.869] [TRACE] 帧 场景趟
[11:32:24.869] [TRACE] 帧 高亮趟
[11:32:24.869] [TRACE] 帧 叠加趟
[11:32:24.870] [TRACE] 帧 光标趟
[11:32:24.870] [TRACE] 帧 结束
[11:32:24.874] [TRACE] 帧 公告板
[11:32:24.874] [TRACE] 帧 格网
[11:32:24.875] [TRACE] 帧 开始
[11:32:24.875] [TRACE] 帧 格网趟
[11:32:24.875] [TRACE] 帧 场景趟
[11:32:24.875] [TRACE] 帧 高亮趟
[11:32:24.875] [TRACE] 帧 叠加趟
[11:32:24.876] [TRACE] 帧 光标趟
[11:32:24.876] [TRACE] 帧 结束
[11:32:24.882] [TRACE] 帧 公告板
[11:32:24.882] [TRACE] 帧 格网
[11:32:24.882] [TRACE] 帧 开始
[11:32:24.882] [TRACE] 帧 格网趟
[11:32:24.883] [TRACE] 帧 场景趟
[11:32:24.883] [TRACE] 帧 高亮趟
[11:32:24.883] [TRACE] 帧 叠加趟
[11:32:24.883] [TRACE] 帧 光标趟
[11:32:24.883] [TRACE] 帧 结束
[11:32:24.888] [TRACE] 帧 公告板
[11:32:24.888] [TRACE] 帧 格网
[11:32:24.888] [TRACE] 帧 开始
[11:32:24.889] [TRACE] 帧 格网趟
[11:32:24.889] [TRACE] 帧 场景趟
[11:32:24.889] [TRACE] 帧 高亮趟
[11:32:24.889] [TRACE] 帧 叠加趟
[11:32:24.890] [TRACE] 帧 光标趟
[11:32:24.890] [TRACE] 帧 结束
[11:32:24.895] [TRACE] 帧 公告板
[11:32:24.895] [TRACE] 帧 格网
[11:32:24.896] [TRACE] 帧 开始
[11:32:24.896] [TRACE] 帧 格网趟
[11:32:24.896] [TRACE] 帧 场景趟
[11:32:24.896] [TRACE] 帧 高亮趟
[11:32:24.897] [TRACE] 帧 叠加趟
[11:32:24.897] [TRACE] 帧 光标趟
[11:32:24.897] [TRACE] 帧 结束
[11:32:24.904] [TRACE] 帧 公告板
[11:32:24.904] [TRACE] 帧 格网
[11:32:24.904] [TRACE] 帧 开始
[11:32:24.904] [TRACE] 帧 格网趟
[11:32:24.905] [TRACE] 帧 场景趟
[11:32:24.905] [TRACE] 帧 高亮趟
[11:32:24.905] [TRACE] 帧 叠加趟
[11:32:24.905] [TRACE] 帧 光标趟
[11:32:24.906] [TRACE] 帧 结束
[11:32:24.910] [TRACE] 帧 公告板
[11:32:24.911] [TRACE] 帧 格网
[11:32:24.911] [TRACE] 帧 开始
[11:32:24.911] [TRACE] 帧 格网趟
[11:32:24.911] [TRACE] 帧 场景趟
[11:32:24.912] [TRACE] 帧 高亮趟
[11:32:24.912] [TRACE] 帧 叠加趟
[11:32:24.912] [TRACE] 帧 光标趟
[11:32:24.912] [TRACE] 帧 结束
[11:32:24.917] [TRACE] 帧 公告板
[11:32:24.917] [TRACE] 帧 格网
[11:32:24.917] [TRACE] 帧 开始
[11:32:24.918] [TRACE] 帧 格网趟
[11:32:24.918] [TRACE] 帧 场景趟
[11:32:24.918] [TRACE] 帧 高亮趟
[11:32:24.918] [TRACE] 帧 叠加趟
[11:32:24.918] [TRACE] 帧 光标趟
[11:32:24.918] [TRACE] 帧 结束
[11:32:24.923] [TRACE] 帧 公告板
[11:32:24.923] [TRACE] 帧 格网
[11:32:24.923] [TRACE] 帧 开始
[11:32:24.923] [TRACE] 帧 格网趟
[11:32:24.923] [TRACE] 帧 场景趟
[11:32:24.924] [TRACE] 帧 高亮趟
[11:32:24.924] [TRACE] 帧 叠加趟
[11:32:24.924] [TRACE] 帧 光标趟
[11:32:24.924] [TRACE] 帧 结束
[11:32:24.930] [TRACE] 帧 公告板
[11:32:24.930] [TRACE] 帧 格网
[11:32:24.930] [TRACE] 帧 开始
[11:32:24.930] [TRACE] 帧 格网趟
[11:32:24.931] [TRACE] 帧 场景趟
[11:32:24.931] [TRACE] 帧 高亮趟
[11:32:24.931] [TRACE] 帧 叠加趟
[11:32:24.931] [TRACE] 帧 光标趟
[11:32:24.932] [TRACE] 帧 结束
[11:32:24.937] [TRACE] 帧 公告板
[11:32:24.938] [TRACE] 帧 格网
[11:32:24.938] [TRACE] 帧 开始
[11:32:24.938] [TRACE] 帧 格网趟
[11:32:24.939] [TRACE] 帧 场景趟
[11:32:24.939] [TRACE] 帧 高亮趟
[11:32:24.939] [TRACE] 帧 叠加趟
[11:32:24.939] [TRACE] 帧 光标趟
[11:32:24.940] [TRACE] 帧 结束
[11:32:24.944] [TRACE] 帧 公告板
[11:32:24.944] [TRACE] 帧 格网
[11:32:24.944] [TRACE] 帧 开始
[11:32:24.945] [TRACE] 帧 格网趟
[11:32:24.945] [TRACE] 帧 场景趟
[11:32:24.945] [TRACE] 帧 高亮趟
[11:32:24.945] [TRACE] 帧 叠加趟
[11:32:24.946] [TRACE] 帧 光标趟
[11:32:24.946] [TRACE] 帧 结束
[11:32:24.951] [TRACE] 帧 公告板
[11:32:24.952] [TRACE] 帧 格网
[11:32:24.952] [TRACE] 帧 开始
[11:32:24.952] [TRACE] 帧 格网趟
[11:32:24.953] [TRACE] 帧 场景趟
[11:32:24.953] [TRACE] 帧 高亮趟
[11:32:24.953] [TRACE] 帧 叠加趟
[11:32:24.953] [TRACE] 帧 光标趟
[11:32:24.953] [TRACE] 帧 结束
[11:32:24.958] [TRACE] 帧 公告板
[11:32:24.958] [TRACE] 帧 格网
[11:32:24.958] [TRACE] 帧 开始
[11:32:24.958] [TRACE] 帧 格网趟
[11:32:24.959] [TRACE] 帧 场景趟
[11:32:24.959] [TRACE] 帧 高亮趟
[11:32:24.959] [TRACE] 帧 叠加趟
[11:32:24.959] [TRACE] 帧 光标趟
[11:32:24.959] [TRACE] 帧 结束
[11:32:24.965] [TRACE] 帧 公告板
[11:32:24.965] [TRACE] 帧 格网
[11:32:24.966] [TRACE] 帧 开始
[11:32:24.966] [TRACE] 帧 格网趟
[11:32:24.966] [TRACE] 帧 场景趟
[11:32:24.966] [TRACE] 帧 高亮趟
[11:32:24.966] [TRACE] 帧 叠加趟
[11:32:24.966] [TRACE] 帧 光标趟
[11:32:24.967] [TRACE] 帧 结束
[11:32:24.973] [TRACE] 帧 公告板
[11:32:24.973] [TRACE] 帧 格网
[11:32:24.973] [TRACE] 帧 开始
[11:32:24.973] [TRACE] 帧 格网趟
[11:32:24.974] [TRACE] 帧 场景趟
[11:32:24.974] [TRACE] 帧 高亮趟
[11:32:24.974] [TRACE] 帧 叠加趟
[11:32:24.974] [TRACE] 帧 光标趟
[11:32:24.974] [TRACE] 帧 结束
[11:32:24.978] [TRACE] 帧 公告板
[11:32:24.979] [TRACE] 帧 格网
[11:32:24.979] [TRACE] 帧 开始
[11:32:24.979] [TRACE] 帧 格网趟
[11:32:24.979] [TRACE] 帧 场景趟
[11:32:24.980] [TRACE] 帧 高亮趟
[11:32:24.980] [TRACE] 帧 叠加趟
[11:32:24.980] [TRACE] 帧 光标趟
[11:32:24.980] [TRACE] 帧 结束
[11:32:24.987] [TRACE] 帧 公告板
[11:32:24.987] [TRACE] 帧 格网
[11:32:24.987] [TRACE] 帧 开始
[11:32:24.987] [TRACE] 帧 格网趟
[11:32:24.988] [TRACE] 帧 场景趟
[11:32:24.988] [TRACE] 帧 高亮趟
[11:32:24.988] [TRACE] 帧 叠加趟
[11:32:24.988] [TRACE] 帧 光标趟
[11:32:24.989] [TRACE] 帧 结束
[11:32:24.992] [TRACE] 帧 公告板
[11:32:24.992] [TRACE] 帧 格网
[11:32:24.992] [TRACE] 帧 开始
[11:32:24.993] [TRACE] 帧 格网趟
[11:32:24.993] [TRACE] 帧 场景趟
[11:32:24.993] [TRACE] 帧 高亮趟
[11:32:24.993] [TRACE] 帧 叠加趟
[11:32:24.994] [TRACE] 帧 光标趟
[11:32:24.994] [TRACE] 帧 结束
[11:32:25.000] [TRACE] 帧 公告板
[11:32:25.000] [TRACE] 帧 格网
[11:32:25.000] [TRACE] 帧 开始
[11:32:25.001] [TRACE] 帧 格网趟
[11:32:25.002] [TRACE] 帧 场景趟
[11:32:25.002] [TRACE] 帧 高亮趟
[11:32:25.003] [TRACE] 帧 叠加趟
[11:32:25.003] [TRACE] 帧 光标趟
[11:32:25.003] [TRACE] 帧 结束
[11:32:25.006] [TRACE] 帧 公告板
[11:32:25.006] [TRACE] 帧 格网
[11:32:25.007] [TRACE] 帧 开始
[11:32:25.007] [TRACE] 帧 格网趟
[11:32:25.007] [TRACE] 帧 场景趟
[11:32:25.007] [TRACE] 帧 高亮趟
[11:32:25.008] [TRACE] 帧 叠加趟
[11:32:25.008] [TRACE] 帧 光标趟
[11:32:25.008] [TRACE] 帧 结束
[11:32:25.013] [TRACE] 帧 公告板
[11:32:25.013] [TRACE] 帧 格网
[11:32:25.013] [TRACE] 帧 开始
[11:32:25.014] [TRACE] 帧 格网趟
[11:32:25.014] [TRACE] 帧 场景趟
[11:32:25.014] [TRACE] 帧 高亮趟
[11:32:25.014] [TRACE] 帧 叠加趟
[11:32:25.015] [TRACE] 帧 光标趟
[11:32:25.015] [TRACE] 帧 结束
[11:32:25.021] [TRACE] 帧 公告板
[11:32:25.024] [TRACE] 帧 格网
[11:32:25.024] [TRACE] 帧 开始
[11:32:25.025] [TRACE] 帧 格网趟
[11:32:25.025] [TRACE] 帧 场景趟
[11:32:25.025] [TRACE] 帧 高亮趟
[11:32:25.026] [TRACE] 帧 叠加趟
[11:32:25.026] [TRACE] 帧 光标趟
[11:32:25.026] [TRACE] 帧 结束
[11:32:25.027] [TRACE] 帧 公告板
[11:32:25.028] [TRACE] 帧 格网
[11:32:25.028] [TRACE] 帧 开始
[11:32:25.028] [TRACE] 帧 格网趟
[11:32:25.029] [TRACE] 帧 场景趟
[11:32:25.029] [TRACE] 帧 高亮趟
[11:32:25.029] [TRACE] 帧 叠加趟
[11:32:25.029] [TRACE] 帧 光标趟
[11:32:25.029] [TRACE] 帧 结束
[11:32:25.035] [TRACE] 帧 公告板
[11:32:25.035] [TRACE] 帧 格网
[11:32:25.035] [TRACE] 帧 开始
[11:32:25.035] [TRACE] 帧 格网趟
[11:32:25.035] [TRACE] 帧 场景趟
[11:32:25.035] [TRACE] 帧 高亮趟
[11:32:25.036] [TRACE] 帧 叠加趟
[11:32:25.036] [TRACE] 帧 光标趟
[11:32:25.036] [TRACE] 帧 结束
[11:32:25.041] [TRACE] 帧 公告板
[11:32:25.041] [TRACE] 帧 格网
[11:32:25.041] [TRACE] 帧 开始
[11:32:25.041] [TRACE] 帧 格网趟
[11:32:25.042] [TRACE] 帧 场景趟
[11:32:25.042] [TRACE] 帧 高亮趟
[11:32:25.042] [TRACE] 帧 叠加趟
[11:32:25.042] [TRACE] 帧 光标趟
[11:32:25.043] [TRACE] 帧 结束
[11:32:25.048] [TRACE] 帧 公告板
[11:32:25.049] [TRACE] 帧 格网
[11:32:25.049] [TRACE] 帧 开始
[11:32:25.049] [TRACE] 帧 格网趟
[11:32:25.050] [TRACE] 帧 场景趟
[11:32:25.050] [TRACE] 帧 高亮趟
[11:32:25.050] [TRACE] 帧 叠加趟
[11:32:25.050] [TRACE] 帧 光标趟
[11:32:25.051] [TRACE] 帧 结束
[11:32:25.055] [TRACE] 帧 公告板
[11:32:25.055] [TRACE] 帧 格网
[11:32:25.055] [TRACE] 帧 开始
[11:32:25.055] [TRACE] 帧 格网趟
[11:32:25.055] [TRACE] 帧 场景趟
[11:32:25.056] [TRACE] 帧 高亮趟
[11:32:25.056] [TRACE] 帧 叠加趟
[11:32:25.056] [TRACE] 帧 光标趟
[11:32:25.056] [TRACE] 帧 结束
[11:32:25.062] [TRACE] 帧 公告板
[11:32:25.062] [TRACE] 帧 格网
[11:32:25.062] [TRACE] 帧 开始
[11:32:25.063] [TRACE] 帧 格网趟
[11:32:25.063] [TRACE] 帧 场景趟
[11:32:25.063] [TRACE] 帧 高亮趟
[11:32:25.063] [TRACE] 帧 叠加趟
[11:32:25.063] [TRACE] 帧 光标趟
[11:32:25.064] [TRACE] 帧 结束
[2026-09-15 11:32:25] [自检] +4s  状态栏「标注编辑：已进入编辑模式，可拖动蓝色节点调整高度，或在右侧特性面板修改  [自检鼠标 双击 (60,35) 屏幕(881,508) 拖拽=False 框选=False 编辑框=无 选集: 对齐标注]」
[11:32:25.070] [TRACE] 帧 公告板
[11:32:25.070] [TRACE] 帧 格网
[11:32:25.070] [TRACE] 帧 开始
[11:32:25.071] [TRACE] 帧 格网趟
[11:32:25.071] [TRACE] 帧 场景趟
[11:32:25.071] [TRACE] 帧 高亮趟
[11:32:25.071] [TRACE] 帧 叠加趟
[11:32:25.071] [TRACE] 帧 光标趟
[11:32:25.071] [TRACE] 帧 结束
[11:32:25.075] [TRACE] 帧 公告板
[11:32:25.076] [TRACE] 帧 格网
[11:32:25.076] [TRACE] 帧 开始
[11:32:25.076] [TRACE] 帧 格网趟
[11:32:25.076] [TRACE] 帧 场景趟
[11:32:25.076] [TRACE] 帧 高亮趟
[11:32:25.077] [TRACE] 帧 叠加趟
[11:32:25.077] [TRACE] 帧 光标趟
[11:32:25.077] [TRACE] 帧 结束
[11:32:25.083] [TRACE] 帧 公告板
[11:32:25.084] [TRACE] 帧 格网
[11:32:25.084] [TRACE] 帧 开始
[11:32:25.084] [TRACE] 帧 格网趟
[11:32:25.084] [TRACE] 帧 场景趟
[11:32:25.085] [TRACE] 帧 高亮趟
[11:32:25.085] [TRACE] 帧 叠加趟
[11:32:25.085] [TRACE] 帧 光标趟
[11:32:25.085] [TRACE] 帧 结束
[11:32:25.089] [TRACE] 帧 公告板
[11:32:25.090] [TRACE] 帧 格网
[11:32:25.090] [TRACE] 帧 开始
[11:32:25.090] [TRACE] 帧 格网趟
[11:32:25.090] [TRACE] 帧 场景趟
[11:32:25.090] [TRACE] 帧 高亮趟
[11:32:25.090] [TRACE] 帧 叠加趟
[11:32:25.091] [TRACE] 帧 光标趟
[11:32:25.091] [TRACE] 帧 结束
[11:32:25.097] [TRACE] 帧 公告板
[11:32:25.097] [TRACE] 帧 格网
[11:32:25.097] [TRACE] 帧 开始
[11:32:25.097] [TRACE] 帧 格网趟
[11:32:25.097] [TRACE] 帧 场景趟
[11:32:25.098] [TRACE] 帧 高亮趟
[11:32:25.098] [TRACE] 帧 叠加趟
[11:32:25.098] [TRACE] 帧 光标趟
[11:32:25.098] [TRACE] 帧 结束
[11:32:25.104] [TRACE] 帧 公告板
[11:32:25.105] [TRACE] 帧 格网
[11:32:25.105] [TRACE] 帧 开始
[11:32:25.105] [TRACE] 帧 格网趟
[11:32:25.105] [TRACE] 帧 场景趟
[11:32:25.105] [TRACE] 帧 高亮趟
[11:32:25.105] [TRACE] 帧 叠加趟
[11:32:25.105] [TRACE] 帧 光标趟
[11:32:25.106] [TRACE] 帧 结束
[11:32:25.111] [TRACE] 帧 公告板
[11:32:25.111] [TRACE] 帧 格网
[11:32:25.111] [TRACE] 帧 开始
[11:32:25.111] [TRACE] 帧 格网趟
[11:32:25.111] [TRACE] 帧 场景趟
[11:32:25.111] [TRACE] 帧 高亮趟
[11:32:25.112] [TRACE] 帧 叠加趟
[11:32:25.112] [TRACE] 帧 光标趟
[11:32:25.112] [TRACE] 帧 结束
[11:32:25.118] [TRACE] 帧 公告板
[11:32:25.118] [TRACE] 帧 格网
[11:32:25.118] [TRACE] 帧 开始
[11:32:25.119] [TRACE] 帧 格网趟
[11:32:25.119] [TRACE] 帧 场景趟
[11:32:25.119] [TRACE] 帧 高亮趟
[11:32:25.119] [TRACE] 帧 叠加趟
[11:32:25.119] [TRACE] 帧 光标趟
[11:32:25.120] [TRACE] 帧 结束
[11:32:25.124] [TRACE] 帧 公告板
[11:32:25.124] [TRACE] 帧 格网
[11:32:25.124] [TRACE] 帧 开始
[11:32:25.125] [TRACE] 帧 格网趟
[11:32:25.125] [TRACE] 帧 场景趟
[11:32:25.125] [TRACE] 帧 高亮趟
[11:32:25.125] [TRACE] 帧 叠加趟
[11:32:25.125] [TRACE] 帧 光标趟
[11:32:25.125] [TRACE] 帧 结束
[11:32:25.132] [TRACE] 帧 公告板
[11:32:25.132] [TRACE] 帧 格网
[11:32:25.132] [TRACE] 帧 开始
[11:32:25.132] [TRACE] 帧 格网趟
[11:32:25.133] [TRACE] 帧 场景趟
[11:32:25.133] [TRACE] 帧 高亮趟
[11:32:25.133] [TRACE] 帧 叠加趟
[11:32:25.133] [TRACE] 帧 光标趟
[11:32:25.134] [TRACE] 帧 结束
[11:32:25.138] [TRACE] 帧 公告板
[11:32:25.138] [TRACE] 帧 格网
[11:32:25.139] [TRACE] 帧 开始
[11:32:25.139] [TRACE] 帧 格网趟
[11:32:25.139] [TRACE] 帧 场景趟
[11:32:25.139] [TRACE] 帧 高亮趟
[11:32:25.139] [TRACE] 帧 叠加趟
[11:32:25.139] [TRACE] 帧 光标趟
[11:32:25.140] [TRACE] 帧 结束
[11:32:25.145] [TRACE] 帧 公告板
[11:32:25.145] [TRACE] 帧 格网
[11:32:25.145] [TRACE] 帧 开始
[11:32:25.146] [TRACE] 帧 格网趟
[11:32:25.146] [TRACE] 帧 场景趟
[11:32:25.146] [TRACE] 帧 高亮趟
[11:32:25.146] [TRACE] 帧 叠加趟
[11:32:25.146] [TRACE] 帧 光标趟
[11:32:25.146] [TRACE] 帧 结束
[11:32:25.153] [TRACE] 帧 公告板
[11:32:25.154] [TRACE] 帧 格网
[11:32:25.154] [TRACE] 帧 开始
[11:32:25.154] [TRACE] 帧 格网趟
[11:32:25.154] [TRACE] 帧 场景趟
[11:32:25.155] [TRACE] 帧 高亮趟
[11:32:25.155] [TRACE] 帧 叠加趟
[11:32:25.155] [TRACE] 帧 光标趟
[11:32:25.155] [TRACE] 帧 结束
[11:32:25.159] [TRACE] 帧 公告板
[11:32:25.159] [TRACE] 帧 格网
[11:32:25.159] [TRACE] 帧 开始
[11:32:25.160] [TRACE] 帧 格网趟
[11:32:25.160] [TRACE] 帧 场景趟
[11:32:25.160] [TRACE] 帧 高亮趟
[11:32:25.161] [TRACE] 帧 叠加趟
[11:32:25.161] [TRACE] 帧 光标趟
[11:32:25.161] [TRACE] 帧 结束
[11:32:25.167] [TRACE] 帧 公告板
[11:32:25.167] [TRACE] 帧 格网
[11:32:25.167] [TRACE] 帧 开始
[11:32:25.167] [TRACE] 帧 格网趟
[11:32:25.168] [TRACE] 帧 场景趟
[11:32:25.168] [TRACE] 帧 高亮趟
[11:32:25.168] [TRACE] 帧 叠加趟
[11:32:25.168] [TRACE] 帧 光标趟
[11:32:25.168] [TRACE] 帧 结束
[11:32:25.173] [TRACE] 帧 公告板
[11:32:25.173] [TRACE] 帧 格网
[11:32:25.173] [TRACE] 帧 开始
[11:32:25.173] [TRACE] 帧 格网趟
[11:32:25.174] [TRACE] 帧 场景趟
[11:32:25.174] [TRACE] 帧 高亮趟
[11:32:25.174] [TRACE] 帧 叠加趟
[11:32:25.174] [TRACE] 帧 光标趟
[11:32:25.174] [TRACE] 帧 结束
[11:32:25.180] [TRACE] 帧 公告板
[11:32:25.180] [TRACE] 帧 格网
[11:32:25.180] [TRACE] 帧 开始
[11:32:25.181] [TRACE] 帧 格网趟
[11:32:25.181] [TRACE] 帧 场景趟
[11:32:25.181] [TRACE] 帧 高亮趟
[11:32:25.181] [TRACE] 帧 叠加趟
[11:32:25.182] [TRACE] 帧 光标趟
[11:32:25.182] [TRACE] 帧 结束
[11:32:25.188] [TRACE] 帧 公告板
[11:32:25.188] [TRACE] 帧 格网
[11:32:25.188] [TRACE] 帧 开始
[11:32:25.188] [TRACE] 帧 格网趟
[11:32:25.189] [TRACE] 帧 场景趟
[11:32:25.189] [TRACE] 帧 高亮趟
[11:32:25.189] [TRACE] 帧 叠加趟
[11:32:25.189] [TRACE] 帧 光标趟
[11:32:25.189] [TRACE] 帧 结束
[11:32:25.194] [TRACE] 帧 公告板
[11:32:25.194] [TRACE] 帧 格网
[11:32:25.194] [TRACE] 帧 开始
[11:32:25.195] [TRACE] 帧 格网趟
[11:32:25.195] [TRACE] 帧 场景趟
[11:32:25.195] [TRACE] 帧 高亮趟
[11:32:25.195] [TRACE] 帧 叠加趟
[11:32:25.195] [TRACE] 帧 光标趟
[11:32:25.195] [TRACE] 帧 结束
[11:32:25.201] [TRACE] 帧 公告板
[11:32:25.202] [TRACE] 帧 格网
[11:32:25.202] [TRACE] 帧 开始
[11:32:25.202] [TRACE] 帧 格网趟
[11:32:25.202] [TRACE] 帧 场景趟
[11:32:25.203] [TRACE] 帧 高亮趟
[11:32:25.203] [TRACE] 帧 叠加趟
[11:32:25.203] [TRACE] 帧 光标趟
[11:32:25.203] [TRACE] 帧 结束
[11:32:25.208] [TRACE] 帧 公告板
[11:32:25.208] [TRACE] 帧 格网
[11:32:25.208] [TRACE] 帧 开始
[11:32:25.208] [TRACE] 帧 格网趟
[11:32:25.208] [TRACE] 帧 场景趟
[11:32:25.209] [TRACE] 帧 高亮趟
[11:32:25.209] [TRACE] 帧 叠加趟
[11:32:25.209] [TRACE] 帧 光标趟
[11:32:25.209] [TRACE] 帧 结束
[11:32:25.215] [TRACE] 帧 公告板
[11:32:25.216] [TRACE] 帧 格网
[11:32:25.216] [TRACE] 帧 开始
[11:32:25.216] [TRACE] 帧 格网趟
[11:32:25.216] [TRACE] 帧 场景趟
[11:32:25.217] [TRACE] 帧 高亮趟
[11:32:25.217] [TRACE] 帧 叠加趟
[11:32:25.217] [TRACE] 帧 光标趟
[11:32:25.217] [TRACE] 帧 结束
[11:32:25.222] [TRACE] 帧 公告板
[11:32:25.222] [TRACE] 帧 格网
[11:32:25.222] [TRACE] 帧 开始
[11:32:25.222] [TRACE] 帧 格网趟
[11:32:25.223] [TRACE] 帧 场景趟
[11:32:25.223] [TRACE] 帧 高亮趟
[11:32:25.223] [TRACE] 帧 叠加趟
[11:32:25.223] [TRACE] 帧 光标趟
[11:32:25.224] [TRACE] 帧 结束
[11:32:25.228] [TRACE] 帧 公告板
[11:32:25.229] [TRACE] 帧 格网
[11:32:25.229] [TRACE] 帧 开始
[11:32:25.229] [TRACE] 帧 格网趟
[11:32:25.229] [TRACE] 帧 场景趟
[11:32:25.229] [TRACE] 帧 高亮趟
[11:32:25.229] [TRACE] 帧 叠加趟
[11:32:25.230] [TRACE] 帧 光标趟
[11:32:25.230] [TRACE] 帧 结束
[11:32:25.236] [TRACE] 帧 公告板
[11:32:25.237] [TRACE] 帧 格网
[11:32:25.237] [TRACE] 帧 开始
[11:32:25.237] [TRACE] 帧 格网趟
[11:32:25.237] [TRACE] 帧 场景趟
[11:32:25.238] [TRACE] 帧 高亮趟
[11:32:25.238] [TRACE] 帧 叠加趟
[11:32:25.238] [TRACE] 帧 光标趟
[11:32:25.238] [TRACE] 帧 结束
[11:32:25.242] [TRACE] 帧 公告板
[11:32:25.242] [TRACE] 帧 格网
[11:32:25.243] [TRACE] 帧 开始
[11:32:25.243] [TRACE] 帧 格网趟
[11:32:25.243] [TRACE] 帧 场景趟
[11:32:25.243] [TRACE] 帧 高亮趟
[11:32:25.243] [TRACE] 帧 叠加趟
[11:32:25.244] [TRACE] 帧 光标趟
[11:32:25.244] [TRACE] 帧 结束
[11:32:25.250] [TRACE] 帧 公告板
[11:32:25.250] [TRACE] 帧 格网
[11:32:25.250] [TRACE] 帧 开始
[11:32:25.251] [TRACE] 帧 格网趟
[11:32:25.251] [TRACE] 帧 场景趟
[11:32:25.251] [TRACE] 帧 高亮趟
[11:32:25.251] [TRACE] 帧 叠加趟
[11:32:25.252] [TRACE] 帧 光标趟
[11:32:25.252] [TRACE] 帧 结束
[11:32:25.256] [TRACE] 帧 公告板
[11:32:25.256] [TRACE] 帧 格网
[11:32:25.257] [TRACE] 帧 开始
[11:32:25.257] [TRACE] 帧 格网趟
[11:32:25.257] [TRACE] 帧 场景趟
[11:32:25.257] [TRACE] 帧 高亮趟
[11:32:25.257] [TRACE] 帧 叠加趟
[11:32:25.258] [TRACE] 帧 光标趟
[11:32:25.258] [TRACE] 帧 结束
[11:32:25.263] [TRACE] 帧 公告板
[11:32:25.264] [TRACE] 帧 格网
[11:32:25.264] [TRACE] 帧 开始
[11:32:25.264] [TRACE] 帧 格网趟
[11:32:25.264] [TRACE] 帧 场景趟
[11:32:25.264] [TRACE] 帧 高亮趟
[11:32:25.265] [TRACE] 帧 叠加趟
[11:32:25.265] [TRACE] 帧 光标趟
[11:32:25.265] [TRACE] 帧 结束
[11:32:25.271] [TRACE] 帧 公告板
[11:32:25.271] [TRACE] 帧 格网
[11:32:25.272] [TRACE] 帧 开始
[11:32:25.272] [TRACE] 帧 格网趟
[11:32:25.272] [TRACE] 帧 场景趟
[11:32:25.272] [TRACE] 帧 高亮趟
[11:32:25.272] [TRACE] 帧 叠加趟
[11:32:25.273] [TRACE] 帧 光标趟
[11:32:25.273] [TRACE] 帧 结束
[11:32:25.277] [TRACE] 帧 公告板
[11:32:25.278] [TRACE] 帧 格网
[11:32:25.278] [TRACE] 帧 开始
[11:32:25.278] [TRACE] 帧 格网趟
[11:32:25.278] [TRACE] 帧 场景趟
[11:32:25.278] [TRACE] 帧 高亮趟
[11:32:25.279] [TRACE] 帧 叠加趟
[11:32:25.279] [TRACE] 帧 光标趟
[11:32:25.279] [TRACE] 帧 结束
[11:32:25.285] [TRACE] 帧 公告板
[11:32:25.285] [TRACE] 帧 格网
[11:32:25.285] [TRACE] 帧 开始
[11:32:25.286] [TRACE] 帧 格网趟
[11:32:25.286] [TRACE] 帧 场景趟
[11:32:25.286] [TRACE] 帧 高亮趟
[11:32:25.286] [TRACE] 帧 叠加趟
[11:32:25.287] [TRACE] 帧 光标趟
[11:32:25.287] [TRACE] 帧 结束
[11:32:25.291] [TRACE] 帧 公告板
[11:32:25.291] [TRACE] 帧 格网
[11:32:25.291] [TRACE] 帧 开始
[11:32:25.292] [TRACE] 帧 格网趟
[11:32:25.292] [TRACE] 帧 场景趟
[11:32:25.292] [TRACE] 帧 高亮趟
[11:32:25.292] [TRACE] 帧 叠加趟
[11:32:25.293] [TRACE] 帧 光标趟
[11:32:25.293] [TRACE] 帧 结束
[11:32:25.299] [TRACE] 帧 公告板
[11:32:25.300] [TRACE] 帧 格网
[11:32:25.300] [TRACE] 帧 开始
[11:32:25.300] [TRACE] 帧 格网趟
[11:32:25.300] [TRACE] 帧 场景趟
[11:32:25.301] [TRACE] 帧 高亮趟
[11:32:25.301] [TRACE] 帧 叠加趟
[11:32:25.301] [TRACE] 帧 光标趟
[11:32:25.301] [TRACE] 帧 结束
[11:32:25.305] [TRACE] 帧 公告板
[11:32:25.305] [TRACE] 帧 格网
[11:32:25.306] [TRACE] 帧 开始
[11:32:25.306] [TRACE] 帧 格网趟
[11:32:25.306] [TRACE] 帧 场景趟
[11:32:25.306] [TRACE] 帧 高亮趟
[11:32:25.306] [TRACE] 帧 叠加趟
[11:32:25.306] [TRACE] 帧 光标趟
[11:32:25.307] [TRACE] 帧 结束
[11:32:25.312] [TRACE] 帧 公告板
[11:32:25.312] [TRACE] 帧 格网
[11:32:25.312] [TRACE] 帧 开始
[11:32:25.313] [TRACE] 帧 格网趟
[11:32:25.313] [TRACE] 帧 场景趟
[11:32:25.313] [TRACE] 帧 高亮趟
[11:32:25.313] [TRACE] 帧 叠加趟
[11:32:25.314] [TRACE] 帧 光标趟
[11:32:25.314] [TRACE] 帧 结束
[11:32:25.320] [TRACE] 帧 公告板
[11:32:25.320] [TRACE] 帧 格网
[11:32:25.321] [TRACE] 帧 开始
[11:32:25.321] [TRACE] 帧 格网趟
[11:32:25.321] [TRACE] 帧 场景趟
[11:32:25.321] [TRACE] 帧 高亮趟
[11:32:25.321] [TRACE] 帧 叠加趟
[11:32:25.322] [TRACE] 帧 光标趟
[11:32:25.322] [TRACE] 帧 结束
[11:32:25.326] [TRACE] 帧 公告板
[11:32:25.326] [TRACE] 帧 格网
[11:32:25.326] [TRACE] 帧 开始
[11:32:25.326] [TRACE] 帧 格网趟
[11:32:25.326] [TRACE] 帧 场景趟
[11:32:25.327] [TRACE] 帧 高亮趟
[11:32:25.327] [TRACE] 帧 叠加趟
[11:32:25.327] [TRACE] 帧 光标趟
[11:32:25.327] [TRACE] 帧 结束
[11:32:25.333] [TRACE] 帧 公告板
[11:32:25.334] [TRACE] 帧 格网
[11:32:25.334] [TRACE] 帧 开始
[11:32:25.334] [TRACE] 帧 格网趟
[11:32:25.334] [TRACE] 帧 场景趟
[11:32:25.335] [TRACE] 帧 高亮趟
[11:32:25.335] [TRACE] 帧 叠加趟
[11:32:25.335] [TRACE] 帧 光标趟
[11:32:25.335] [TRACE] 帧 结束
[11:32:25.339] [TRACE] 帧 公告板
[11:32:25.340] [TRACE] 帧 格网
[11:32:25.340] [TRACE] 帧 开始
[11:32:25.340] [TRACE] 帧 格网趟
[11:32:25.340] [TRACE] 帧 场景趟
[11:32:25.341] [TRACE] 帧 高亮趟
[11:32:25.341] [TRACE] 帧 叠加趟
[11:32:25.341] [TRACE] 帧 光标趟
[11:32:25.341] [TRACE] 帧 结束
[11:32:25.347] [TRACE] 帧 公告板
[11:32:25.347] [TRACE] 帧 格网
[11:32:25.348] [TRACE] 帧 开始
[11:32:25.348] [TRACE] 帧 格网趟
[11:32:25.348] [TRACE] 帧 场景趟
[11:32:25.348] [TRACE] 帧 高亮趟
[11:32:25.348] [TRACE] 帧 叠加趟
[11:32:25.348] [TRACE] 帧 光标趟
[11:32:25.349] [TRACE] 帧 结束
[11:32:25.354] [TRACE] 帧 公告板
[11:32:25.355] [TRACE] 帧 格网
[11:32:25.355] [TRACE] 帧 开始
[11:32:25.355] [TRACE] 帧 格网趟
[11:32:25.355] [TRACE] 帧 场景趟
[11:32:25.355] [TRACE] 帧 高亮趟
[11:32:25.356] [TRACE] 帧 叠加趟
[11:32:25.356] [TRACE] 帧 光标趟
[11:32:25.356] [TRACE] 帧 结束
[11:32:25.361] [TRACE] 帧 公告板
[11:32:25.361] [TRACE] 帧 格网
[11:32:25.361] [TRACE] 帧 开始
[11:32:25.361] [TRACE] 帧 格网趟
[11:32:25.362] [TRACE] 帧 场景趟
[11:32:25.362] [TRACE] 帧 高亮趟
[11:32:25.362] [TRACE] 帧 叠加趟
[11:32:25.362] [TRACE] 帧 光标趟
[11:32:25.362] [TRACE] 帧 结束
[11:32:25.368] [TRACE] 帧 公告板
[11:32:25.369] [TRACE] 帧 格网
[11:32:25.369] [TRACE] 帧 开始
[11:32:25.369] [TRACE] 帧 格网趟
[11:32:25.369] [TRACE] 帧 场景趟
[11:32:25.369] [TRACE] 帧 高亮趟
[11:32:25.370] [TRACE] 帧 叠加趟
[11:32:25.370] [TRACE] 帧 光标趟
[11:32:25.370] [TRACE] 帧 结束
[11:32:25.374] [TRACE] 帧 公告板
[11:32:25.375] [TRACE] 帧 格网
[11:32:25.375] [TRACE] 帧 开始
[11:32:25.375] [TRACE] 帧 格网趟
[11:32:25.375] [TRACE] 帧 场景趟
[11:32:25.375] [TRACE] 帧 高亮趟
[11:32:25.376] [TRACE] 帧 叠加趟
[11:32:25.376] [TRACE] 帧 光标趟
[11:32:25.376] [TRACE] 帧 结束
[11:32:25.382] [TRACE] 帧 公告板
[11:32:25.382] [TRACE] 帧 格网
[11:32:25.382] [TRACE] 帧 开始
[11:32:25.383] [TRACE] 帧 格网趟
[11:32:25.383] [TRACE] 帧 场景趟
[11:32:25.383] [TRACE] 帧 高亮趟
[11:32:25.383] [TRACE] 帧 叠加趟
[11:32:25.383] [TRACE] 帧 光标趟
[11:32:25.384] [TRACE] 帧 结束
[11:32:25.388] [TRACE] 帧 公告板
[11:32:25.388] [TRACE] 帧 格网
[11:32:25.388] [TRACE] 帧 开始
[11:32:25.389] [TRACE] 帧 格网趟
[11:32:25.389] [TRACE] 帧 场景趟
[11:32:25.389] [TRACE] 帧 高亮趟
[11:32:25.389] [TRACE] 帧 叠加趟
[11:32:25.389] [TRACE] 帧 光标趟
[11:32:25.389] [TRACE] 帧 结束
[11:32:25.396] [TRACE] 帧 公告板
[11:32:25.396] [TRACE] 帧 格网
[11:32:25.396] [TRACE] 帧 开始
[11:32:25.396] [TRACE] 帧 格网趟
[11:32:25.397] [TRACE] 帧 场景趟
[11:32:25.397] [TRACE] 帧 高亮趟
[11:32:25.397] [TRACE] 帧 叠加趟
[11:32:25.397] [TRACE] 帧 光标趟
[11:32:25.397] [TRACE] 帧 结束
[11:32:25.403] [TRACE] 帧 公告板
[11:32:25.404] [TRACE] 帧 格网
[11:32:25.404] [TRACE] 帧 开始
[11:32:25.404] [TRACE] 帧 格网趟
[11:32:25.404] [TRACE] 帧 场景趟
[11:32:25.405] [TRACE] 帧 高亮趟
[11:32:25.405] [TRACE] 帧 叠加趟
[11:32:25.405] [TRACE] 帧 光标趟
[11:32:25.405] [TRACE] 帧 结束
[11:32:25.409] [TRACE] 帧 公告板
[11:32:25.409] [TRACE] 帧 格网
[11:32:25.410] [TRACE] 帧 开始
[11:32:25.410] [TRACE] 帧 格网趟
[11:32:25.410] [TRACE] 帧 场景趟
[11:32:25.410] [TRACE] 帧 高亮趟
[11:32:25.410] [TRACE] 帧 叠加趟
[11:32:25.410] [TRACE] 帧 光标趟
[11:32:25.411] [TRACE] 帧 结束
[11:32:25.417] [TRACE] 帧 公告板
[11:32:25.417] [TRACE] 帧 格网
[11:32:25.417] [TRACE] 帧 开始
[11:32:25.417] [TRACE] 帧 格网趟
[11:32:25.418] [TRACE] 帧 场景趟
[11:32:25.418] [TRACE] 帧 高亮趟
[11:32:25.418] [TRACE] 帧 叠加趟
[11:32:25.418] [TRACE] 帧 光标趟
[11:32:25.418] [TRACE] 帧 结束
[11:32:25.423] [TRACE] 帧 公告板
[11:32:25.423] [TRACE] 帧 格网
[11:32:25.423] [TRACE] 帧 开始
[11:32:25.423] [TRACE] 帧 格网趟
[11:32:25.424] [TRACE] 帧 场景趟
[11:32:25.424] [TRACE] 帧 高亮趟
[11:32:25.424] [TRACE] 帧 叠加趟
[11:32:25.424] [TRACE] 帧 光标趟
[11:32:25.424] [TRACE] 帧 结束
[11:32:25.430] [TRACE] 帧 公告板
[11:32:25.430] [TRACE] 帧 格网
[11:32:25.430] [TRACE] 帧 开始
[11:32:25.431] [TRACE] 帧 格网趟
[11:32:25.431] [TRACE] 帧 场景趟
[11:32:25.431] [TRACE] 帧 高亮趟
[11:32:25.431] [TRACE] 帧 叠加趟
[11:32:25.432] [TRACE] 帧 光标趟
[11:32:25.432] [TRACE] 帧 结束
[11:32:25.438] [TRACE] 帧 公告板
[11:32:25.438] [TRACE] 帧 格网
[11:32:25.438] [TRACE] 帧 开始
[11:32:25.438] [TRACE] 帧 格网趟
[11:32:25.439] [TRACE] 帧 场景趟
[11:32:25.439] [TRACE] 帧 高亮趟
[11:32:25.439] [TRACE] 帧 叠加趟
[11:32:25.439] [TRACE] 帧 光标趟
[11:32:25.439] [TRACE] 帧 结束
[11:32:25.444] [TRACE] 帧 公告板
[11:32:25.444] [TRACE] 帧 格网
[11:32:25.445] [TRACE] 帧 开始
[11:32:25.445] [TRACE] 帧 格网趟
[11:32:25.445] [TRACE] 帧 场景趟
[11:32:25.445] [TRACE] 帧 高亮趟
[11:32:25.445] [TRACE] 帧 叠加趟
[11:32:25.445] [TRACE] 帧 光标趟
[11:32:25.445] [TRACE] 帧 结束
[11:32:25.451] [TRACE] 帧 公告板
[11:32:25.452] [TRACE] 帧 格网
[11:32:25.452] [TRACE] 帧 开始
[11:32:25.452] [TRACE] 帧 格网趟
[11:32:25.452] [TRACE] 帧 场景趟
[11:32:25.453] [TRACE] 帧 高亮趟
[11:32:25.453] [TRACE] 帧 叠加趟
[11:32:25.453] [TRACE] 帧 光标趟
[11:32:25.453] [TRACE] 帧 结束
[11:32:25.458] [TRACE] 帧 公告板
[11:32:25.458] [TRACE] 帧 格网
[11:32:25.458] [TRACE] 帧 开始
[11:32:25.458] [TRACE] 帧 格网趟
[11:32:25.458] [TRACE] 帧 场景趟
[11:32:25.458] [TRACE] 帧 高亮趟
[11:32:25.459] [TRACE] 帧 叠加趟
[11:32:25.459] [TRACE] 帧 光标趟
[11:32:25.459] [TRACE] 帧 结束
[11:32:25.465] [TRACE] 帧 公告板
[11:32:25.466] [TRACE] 帧 格网
[11:32:25.466] [TRACE] 帧 开始
[11:32:25.466] [TRACE] 帧 格网趟
[11:32:25.466] [TRACE] 帧 场景趟
[11:32:25.466] [TRACE] 帧 高亮趟
[11:32:25.466] [TRACE] 帧 叠加趟
[11:32:25.466] [TRACE] 帧 光标趟
[11:32:25.467] [TRACE] 帧 结束
[11:32:25.472] [TRACE] 帧 公告板
[11:32:25.472] [TRACE] 帧 格网
[11:32:25.472] [TRACE] 帧 开始
[11:32:25.472] [TRACE] 帧 格网趟
[11:32:25.472] [TRACE] 帧 场景趟
[11:32:25.473] [TRACE] 帧 高亮趟
[11:32:25.473] [TRACE] 帧 叠加趟
[11:32:25.473] [TRACE] 帧 光标趟
[11:32:25.473] [TRACE] 帧 结束
[11:32:25.479] [TRACE] 帧 公告板
[11:32:25.479] [TRACE] 帧 格网
[11:32:25.479] [TRACE] 帧 开始
[11:32:25.479] [TRACE] 帧 格网趟
[11:32:25.480] [TRACE] 帧 场景趟
[11:32:25.480] [TRACE] 帧 高亮趟
[11:32:25.480] [TRACE] 帧 叠加趟
[11:32:25.480] [TRACE] 帧 光标趟
[11:32:25.480] [TRACE] 帧 结束
[11:32:25.487] [TRACE] 帧 公告板
[11:32:25.487] [TRACE] 帧 格网
[11:32:25.487] [TRACE] 帧 开始
[11:32:25.487] [TRACE] 帧 格网趟
[11:32:25.488] [TRACE] 帧 场景趟
[11:32:25.488] [TRACE] 帧 高亮趟
[11:32:25.488] [TRACE] 帧 叠加趟
[11:32:25.488] [TRACE] 帧 光标趟
[11:32:25.488] [TRACE] 帧 结束
[11:32:25.493] [TRACE] 帧 公告板
[11:32:25.493] [TRACE] 帧 格网
[11:32:25.493] [TRACE] 帧 开始
[11:32:25.493] [TRACE] 帧 格网趟
[11:32:25.493] [TRACE] 帧 场景趟
[11:32:25.493] [TRACE] 帧 高亮趟
[11:32:25.493] [TRACE] 帧 叠加趟
[11:32:25.494] [TRACE] 帧 光标趟
[11:32:25.495] [TRACE] 帧 结束
[11:32:25.500] [TRACE] 帧 公告板
[11:32:25.501] [TRACE] 帧 格网
[11:32:25.501] [TRACE] 帧 开始
[11:32:25.501] [TRACE] 帧 格网趟
[11:32:25.501] [TRACE] 帧 场景趟
[11:32:25.502] [TRACE] 帧 高亮趟
[11:32:25.502] [TRACE] 帧 叠加趟
[11:32:25.502] [TRACE] 帧 光标趟
[11:32:25.502] [TRACE] 帧 结束
[11:32:25.507] [TRACE] 帧 公告板
[11:32:25.507] [TRACE] 帧 格网
[11:32:25.507] [TRACE] 帧 开始
[11:32:25.507] [TRACE] 帧 格网趟
[11:32:25.507] [TRACE] 帧 场景趟
[11:32:25.507] [TRACE] 帧 高亮趟
[11:32:25.507] [TRACE] 帧 叠加趟
[11:32:25.507] [TRACE] 帧 光标趟
[11:32:25.507] [TRACE] 帧 结束
[11:32:25.513] [TRACE] 帧 公告板
[11:32:25.514] [TRACE] 帧 格网
[11:32:25.514] [TRACE] 帧 开始
[11:32:25.514] [TRACE] 帧 格网趟
[11:32:25.514] [TRACE] 帧 场景趟
[11:32:25.515] [TRACE] 帧 高亮趟
[11:32:25.515] [TRACE] 帧 叠加趟
[11:32:25.515] [TRACE] 帧 光标趟
[11:32:25.515] [TRACE] 帧 结束
[11:32:25.521] [TRACE] 帧 公告板
[11:32:25.521] [TRACE] 帧 格网
[11:32:25.521] [TRACE] 帧 开始
[11:32:25.522] [TRACE] 帧 格网趟
[11:32:25.522] [TRACE] 帧 场景趟
[11:32:25.522] [TRACE] 帧 高亮趟
[11:32:25.522] [TRACE] 帧 叠加趟
[11:32:25.523] [TRACE] 帧 光标趟
[11:32:25.523] [TRACE] 帧 结束
[11:32:25.527] [TRACE] 帧 公告板
[11:32:25.528] [TRACE] 帧 格网
[11:32:25.528] [TRACE] 帧 开始
[11:32:25.528] [TRACE] 帧 格网趟
[11:32:25.528] [TRACE] 帧 场景趟
[11:32:25.528] [TRACE] 帧 高亮趟
[11:32:25.528] [TRACE] 帧 叠加趟
[11:32:25.529] [TRACE] 帧 光标趟
[11:32:25.529] [TRACE] 帧 结束
[11:32:25.535] [TRACE] 帧 公告板
[11:32:25.535] [TRACE] 帧 格网
[11:32:25.536] [TRACE] 帧 开始
[11:32:25.536] [TRACE] 帧 格网趟
[11:32:25.536] [TRACE] 帧 场景趟
[11:32:25.536] [TRACE] 帧 高亮趟
[11:32:25.537] [TRACE] 帧 叠加趟
[11:32:25.537] [TRACE] 帧 光标趟
[11:32:25.537] [TRACE] 帧 结束
[11:32:25.541] [TRACE] 帧 公告板
[11:32:25.541] [TRACE] 帧 格网
[11:32:25.542] [TRACE] 帧 开始
[11:32:25.542] [TRACE] 帧 格网趟
[11:32:25.542] [TRACE] 帧 场景趟
[11:32:25.542] [TRACE] 帧 高亮趟
[11:32:25.542] [TRACE] 帧 叠加趟
[11:32:25.542] [TRACE] 帧 光标趟
[11:32:25.543] [TRACE] 帧 结束
[11:32:25.549] [TRACE] 帧 公告板
[11:32:25.549] [TRACE] 帧 格网
[11:32:25.549] [TRACE] 帧 开始
[11:32:25.550] [TRACE] 帧 格网趟
[11:32:25.550] [TRACE] 帧 场景趟
[11:32:25.550] [TRACE] 帧 高亮趟
[11:32:25.550] [TRACE] 帧 叠加趟
[11:32:25.550] [TRACE] 帧 光标趟
[11:32:25.550] [TRACE] 帧 结束
[11:32:25.555] [TRACE] 帧 公告板
[11:32:25.555] [TRACE] 帧 格网
[11:32:25.556] [TRACE] 帧 开始
[11:32:25.556] [TRACE] 帧 格网趟
[11:32:25.556] [TRACE] 帧 场景趟
[11:32:25.556] [TRACE] 帧 高亮趟
[11:32:25.556] [TRACE] 帧 叠加趟
[11:32:25.556] [TRACE] 帧 光标趟
[11:32:25.557] [TRACE] 帧 结束
[11:32:25.562] [TRACE] 帧 公告板
[11:32:25.562] [TRACE] 帧 格网
[11:32:25.563] [TRACE] 帧 开始
[11:32:25.563] [TRACE] 帧 格网趟
[11:32:25.563] [TRACE] 帧 场景趟
[11:32:25.563] [TRACE] 帧 高亮趟
[11:32:25.564] [TRACE] 帧 叠加趟
[11:32:25.564] [TRACE] 帧 光标趟
[11:32:25.564] [TRACE] 帧 结束
[11:32:25.570] [TRACE] 帧 公告板
[11:32:25.571] [TRACE] 帧 格网
[11:32:25.571] [TRACE] 帧 开始
[11:32:25.571] [TRACE] 帧 格网趟
[11:32:25.571] [TRACE] 帧 场景趟
[11:32:25.571] [TRACE] 帧 高亮趟
[11:32:25.572] [TRACE] 帧 叠加趟
[11:32:25.572] [TRACE] 帧 光标趟
[11:32:25.572] [TRACE] 帧 结束
[11:32:25.576] [TRACE] 帧 公告板
[11:32:25.576] [TRACE] 帧 格网
[11:32:25.576] [TRACE] 帧 开始
[11:32:25.577] [TRACE] 帧 格网趟
[11:32:25.577] [TRACE] 帧 场景趟
[11:32:25.577] [TRACE] 帧 高亮趟
[11:32:25.577] [TRACE] 帧 叠加趟
[11:32:25.577] [TRACE] 帧 光标趟
[11:32:25.577] [TRACE] 帧 结束
[11:32:25.584] [TRACE] 帧 公告板
[11:32:25.584] [TRACE] 帧 格网
[11:32:25.584] [TRACE] 帧 开始
[11:32:25.584] [TRACE] 帧 格网趟
[11:32:25.585] [TRACE] 帧 场景趟
[11:32:25.585] [TRACE] 帧 高亮趟
[11:32:25.585] [TRACE] 帧 叠加趟
[11:32:25.585] [TRACE] 帧 光标趟
[11:32:25.585] [TRACE] 帧 结束
[11:32:25.590] [TRACE] 帧 公告板
[11:32:25.590] [TRACE] 帧 格网
[11:32:25.590] [TRACE] 帧 开始
[11:32:25.590] [TRACE] 帧 格网趟
[11:32:25.590] [TRACE] 帧 场景趟
[11:32:25.590] [TRACE] 帧 高亮趟
[11:32:25.591] [TRACE] 帧 叠加趟
[11:32:25.591] [TRACE] 帧 光标趟
[11:32:25.591] [TRACE] 帧 结束
[11:32:25.597] [TRACE] 帧 公告板
[11:32:25.597] [TRACE] 帧 格网
[11:32:25.597] [TRACE] 帧 开始
[11:32:25.597] [TRACE] 帧 格网趟
[11:32:25.597] [TRACE] 帧 场景趟
[11:32:25.597] [TRACE] 帧 高亮趟
[11:32:25.598] [TRACE] 帧 叠加趟
[11:32:25.598] [TRACE] 帧 光标趟
[11:32:25.598] [TRACE] 帧 结束
[11:32:25.604] [TRACE] 帧 公告板
[11:32:25.604] [TRACE] 帧 格网
[11:32:25.605] [TRACE] 帧 开始
[11:32:25.605] [TRACE] 帧 格网趟
[11:32:25.605] [TRACE] 帧 场景趟
[11:32:25.605] [TRACE] 帧 高亮趟
[11:32:25.605] [TRACE] 帧 叠加趟
[11:32:25.605] [TRACE] 帧 光标趟
[11:32:25.605] [TRACE] 帧 结束
[11:32:25.611] [TRACE] 帧 公告板
[11:32:25.611] [TRACE] 帧 格网
[11:32:25.612] [TRACE] 帧 开始
[11:32:25.612] [TRACE] 帧 格网趟
[11:32:25.612] [TRACE] 帧 场景趟
[11:32:25.612] [TRACE] 帧 高亮趟
[11:32:25.612] [TRACE] 帧 叠加趟
[11:32:25.612] [TRACE] 帧 光标趟
[11:32:25.612] [TRACE] 帧 结束
[11:32:25.618] [TRACE] 帧 公告板
[11:32:25.619] [TRACE] 帧 格网
[11:32:25.619] [TRACE] 帧 开始
[11:32:25.619] [TRACE] 帧 格网趟
[11:32:25.619] [TRACE] 帧 场景趟
[11:32:25.620] [TRACE] 帧 高亮趟
[11:32:25.620] [TRACE] 帧 叠加趟
[11:32:25.620] [TRACE] 帧 光标趟
[11:32:25.620] [TRACE] 帧 结束
[11:32:25.624] [TRACE] 帧 公告板
[11:32:25.625] [TRACE] 帧 格网
[11:32:25.625] [TRACE] 帧 开始
[11:32:25.625] [TRACE] 帧 格网趟
[11:32:25.625] [TRACE] 帧 场景趟
[11:32:25.625] [TRACE] 帧 高亮趟
[11:32:25.626] [TRACE] 帧 叠加趟
[11:32:25.626] [TRACE] 帧 光标趟
[11:32:25.626] [TRACE] 帧 结束
[11:32:25.633] [TRACE] 帧 公告板
[11:32:25.633] [TRACE] 帧 格网
[11:32:25.634] [TRACE] 帧 开始
[11:32:25.634] [TRACE] 帧 格网趟
[11:32:25.634] [TRACE] 帧 场景趟
[11:32:25.634] [TRACE] 帧 高亮趟
[11:32:25.634] [TRACE] 帧 叠加趟
[11:32:25.634] [TRACE] 帧 光标趟
[11:32:25.634] [TRACE] 帧 结束
[11:32:25.639] [TRACE] 帧 公告板
[11:32:25.639] [TRACE] 帧 格网
[11:32:25.639] [TRACE] 帧 开始
[11:32:25.639] [TRACE] 帧 格网趟
[11:32:25.639] [TRACE] 帧 场景趟
[11:32:25.640] [TRACE] 帧 高亮趟
[11:32:25.640] [TRACE] 帧 叠加趟
[11:32:25.640] [TRACE] 帧 光标趟
[11:32:25.640] [TRACE] 帧 结束
[11:32:25.646] [TRACE] 帧 公告板
[11:32:25.646] [TRACE] 帧 格网
[11:32:25.646] [TRACE] 帧 开始
[11:32:25.646] [TRACE] 帧 格网趟
[11:32:25.646] [TRACE] 帧 场景趟
[11:32:25.647] [TRACE] 帧 高亮趟
[11:32:25.647] [TRACE] 帧 叠加趟
[11:32:25.647] [TRACE] 帧 光标趟
[11:32:25.647] [TRACE] 帧 结束
[11:32:25.654] [TRACE] 帧 公告板
[11:32:25.654] [TRACE] 帧 格网
[11:32:25.654] [TRACE] 帧 开始
[11:32:25.654] [TRACE] 帧 格网趟
[11:32:25.655] [TRACE] 帧 场景趟
[11:32:25.655] [TRACE] 帧 高亮趟
[11:32:25.655] [TRACE] 帧 叠加趟
[11:32:25.655] [TRACE] 帧 光标趟
[11:32:25.655] [TRACE] 帧 结束
[11:32:25.659] [TRACE] 帧 公告板
[11:32:25.660] [TRACE] 帧 格网
[11:32:25.660] [TRACE] 帧 开始
[11:32:25.660] [TRACE] 帧 格网趟
[11:32:25.660] [TRACE] 帧 场景趟
[11:32:25.660] [TRACE] 帧 高亮趟
[11:32:25.660] [TRACE] 帧 叠加趟
[11:32:25.660] [TRACE] 帧 光标趟
[11:32:25.660] [TRACE] 帧 结束
[11:32:25.667] [TRACE] 帧 公告板
[11:32:25.667] [TRACE] 帧 格网
[11:32:25.667] [TRACE] 帧 开始
[11:32:25.668] [TRACE] 帧 格网趟
[11:32:25.668] [TRACE] 帧 场景趟
[11:32:25.668] [TRACE] 帧 高亮趟
[11:32:25.668] [TRACE] 帧 叠加趟
[11:32:25.668] [TRACE] 帧 光标趟
[11:32:25.668] [TRACE] 帧 结束
[11:32:25.674] [TRACE] 帧 公告板
[11:32:25.674] [TRACE] 帧 格网
[11:32:25.674] [TRACE] 帧 开始
[11:32:25.674] [TRACE] 帧 格网趟
[11:32:25.675] [TRACE] 帧 场景趟
[11:32:25.675] [TRACE] 帧 高亮趟
[11:32:25.675] [TRACE] 帧 叠加趟
[11:32:25.675] [TRACE] 帧 光标趟
[11:32:25.675] [TRACE] 帧 结束
[11:32:25.680] [TRACE] 帧 公告板
[11:32:25.681] [TRACE] 帧 格网
[11:32:25.681] [TRACE] 帧 开始
[11:32:25.681] [TRACE] 帧 格网趟
[11:32:25.681] [TRACE] 帧 场景趟
[11:32:25.681] [TRACE] 帧 高亮趟
[11:32:25.681] [TRACE] 帧 叠加趟
[11:32:25.682] [TRACE] 帧 光标趟
[11:32:25.682] [TRACE] 帧 结束
[11:32:25.688] [TRACE] 帧 公告板
[11:32:25.688] [TRACE] 帧 格网
[11:32:25.688] [TRACE] 帧 开始
[11:32:25.689] [TRACE] 帧 格网趟
[11:32:25.689] [TRACE] 帧 场景趟
[11:32:25.689] [TRACE] 帧 高亮趟
[11:32:25.689] [TRACE] 帧 叠加趟
[11:32:25.689] [TRACE] 帧 光标趟
[11:32:25.689] [TRACE] 帧 结束
[11:32:25.694] [TRACE] 帧 公告板
[11:32:25.695] [TRACE] 帧 格网
[11:32:25.695] [TRACE] 帧 开始
[11:32:25.695] [TRACE] 帧 格网趟
[11:32:25.695] [TRACE] 帧 场景趟
[11:32:25.695] [TRACE] 帧 高亮趟
[11:32:25.696] [TRACE] 帧 叠加趟
[11:32:25.696] [TRACE] 帧 光标趟
[11:32:25.696] [TRACE] 帧 结束
[11:32:25.702] [TRACE] 帧 公告板
[11:32:25.702] [TRACE] 帧 格网
[11:32:25.702] [TRACE] 帧 开始
[11:32:25.703] [TRACE] 帧 格网趟
[11:32:25.703] [TRACE] 帧 场景趟
[11:32:25.703] [TRACE] 帧 高亮趟
[11:32:25.703] [TRACE] 帧 叠加趟
[11:32:25.703] [TRACE] 帧 光标趟
[11:32:25.703] [TRACE] 帧 结束
[11:32:25.708] [TRACE] 帧 公告板
[11:32:25.708] [TRACE] 帧 格网
[11:32:25.708] [TRACE] 帧 开始
[11:32:25.708] [TRACE] 帧 格网趟
[11:32:25.709] [TRACE] 帧 场景趟
[11:32:25.709] [TRACE] 帧 高亮趟
[11:32:25.709] [TRACE] 帧 叠加趟
[11:32:25.709] [TRACE] 帧 光标趟
[11:32:25.709] [TRACE] 帧 结束
[11:32:25.716] [TRACE] 帧 公告板
[11:32:25.716] [TRACE] 帧 格网
[11:32:25.716] [TRACE] 帧 开始
[11:32:25.716] [TRACE] 帧 格网趟
[11:32:25.716] [TRACE] 帧 场景趟
[11:32:25.717] [TRACE] 帧 高亮趟
[11:32:25.717] [TRACE] 帧 叠加趟
[11:32:25.717] [TRACE] 帧 光标趟
[11:32:25.717] [TRACE] 帧 结束
[11:32:25.722] [TRACE] 帧 公告板
[11:32:25.722] [TRACE] 帧 格网
[11:32:25.722] [TRACE] 帧 开始
[11:32:25.722] [TRACE] 帧 格网趟
[11:32:25.722] [TRACE] 帧 场景趟
[11:32:25.723] [TRACE] 帧 高亮趟
[11:32:25.723] [TRACE] 帧 叠加趟
[11:32:25.723] [TRACE] 帧 光标趟
[11:32:25.723] [TRACE] 帧 结束
[11:32:25.729] [TRACE] 帧 公告板
[11:32:25.729] [TRACE] 帧 格网
[11:32:25.730] [TRACE] 帧 开始
[11:32:25.730] [TRACE] 帧 格网趟
[11:32:25.730] [TRACE] 帧 场景趟
[11:32:25.730] [TRACE] 帧 高亮趟
[11:32:25.730] [TRACE] 帧 叠加趟
[11:32:25.730] [TRACE] 帧 光标趟
[11:32:25.731] [TRACE] 帧 结束
[11:32:25.737] [TRACE] 帧 公告板
[11:32:25.737] [TRACE] 帧 格网
[11:32:25.738] [TRACE] 帧 开始
[11:32:25.738] [TRACE] 帧 格网趟
[11:32:25.738] [TRACE] 帧 场景趟
[11:32:25.738] [TRACE] 帧 高亮趟
[11:32:25.738] [TRACE] 帧 叠加趟
[11:32:25.739] [TRACE] 帧 光标趟
[11:32:25.739] [TRACE] 帧 结束
[11:32:25.743] [TRACE] 帧 公告板
[11:32:25.743] [TRACE] 帧 格网
[11:32:25.743] [TRACE] 帧 开始
[11:32:25.743] [TRACE] 帧 格网趟
[11:32:25.744] [TRACE] 帧 场景趟
[11:32:25.744] [TRACE] 帧 高亮趟
[11:32:25.744] [TRACE] 帧 叠加趟
[11:32:25.744] [TRACE] 帧 光标趟
[11:32:25.744] [TRACE] 帧 结束
[11:32:25.750] [TRACE] 帧 公告板
[11:32:25.751] [TRACE] 帧 格网
[11:32:25.751] [TRACE] 帧 开始
[11:32:25.751] [TRACE] 帧 格网趟
[11:32:25.751] [TRACE] 帧 场景趟
[11:32:25.752] [TRACE] 帧 高亮趟
[11:32:25.752] [TRACE] 帧 叠加趟
[11:32:25.752] [TRACE] 帧 光标趟
[11:32:25.752] [TRACE] 帧 结束
[11:32:25.756] [TRACE] 帧 公告板
[11:32:25.757] [TRACE] 帧 格网
[11:32:25.757] [TRACE] 帧 开始
[11:32:25.757] [TRACE] 帧 格网趟
[11:32:25.757] [TRACE] 帧 场景趟
[11:32:25.757] [TRACE] 帧 高亮趟
[11:32:25.757] [TRACE] 帧 叠加趟
[11:32:25.757] [TRACE] 帧 光标趟
[11:32:25.757] [TRACE] 帧 结束
[11:32:25.763] [TRACE] 帧 公告板
[11:32:25.764] [TRACE] 帧 格网
[11:32:25.764] [TRACE] 帧 开始
[11:32:25.764] [TRACE] 帧 格网趟
[11:32:25.764] [TRACE] 帧 场景趟
[11:32:25.765] [TRACE] 帧 高亮趟
[11:32:25.765] [TRACE] 帧 叠加趟
[11:32:25.765] [TRACE] 帧 光标趟
[11:32:25.765] [TRACE] 帧 结束
[11:32:25.771] [TRACE] 帧 公告板
[11:32:25.771] [TRACE] 帧 格网
[11:32:25.772] [TRACE] 帧 开始
[11:32:25.772] [TRACE] 帧 格网趟
[11:32:25.772] [TRACE] 帧 场景趟
[11:32:25.772] [TRACE] 帧 高亮趟
[11:32:25.772] [TRACE] 帧 叠加趟
[11:32:25.773] [TRACE] 帧 光标趟
[11:32:25.773] [TRACE] 帧 结束
[11:32:25.778] [TRACE] 帧 公告板
[11:32:25.778] [TRACE] 帧 格网
[11:32:25.778] [TRACE] 帧 开始
[11:32:25.778] [TRACE] 帧 格网趟
[11:32:25.779] [TRACE] 帧 场景趟
[11:32:25.779] [TRACE] 帧 高亮趟
[11:32:25.779] [TRACE] 帧 叠加趟
[11:32:25.779] [TRACE] 帧 光标趟
[11:32:25.779] [TRACE] 帧 结束
[11:32:25.785] [TRACE] 帧 公告板
[11:32:25.785] [TRACE] 帧 格网
[11:32:25.785] [TRACE] 帧 开始
[11:32:25.786] [TRACE] 帧 格网趟
[11:32:25.786] [TRACE] 帧 场景趟
[11:32:25.786] [TRACE] 帧 高亮趟
[11:32:25.786] [TRACE] 帧 叠加趟
[11:32:25.786] [TRACE] 帧 光标趟
[11:32:25.786] [TRACE] 帧 结束
[11:32:25.791] [TRACE] 帧 公告板
[11:32:25.791] [TRACE] 帧 格网
[11:32:25.792] [TRACE] 帧 开始
[11:32:25.792] [TRACE] 帧 格网趟
[11:32:25.792] [TRACE] 帧 场景趟
[11:32:25.792] [TRACE] 帧 高亮趟
[11:32:25.792] [TRACE] 帧 叠加趟
[11:32:25.792] [TRACE] 帧 光标趟
[11:32:25.792] [TRACE] 帧 结束
[11:32:25.799] [TRACE] 帧 公告板
[11:32:25.799] [TRACE] 帧 格网
[11:32:25.799] [TRACE] 帧 开始
[11:32:25.799] [TRACE] 帧 格网趟
[11:32:25.799] [TRACE] 帧 场景趟
[11:32:25.799] [TRACE] 帧 高亮趟
[11:32:25.800] [TRACE] 帧 叠加趟
[11:32:25.800] [TRACE] 帧 光标趟
[11:32:25.800] [TRACE] 帧 结束
[11:32:25.805] [TRACE] 帧 公告板
[11:32:25.805] [TRACE] 帧 格网
[11:32:25.806] [TRACE] 帧 开始
[11:32:25.806] [TRACE] 帧 格网趟
[11:32:25.806] [TRACE] 帧 场景趟
[11:32:25.806] [TRACE] 帧 高亮趟
[11:32:25.806] [TRACE] 帧 叠加趟
[11:32:25.806] [TRACE] 帧 光标趟
[11:32:25.806] [TRACE] 帧 结束
[11:32:25.812] [TRACE] 帧 公告板
[11:32:25.812] [TRACE] 帧 格网
[11:32:25.812] [TRACE] 帧 开始
[11:32:25.813] [TRACE] 帧 格网趟
[11:32:25.813] [TRACE] 帧 场景趟
[11:32:25.813] [TRACE] 帧 高亮趟
[11:32:25.813] [TRACE] 帧 叠加趟
[11:32:25.813] [TRACE] 帧 光标趟
[11:32:25.813] [TRACE] 帧 结束
[11:32:25.820] [TRACE] 帧 公告板
[11:32:25.821] [TRACE] 帧 格网
[11:32:25.821] [TRACE] 帧 开始
[11:32:25.821] [TRACE] 帧 格网趟
[11:32:25.821] [TRACE] 帧 场景趟
[11:32:25.821] [TRACE] 帧 高亮趟
[11:32:25.821] [TRACE] 帧 叠加趟
[11:32:25.821] [TRACE] 帧 光标趟
[11:32:25.821] [TRACE] 帧 结束
[11:32:25.826] [TRACE] 帧 公告板
[11:32:25.826] [TRACE] 帧 格网
[11:32:25.827] [TRACE] 帧 开始
[11:32:25.827] [TRACE] 帧 格网趟
[11:32:25.827] [TRACE] 帧 场景趟
[11:32:25.827] [TRACE] 帧 高亮趟
[11:32:25.827] [TRACE] 帧 叠加趟
[11:32:25.827] [TRACE] 帧 光标趟
[11:32:25.827] [TRACE] 帧 结束
[11:32:25.834] [TRACE] 帧 公告板
[11:32:25.834] [TRACE] 帧 格网
[11:32:25.835] [TRACE] 帧 开始
[11:32:25.835] [TRACE] 帧 格网趟
[11:32:25.835] [TRACE] 帧 场景趟
[11:32:25.835] [TRACE] 帧 高亮趟
[11:32:25.835] [TRACE] 帧 叠加趟
[11:32:25.835] [TRACE] 帧 光标趟
[11:32:25.836] [TRACE] 帧 结束
[11:32:25.840] [TRACE] 帧 公告板
[11:32:25.840] [TRACE] 帧 格网
[11:32:25.841] [TRACE] 帧 开始
[11:32:25.841] [TRACE] 帧 格网趟
[11:32:25.841] [TRACE] 帧 场景趟
[11:32:25.841] [TRACE] 帧 高亮趟
[11:32:25.841] [TRACE] 帧 叠加趟
[11:32:25.842] [TRACE] 帧 光标趟
[11:32:25.842] [TRACE] 帧 结束
[11:32:25.847] [TRACE] 帧 公告板
[11:32:25.847] [TRACE] 帧 格网
[11:32:25.848] [TRACE] 帧 开始
[11:32:25.848] [TRACE] 帧 格网趟
[11:32:25.848] [TRACE] 帧 场景趟
[11:32:25.848] [TRACE] 帧 高亮趟
[11:32:25.848] [TRACE] 帧 叠加趟
[11:32:25.849] [TRACE] 帧 光标趟
[11:32:25.849] [TRACE] 帧 结束
[11:32:25.855] [TRACE] 帧 公告板
[11:32:25.855] [TRACE] 帧 格网
[11:32:25.855] [TRACE] 帧 开始
[11:32:25.855] [TRACE] 帧 格网趟
[11:32:25.856] [TRACE] 帧 场景趟
[11:32:25.856] [TRACE] 帧 高亮趟
[11:32:25.856] [TRACE] 帧 叠加趟
[11:32:25.856] [TRACE] 帧 光标趟
[11:32:25.856] [TRACE] 帧 结束
[11:32:25.861] [TRACE] 帧 公告板
[11:32:25.861] [TRACE] 帧 格网
[11:32:25.862] [TRACE] 帧 开始
[11:32:25.862] [TRACE] 帧 格网趟
[11:32:25.862] [TRACE] 帧 场景趟
[11:32:25.862] [TRACE] 帧 高亮趟
[11:32:25.862] [TRACE] 帧 叠加趟
[11:32:25.862] [TRACE] 帧 光标趟
[11:32:25.862] [TRACE] 帧 结束
[11:32:25.869] [TRACE] 帧 公告板
[11:32:25.869] [TRACE] 帧 格网
[11:32:25.869] [TRACE] 帧 开始
[11:32:25.869] [TRACE] 帧 格网趟
[11:32:25.869] [TRACE] 帧 场景趟
[11:32:25.869] [TRACE] 帧 高亮趟
[11:32:25.870] [TRACE] 帧 叠加趟
[11:32:25.870] [TRACE] 帧 光标趟
[11:32:25.870] [TRACE] 帧 结束
[11:32:25.874] [TRACE] 帧 公告板
[11:32:25.875] [TRACE] 帧 格网
[11:32:25.875] [TRACE] 帧 开始
[11:32:25.875] [TRACE] 帧 格网趟
[11:32:25.875] [TRACE] 帧 场景趟
[11:32:25.875] [TRACE] 帧 高亮趟
[11:32:25.875] [TRACE] 帧 叠加趟
[11:32:25.876] [TRACE] 帧 光标趟
[11:32:25.876] [TRACE] 帧 结束
[11:32:25.882] [TRACE] 帧 公告板
[11:32:25.883] [TRACE] 帧 格网
[11:32:25.883] [TRACE] 帧 开始
[11:32:25.883] [TRACE] 帧 格网趟
[11:32:25.883] [TRACE] 帧 场景趟
[11:32:25.883] [TRACE] 帧 高亮趟
[11:32:25.883] [TRACE] 帧 叠加趟
[11:32:25.883] [TRACE] 帧 光标趟
[11:32:25.884] [TRACE] 帧 结束
[11:32:25.888] [TRACE] 帧 公告板
[11:32:25.889] [TRACE] 帧 格网
[11:32:25.889] [TRACE] 帧 开始
[11:32:25.889] [TRACE] 帧 格网趟
[11:32:25.889] [TRACE] 帧 场景趟
[11:32:25.889] [TRACE] 帧 高亮趟
[11:32:25.889] [TRACE] 帧 叠加趟
[11:32:25.890] [TRACE] 帧 光标趟
[11:32:25.890] [TRACE] 帧 结束
[11:32:25.896] [TRACE] 帧 公告板
[11:32:25.896] [TRACE] 帧 格网
[11:32:25.896] [TRACE] 帧 开始
[11:32:25.896] [TRACE] 帧 格网趟
[11:32:25.897] [TRACE] 帧 场景趟
[11:32:25.897] [TRACE] 帧 高亮趟
[11:32:25.897] [TRACE] 帧 叠加趟
[11:32:25.897] [TRACE] 帧 光标趟
[11:32:25.898] [TRACE] 帧 结束
[11:32:25.904] [TRACE] 帧 公告板
[11:32:25.904] [TRACE] 帧 格网
[11:32:25.905] [TRACE] 帧 开始
[11:32:25.905] [TRACE] 帧 格网趟
[11:32:25.905] [TRACE] 帧 场景趟
[11:32:25.905] [TRACE] 帧 高亮趟
[11:32:25.905] [TRACE] 帧 叠加趟
[11:32:25.905] [TRACE] 帧 光标趟
[11:32:25.905] [TRACE] 帧 结束
[11:32:25.910] [TRACE] 帧 公告板
[11:32:25.910] [TRACE] 帧 格网
[11:32:25.910] [TRACE] 帧 开始
[11:32:25.910] [TRACE] 帧 格网趟
[11:32:25.910] [TRACE] 帧 场景趟
[11:32:25.910] [TRACE] 帧 高亮趟
[11:32:25.910] [TRACE] 帧 叠加趟
[11:32:25.911] [TRACE] 帧 光标趟
[11:32:25.911] [TRACE] 帧 结束
[11:32:25.917] [TRACE] 帧 公告板
[11:32:25.918] [TRACE] 帧 格网
[11:32:25.918] [TRACE] 帧 开始
[11:32:25.918] [TRACE] 帧 格网趟
[11:32:25.918] [TRACE] 帧 场景趟
[11:32:25.918] [TRACE] 帧 高亮趟
[11:32:25.919] [TRACE] 帧 叠加趟
[11:32:25.919] [TRACE] 帧 光标趟
[11:32:25.919] [TRACE] 帧 结束
[11:32:25.923] [TRACE] 帧 公告板
[11:32:25.924] [TRACE] 帧 格网
[11:32:25.924] [TRACE] 帧 开始
[11:32:25.924] [TRACE] 帧 格网趟
[11:32:25.924] [TRACE] 帧 场景趟
[11:32:25.924] [TRACE] 帧 高亮趟
[11:32:25.925] [TRACE] 帧 叠加趟
[11:32:25.925] [TRACE] 帧 光标趟
[11:32:25.925] [TRACE] 帧 结束
[11:32:25.930] [TRACE] 帧 公告板
[11:32:25.931] [TRACE] 帧 格网
[11:32:25.931] [TRACE] 帧 开始
[11:32:25.931] [TRACE] 帧 格网趟
[11:32:25.931] [TRACE] 帧 场景趟
[11:32:25.931] [TRACE] 帧 高亮趟
[11:32:25.931] [TRACE] 帧 叠加趟
[11:32:25.931] [TRACE] 帧 光标趟
[11:32:25.932] [TRACE] 帧 结束
[11:32:25.938] [TRACE] 帧 公告板
[11:32:25.938] [TRACE] 帧 格网
[11:32:25.939] [TRACE] 帧 开始
[11:32:25.939] [TRACE] 帧 格网趟
[11:32:25.939] [TRACE] 帧 场景趟
[11:32:25.939] [TRACE] 帧 高亮趟
[11:32:25.939] [TRACE] 帧 叠加趟
[11:32:25.940] [TRACE] 帧 光标趟
[11:32:25.940] [TRACE] 帧 结束
[11:32:25.945] [TRACE] 帧 公告板
[11:32:25.945] [TRACE] 帧 格网
[11:32:25.945] [TRACE] 帧 开始
[11:32:25.945] [TRACE] 帧 格网趟
[11:32:25.946] [TRACE] 帧 场景趟
[11:32:25.946] [TRACE] 帧 高亮趟
[11:32:25.946] [TRACE] 帧 叠加趟
[11:32:25.946] [TRACE] 帧 光标趟
[11:32:25.946] [TRACE] 帧 结束
[11:32:25.952] [TRACE] 帧 公告板
[11:32:25.953] [TRACE] 帧 格网
[11:32:25.953] [TRACE] 帧 开始
[11:32:25.953] [TRACE] 帧 格网趟
[11:32:25.953] [TRACE] 帧 场景趟
[11:32:25.953] [TRACE] 帧 高亮趟
[11:32:25.953] [TRACE] 帧 叠加趟
[11:32:25.953] [TRACE] 帧 光标趟
[11:32:25.953] [TRACE] 帧 结束
[11:32:25.958] [TRACE] 帧 公告板
[11:32:25.959] [TRACE] 帧 格网
[11:32:25.959] [TRACE] 帧 开始
[11:32:25.959] [TRACE] 帧 格网趟
[11:32:25.959] [TRACE] 帧 场景趟
[11:32:25.959] [TRACE] 帧 高亮趟
[11:32:25.960] [TRACE] 帧 叠加趟
[11:32:25.960] [TRACE] 帧 光标趟
[11:32:25.960] [TRACE] 帧 结束
[11:32:25.966] [TRACE] 帧 公告板
[11:32:25.967] [TRACE] 帧 格网
[11:32:25.967] [TRACE] 帧 开始
[11:32:25.967] [TRACE] 帧 格网趟
[11:32:25.967] [TRACE] 帧 场景趟
[11:32:25.967] [TRACE] 帧 高亮趟
[11:32:25.968] [TRACE] 帧 叠加趟
[11:32:25.968] [TRACE] 帧 光标趟
[11:32:25.968] [TRACE] 帧 结束
[11:32:25.972] [TRACE] 帧 公告板
[11:32:25.973] [TRACE] 帧 格网
[11:32:25.973] [TRACE] 帧 开始
[11:32:25.973] [TRACE] 帧 格网趟
[11:32:25.973] [TRACE] 帧 场景趟
[11:32:25.973] [TRACE] 帧 高亮趟
[11:32:25.974] [TRACE] 帧 叠加趟
[11:32:25.974] [TRACE] 帧 光标趟
[11:32:25.974] [TRACE] 帧 结束
[11:32:25.980] [TRACE] 帧 公告板
[11:32:25.980] [TRACE] 帧 格网
[11:32:25.980] [TRACE] 帧 开始
[11:32:25.980] [TRACE] 帧 格网趟
[11:32:25.980] [TRACE] 帧 场景趟
[11:32:25.980] [TRACE] 帧 高亮趟
[11:32:25.981] [TRACE] 帧 叠加趟
[11:32:25.981] [TRACE] 帧 光标趟
[11:32:25.981] [TRACE] 帧 结束
[11:32:25.987] [TRACE] 帧 公告板
[11:32:25.988] [TRACE] 帧 格网
[11:32:25.988] [TRACE] 帧 开始
[11:32:25.988] [TRACE] 帧 格网趟
[11:32:25.988] [TRACE] 帧 场景趟
[11:32:25.988] [TRACE] 帧 高亮趟
[11:32:25.988] [TRACE] 帧 叠加趟
[11:32:25.989] [TRACE] 帧 光标趟
[11:32:25.989] [TRACE] 帧 结束
[11:32:25.993] [TRACE] 帧 公告板
[11:32:25.993] [TRACE] 帧 格网
[11:32:25.994] [TRACE] 帧 开始
[11:32:25.994] [TRACE] 帧 格网趟
[11:32:25.994] [TRACE] 帧 场景趟
[11:32:25.994] [TRACE] 帧 高亮趟
[11:32:25.994] [TRACE] 帧 叠加趟
[11:32:25.994] [TRACE] 帧 光标趟
[11:32:25.994] [TRACE] 帧 结束
[11:32:26.001] [TRACE] 帧 公告板
[11:32:26.002] [TRACE] 帧 格网
[11:32:26.002] [TRACE] 帧 开始
[11:32:26.002] [TRACE] 帧 格网趟
[11:32:26.002] [TRACE] 帧 场景趟
[11:32:26.002] [TRACE] 帧 高亮趟
[11:32:26.002] [TRACE] 帧 叠加趟
[11:32:26.003] [TRACE] 帧 光标趟
[11:32:26.003] [TRACE] 帧 结束
[11:32:26.007] [TRACE] 帧 公告板
[11:32:26.007] [TRACE] 帧 格网
[11:32:26.008] [TRACE] 帧 开始
[11:32:26.008] [TRACE] 帧 格网趟
[11:32:26.008] [TRACE] 帧 场景趟
[11:32:26.008] [TRACE] 帧 高亮趟
[11:32:26.008] [TRACE] 帧 叠加趟
[11:32:26.008] [TRACE] 帧 光标趟
[11:32:26.008] [TRACE] 帧 结束
[11:32:26.015] [TRACE] 帧 公告板
[11:32:26.015] [TRACE] 帧 格网
[11:32:26.015] [TRACE] 帧 开始
[11:32:26.015] [TRACE] 帧 格网趟
[11:32:26.016] [TRACE] 帧 场景趟
[11:32:26.016] [TRACE] 帧 高亮趟
[11:32:26.016] [TRACE] 帧 叠加趟
[11:32:26.016] [TRACE] 帧 光标趟
[11:32:26.016] [TRACE] 帧 结束
[11:32:26.021] [TRACE] 帧 公告板
[11:32:26.021] [TRACE] 帧 格网
[11:32:26.021] [TRACE] 帧 开始
[11:32:26.021] [TRACE] 帧 格网趟
[11:32:26.022] [TRACE] 帧 场景趟
[11:32:26.022] [TRACE] 帧 高亮趟
[11:32:26.022] [TRACE] 帧 叠加趟
[11:32:26.022] [TRACE] 帧 光标趟
[11:32:26.022] [TRACE] 帧 结束
[11:32:26.028] [TRACE] 帧 公告板
[11:32:26.029] [TRACE] 帧 格网
[11:32:26.029] [TRACE] 帧 开始
[11:32:26.029] [TRACE] 帧 格网趟
[11:32:26.029] [TRACE] 帧 场景趟
[11:32:26.030] [TRACE] 帧 高亮趟
[11:32:26.030] [TRACE] 帧 叠加趟
[11:32:26.030] [TRACE] 帧 光标趟
[11:32:26.030] [TRACE] 帧 结束
[11:32:26.036] [TRACE] 帧 公告板
[11:32:26.036] [TRACE] 帧 格网
[11:32:26.036] [TRACE] 帧 开始
[11:32:26.036] [TRACE] 帧 格网趟
[11:32:26.036] [TRACE] 帧 场景趟
[11:32:26.037] [TRACE] 帧 高亮趟
[11:32:26.037] [TRACE] 帧 叠加趟
[11:32:26.037] [TRACE] 帧 光标趟
[11:32:26.037] [TRACE] 帧 结束
[11:32:26.042] [TRACE] 帧 公告板
[11:32:26.042] [TRACE] 帧 格网
[11:32:26.042] [TRACE] 帧 开始
[11:32:26.043] [TRACE] 帧 格网趟
[11:32:26.043] [TRACE] 帧 场景趟
[11:32:26.043] [TRACE] 帧 高亮趟
[11:32:26.043] [TRACE] 帧 叠加趟
[11:32:26.043] [TRACE] 帧 光标趟
[11:32:26.044] [TRACE] 帧 结束
[11:32:26.049] [TRACE] 帧 公告板
[11:32:26.050] [TRACE] 帧 格网
[11:32:26.050] [TRACE] 帧 开始
[11:32:26.050] [TRACE] 帧 格网趟
[11:32:26.050] [TRACE] 帧 场景趟
[11:32:26.051] [TRACE] 帧 高亮趟
[11:32:26.051] [TRACE] 帧 叠加趟
[11:32:26.051] [TRACE] 帧 光标趟
[11:32:26.051] [TRACE] 帧 结束
[11:32:26.056] [TRACE] 帧 公告板
[11:32:26.056] [TRACE] 帧 格网
[11:32:26.056] [TRACE] 帧 开始
[11:32:26.056] [TRACE] 帧 格网趟
[11:32:26.056] [TRACE] 帧 场景趟
[11:32:26.056] [TRACE] 帧 高亮趟
[11:32:26.057] [TRACE] 帧 叠加趟
[11:32:26.057] [TRACE] 帧 光标趟
[11:32:26.057] [TRACE] 帧 结束
[11:32:26.063] [TRACE] 帧 公告板
[11:32:26.063] [TRACE] 帧 格网
[11:32:26.063] [TRACE] 帧 开始
[11:32:26.063] [TRACE] 帧 格网趟
[11:32:26.063] [TRACE] 帧 场景趟
[11:32:26.064] [TRACE] 帧 高亮趟
[11:32:26.064] [TRACE] 帧 叠加趟
[11:32:26.064] [TRACE] 帧 光标趟
[11:32:26.064] [TRACE] 帧 结束
[11:32:26.071] [TRACE] 帧 公告板
[11:32:26.071] [TRACE] 帧 格网
[11:32:26.071] [TRACE] 帧 开始
[11:32:26.071] [TRACE] 帧 格网趟
[11:32:26.072] [TRACE] 帧 场景趟
[11:32:26.072] [TRACE] 帧 高亮趟
[11:32:26.072] [TRACE] 帧 叠加趟
[11:32:26.072] [TRACE] 帧 光标趟
[11:32:26.072] [TRACE] 帧 结束
[11:32:26.077] [TRACE] 帧 公告板
[11:32:26.077] [TRACE] 帧 格网
[11:32:26.077] [TRACE] 帧 开始
[11:32:26.077] [TRACE] 帧 格网趟
[11:32:26.078] [TRACE] 帧 场景趟
[11:32:26.078] [TRACE] 帧 高亮趟
[11:32:26.078] [TRACE] 帧 叠加趟
[11:32:26.079] [TRACE] 帧 光标趟
[11:32:26.079] [TRACE] 帧 结束
[11:32:26.084] [TRACE] 帧 公告板
[11:32:26.085] [TRACE] 帧 格网
[11:32:26.085] [TRACE] 帧 开始
[11:32:26.085] [TRACE] 帧 格网趟
[11:32:26.085] [TRACE] 帧 场景趟
[11:32:26.085] [TRACE] 帧 高亮趟
[11:32:26.086] [TRACE] 帧 叠加趟
[11:32:26.086] [TRACE] 帧 光标趟
[11:32:26.086] [TRACE] 帧 结束
[11:32:26.090] [TRACE] 帧 公告板
[11:32:26.091] [TRACE] 帧 格网
[11:32:26.091] [TRACE] 帧 开始
[11:32:26.091] [TRACE] 帧 格网趟
[11:32:26.091] [TRACE] 帧 场景趟
[11:32:26.092] [TRACE] 帧 高亮趟
[11:32:26.092] [TRACE] 帧 叠加趟
[11:32:26.092] [TRACE] 帧 光标趟
[11:32:26.092] [TRACE] 帧 结束
[11:32:26.098] [TRACE] 帧 公告板
[11:32:26.099] [TRACE] 帧 格网
[11:32:26.099] [TRACE] 帧 开始
[11:32:26.099] [TRACE] 帧 格网趟
[11:32:26.099] [TRACE] 帧 场景趟
[11:32:26.099] [TRACE] 帧 高亮趟
[11:32:26.100] [TRACE] 帧 叠加趟
[11:32:26.100] [TRACE] 帧 光标趟
[11:32:26.100] [TRACE] 帧 结束
[11:32:26.104] [TRACE] 帧 公告板
[11:32:26.105] [TRACE] 帧 格网
[11:32:26.105] [TRACE] 帧 开始
[11:32:26.105] [TRACE] 帧 格网趟
[11:32:26.105] [TRACE] 帧 场景趟
[11:32:26.105] [TRACE] 帧 高亮趟
[11:32:26.105] [TRACE] 帧 叠加趟
[11:32:26.105] [TRACE] 帧 光标趟
[11:32:26.105] [TRACE] 帧 结束
[11:32:26.112] [TRACE] 帧 公告板
[11:32:26.112] [TRACE] 帧 格网
[11:32:26.112] [TRACE] 帧 开始
[11:32:26.113] [TRACE] 帧 格网趟
[11:32:26.113] [TRACE] 帧 场景趟
[11:32:26.113] [TRACE] 帧 高亮趟
[11:32:26.113] [TRACE] 帧 叠加趟
[11:32:26.114] [TRACE] 帧 光标趟
[11:32:26.114] [TRACE] 帧 结束
[11:32:26.119] [TRACE] 帧 公告板
[11:32:26.119] [TRACE] 帧 格网
[11:32:26.120] [TRACE] 帧 开始
[11:32:26.120] [TRACE] 帧 格网趟
[11:32:26.120] [TRACE] 帧 场景趟
[11:32:26.120] [TRACE] 帧 高亮趟
[11:32:26.120] [TRACE] 帧 叠加趟
[11:32:26.121] [TRACE] 帧 光标趟
[11:32:26.121] [TRACE] 帧 结束
[11:32:26.125] [TRACE] 帧 公告板
[11:32:26.125] [TRACE] 帧 格网
[11:32:26.126] [TRACE] 帧 开始
[11:32:26.126] [TRACE] 帧 格网趟
[11:32:26.126] [TRACE] 帧 场景趟
[11:32:26.126] [TRACE] 帧 高亮趟
[11:32:26.126] [TRACE] 帧 叠加趟
[11:32:26.126] [TRACE] 帧 光标趟
[11:32:26.126] [TRACE] 帧 结束
[11:32:26.133] [TRACE] 帧 公告板
[11:32:26.133] [TRACE] 帧 格网
[11:32:26.134] [TRACE] 帧 开始
[11:32:26.134] [TRACE] 帧 格网趟
[11:32:26.134] [TRACE] 帧 场景趟
[11:32:26.135] [TRACE] 帧 高亮趟
[11:32:26.135] [TRACE] 帧 叠加趟
[11:32:26.135] [TRACE] 帧 光标趟
[11:32:26.135] [TRACE] 帧 结束
[11:32:26.140] [TRACE] 帧 公告板
[11:32:26.140] [TRACE] 帧 格网
[11:32:26.140] [TRACE] 帧 开始
[11:32:26.140] [TRACE] 帧 格网趟
[11:32:26.141] [TRACE] 帧 场景趟
[11:32:26.141] [TRACE] 帧 高亮趟
[11:32:26.141] [TRACE] 帧 叠加趟
[11:32:26.141] [TRACE] 帧 光标趟
[11:32:26.142] [TRACE] 帧 结束
[11:32:26.146] [TRACE] 帧 公告板
[11:32:26.147] [TRACE] 帧 格网
[11:32:26.147] [TRACE] 帧 开始
[11:32:26.147] [TRACE] 帧 格网趟
[11:32:26.148] [TRACE] 帧 场景趟
[11:32:26.148] [TRACE] 帧 高亮趟
[11:32:26.148] [TRACE] 帧 叠加趟
[11:32:26.148] [TRACE] 帧 光标趟
[11:32:26.148] [TRACE] 帧 结束
[11:32:26.154] [TRACE] 帧 公告板
[11:32:26.155] [TRACE] 帧 格网
[11:32:26.155] [TRACE] 帧 开始
[11:32:26.155] [TRACE] 帧 格网趟
[11:32:26.155] [TRACE] 帧 场景趟
[11:32:26.155] [TRACE] 帧 高亮趟
[11:32:26.156] [TRACE] 帧 叠加趟
[11:32:26.156] [TRACE] 帧 光标趟
[11:32:26.156] [TRACE] 帧 结束
[11:32:26.160] [TRACE] 帧 公告板
[11:32:26.160] [TRACE] 帧 格网
[11:32:26.160] [TRACE] 帧 开始
[11:32:26.160] [TRACE] 帧 格网趟
[11:32:26.161] [TRACE] 帧 场景趟
[11:32:26.161] [TRACE] 帧 高亮趟
[11:32:26.161] [TRACE] 帧 叠加趟
[11:32:26.161] [TRACE] 帧 光标趟
[11:32:26.162] [TRACE] 帧 结束
[11:32:26.168] [TRACE] 帧 公告板
[11:32:26.168] [TRACE] 帧 格网
[11:32:26.168] [TRACE] 帧 开始
[11:32:26.168] [TRACE] 帧 格网趟
[11:32:26.169] [TRACE] 帧 场景趟
[11:32:26.169] [TRACE] 帧 高亮趟
[11:32:26.169] [TRACE] 帧 叠加趟
[11:32:26.169] [TRACE] 帧 光标趟
[11:32:26.169] [TRACE] 帧 结束
[11:32:26.174] [TRACE] 帧 公告板
[11:32:26.174] [TRACE] 帧 格网
[11:32:26.174] [TRACE] 帧 开始
[11:32:26.174] [TRACE] 帧 格网趟
[11:32:26.175] [TRACE] 帧 场景趟
[11:32:26.175] [TRACE] 帧 高亮趟
[11:32:26.175] [TRACE] 帧 叠加趟
[11:32:26.175] [TRACE] 帧 光标趟
[11:32:26.175] [TRACE] 帧 结束
[11:32:26.182] [TRACE] 帧 公告板
[11:32:26.182] [TRACE] 帧 格网
[11:32:26.182] [TRACE] 帧 开始
[11:32:26.182] [TRACE] 帧 格网趟
[11:32:26.183] [TRACE] 帧 场景趟
[11:32:26.183] [TRACE] 帧 高亮趟
[11:32:26.183] [TRACE] 帧 叠加趟
[11:32:26.183] [TRACE] 帧 光标趟
[11:32:26.183] [TRACE] 帧 结束
[11:32:26.188] [TRACE] 帧 公告板
[11:32:26.188] [TRACE] 帧 格网
[11:32:26.188] [TRACE] 帧 开始
[11:32:26.189] [TRACE] 帧 格网趟
[11:32:26.189] [TRACE] 帧 场景趟
[11:32:26.189] [TRACE] 帧 高亮趟
[11:32:26.189] [TRACE] 帧 叠加趟
[11:32:26.189] [TRACE] 帧 光标趟
[11:32:26.189] [TRACE] 帧 结束
[11:32:26.195] [TRACE] 帧 公告板
[11:32:26.196] [TRACE] 帧 格网
[11:32:26.196] [TRACE] 帧 开始
[11:32:26.196] [TRACE] 帧 格网趟
[11:32:26.196] [TRACE] 帧 场景趟
[11:32:26.196] [TRACE] 帧 高亮趟
[11:32:26.197] [TRACE] 帧 叠加趟
[11:32:26.197] [TRACE] 帧 光标趟
[11:32:26.197] [TRACE] 帧 结束
[11:32:26.203] [TRACE] 帧 公告板
[11:32:26.203] [TRACE] 帧 格网
[11:32:26.203] [TRACE] 帧 开始
[11:32:26.203] [TRACE] 帧 格网趟
[11:32:26.203] [TRACE] 帧 场景趟
[11:32:26.203] [TRACE] 帧 高亮趟
[11:32:26.204] [TRACE] 帧 叠加趟
[11:32:26.204] [TRACE] 帧 光标趟
[11:32:26.204] [TRACE] 帧 结束
[11:32:26.208] [TRACE] 帧 公告板
[11:32:26.209] [TRACE] 帧 格网
[11:32:26.209] [TRACE] 帧 开始
[11:32:26.209] [TRACE] 帧 格网趟
[11:32:26.209] [TRACE] 帧 场景趟
[11:32:26.209] [TRACE] 帧 高亮趟
[11:32:26.209] [TRACE] 帧 叠加趟
[11:32:26.209] [TRACE] 帧 光标趟
[11:32:26.210] [TRACE] 帧 结束
[11:32:26.216] [TRACE] 帧 公告板
[11:32:26.216] [TRACE] 帧 格网
[11:32:26.217] [TRACE] 帧 开始
[11:32:26.217] [TRACE] 帧 格网趟
[11:32:26.217] [TRACE] 帧 场景趟
[11:32:26.217] [TRACE] 帧 高亮趟
[11:32:26.218] [TRACE] 帧 叠加趟
[11:32:26.218] [TRACE] 帧 光标趟
[11:32:26.218] [TRACE] 帧 结束
[11:32:26.223] [TRACE] 帧 公告板
[11:32:26.223] [TRACE] 帧 格网
[11:32:26.223] [TRACE] 帧 开始
[11:32:26.223] [TRACE] 帧 格网趟
[11:32:26.223] [TRACE] 帧 场景趟
[11:32:26.223] [TRACE] 帧 高亮趟
[11:32:26.223] [TRACE] 帧 叠加趟
[11:32:26.223] [TRACE] 帧 光标趟
[11:32:26.224] [TRACE] 帧 结束
[11:32:26.230] [TRACE] 帧 公告板
[11:32:26.230] [TRACE] 帧 格网
[11:32:26.230] [TRACE] 帧 开始
[11:32:26.230] [TRACE] 帧 格网趟
[11:32:26.231] [TRACE] 帧 场景趟
[11:32:26.231] [TRACE] 帧 高亮趟
[11:32:26.231] [TRACE] 帧 叠加趟
[11:32:26.231] [TRACE] 帧 光标趟
[11:32:26.232] [TRACE] 帧 结束
[11:32:26.238] [TRACE] 帧 公告板
[11:32:26.238] [TRACE] 帧 格网
[11:32:26.238] [TRACE] 帧 开始
[11:32:26.239] [TRACE] 帧 格网趟
[11:32:26.239] [TRACE] 帧 场景趟
[11:32:26.239] [TRACE] 帧 高亮趟
[11:32:26.240] [TRACE] 帧 叠加趟
[11:32:26.240] [TRACE] 帧 光标趟
[11:32:26.240] [TRACE] 帧 结束
[11:32:26.243] [TRACE] 帧 公告板
[11:32:26.243] [TRACE] 帧 格网
[11:32:26.244] [TRACE] 帧 开始
[11:32:26.244] [TRACE] 帧 格网趟
[11:32:26.244] [TRACE] 帧 场景趟
[11:32:26.244] [TRACE] 帧 高亮趟
[11:32:26.245] [TRACE] 帧 叠加趟
[11:32:26.245] [TRACE] 帧 光标趟
[11:32:26.245] [TRACE] 帧 结束
[11:32:26.252] [TRACE] 帧 公告板
[11:32:26.252] [TRACE] 帧 格网
[11:32:26.252] [TRACE] 帧 开始
[11:32:26.252] [TRACE] 帧 格网趟
[11:32:26.252] [TRACE] 帧 场景趟
[11:32:26.253] [TRACE] 帧 高亮趟
[11:32:26.253] [TRACE] 帧 叠加趟
[11:32:26.253] [TRACE] 帧 光标趟
[11:32:26.253] [TRACE] 帧 结束
[11:32:26.258] [TRACE] 帧 公告板
[11:32:26.258] [TRACE] 帧 格网
[11:32:26.258] [TRACE] 帧 开始
[11:32:26.259] [TRACE] 帧 格网趟
[11:32:26.259] [TRACE] 帧 场景趟
[11:32:26.259] [TRACE] 帧 高亮趟
[11:32:26.259] [TRACE] 帧 叠加趟
[11:32:26.260] [TRACE] 帧 光标趟
[11:32:26.260] [TRACE] 帧 结束
[11:32:26.265] [TRACE] 帧 公告板
[11:32:26.265] [TRACE] 帧 格网
[11:32:26.266] [TRACE] 帧 开始
[11:32:26.266] [TRACE] 帧 格网趟
[11:32:26.266] [TRACE] 帧 场景趟
[11:32:26.266] [TRACE] 帧 高亮趟
[11:32:26.266] [TRACE] 帧 叠加趟
[11:32:26.267] [TRACE] 帧 光标趟
[11:32:26.267] [TRACE] 帧 结束
[11:32:26.272] [TRACE] 帧 公告板
[11:32:26.272] [TRACE] 帧 格网
[11:32:26.272] [TRACE] 帧 开始
[11:32:26.272] [TRACE] 帧 格网趟
[11:32:26.273] [TRACE] 帧 场景趟
[11:32:26.273] [TRACE] 帧 高亮趟
[11:32:26.273] [TRACE] 帧 叠加趟
[11:32:26.273] [TRACE] 帧 光标趟
[11:32:26.273] [TRACE] 帧 结束
[11:32:26.279] [TRACE] 帧 公告板
[11:32:26.279] [TRACE] 帧 格网
[11:32:26.279] [TRACE] 帧 开始
[11:32:26.279] [TRACE] 帧 格网趟
[11:32:26.280] [TRACE] 帧 场景趟
[11:32:26.280] [TRACE] 帧 高亮趟
[11:32:26.280] [TRACE] 帧 叠加趟
[11:32:26.280] [TRACE] 帧 光标趟
[11:32:26.281] [TRACE] 帧 结束
[11:32:26.286] [TRACE] 帧 公告板
[11:32:26.286] [TRACE] 帧 格网
[11:32:26.286] [TRACE] 帧 开始
[11:32:26.287] [TRACE] 帧 格网趟
[11:32:26.287] [TRACE] 帧 场景趟
[11:32:26.287] [TRACE] 帧 高亮趟
[11:32:26.287] [TRACE] 帧 叠加趟
[11:32:26.287] [TRACE] 帧 光标趟
[11:32:26.287] [TRACE] 帧 结束
[11:32:26.292] [TRACE] 帧 公告板
[11:32:26.292] [TRACE] 帧 格网
[11:32:26.293] [TRACE] 帧 开始
[11:32:26.293] [TRACE] 帧 格网趟
[11:32:26.293] [TRACE] 帧 场景趟
[11:32:26.293] [TRACE] 帧 高亮趟
[11:32:26.294] [TRACE] 帧 叠加趟
[11:32:26.294] [TRACE] 帧 光标趟
[11:32:26.294] [TRACE] 帧 结束
[11:32:26.300] [TRACE] 帧 公告板
[11:32:26.301] [TRACE] 帧 格网
[11:32:26.301] [TRACE] 帧 开始
[11:32:26.301] [TRACE] 帧 格网趟
[11:32:26.301] [TRACE] 帧 场景趟
[11:32:26.302] [TRACE] 帧 高亮趟
[11:32:26.302] [TRACE] 帧 叠加趟
[11:32:26.302] [TRACE] 帧 光标趟
[11:32:26.302] [TRACE] 帧 结束
[11:32:26.306] [TRACE] 帧 公告板
[11:32:26.306] [TRACE] 帧 格网
[11:32:26.306] [TRACE] 帧 开始
[11:32:26.306] [TRACE] 帧 格网趟
[11:32:26.307] [TRACE] 帧 场景趟
[11:32:26.307] [TRACE] 帧 高亮趟
[11:32:26.307] [TRACE] 帧 叠加趟
[11:32:26.307] [TRACE] 帧 光标趟
[11:32:26.307] [TRACE] 帧 结束
[11:32:26.313] [TRACE] 帧 公告板
[11:32:26.314] [TRACE] 帧 格网
[11:32:26.316] [TRACE] 帧 开始
[11:32:26.317] [TRACE] 帧 格网趟
[11:32:26.317] [TRACE] 帧 场景趟
[11:32:26.317] [TRACE] 帧 高亮趟
[11:32:26.317] [TRACE] 帧 叠加趟
[11:32:26.318] [TRACE] 帧 光标趟
[11:32:26.318] [TRACE] 帧 结束
[11:32:26.321] [TRACE] 帧 公告板
[11:32:26.322] [TRACE] 帧 格网
[11:32:26.322] [TRACE] 帧 开始
[11:32:26.322] [TRACE] 帧 格网趟
[11:32:26.322] [TRACE] 帧 场景趟
[11:32:26.322] [TRACE] 帧 高亮趟
[11:32:26.323] [TRACE] 帧 叠加趟
[11:32:26.323] [TRACE] 帧 光标趟
[11:32:26.323] [TRACE] 帧 结束
[11:32:26.327] [TRACE] 帧 公告板
[11:32:26.327] [TRACE] 帧 格网
[11:32:26.328] [TRACE] 帧 开始
[11:32:26.328] [TRACE] 帧 格网趟
[11:32:26.328] [TRACE] 帧 场景趟
[11:32:26.328] [TRACE] 帧 高亮趟
[11:32:26.329] [TRACE] 帧 叠加趟
[11:32:26.329] [TRACE] 帧 光标趟
[11:32:26.329] [TRACE] 帧 结束
[11:32:26.335] [TRACE] 帧 公告板
[11:32:26.335] [TRACE] 帧 格网
[11:32:26.335] [TRACE] 帧 开始
[11:32:26.335] [TRACE] 帧 格网趟
[11:32:26.336] [TRACE] 帧 场景趟
[11:32:26.336] [TRACE] 帧 高亮趟
[11:32:26.336] [TRACE] 帧 叠加趟
[11:32:26.336] [TRACE] 帧 光标趟
[11:32:26.337] [TRACE] 帧 结束
[11:32:26.341] [TRACE] 帧 公告板
[11:32:26.341] [TRACE] 帧 格网
[11:32:26.341] [TRACE] 帧 开始
[11:32:26.342] [TRACE] 帧 格网趟
[11:32:26.342] [TRACE] 帧 场景趟
[11:32:26.342] [TRACE] 帧 高亮趟
[11:32:26.342] [TRACE] 帧 叠加趟
[11:32:26.342] [TRACE] 帧 光标趟
[11:32:26.343] [TRACE] 帧 结束
[11:32:26.348] [TRACE] 帧 公告板
[11:32:26.349] [TRACE] 帧 格网
[11:32:26.349] [TRACE] 帧 开始
[11:32:26.349] [TRACE] 帧 格网趟
[11:32:26.349] [TRACE] 帧 场景趟
[11:32:26.350] [TRACE] 帧 高亮趟
[11:32:26.350] [TRACE] 帧 叠加趟
[11:32:26.350] [TRACE] 帧 光标趟
[11:32:26.350] [TRACE] 帧 结束
[11:32:26.355] [TRACE] 帧 公告板
[11:32:26.355] [TRACE] 帧 格网
[11:32:26.356] [TRACE] 帧 开始
[11:32:26.356] [TRACE] 帧 格网趟
[11:32:26.356] [TRACE] 帧 场景趟
[11:32:26.356] [TRACE] 帧 高亮趟
[11:32:26.357] [TRACE] 帧 叠加趟
[11:32:26.357] [TRACE] 帧 光标趟
[11:32:26.357] [TRACE] 帧 结束
[11:32:26.362] [TRACE] 帧 公告板
[11:32:26.362] [TRACE] 帧 格网
[11:32:26.363] [TRACE] 帧 开始
[11:32:26.363] [TRACE] 帧 格网趟
[11:32:26.363] [TRACE] 帧 场景趟
[11:32:26.363] [TRACE] 帧 高亮趟
[11:32:26.363] [TRACE] 帧 叠加趟
[11:32:26.364] [TRACE] 帧 光标趟
[11:32:26.364] [TRACE] 帧 结束
[11:32:26.369] [TRACE] 帧 公告板
[11:32:26.370] [TRACE] 帧 格网
[11:32:26.370] [TRACE] 帧 开始
[11:32:26.370] [TRACE] 帧 格网趟
[11:32:26.370] [TRACE] 帧 场景趟
[11:32:26.370] [TRACE] 帧 高亮趟
[11:32:26.371] [TRACE] 帧 叠加趟
[11:32:26.371] [TRACE] 帧 光标趟
[11:32:26.371] [TRACE] 帧 结束
[11:32:26.375] [TRACE] 帧 公告板
[11:32:26.376] [TRACE] 帧 格网
[11:32:26.376] [TRACE] 帧 开始
[11:32:26.376] [TRACE] 帧 格网趟
[11:32:26.376] [TRACE] 帧 场景趟
[11:32:26.377] [TRACE] 帧 高亮趟
[11:32:26.377] [TRACE] 帧 叠加趟
[11:32:26.377] [TRACE] 帧 光标趟
[11:32:26.377] [TRACE] 帧 结束
[11:32:26.383] [TRACE] 帧 公告板
[11:32:26.383] [TRACE] 帧 格网
[11:32:26.384] [TRACE] 帧 开始
[11:32:26.384] [TRACE] 帧 格网趟
[11:32:26.387] [TRACE] 帧 场景趟
[11:32:26.387] [TRACE] 帧 高亮趟
[11:32:26.388] [TRACE] 帧 叠加趟
[11:32:26.388] [TRACE] 帧 光标趟
[11:32:26.391] [TRACE] 帧 结束
[11:32:26.396] [TRACE] 帧 公告板
[11:32:26.396] [TRACE] 帧 格网
[11:32:26.397] [TRACE] 帧 开始
[11:32:26.397] [TRACE] 帧 格网趟
[11:32:26.397] [TRACE] 帧 场景趟
[11:32:26.397] [TRACE] 帧 高亮趟
[11:32:26.397] [TRACE] 帧 叠加趟
[11:32:26.398] [TRACE] 帧 光标趟
[11:32:26.398] [TRACE] 帧 结束
[11:32:26.405] [TRACE] 帧 公告板
[11:32:26.405] [TRACE] 帧 格网
[11:32:26.405] [TRACE] 帧 开始
[11:32:26.405] [TRACE] 帧 格网趟
[11:32:26.406] [TRACE] 帧 场景趟
[11:32:26.406] [TRACE] 帧 高亮趟
[11:32:26.406] [TRACE] 帧 叠加趟
[11:32:26.406] [TRACE] 帧 光标趟
[11:32:26.407] [TRACE] 帧 结束
[11:32:26.410] [TRACE] 帧 公告板
[11:32:26.410] [TRACE] 帧 格网
[11:32:26.411] [TRACE] 帧 开始
[11:32:26.411] [TRACE] 帧 格网趟
[11:32:26.411] [TRACE] 帧 场景趟
[11:32:26.411] [TRACE] 帧 高亮趟
[11:32:26.411] [TRACE] 帧 叠加趟
[11:32:26.412] [TRACE] 帧 光标趟
[11:32:26.412] [TRACE] 帧 结束
[11:32:26.418] [TRACE] 帧 公告板
[11:32:26.418] [TRACE] 帧 格网
[11:32:26.418] [TRACE] 帧 开始
[11:32:26.419] [TRACE] 帧 格网趟
[11:32:26.419] [TRACE] 帧 场景趟
[11:32:26.419] [TRACE] 帧 高亮趟
[11:32:26.419] [TRACE] 帧 叠加趟
[11:32:26.419] [TRACE] 帧 光标趟
[11:32:26.419] [TRACE] 帧 结束
[11:32:26.424] [TRACE] 帧 公告板
[11:32:26.424] [TRACE] 帧 格网
[11:32:26.425] [TRACE] 帧 开始
[11:32:26.425] [TRACE] 帧 格网趟
[11:32:26.425] [TRACE] 帧 场景趟
[11:32:26.425] [TRACE] 帧 高亮趟
[11:32:26.425] [TRACE] 帧 叠加趟
[11:32:26.426] [TRACE] 帧 光标趟
[11:32:26.426] [TRACE] 帧 结束
[11:32:26.432] [TRACE] 帧 公告板
[11:32:26.432] [TRACE] 帧 格网
[11:32:26.432] [TRACE] 帧 开始
[11:32:26.433] [TRACE] 帧 格网趟
[11:32:26.433] [TRACE] 帧 场景趟
[11:32:26.433] [TRACE] 帧 高亮趟
[11:32:26.433] [TRACE] 帧 叠加趟
[11:32:26.434] [TRACE] 帧 光标趟
[11:32:26.434] [TRACE] 帧 结束
[11:32:26.438] [TRACE] 帧 公告板
[11:32:26.438] [TRACE] 帧 格网
[11:32:26.438] [TRACE] 帧 开始
[11:32:26.439] [TRACE] 帧 格网趟
[11:32:26.439] [TRACE] 帧 场景趟
[11:32:26.439] [TRACE] 帧 高亮趟
[11:32:26.439] [TRACE] 帧 叠加趟
[11:32:26.439] [TRACE] 帧 光标趟
[11:32:26.440] [TRACE] 帧 结束
[11:32:26.445] [TRACE] 帧 公告板
[11:32:26.446] [TRACE] 帧 格网
[11:32:26.446] [TRACE] 帧 开始
[11:32:26.446] [TRACE] 帧 格网趟
[11:32:26.446] [TRACE] 帧 场景趟
[11:32:26.446] [TRACE] 帧 高亮趟
[11:32:26.446] [TRACE] 帧 叠加趟
[11:32:26.447] [TRACE] 帧 光标趟
[11:32:26.447] [TRACE] 帧 结束
[11:32:26.453] [TRACE] 帧 公告板
[11:32:26.453] [TRACE] 帧 格网
[11:32:26.453] [TRACE] 帧 开始
[11:32:26.453] [TRACE] 帧 格网趟
[11:32:26.454] [TRACE] 帧 场景趟
[11:32:26.454] [TRACE] 帧 高亮趟
[11:32:26.454] [TRACE] 帧 叠加趟
[11:32:26.454] [TRACE] 帧 光标趟
[11:32:26.454] [TRACE] 帧 结束
[11:32:26.459] [TRACE] 帧 公告板
[11:32:26.459] [TRACE] 帧 格网
[11:32:26.459] [TRACE] 帧 开始
[11:32:26.459] [TRACE] 帧 格网趟
[11:32:26.460] [TRACE] 帧 场景趟
[11:32:26.460] [TRACE] 帧 高亮趟
[11:32:26.460] [TRACE] 帧 叠加趟
[11:32:26.460] [TRACE] 帧 光标趟
[11:32:26.461] [TRACE] 帧 结束
[11:32:26.466] [TRACE] 帧 公告板
[11:32:26.467] [TRACE] 帧 格网
[11:32:26.467] [TRACE] 帧 开始
[11:32:26.467] [TRACE] 帧 格网趟
[11:32:26.467] [TRACE] 帧 场景趟
[11:32:26.468] [TRACE] 帧 高亮趟
[11:32:26.468] [TRACE] 帧 叠加趟
[11:32:26.468] [TRACE] 帧 光标趟
[11:32:26.468] [TRACE] 帧 结束
[11:32:26.473] [TRACE] 帧 公告板
[11:32:26.473] [TRACE] 帧 格网
[11:32:26.473] [TRACE] 帧 开始
[11:32:26.473] [TRACE] 帧 格网趟
[11:32:26.473] [TRACE] 帧 场景趟
[11:32:26.474] [TRACE] 帧 高亮趟
[11:32:26.474] [TRACE] 帧 叠加趟
[11:32:26.474] [TRACE] 帧 光标趟
[11:32:26.474] [TRACE] 帧 结束
[11:32:26.480] [TRACE] 帧 公告板
[11:32:26.480] [TRACE] 帧 格网
[11:32:26.480] [TRACE] 帧 开始
[11:32:26.480] [TRACE] 帧 格网趟
[11:32:26.480] [TRACE] 帧 场景趟
[11:32:26.481] [TRACE] 帧 高亮趟
[11:32:26.481] [TRACE] 帧 叠加趟
[11:32:26.481] [TRACE] 帧 光标趟
[11:32:26.481] [TRACE] 帧 结束
[11:32:26.488] [TRACE] 帧 公告板
[11:32:26.488] [TRACE] 帧 格网
[11:32:26.488] [TRACE] 帧 开始
[11:32:26.489] [TRACE] 帧 格网趟
[11:32:26.489] [TRACE] 帧 场景趟
[11:32:26.489] [TRACE] 帧 高亮趟
[11:32:26.489] [TRACE] 帧 叠加趟
[11:32:26.489] [TRACE] 帧 光标趟
[11:32:26.489] [TRACE] 帧 结束
[11:32:26.493] [TRACE] 帧 公告板
[11:32:26.494] [TRACE] 帧 格网
[11:32:26.494] [TRACE] 帧 开始
[11:32:26.494] [TRACE] 帧 格网趟
[11:32:26.494] [TRACE] 帧 场景趟
[11:32:26.494] [TRACE] 帧 高亮趟
[11:32:26.494] [TRACE] 帧 叠加趟
[11:32:26.495] [TRACE] 帧 光标趟
[11:32:26.495] [TRACE] 帧 结束
[11:32:26.501] [TRACE] 帧 公告板
[11:32:26.501] [TRACE] 帧 格网
[11:32:26.502] [TRACE] 帧 开始
[11:32:26.502] [TRACE] 帧 格网趟
[11:32:26.502] [TRACE] 帧 场景趟
[11:32:26.502] [TRACE] 帧 高亮趟
[11:32:26.502] [TRACE] 帧 叠加趟
[11:32:26.502] [TRACE] 帧 光标趟
[11:32:26.503] [TRACE] 帧 结束
[11:32:26.508] [TRACE] 帧 公告板
[11:32:26.508] [TRACE] 帧 格网
[11:32:26.508] [TRACE] 帧 开始
[11:32:26.508] [TRACE] 帧 格网趟
[11:32:26.508] [TRACE] 帧 场景趟
[11:32:26.509] [TRACE] 帧 高亮趟
[11:32:26.509] [TRACE] 帧 叠加趟
[11:32:26.509] [TRACE] 帧 光标趟
[11:32:26.509] [TRACE] 帧 结束
[11:32:26.515] [TRACE] 帧 公告板
[11:32:26.516] [TRACE] 帧 格网
[11:32:26.516] [TRACE] 帧 开始
[11:32:26.516] [TRACE] 帧 格网趟
[11:32:26.516] [TRACE] 帧 场景趟
[11:32:26.516] [TRACE] 帧 高亮趟
[11:32:26.517] [TRACE] 帧 叠加趟
[11:32:26.517] [TRACE] 帧 光标趟
[11:32:26.517] [TRACE] 帧 结束
[11:32:26.521] [TRACE] 帧 公告板
[11:32:26.522] [TRACE] 帧 格网
[11:32:26.522] [TRACE] 帧 开始
[11:32:26.522] [TRACE] 帧 格网趟
[11:32:26.522] [TRACE] 帧 场景趟
[11:32:26.523] [TRACE] 帧 高亮趟
[11:32:26.523] [TRACE] 帧 叠加趟
[11:32:26.523] [TRACE] 帧 光标趟
[11:32:26.523] [TRACE] 帧 结束
[11:32:26.529] [TRACE] 帧 公告板
[11:32:26.529] [TRACE] 帧 格网
[11:32:26.529] [TRACE] 帧 开始
[11:32:26.529] [TRACE] 帧 格网趟
[11:32:26.529] [TRACE] 帧 场景趟
[11:32:26.529] [TRACE] 帧 高亮趟
[11:32:26.529] [TRACE] 帧 叠加趟
[11:32:26.530] [TRACE] 帧 光标趟
[11:32:26.530] [TRACE] 帧 结束
[11:32:26.536] [TRACE] 帧 公告板
[11:32:26.537] [TRACE] 帧 格网
[11:32:26.537] [TRACE] 帧 开始
[11:32:26.537] [TRACE] 帧 格网趟
[11:32:26.537] [TRACE] 帧 场景趟
[11:32:26.537] [TRACE] 帧 高亮趟
[11:32:26.537] [TRACE] 帧 叠加趟
[11:32:26.538] [TRACE] 帧 光标趟
[11:32:26.538] [TRACE] 帧 结束
[11:32:26.542] [TRACE] 帧 公告板
[11:32:26.542] [TRACE] 帧 格网
[11:32:26.542] [TRACE] 帧 开始
[11:32:26.543] [TRACE] 帧 格网趟
[11:32:26.543] [TRACE] 帧 场景趟
[11:32:26.543] [TRACE] 帧 高亮趟
[11:32:26.543] [TRACE] 帧 叠加趟
[11:32:26.544] [TRACE] 帧 光标趟
[11:32:26.544] [TRACE] 帧 结束
[11:32:26.550] [TRACE] 帧 公告板
[11:32:26.550] [TRACE] 帧 格网
[11:32:26.550] [TRACE] 帧 开始
[11:32:26.550] [TRACE] 帧 格网趟
[11:32:26.551] [TRACE] 帧 场景趟
[11:32:26.551] [TRACE] 帧 高亮趟
[11:32:26.551] [TRACE] 帧 叠加趟
[11:32:26.551] [TRACE] 帧 光标趟
[11:32:26.551] [TRACE] 帧 结束
[11:32:26.556] [TRACE] 帧 公告板
[11:32:26.556] [TRACE] 帧 格网
[11:32:26.556] [TRACE] 帧 开始
[11:32:26.557] [TRACE] 帧 格网趟
[11:32:26.557] [TRACE] 帧 场景趟
[11:32:26.557] [TRACE] 帧 高亮趟
[11:32:26.557] [TRACE] 帧 叠加趟
[11:32:26.557] [TRACE] 帧 光标趟
[11:32:26.557] [TRACE] 帧 结束
[11:32:26.564] [TRACE] 帧 公告板
[11:32:26.565] [TRACE] 帧 格网
[11:32:26.565] [TRACE] 帧 开始
[11:32:26.565] [TRACE] 帧 格网趟
[11:32:26.565] [TRACE] 帧 场景趟
[11:32:26.566] [TRACE] 帧 高亮趟
[11:32:26.566] [TRACE] 帧 叠加趟
[11:32:26.566] [TRACE] 帧 光标趟
[11:32:26.566] [TRACE] 帧 结束
[11:32:26.576] [TRACE] 帧 公告板
[11:32:26.576] [TRACE] 帧 格网
[11:32:26.577] [TRACE] 帧 开始
[11:32:26.577] [TRACE] 帧 格网趟
[11:32:26.577] [TRACE] 帧 场景趟
[11:32:26.577] [TRACE] 帧 高亮趟
[11:32:26.578] [TRACE] 帧 叠加趟
[11:32:26.578] [TRACE] 帧 光标趟
[11:32:26.578] [TRACE] 帧 结束
[11:32:26.585] [TRACE] 帧 公告板
[11:32:26.585] [TRACE] 帧 格网
[11:32:26.585] [TRACE] 帧 开始
[11:32:26.585] [TRACE] 帧 格网趟
[11:32:26.585] [TRACE] 帧 场景趟
[11:32:26.586] [TRACE] 帧 高亮趟
[11:32:26.586] [TRACE] 帧 叠加趟
[11:32:26.586] [TRACE] 帧 光标趟
[11:32:26.586] [TRACE] 帧 结束
[11:32:26.591] [TRACE] 帧 公告板
[11:32:26.591] [TRACE] 帧 格网
[11:32:26.591] [TRACE] 帧 开始
[11:32:26.591] [TRACE] 帧 格网趟
[11:32:26.592] [TRACE] 帧 场景趟
[11:32:26.592] [TRACE] 帧 高亮趟
[11:32:26.592] [TRACE] 帧 叠加趟
[11:32:26.592] [TRACE] 帧 光标趟
[11:32:26.592] [TRACE] 帧 结束
[11:32:26.599] [TRACE] 帧 公告板
[11:32:26.599] [TRACE] 帧 格网
[11:32:26.599] [TRACE] 帧 开始
[11:32:26.599] [TRACE] 帧 格网趟
[11:32:26.599] [TRACE] 帧 场景趟
[11:32:26.599] [TRACE] 帧 高亮趟
[11:32:26.600] [TRACE] 帧 叠加趟
[11:32:26.600] [TRACE] 帧 光标趟
[11:32:26.600] [TRACE] 帧 结束
[11:32:26.605] [TRACE] 帧 公告板
[11:32:26.605] [TRACE] 帧 格网
[11:32:26.605] [TRACE] 帧 开始
[11:32:26.605] [TRACE] 帧 格网趟
[11:32:26.606] [TRACE] 帧 场景趟
[11:32:26.606] [TRACE] 帧 高亮趟
[11:32:26.606] [TRACE] 帧 叠加趟
[11:32:26.606] [TRACE] 帧 光标趟
[11:32:26.606] [TRACE] 帧 结束
[11:32:26.612] [TRACE] 帧 公告板
[11:32:26.612] [TRACE] 帧 格网
[11:32:26.613] [TRACE] 帧 开始
[11:32:26.613] [TRACE] 帧 格网趟
[11:32:26.613] [TRACE] 帧 场景趟
[11:32:26.613] [TRACE] 帧 高亮趟
[11:32:26.613] [TRACE] 帧 叠加趟
[11:32:26.614] [TRACE] 帧 光标趟
[11:32:26.614] [TRACE] 帧 结束
[11:32:26.620] [TRACE] 帧 公告板
[11:32:26.620] [TRACE] 帧 格网
[11:32:26.620] [TRACE] 帧 开始
[11:32:26.620] [TRACE] 帧 格网趟
[11:32:26.620] [TRACE] 帧 场景趟
[11:32:26.621] [TRACE] 帧 高亮趟
[11:32:26.621] [TRACE] 帧 叠加趟
[11:32:26.621] [TRACE] 帧 光标趟
[11:32:26.621] [TRACE] 帧 结束
[11:32:26.626] [TRACE] 帧 公告板
[11:32:26.626] [TRACE] 帧 格网
[11:32:26.626] [TRACE] 帧 开始
[11:32:26.626] [TRACE] 帧 格网趟
[11:32:26.626] [TRACE] 帧 场景趟
[11:32:26.627] [TRACE] 帧 高亮趟
[11:32:26.627] [TRACE] 帧 叠加趟
[11:32:26.627] [TRACE] 帧 光标趟
[11:32:26.627] [TRACE] 帧 结束
[11:32:26.633] [TRACE] 帧 公告板
[11:32:26.633] [TRACE] 帧 格网
[11:32:26.634] [TRACE] 帧 开始
[11:32:26.634] [TRACE] 帧 格网趟
[11:32:26.634] [TRACE] 帧 场景趟
[11:32:26.634] [TRACE] 帧 高亮趟
[11:32:26.634] [TRACE] 帧 叠加趟
[11:32:26.634] [TRACE] 帧 光标趟
[11:32:26.635] [TRACE] 帧 结束
[11:32:26.640] [TRACE] 帧 公告板
[11:32:26.640] [TRACE] 帧 格网
[11:32:26.640] [TRACE] 帧 开始
[11:32:26.641] [TRACE] 帧 格网趟
[11:32:26.641] [TRACE] 帧 场景趟
[11:32:26.641] [TRACE] 帧 高亮趟
[11:32:26.641] [TRACE] 帧 叠加趟
[11:32:26.641] [TRACE] 帧 光标趟
[11:32:26.641] [TRACE] 帧 结束
[11:32:26.646] [TRACE] 帧 公告板
[11:32:26.647] [TRACE] 帧 格网
[11:32:26.647] [TRACE] 帧 开始
[11:32:26.647] [TRACE] 帧 格网趟
[11:32:26.647] [TRACE] 帧 场景趟
[11:32:26.647] [TRACE] 帧 高亮趟
[11:32:26.647] [TRACE] 帧 叠加趟
[11:32:26.647] [TRACE] 帧 光标趟
[11:32:26.647] [TRACE] 帧 结束
[11:32:26.655] [TRACE] 帧 公告板
[11:32:26.655] [TRACE] 帧 格网
[11:32:26.655] [TRACE] 帧 开始
[11:32:26.655] [TRACE] 帧 格网趟
[11:32:26.655] [TRACE] 帧 场景趟
[11:32:26.656] [TRACE] 帧 高亮趟
[11:32:26.656] [TRACE] 帧 叠加趟
[11:32:26.656] [TRACE] 帧 光标趟
[11:32:26.656] [TRACE] 帧 结束
[11:32:26.660] [TRACE] 帧 公告板
[11:32:26.661] [TRACE] 帧 格网
[11:32:26.661] [TRACE] 帧 开始
[11:32:26.661] [TRACE] 帧 格网趟
[11:32:26.661] [TRACE] 帧 场景趟
[11:32:26.661] [TRACE] 帧 高亮趟
[11:32:26.661] [TRACE] 帧 叠加趟
[11:32:26.662] [TRACE] 帧 光标趟
[11:32:26.662] [TRACE] 帧 结束
[11:32:26.668] [TRACE] 帧 公告板
[11:32:26.668] [TRACE] 帧 格网
[11:32:26.668] [TRACE] 帧 开始
[11:32:26.669] [TRACE] 帧 格网趟
[11:32:26.669] [TRACE] 帧 场景趟
[11:32:26.669] [TRACE] 帧 高亮趟
[11:32:26.669] [TRACE] 帧 叠加趟
[11:32:26.669] [TRACE] 帧 光标趟
[11:32:26.669] [TRACE] 帧 结束
[11:32:26.674] [TRACE] 帧 公告板
[11:32:26.675] [TRACE] 帧 格网
[11:32:26.675] [TRACE] 帧 开始
[11:32:26.675] [TRACE] 帧 格网趟
[11:32:26.675] [TRACE] 帧 场景趟
[11:32:26.675] [TRACE] 帧 高亮趟
[11:32:26.675] [TRACE] 帧 叠加趟
[11:32:26.676] [TRACE] 帧 光标趟
[11:32:26.676] [TRACE] 帧 结束
[11:32:26.682] [TRACE] 帧 公告板
[11:32:26.683] [TRACE] 帧 格网
[11:32:26.683] [TRACE] 帧 开始
[11:32:26.683] [TRACE] 帧 格网趟
[11:32:26.683] [TRACE] 帧 场景趟
[11:32:26.683] [TRACE] 帧 高亮趟
[11:32:26.683] [TRACE] 帧 叠加趟
[11:32:26.683] [TRACE] 帧 光标趟
[11:32:26.684] [TRACE] 帧 结束
[11:32:26.688] [TRACE] 帧 公告板
[11:32:26.688] [TRACE] 帧 格网
[11:32:26.688] [TRACE] 帧 开始
[11:32:26.689] [TRACE] 帧 格网趟
[11:32:26.689] [TRACE] 帧 场景趟
[11:32:26.689] [TRACE] 帧 高亮趟
[11:32:26.689] [TRACE] 帧 叠加趟
[11:32:26.689] [TRACE] 帧 光标趟
[11:32:26.689] [TRACE] 帧 结束
[11:32:26.696] [TRACE] 帧 公告板
[11:32:26.696] [TRACE] 帧 格网
[11:32:26.696] [TRACE] 帧 开始
[11:32:26.696] [TRACE] 帧 格网趟
[11:32:26.696] [TRACE] 帧 场景趟
[11:32:26.697] [TRACE] 帧 高亮趟
[11:32:26.697] [TRACE] 帧 叠加趟
[11:32:26.697] [TRACE] 帧 光标趟
[11:32:26.697] [TRACE] 帧 结束
[11:32:26.703] [TRACE] 帧 公告板
[11:32:26.704] [TRACE] 帧 格网
[11:32:26.704] [TRACE] 帧 开始
[11:32:26.704] [TRACE] 帧 格网趟
[11:32:26.704] [TRACE] 帧 场景趟
[11:32:26.704] [TRACE] 帧 高亮趟
[11:32:26.705] [TRACE] 帧 叠加趟
[11:32:26.705] [TRACE] 帧 光标趟
[11:32:26.705] [TRACE] 帧 结束
[11:32:26.709] [TRACE] 帧 公告板
[11:32:26.709] [TRACE] 帧 格网
[11:32:26.709] [TRACE] 帧 开始
[11:32:26.710] [TRACE] 帧 格网趟
[11:32:26.710] [TRACE] 帧 场景趟
[11:32:26.710] [TRACE] 帧 高亮趟
[11:32:26.710] [TRACE] 帧 叠加趟
[11:32:26.711] [TRACE] 帧 光标趟
[11:32:26.711] [TRACE] 帧 结束
[11:32:26.717] [TRACE] 帧 公告板
[11:32:26.717] [TRACE] 帧 格网
[11:32:26.717] [TRACE] 帧 开始
[11:32:26.717] [TRACE] 帧 格网趟
[11:32:26.718] [TRACE] 帧 场景趟
[11:32:26.718] [TRACE] 帧 高亮趟
[11:32:26.718] [TRACE] 帧 叠加趟
[11:32:26.718] [TRACE] 帧 光标趟
[11:32:26.718] [TRACE] 帧 结束
[11:32:26.724] [TRACE] 帧 公告板
[11:32:26.724] [TRACE] 帧 格网
[11:32:26.724] [TRACE] 帧 开始
[11:32:26.724] [TRACE] 帧 格网趟
[11:32:26.724] [TRACE] 帧 场景趟
[11:32:26.725] [TRACE] 帧 高亮趟
[11:32:26.725] [TRACE] 帧 叠加趟
[11:32:26.725] [TRACE] 帧 光标趟
[11:32:26.725] [TRACE] 帧 结束
[11:32:26.730] [TRACE] 帧 公告板
[11:32:26.730] [TRACE] 帧 格网
[11:32:26.730] [TRACE] 帧 开始
[11:32:26.730] [TRACE] 帧 格网趟
[11:32:26.730] [TRACE] 帧 场景趟
[11:32:26.730] [TRACE] 帧 高亮趟
[11:32:26.731] [TRACE] 帧 叠加趟
[11:32:26.731] [TRACE] 帧 光标趟
[11:32:26.731] [TRACE] 帧 结束
[11:32:26.738] [TRACE] 帧 公告板
[11:32:26.738] [TRACE] 帧 格网
[11:32:26.738] [TRACE] 帧 开始
[11:32:26.738] [TRACE] 帧 格网趟
[11:32:26.739] [TRACE] 帧 场景趟
[11:32:26.739] [TRACE] 帧 高亮趟
[11:32:26.739] [TRACE] 帧 叠加趟
[11:32:26.739] [TRACE] 帧 光标趟
[11:32:26.739] [TRACE] 帧 结束
[11:32:26.744] [TRACE] 帧 公告板
[11:32:26.744] [TRACE] 帧 格网
[11:32:26.744] [TRACE] 帧 开始
[11:32:26.745] [TRACE] 帧 格网趟
[11:32:26.745] [TRACE] 帧 场景趟
[11:32:26.745] [TRACE] 帧 高亮趟
[11:32:26.745] [TRACE] 帧 叠加趟
[11:32:26.745] [TRACE] 帧 光标趟
[11:32:26.746] [TRACE] 帧 结束
[11:32:26.752] [TRACE] 帧 公告板
[11:32:26.752] [TRACE] 帧 格网
[11:32:26.752] [TRACE] 帧 开始
[11:32:26.752] [TRACE] 帧 格网趟
[11:32:26.752] [TRACE] 帧 场景趟
[11:32:26.752] [TRACE] 帧 高亮趟
[11:32:26.752] [TRACE] 帧 叠加趟
[11:32:26.752] [TRACE] 帧 光标趟
[11:32:26.753] [TRACE] 帧 结束
[11:32:26.758] [TRACE] 帧 公告板
[11:32:26.758] [TRACE] 帧 格网
[11:32:26.758] [TRACE] 帧 开始
[11:32:26.758] [TRACE] 帧 格网趟
[11:32:26.758] [TRACE] 帧 场景趟
[11:32:26.759] [TRACE] 帧 高亮趟
[11:32:26.759] [TRACE] 帧 叠加趟
[11:32:26.759] [TRACE] 帧 光标趟
[11:32:26.759] [TRACE] 帧 结束
[11:32:26.766] [TRACE] 帧 公告板
[11:32:26.766] [TRACE] 帧 格网
[11:32:26.766] [TRACE] 帧 开始
[11:32:26.766] [TRACE] 帧 格网趟
[11:32:26.767] [TRACE] 帧 场景趟
[11:32:26.767] [TRACE] 帧 高亮趟
[11:32:26.767] [TRACE] 帧 叠加趟
[11:32:26.767] [TRACE] 帧 光标趟
[11:32:26.767] [TRACE] 帧 结束
[11:32:26.772] [TRACE] 帧 公告板
[11:32:26.772] [TRACE] 帧 格网
[11:32:26.772] [TRACE] 帧 开始
[11:32:26.772] [TRACE] 帧 格网趟
[11:32:26.772] [TRACE] 帧 场景趟
[11:32:26.773] [TRACE] 帧 高亮趟
[11:32:26.773] [TRACE] 帧 叠加趟
[11:32:26.773] [TRACE] 帧 光标趟
[11:32:26.773] [TRACE] 帧 结束
[11:32:26.779] [TRACE] 帧 公告板
[11:32:26.779] [TRACE] 帧 格网
[11:32:26.779] [TRACE] 帧 开始
[11:32:26.779] [TRACE] 帧 格网趟
[11:32:26.779] [TRACE] 帧 场景趟
[11:32:26.780] [TRACE] 帧 高亮趟
[11:32:26.780] [TRACE] 帧 叠加趟
[11:32:26.780] [TRACE] 帧 光标趟
[11:32:26.780] [TRACE] 帧 结束
[11:32:26.786] [TRACE] 帧 公告板
[11:32:26.787] [TRACE] 帧 格网
[11:32:26.787] [TRACE] 帧 开始
[11:32:26.787] [TRACE] 帧 格网趟
[11:32:26.787] [TRACE] 帧 场景趟
[11:32:26.787] [TRACE] 帧 高亮趟
[11:32:26.787] [TRACE] 帧 叠加趟
[11:32:26.788] [TRACE] 帧 光标趟
[11:32:26.788] [TRACE] 帧 结束
[11:32:26.793] [TRACE] 帧 公告板
[11:32:26.793] [TRACE] 帧 格网
[11:32:26.793] [TRACE] 帧 开始
[11:32:26.793] [TRACE] 帧 格网趟
[11:32:26.793] [TRACE] 帧 场景趟
[11:32:26.793] [TRACE] 帧 高亮趟
[11:32:26.793] [TRACE] 帧 叠加趟
[11:32:26.794] [TRACE] 帧 光标趟
[11:32:26.794] [TRACE] 帧 结束
[11:32:26.800] [TRACE] 帧 公告板
[11:32:26.800] [TRACE] 帧 格网
[11:32:26.800] [TRACE] 帧 开始
[11:32:26.800] [TRACE] 帧 格网趟
[11:32:26.801] [TRACE] 帧 场景趟
[11:32:26.801] [TRACE] 帧 高亮趟
[11:32:26.801] [TRACE] 帧 叠加趟
[11:32:26.801] [TRACE] 帧 光标趟
[11:32:26.801] [TRACE] 帧 结束
[11:32:26.807] [TRACE] 帧 公告板
[11:32:26.807] [TRACE] 帧 格网
[11:32:26.807] [TRACE] 帧 开始
[11:32:26.807] [TRACE] 帧 格网趟
[11:32:26.807] [TRACE] 帧 场景趟
[11:32:26.808] [TRACE] 帧 高亮趟
[11:32:26.808] [TRACE] 帧 叠加趟
[11:32:26.808] [TRACE] 帧 光标趟
[11:32:26.808] [TRACE] 帧 结束
[11:32:26.813] [TRACE] 帧 公告板
[11:32:26.813] [TRACE] 帧 格网
[11:32:26.814] [TRACE] 帧 开始
[11:32:26.814] [TRACE] 帧 格网趟
[11:32:26.814] [TRACE] 帧 场景趟
[11:32:26.814] [TRACE] 帧 高亮趟
[11:32:26.814] [TRACE] 帧 叠加趟
[11:32:26.814] [TRACE] 帧 光标趟
[11:32:26.814] [TRACE] 帧 结束
[11:32:26.821] [TRACE] 帧 公告板
[11:32:26.821] [TRACE] 帧 格网
[11:32:26.822] [TRACE] 帧 开始
[11:32:26.822] [TRACE] 帧 格网趟
[11:32:26.822] [TRACE] 帧 场景趟
[11:32:26.822] [TRACE] 帧 高亮趟
[11:32:26.822] [TRACE] 帧 叠加趟
[11:32:26.822] [TRACE] 帧 光标趟
[11:32:26.822] [TRACE] 帧 结束
[11:32:26.827] [TRACE] 帧 公告板
[11:32:26.828] [TRACE] 帧 格网
[11:32:26.828] [TRACE] 帧 开始
[11:32:26.828] [TRACE] 帧 格网趟
[11:32:26.828] [TRACE] 帧 场景趟
[11:32:26.828] [TRACE] 帧 高亮趟
[11:32:26.829] [TRACE] 帧 叠加趟
[11:32:26.829] [TRACE] 帧 光标趟
[11:32:26.829] [TRACE] 帧 结束
[11:32:26.835] [TRACE] 帧 公告板
[11:32:26.835] [TRACE] 帧 格网
[11:32:26.835] [TRACE] 帧 开始
[11:32:26.836] [TRACE] 帧 格网趟
[11:32:26.836] [TRACE] 帧 场景趟
[11:32:26.836] [TRACE] 帧 高亮趟
[11:32:26.836] [TRACE] 帧 叠加趟
[11:32:26.836] [TRACE] 帧 光标趟
[11:32:26.837] [TRACE] 帧 结束
[11:32:26.841] [TRACE] 帧 公告板
[11:32:26.841] [TRACE] 帧 格网
[11:32:26.842] [TRACE] 帧 开始
[11:32:26.842] [TRACE] 帧 格网趟
[11:32:26.842] [TRACE] 帧 场景趟
[11:32:26.842] [TRACE] 帧 高亮趟
[11:32:26.842] [TRACE] 帧 叠加趟
[11:32:26.842] [TRACE] 帧 光标趟
[11:32:26.842] [TRACE] 帧 结束
[11:32:26.849] [TRACE] 帧 公告板
[11:32:26.849] [TRACE] 帧 格网
[11:32:26.850] [TRACE] 帧 开始
[11:32:26.850] [TRACE] 帧 格网趟
[11:32:26.850] [TRACE] 帧 场景趟
[11:32:26.850] [TRACE] 帧 高亮趟
[11:32:26.850] [TRACE] 帧 叠加趟
[11:32:26.850] [TRACE] 帧 光标趟
[11:32:26.850] [TRACE] 帧 结束
[11:32:26.855] [TRACE] 帧 公告板
[11:32:26.855] [TRACE] 帧 格网
[11:32:26.855] [TRACE] 帧 开始
[11:32:26.856] [TRACE] 帧 格网趟
[11:32:26.856] [TRACE] 帧 场景趟
[11:32:26.856] [TRACE] 帧 高亮趟
[11:32:26.856] [TRACE] 帧 叠加趟
[11:32:26.856] [TRACE] 帧 光标趟
[11:32:26.856] [TRACE] 帧 结束
[11:32:26.862] [TRACE] 帧 公告板
[11:32:26.862] [TRACE] 帧 格网
[11:32:26.863] [TRACE] 帧 开始
[11:32:26.863] [TRACE] 帧 格网趟
[11:32:26.863] [TRACE] 帧 场景趟
[11:32:26.863] [TRACE] 帧 高亮趟
[11:32:26.863] [TRACE] 帧 叠加趟
[11:32:26.863] [TRACE] 帧 光标趟
[11:32:26.863] [TRACE] 帧 结束
[11:32:26.870] [TRACE] 帧 公告板
[11:32:26.870] [TRACE] 帧 格网
[11:32:26.870] [TRACE] 帧 开始
[11:32:26.870] [TRACE] 帧 格网趟
[11:32:26.871] [TRACE] 帧 场景趟
[11:32:26.871] [TRACE] 帧 高亮趟
[11:32:26.871] [TRACE] 帧 叠加趟
[11:32:26.871] [TRACE] 帧 光标趟
[11:32:26.871] [TRACE] 帧 结束
[11:32:26.876] [TRACE] 帧 公告板
[11:32:26.876] [TRACE] 帧 格网
[11:32:26.876] [TRACE] 帧 开始
[11:32:26.876] [TRACE] 帧 格网趟
[11:32:26.876] [TRACE] 帧 场景趟
[11:32:26.877] [TRACE] 帧 高亮趟
[11:32:26.877] [TRACE] 帧 叠加趟
[11:32:26.877] [TRACE] 帧 光标趟
[11:32:26.877] [TRACE] 帧 结束
[11:32:26.883] [TRACE] 帧 公告板
[11:32:26.884] [TRACE] 帧 格网
[11:32:26.884] [TRACE] 帧 开始
[11:32:26.884] [TRACE] 帧 格网趟
[11:32:26.884] [TRACE] 帧 场景趟
[11:32:26.885] [TRACE] 帧 高亮趟
[11:32:26.885] [TRACE] 帧 叠加趟
[11:32:26.885] [TRACE] 帧 光标趟
[11:32:26.885] [TRACE] 帧 结束
[11:32:26.890] [TRACE] 帧 公告板
[11:32:26.890] [TRACE] 帧 格网
[11:32:26.890] [TRACE] 帧 开始
[11:32:26.890] [TRACE] 帧 格网趟
[11:32:26.890] [TRACE] 帧 场景趟
[11:32:26.890] [TRACE] 帧 高亮趟
[11:32:26.890] [TRACE] 帧 叠加趟
[11:32:26.891] [TRACE] 帧 光标趟
[11:32:26.891] [TRACE] 帧 结束
[11:32:26.897] [TRACE] 帧 公告板
[11:32:26.897] [TRACE] 帧 格网
[11:32:26.897] [TRACE] 帧 开始
[11:32:26.897] [TRACE] 帧 格网趟
[11:32:26.897] [TRACE] 帧 场景趟
[11:32:26.897] [TRACE] 帧 高亮趟
[11:32:26.898] [TRACE] 帧 叠加趟
[11:32:26.898] [TRACE] 帧 光标趟
[11:32:26.898] [TRACE] 帧 结束
[11:32:26.905] [TRACE] 帧 公告板
[11:32:26.905] [TRACE] 帧 格网
[11:32:26.905] [TRACE] 帧 开始
[11:32:26.905] [TRACE] 帧 格网趟
[11:32:26.906] [TRACE] 帧 场景趟
[11:32:26.906] [TRACE] 帧 高亮趟
[11:32:26.906] [TRACE] 帧 叠加趟
[11:32:26.906] [TRACE] 帧 光标趟
[11:32:26.906] [TRACE] 帧 结束
[11:32:26.911] [TRACE] 帧 公告板
[11:32:26.911] [TRACE] 帧 格网
[11:32:26.911] [TRACE] 帧 开始
[11:32:26.911] [TRACE] 帧 格网趟
[11:32:26.912] [TRACE] 帧 场景趟
[11:32:26.912] [TRACE] 帧 高亮趟
[11:32:26.912] [TRACE] 帧 叠加趟
[11:32:26.912] [TRACE] 帧 光标趟
[11:32:26.912] [TRACE] 帧 结束
[11:32:26.918] [TRACE] 帧 公告板
[11:32:26.918] [TRACE] 帧 格网
[11:32:26.918] [TRACE] 帧 开始
[11:32:26.919] [TRACE] 帧 格网趟
[11:32:26.919] [TRACE] 帧 场景趟
[11:32:26.919] [TRACE] 帧 高亮趟
[11:32:26.919] [TRACE] 帧 叠加趟
[11:32:26.919] [TRACE] 帧 光标趟
[11:32:26.919] [TRACE] 帧 结束
[11:32:26.924] [TRACE] 帧 公告板
[11:32:26.924] [TRACE] 帧 格网
[11:32:26.925] [TRACE] 帧 开始
[11:32:26.925] [TRACE] 帧 格网趟
[11:32:26.925] [TRACE] 帧 场景趟
[11:32:26.925] [TRACE] 帧 高亮趟
[11:32:26.926] [TRACE] 帧 叠加趟
[11:32:26.926] [TRACE] 帧 光标趟
[11:32:26.926] [TRACE] 帧 结束
[11:32:26.932] [TRACE] 帧 公告板
[11:32:26.933] [TRACE] 帧 格网
[11:32:26.933] [TRACE] 帧 开始
[11:32:26.933] [TRACE] 帧 格网趟
[11:32:26.933] [TRACE] 帧 场景趟
[11:32:26.934] [TRACE] 帧 高亮趟
[11:32:26.934] [TRACE] 帧 叠加趟
[11:32:26.934] [TRACE] 帧 光标趟
[11:32:26.934] [TRACE] 帧 结束
[11:32:26.938] [TRACE] 帧 公告板
[11:32:26.938] [TRACE] 帧 格网
[11:32:26.939] [TRACE] 帧 开始
[11:32:26.939] [TRACE] 帧 格网趟
[11:32:26.939] [TRACE] 帧 场景趟
[11:32:26.939] [TRACE] 帧 高亮趟
[11:32:26.939] [TRACE] 帧 叠加趟
[11:32:26.939] [TRACE] 帧 光标趟
[11:32:26.939] [TRACE] 帧 结束
[11:32:26.945] [TRACE] 帧 公告板
[11:32:26.946] [TRACE] 帧 格网
[11:32:26.946] [TRACE] 帧 开始
[11:32:26.946] [TRACE] 帧 格网趟
[11:32:26.946] [TRACE] 帧 场景趟
[11:32:26.946] [TRACE] 帧 高亮趟
[11:32:26.946] [TRACE] 帧 叠加趟
[11:32:26.947] [TRACE] 帧 光标趟
[11:32:26.947] [TRACE] 帧 结束
[11:32:26.953] [TRACE] 帧 公告板
[11:32:26.953] [TRACE] 帧 格网
[11:32:26.953] [TRACE] 帧 开始
[11:32:26.954] [TRACE] 帧 格网趟
[11:32:26.954] [TRACE] 帧 场景趟
[11:32:26.954] [TRACE] 帧 高亮趟
[11:32:26.954] [TRACE] 帧 叠加趟
[11:32:26.954] [TRACE] 帧 光标趟
[11:32:26.954] [TRACE] 帧 结束
[11:32:26.959] [TRACE] 帧 公告板
[11:32:26.959] [TRACE] 帧 格网
[11:32:26.959] [TRACE] 帧 开始
[11:32:26.959] [TRACE] 帧 格网趟
[11:32:26.959] [TRACE] 帧 场景趟
[11:32:26.959] [TRACE] 帧 高亮趟
[11:32:26.960] [TRACE] 帧 叠加趟
[11:32:26.960] [TRACE] 帧 光标趟
[11:32:26.960] [TRACE] 帧 结束
[11:32:26.967] [TRACE] 帧 公告板
[11:32:26.967] [TRACE] 帧 格网
[11:32:26.967] [TRACE] 帧 开始
[11:32:26.967] [TRACE] 帧 格网趟
[11:32:26.967] [TRACE] 帧 场景趟
[11:32:26.967] [TRACE] 帧 高亮趟
[11:32:26.967] [TRACE] 帧 叠加趟
[11:32:26.968] [TRACE] 帧 光标趟
[11:32:26.968] [TRACE] 帧 结束
[11:32:26.973] [TRACE] 帧 公告板
[11:32:26.973] [TRACE] 帧 格网
[11:32:26.974] [TRACE] 帧 开始
[11:32:26.974] [TRACE] 帧 格网趟
[11:32:26.974] [TRACE] 帧 场景趟
[11:32:26.974] [TRACE] 帧 高亮趟
[11:32:26.974] [TRACE] 帧 叠加趟
[11:32:26.974] [TRACE] 帧 光标趟
[11:32:26.974] [TRACE] 帧 结束
[11:32:26.980] [TRACE] 帧 公告板
[11:32:26.980] [TRACE] 帧 格网
[11:32:26.981] [TRACE] 帧 开始
[11:32:26.981] [TRACE] 帧 格网趟
[11:32:26.981] [TRACE] 帧 场景趟
[11:32:26.981] [TRACE] 帧 高亮趟
[11:32:26.981] [TRACE] 帧 叠加趟
[11:32:26.981] [TRACE] 帧 光标趟
[11:32:26.981] [TRACE] 帧 结束
[11:32:26.988] [TRACE] 帧 公告板
[11:32:26.988] [TRACE] 帧 格网
[11:32:26.989] [TRACE] 帧 开始
[11:32:26.989] [TRACE] 帧 格网趟
[11:32:26.989] [TRACE] 帧 场景趟
[11:32:26.989] [TRACE] 帧 高亮趟
[11:32:26.989] [TRACE] 帧 叠加趟
[11:32:26.989] [TRACE] 帧 光标趟
[11:32:26.990] [TRACE] 帧 结束
[11:32:26.994] [TRACE] 帧 公告板
[11:32:26.994] [TRACE] 帧 格网
[11:32:26.994] [TRACE] 帧 开始
[11:32:26.995] [TRACE] 帧 格网趟
[11:32:26.995] [TRACE] 帧 场景趟
[11:32:26.995] [TRACE] 帧 高亮趟
[11:32:26.995] [TRACE] 帧 叠加趟
[11:32:26.995] [TRACE] 帧 光标趟
[11:32:26.995] [TRACE] 帧 结束
[11:32:27.001] [TRACE] 帧 公告板
[11:32:27.002] [TRACE] 帧 格网
[11:32:27.002] [TRACE] 帧 开始
[11:32:27.002] [TRACE] 帧 格网趟
[11:32:27.002] [TRACE] 帧 场景趟
[11:32:27.002] [TRACE] 帧 高亮趟
[11:32:27.002] [TRACE] 帧 叠加趟
[11:32:27.003] [TRACE] 帧 光标趟
[11:32:27.003] [TRACE] 帧 结束
[11:32:27.008] [TRACE] 帧 公告板
[11:32:27.008] [TRACE] 帧 格网
[11:32:27.008] [TRACE] 帧 开始
[11:32:27.008] [TRACE] 帧 格网趟
[11:32:27.009] [TRACE] 帧 场景趟
[11:32:27.009] [TRACE] 帧 高亮趟
[11:32:27.009] [TRACE] 帧 叠加趟
[11:32:27.009] [TRACE] 帧 光标趟
[11:32:27.009] [TRACE] 帧 结束
[11:32:27.016] [TRACE] 帧 公告板
[11:32:27.016] [TRACE] 帧 格网
[11:32:27.016] [TRACE] 帧 开始
[11:32:27.016] [TRACE] 帧 格网趟
[11:32:27.017] [TRACE] 帧 场景趟
[11:32:27.017] [TRACE] 帧 高亮趟
[11:32:27.017] [TRACE] 帧 叠加趟
[11:32:27.017] [TRACE] 帧 光标趟
[11:32:27.017] [TRACE] 帧 结束
[11:32:27.022] [TRACE] 帧 公告板
[11:32:27.022] [TRACE] 帧 格网
[11:32:27.022] [TRACE] 帧 开始
[11:32:27.022] [TRACE] 帧 格网趟
[11:32:27.022] [TRACE] 帧 场景趟
[11:32:27.023] [TRACE] 帧 高亮趟
[11:32:27.023] [TRACE] 帧 叠加趟
[11:32:27.023] [TRACE] 帧 光标趟
[11:32:27.023] [TRACE] 帧 结束
[11:32:27.029] [TRACE] 帧 公告板
[11:32:27.029] [TRACE] 帧 格网
[11:32:27.029] [TRACE] 帧 开始
[11:32:27.029] [TRACE] 帧 格网趟
[11:32:27.029] [TRACE] 帧 场景趟
[11:32:27.030] [TRACE] 帧 高亮趟
[11:32:27.030] [TRACE] 帧 叠加趟
[11:32:27.030] [TRACE] 帧 光标趟
[11:32:27.030] [TRACE] 帧 结束
[11:32:27.037] [TRACE] 帧 公告板
[11:32:27.037] [TRACE] 帧 格网
[11:32:27.037] [TRACE] 帧 开始
[11:32:27.037] [TRACE] 帧 格网趟
[11:32:27.037] [TRACE] 帧 场景趟
[11:32:27.037] [TRACE] 帧 高亮趟
[11:32:27.037] [TRACE] 帧 叠加趟
[11:32:27.037] [TRACE] 帧 光标趟
[11:32:27.038] [TRACE] 帧 结束
[11:32:27.042] [TRACE] 帧 公告板
[11:32:27.043] [TRACE] 帧 格网
[11:32:27.043] [TRACE] 帧 开始
[11:32:27.043] [TRACE] 帧 格网趟
[11:32:27.043] [TRACE] 帧 场景趟
[11:32:27.043] [TRACE] 帧 高亮趟
[11:32:27.043] [TRACE] 帧 叠加趟
[11:32:27.043] [TRACE] 帧 光标趟
[11:32:27.043] [TRACE] 帧 结束
[11:32:27.050] [TRACE] 帧 公告板
[11:32:27.051] [TRACE] 帧 格网
[11:32:27.051] [TRACE] 帧 开始
[11:32:27.051] [TRACE] 帧 格网趟
[11:32:27.051] [TRACE] 帧 场景趟
[11:32:27.051] [TRACE] 帧 高亮趟
[11:32:27.051] [TRACE] 帧 叠加趟
[11:32:27.051] [TRACE] 帧 光标趟
[11:32:27.051] [TRACE] 帧 结束
[11:32:27.057] [TRACE] 帧 公告板
[11:32:27.057] [TRACE] 帧 格网
[11:32:27.057] [TRACE] 帧 开始
[11:32:27.057] [TRACE] 帧 格网趟
[11:32:27.057] [TRACE] 帧 场景趟
[11:32:27.058] [TRACE] 帧 高亮趟
[11:32:27.058] [TRACE] 帧 叠加趟
[11:32:27.058] [TRACE] 帧 光标趟
[11:32:27.058] [TRACE] 帧 结束
[11:32:27.063] [TRACE] 帧 公告板
[11:32:27.064] [TRACE] 帧 格网
[11:32:27.064] [TRACE] 帧 开始
[11:32:27.064] [TRACE] 帧 格网趟
[11:32:27.064] [TRACE] 帧 场景趟
[11:32:27.064] [TRACE] 帧 高亮趟
[11:32:27.064] [TRACE] 帧 叠加趟
[11:32:27.064] [TRACE] 帧 光标趟
[11:32:27.065] [TRACE] 帧 结束
[11:32:27.072] [TRACE] 帧 公告板
[11:32:27.072] [TRACE] 帧 格网
[11:32:27.072] [TRACE] 帧 开始
[11:32:27.072] [TRACE] 帧 格网趟
[11:32:27.072] [TRACE] 帧 场景趟
[11:32:27.072] [TRACE] 帧 高亮趟
[11:32:27.073] [TRACE] 帧 叠加趟
[11:32:27.073] [TRACE] 帧 光标趟
[11:32:27.073] [TRACE] 帧 结束
[11:32:27.077] [TRACE] 帧 公告板
[11:32:27.078] [TRACE] 帧 格网
[11:32:27.078] [TRACE] 帧 开始
[11:32:27.078] [TRACE] 帧 格网趟
[11:32:27.078] [TRACE] 帧 场景趟
[11:32:27.078] [TRACE] 帧 高亮趟
[11:32:27.079] [TRACE] 帧 叠加趟
[11:32:27.079] [TRACE] 帧 光标趟
[11:32:27.079] [TRACE] 帧 结束
[11:32:27.085] [TRACE] 帧 公告板
[11:32:27.085] [TRACE] 帧 格网
[11:32:27.085] [TRACE] 帧 开始
[11:32:27.085] [TRACE] 帧 格网趟
[11:32:27.086] [TRACE] 帧 场景趟
[11:32:27.086] [TRACE] 帧 高亮趟
[11:32:27.086] [TRACE] 帧 叠加趟
[11:32:27.086] [TRACE] 帧 光标趟
[11:32:27.086] [TRACE] 帧 结束
[11:32:27.091] [TRACE] 帧 公告板
[11:32:27.091] [TRACE] 帧 格网
[11:32:27.091] [TRACE] 帧 开始
[11:32:27.092] [TRACE] 帧 格网趟
[11:32:27.092] [TRACE] 帧 场景趟
[11:32:27.092] [TRACE] 帧 高亮趟
[11:32:27.092] [TRACE] 帧 叠加趟
[11:32:27.092] [TRACE] 帧 光标趟
[11:32:27.093] [TRACE] 帧 结束
[11:32:27.100] [TRACE] 帧 公告板
[11:32:27.100] [TRACE] 帧 格网
[11:32:27.100] [TRACE] 帧 开始
[11:32:27.100] [TRACE] 帧 格网趟
[11:32:27.100] [TRACE] 帧 场景趟
[11:32:27.101] [TRACE] 帧 高亮趟
[11:32:27.101] [TRACE] 帧 叠加趟
[11:32:27.101] [TRACE] 帧 光标趟
[11:32:27.101] [TRACE] 帧 结束
[11:32:27.106] [TRACE] 帧 公告板
[11:32:27.106] [TRACE] 帧 格网
[11:32:27.106] [TRACE] 帧 开始
[11:32:27.106] [TRACE] 帧 格网趟
[11:32:27.107] [TRACE] 帧 场景趟
[11:32:27.107] [TRACE] 帧 高亮趟
[11:32:27.107] [TRACE] 帧 叠加趟
[11:32:27.107] [TRACE] 帧 光标趟
[11:32:27.107] [TRACE] 帧 结束
[11:32:27.113] [TRACE] 帧 公告板
[11:32:27.113] [TRACE] 帧 格网
[11:32:27.113] [TRACE] 帧 开始
[11:32:27.113] [TRACE] 帧 格网趟
[11:32:27.113] [TRACE] 帧 场景趟
[11:32:27.113] [TRACE] 帧 高亮趟
[11:32:27.114] [TRACE] 帧 叠加趟
[11:32:27.114] [TRACE] 帧 光标趟
[11:32:27.114] [TRACE] 帧 结束
[11:32:27.120] [TRACE] 帧 公告板
[11:32:27.121] [TRACE] 帧 格网
[11:32:27.121] [TRACE] 帧 开始
[11:32:27.121] [TRACE] 帧 格网趟
[11:32:27.121] [TRACE] 帧 场景趟
[11:32:27.121] [TRACE] 帧 高亮趟
[11:32:27.122] [TRACE] 帧 叠加趟
[11:32:27.122] [TRACE] 帧 光标趟
[11:32:27.122] [TRACE] 帧 结束
[11:32:27.126] [TRACE] 帧 公告板
[11:32:27.127] [TRACE] 帧 格网
[11:32:27.127] [TRACE] 帧 开始
[11:32:27.127] [TRACE] 帧 格网趟
[11:32:27.127] [TRACE] 帧 场景趟
[11:32:27.127] [TRACE] 帧 高亮趟
[11:32:27.127] [TRACE] 帧 叠加趟
[11:32:27.127] [TRACE] 帧 光标趟
[11:32:27.128] [TRACE] 帧 结束
[11:32:27.134] [TRACE] 帧 公告板
[11:32:27.134] [TRACE] 帧 格网
[11:32:27.134] [TRACE] 帧 开始
[11:32:27.135] [TRACE] 帧 格网趟
[11:32:27.135] [TRACE] 帧 场景趟
[11:32:27.135] [TRACE] 帧 高亮趟
[11:32:27.135] [TRACE] 帧 叠加趟
[11:32:27.135] [TRACE] 帧 光标趟
[11:32:27.135] [TRACE] 帧 结束
[11:32:27.140] [TRACE] 帧 公告板
[11:32:27.140] [TRACE] 帧 格网
[11:32:27.141] [TRACE] 帧 开始
[11:32:27.141] [TRACE] 帧 格网趟
[11:32:27.141] [TRACE] 帧 场景趟
[11:32:27.141] [TRACE] 帧 高亮趟
[11:32:27.141] [TRACE] 帧 叠加趟
[11:32:27.142] [TRACE] 帧 光标趟
[11:32:27.142] [TRACE] 帧 结束
[11:32:27.147] [TRACE] 帧 公告板
[11:32:27.148] [TRACE] 帧 格网
[11:32:27.148] [TRACE] 帧 开始
[11:32:27.148] [TRACE] 帧 格网趟
[11:32:27.148] [TRACE] 帧 场景趟
[11:32:27.149] [TRACE] 帧 高亮趟
[11:32:27.149] [TRACE] 帧 叠加趟
[11:32:27.149] [TRACE] 帧 光标趟
[11:32:27.150] [TRACE] 帧 结束
[11:32:27.155] [TRACE] 帧 公告板
[11:32:27.156] [TRACE] 帧 格网
[11:32:27.156] [TRACE] 帧 开始
[11:32:27.156] [TRACE] 帧 格网趟
[11:32:27.156] [TRACE] 帧 场景趟
[11:32:27.156] [TRACE] 帧 高亮趟
[11:32:27.156] [TRACE] 帧 叠加趟
[11:32:27.157] [TRACE] 帧 光标趟
[11:32:27.157] [TRACE] 帧 结束
[11:32:27.161] [TRACE] 帧 公告板
[11:32:27.161] [TRACE] 帧 格网
[11:32:27.162] [TRACE] 帧 开始
[11:32:27.162] [TRACE] 帧 格网趟
[11:32:27.162] [TRACE] 帧 场景趟
[11:32:27.162] [TRACE] 帧 高亮趟
[11:32:27.162] [TRACE] 帧 叠加趟
[11:32:27.162] [TRACE] 帧 光标趟
[11:32:27.162] [TRACE] 帧 结束
[11:32:27.168] [TRACE] 帧 公告板
[11:32:27.169] [TRACE] 帧 格网
[11:32:27.169] [TRACE] 帧 开始
[11:32:27.169] [TRACE] 帧 格网趟
[11:32:27.169] [TRACE] 帧 场景趟
[11:32:27.170] [TRACE] 帧 高亮趟
[11:32:27.170] [TRACE] 帧 叠加趟
[11:32:27.170] [TRACE] 帧 光标趟
[11:32:27.170] [TRACE] 帧 结束
[11:32:27.175] [TRACE] 帧 公告板
[11:32:27.175] [TRACE] 帧 格网
[11:32:27.175] [TRACE] 帧 开始
[11:32:27.176] [TRACE] 帧 格网趟
[11:32:27.176] [TRACE] 帧 场景趟
[11:32:27.176] [TRACE] 帧 高亮趟
[11:32:27.176] [TRACE] 帧 叠加趟
[11:32:27.176] [TRACE] 帧 光标趟
[11:32:27.176] [TRACE] 帧 结束
[11:32:27.183] [TRACE] 帧 公告板
[11:32:27.183] [TRACE] 帧 格网
[11:32:27.183] [TRACE] 帧 开始
[11:32:27.184] [TRACE] 帧 格网趟
[11:32:27.184] [TRACE] 帧 场景趟
[11:32:27.184] [TRACE] 帧 高亮趟
[11:32:27.184] [TRACE] 帧 叠加趟
[11:32:27.185] [TRACE] 帧 光标趟
[11:32:27.185] [TRACE] 帧 结束
[11:32:27.189] [TRACE] 帧 公告板
[11:32:27.189] [TRACE] 帧 格网
[11:32:27.189] [TRACE] 帧 开始
[11:32:27.190] [TRACE] 帧 格网趟
[11:32:27.190] [TRACE] 帧 场景趟
[11:32:27.190] [TRACE] 帧 高亮趟
[11:32:27.190] [TRACE] 帧 叠加趟
[11:32:27.191] [TRACE] 帧 光标趟
[11:32:27.191] [TRACE] 帧 结束
[11:32:27.196] [TRACE] 帧 公告板
[11:32:27.196] [TRACE] 帧 格网
[11:32:27.196] [TRACE] 帧 开始
[11:32:27.197] [TRACE] 帧 格网趟
[11:32:27.197] [TRACE] 帧 场景趟
[11:32:27.197] [TRACE] 帧 高亮趟
[11:32:27.197] [TRACE] 帧 叠加趟
[11:32:27.197] [TRACE] 帧 光标趟
[11:32:27.198] [TRACE] 帧 结束
[11:32:27.203] [TRACE] 帧 公告板
[11:32:27.204] [TRACE] 帧 格网
[11:32:27.204] [TRACE] 帧 开始
[11:32:27.204] [TRACE] 帧 格网趟
[11:32:27.204] [TRACE] 帧 场景趟
[11:32:27.204] [TRACE] 帧 高亮趟
[11:32:27.205] [TRACE] 帧 叠加趟
[11:32:27.205] [TRACE] 帧 光标趟
[11:32:27.205] [TRACE] 帧 结束
[11:32:27.209] [TRACE] 帧 公告板
[11:32:27.210] [TRACE] 帧 格网
[11:32:27.210] [TRACE] 帧 开始
[11:32:27.210] [TRACE] 帧 格网趟
[11:32:27.210] [TRACE] 帧 场景趟
[11:32:27.210] [TRACE] 帧 高亮趟
[11:32:27.210] [TRACE] 帧 叠加趟
[11:32:27.210] [TRACE] 帧 光标趟
[11:32:27.210] [TRACE] 帧 结束
[11:32:27.217] [TRACE] 帧 公告板
[11:32:27.217] [TRACE] 帧 格网
[11:32:27.218] [TRACE] 帧 开始
[11:32:27.218] [TRACE] 帧 格网趟
[11:32:27.218] [TRACE] 帧 场景趟
[11:32:27.218] [TRACE] 帧 高亮趟
[11:32:27.218] [TRACE] 帧 叠加趟
[11:32:27.219] [TRACE] 帧 光标趟
[11:32:27.219] [TRACE] 帧 结束
[11:32:27.224] [TRACE] 帧 公告板
[11:32:27.224] [TRACE] 帧 格网
[11:32:27.224] [TRACE] 帧 开始
[11:32:27.224] [TRACE] 帧 格网趟
[11:32:27.225] [TRACE] 帧 场景趟
[11:32:27.225] [TRACE] 帧 高亮趟
[11:32:27.225] [TRACE] 帧 叠加趟
[11:32:27.225] [TRACE] 帧 光标趟
[11:32:27.225] [TRACE] 帧 结束
[11:32:27.230] [TRACE] 帧 公告板
[11:32:27.231] [TRACE] 帧 格网
[11:32:27.231] [TRACE] 帧 开始
[11:32:27.231] [TRACE] 帧 格网趟
[11:32:27.231] [TRACE] 帧 场景趟
[11:32:27.231] [TRACE] 帧 高亮趟
[11:32:27.232] [TRACE] 帧 叠加趟
[11:32:27.232] [TRACE] 帧 光标趟
[11:32:27.232] [TRACE] 帧 结束
[11:32:27.238] [TRACE] 帧 公告板
[11:32:27.239] [TRACE] 帧 格网
[11:32:27.239] [TRACE] 帧 开始
[11:32:27.239] [TRACE] 帧 格网趟
[11:32:27.239] [TRACE] 帧 场景趟
[11:32:27.239] [TRACE] 帧 高亮趟
[11:32:27.239] [TRACE] 帧 叠加趟
[11:32:27.240] [TRACE] 帧 光标趟
[11:32:27.240] [TRACE] 帧 结束
[11:32:27.244] [TRACE] 帧 公告板
[11:32:27.245] [TRACE] 帧 格网
[11:32:27.245] [TRACE] 帧 开始
[11:32:27.245] [TRACE] 帧 格网趟
[11:32:27.245] [TRACE] 帧 场景趟
[11:32:27.245] [TRACE] 帧 高亮趟
[11:32:27.245] [TRACE] 帧 叠加趟
[11:32:27.246] [TRACE] 帧 光标趟
[11:32:27.246] [TRACE] 帧 结束
[11:32:27.252] [TRACE] 帧 公告板
[11:32:27.252] [TRACE] 帧 格网
[11:32:27.253] [TRACE] 帧 开始
[11:32:27.253] [TRACE] 帧 格网趟
[11:32:27.253] [TRACE] 帧 场景趟
[11:32:27.253] [TRACE] 帧 高亮趟
[11:32:27.253] [TRACE] 帧 叠加趟
[11:32:27.253] [TRACE] 帧 光标趟
[11:32:27.254] [TRACE] 帧 结束
[11:32:27.258] [TRACE] 帧 公告板
[11:32:27.259] [TRACE] 帧 格网
[11:32:27.259] [TRACE] 帧 开始
[11:32:27.259] [TRACE] 帧 格网趟
[11:32:27.259] [TRACE] 帧 场景趟
[11:32:27.259] [TRACE] 帧 高亮趟
[11:32:27.259] [TRACE] 帧 叠加趟
[11:32:27.259] [TRACE] 帧 光标趟
[11:32:27.260] [TRACE] 帧 结束
[11:32:27.267] [TRACE] 帧 公告板
[11:32:27.267] [TRACE] 帧 格网
[11:32:27.267] [TRACE] 帧 开始
[11:32:27.267] [TRACE] 帧 格网趟
[11:32:27.268] [TRACE] 帧 场景趟
[11:32:27.268] [TRACE] 帧 高亮趟
[11:32:27.268] [TRACE] 帧 叠加趟
[11:32:27.268] [TRACE] 帧 光标趟
[11:32:27.269] [TRACE] 帧 结束
[11:32:27.272] [TRACE] 帧 公告板
[11:32:27.273] [TRACE] 帧 格网
[11:32:27.273] [TRACE] 帧 开始
[11:32:27.273] [TRACE] 帧 格网趟
[11:32:27.273] [TRACE] 帧 场景趟
[11:32:27.273] [TRACE] 帧 高亮趟
[11:32:27.273] [TRACE] 帧 叠加趟
[11:32:27.273] [TRACE] 帧 光标趟
[11:32:27.274] [TRACE] 帧 结束
[11:32:27.279] [TRACE] 帧 公告板
[11:32:27.279] [TRACE] 帧 格网
[11:32:27.280] [TRACE] 帧 开始
[11:32:27.280] [TRACE] 帧 格网趟
[11:32:27.280] [TRACE] 帧 场景趟
[11:32:27.280] [TRACE] 帧 高亮趟
[11:32:27.280] [TRACE] 帧 叠加趟
[11:32:27.281] [TRACE] 帧 光标趟
[11:32:27.281] [TRACE] 帧 结束
[11:32:27.287] [TRACE] 帧 公告板
[11:32:27.287] [TRACE] 帧 格网
[11:32:27.288] [TRACE] 帧 开始
[11:32:27.288] [TRACE] 帧 格网趟
[11:32:27.288] [TRACE] 帧 场景趟
[11:32:27.288] [TRACE] 帧 高亮趟
[11:32:27.288] [TRACE] 帧 叠加趟
[11:32:27.289] [TRACE] 帧 光标趟
[11:32:27.289] [TRACE] 帧 结束
[11:32:27.293] [TRACE] 帧 公告板
[11:32:27.293] [TRACE] 帧 格网
[11:32:27.293] [TRACE] 帧 开始
[11:32:27.293] [TRACE] 帧 格网趟
[11:32:27.294] [TRACE] 帧 场景趟
[11:32:27.294] [TRACE] 帧 高亮趟
[11:32:27.294] [TRACE] 帧 叠加趟
[11:32:27.294] [TRACE] 帧 光标趟
[11:32:27.295] [TRACE] 帧 结束
[11:32:27.301] [TRACE] 帧 公告板
[11:32:27.301] [TRACE] 帧 格网
[11:32:27.302] [TRACE] 帧 开始
[11:32:27.302] [TRACE] 帧 格网趟
[11:32:27.302] [TRACE] 帧 场景趟
[11:32:27.302] [TRACE] 帧 高亮趟
[11:32:27.303] [TRACE] 帧 叠加趟
[11:32:27.303] [TRACE] 帧 光标趟
[11:32:27.303] [TRACE] 帧 结束
[11:32:27.307] [TRACE] 帧 公告板
[11:32:27.308] [TRACE] 帧 格网
[11:32:27.308] [TRACE] 帧 开始
[11:32:27.308] [TRACE] 帧 格网趟
[11:32:27.308] [TRACE] 帧 场景趟
[11:32:27.308] [TRACE] 帧 高亮趟
[11:32:27.308] [TRACE] 帧 叠加趟
[11:32:27.308] [TRACE] 帧 光标趟
[11:32:27.308] [TRACE] 帧 结束
[11:32:27.315] [TRACE] 帧 公告板
[11:32:27.315] [TRACE] 帧 格网
[11:32:27.315] [TRACE] 帧 开始
[11:32:27.316] [TRACE] 帧 格网趟
[11:32:27.316] [TRACE] 帧 场景趟
[11:32:27.316] [TRACE] 帧 高亮趟
[11:32:27.316] [TRACE] 帧 叠加趟
[11:32:27.316] [TRACE] 帧 光标趟
[11:32:27.316] [TRACE] 帧 结束
[11:32:27.321] [TRACE] 帧 公告板
[11:32:27.321] [TRACE] 帧 格网
[11:32:27.322] [TRACE] 帧 开始
[11:32:27.322] [TRACE] 帧 格网趟
[11:32:27.322] [TRACE] 帧 场景趟
[11:32:27.322] [TRACE] 帧 高亮趟
[11:32:27.323] [TRACE] 帧 叠加趟
[11:32:27.323] [TRACE] 帧 光标趟
[11:32:27.323] [TRACE] 帧 结束
[11:32:27.328] [TRACE] 帧 公告板
[11:32:27.329] [TRACE] 帧 格网
[11:32:27.329] [TRACE] 帧 开始
[11:32:27.329] [TRACE] 帧 格网趟
[11:32:27.329] [TRACE] 帧 场景趟
[11:32:27.329] [TRACE] 帧 高亮趟
[11:32:27.329] [TRACE] 帧 叠加趟
[11:32:27.330] [TRACE] 帧 光标趟
[11:32:27.330] [TRACE] 帧 结束
[11:32:27.336] [TRACE] 帧 公告板
[11:32:27.336] [TRACE] 帧 格网
[11:32:27.336] [TRACE] 帧 开始
[11:32:27.336] [TRACE] 帧 格网趟
[11:32:27.337] [TRACE] 帧 场景趟
[11:32:27.337] [TRACE] 帧 高亮趟
[11:32:27.337] [TRACE] 帧 叠加趟
[11:32:27.337] [TRACE] 帧 光标趟
[11:32:27.338] [TRACE] 帧 结束
[11:32:27.342] [TRACE] 帧 公告板
[11:32:27.342] [TRACE] 帧 格网
[11:32:27.342] [TRACE] 帧 开始
[11:32:27.342] [TRACE] 帧 格网趟
[11:32:27.342] [TRACE] 帧 场景趟
[11:32:27.342] [TRACE] 帧 高亮趟
[11:32:27.343] [TRACE] 帧 叠加趟
[11:32:27.343] [TRACE] 帧 光标趟
[11:32:27.343] [TRACE] 帧 结束
[11:32:27.350] [TRACE] 帧 公告板
[11:32:27.350] [TRACE] 帧 格网
[11:32:27.351] [TRACE] 帧 开始
[11:32:27.351] [TRACE] 帧 格网趟
[11:32:27.351] [TRACE] 帧 场景趟
[11:32:27.351] [TRACE] 帧 高亮趟
[11:32:27.351] [TRACE] 帧 叠加趟
[11:32:27.352] [TRACE] 帧 光标趟
[11:32:27.352] [TRACE] 帧 结束
[11:32:27.356] [TRACE] 帧 公告板
[11:32:27.356] [TRACE] 帧 格网
[11:32:27.356] [TRACE] 帧 开始
[11:32:27.356] [TRACE] 帧 格网趟
[11:32:27.356] [TRACE] 帧 场景趟
[11:32:27.357] [TRACE] 帧 高亮趟
[11:32:27.357] [TRACE] 帧 叠加趟
[11:32:27.357] [TRACE] 帧 光标趟
[11:32:27.357] [TRACE] 帧 结束
[11:32:27.363] [TRACE] 帧 公告板
[11:32:27.364] [TRACE] 帧 格网
[11:32:27.364] [TRACE] 帧 开始
[11:32:27.364] [TRACE] 帧 格网趟
[11:32:27.364] [TRACE] 帧 场景趟
[11:32:27.364] [TRACE] 帧 高亮趟
[11:32:27.365] [TRACE] 帧 叠加趟
[11:32:27.365] [TRACE] 帧 光标趟
[11:32:27.365] [TRACE] 帧 结束
[11:32:27.371] [TRACE] 帧 公告板
[11:32:27.371] [TRACE] 帧 格网
[11:32:27.371] [TRACE] 帧 开始
[11:32:27.371] [TRACE] 帧 格网趟
[11:32:27.372] [TRACE] 帧 场景趟
[11:32:27.372] [TRACE] 帧 高亮趟
[11:32:27.372] [TRACE] 帧 叠加趟
[11:32:27.372] [TRACE] 帧 光标趟
[11:32:27.373] [TRACE] 帧 结束
[11:32:27.377] [TRACE] 帧 公告板
[11:32:27.377] [TRACE] 帧 格网
[11:32:27.377] [TRACE] 帧 开始
[11:32:27.377] [TRACE] 帧 格网趟
[11:32:27.377] [TRACE] 帧 场景趟
[11:32:27.378] [TRACE] 帧 高亮趟
[11:32:27.378] [TRACE] 帧 叠加趟
[11:32:27.378] [TRACE] 帧 光标趟
[11:32:27.378] [TRACE] 帧 结束
[11:32:27.384] [TRACE] 帧 公告板
[11:32:27.384] [TRACE] 帧 格网
[11:32:27.385] [TRACE] 帧 开始
[11:32:27.385] [TRACE] 帧 格网趟
[11:32:27.385] [TRACE] 帧 场景趟
[11:32:27.385] [TRACE] 帧 高亮趟
[11:32:27.385] [TRACE] 帧 叠加趟
[11:32:27.385] [TRACE] 帧 光标趟
[11:32:27.385] [TRACE] 帧 结束
[11:32:27.391] [TRACE] 帧 公告板
[11:32:27.391] [TRACE] 帧 格网
[11:32:27.391] [TRACE] 帧 开始
[11:32:27.391] [TRACE] 帧 格网趟
[11:32:27.392] [TRACE] 帧 场景趟
[11:32:27.392] [TRACE] 帧 高亮趟
[11:32:27.392] [TRACE] 帧 叠加趟
[11:32:27.392] [TRACE] 帧 光标趟
[11:32:27.393] [TRACE] 帧 结束
[11:32:27.398] [TRACE] 帧 公告板
[11:32:27.399] [TRACE] 帧 格网
[11:32:27.399] [TRACE] 帧 开始
[11:32:27.399] [TRACE] 帧 格网趟
[11:32:27.399] [TRACE] 帧 场景趟
[11:32:27.399] [TRACE] 帧 高亮趟
[11:32:27.400] [TRACE] 帧 叠加趟
[11:32:27.400] [TRACE] 帧 光标趟
[11:32:27.400] [TRACE] 帧 结束
[11:32:27.405] [TRACE] 帧 公告板
[11:32:27.405] [TRACE] 帧 格网
[11:32:27.405] [TRACE] 帧 开始
[11:32:27.406] [TRACE] 帧 格网趟
[11:32:27.406] [TRACE] 帧 场景趟
[11:32:27.406] [TRACE] 帧 高亮趟
[11:32:27.406] [TRACE] 帧 叠加趟
[11:32:27.406] [TRACE] 帧 光标趟
[11:32:27.407] [TRACE] 帧 结束
[11:32:27.412] [TRACE] 帧 公告板
[11:32:27.412] [TRACE] 帧 格网
[11:32:27.412] [TRACE] 帧 开始
[11:32:27.413] [TRACE] 帧 格网趟
[11:32:27.413] [TRACE] 帧 场景趟
[11:32:27.413] [TRACE] 帧 高亮趟
[11:32:27.413] [TRACE] 帧 叠加趟
[11:32:27.413] [TRACE] 帧 光标趟
[11:32:27.414] [TRACE] 帧 结束
[11:32:27.419] [TRACE] 帧 公告板
[11:32:27.419] [TRACE] 帧 格网
[11:32:27.419] [TRACE] 帧 开始
[11:32:27.420] [TRACE] 帧 格网趟
[11:32:27.420] [TRACE] 帧 场景趟
[11:32:27.420] [TRACE] 帧 高亮趟
[11:32:27.420] [TRACE] 帧 叠加趟
[11:32:27.421] [TRACE] 帧 光标趟
[11:32:27.421] [TRACE] 帧 结束
[11:32:27.426] [TRACE] 帧 公告板
[11:32:27.426] [TRACE] 帧 格网
[11:32:27.426] [TRACE] 帧 开始
[11:32:27.426] [TRACE] 帧 格网趟
[11:32:27.426] [TRACE] 帧 场景趟
[11:32:27.426] [TRACE] 帧 高亮趟
[11:32:27.426] [TRACE] 帧 叠加趟
[11:32:27.427] [TRACE] 帧 光标趟
[11:32:27.427] [TRACE] 帧 结束
[11:32:27.433] [TRACE] 帧 公告板
[11:32:27.433] [TRACE] 帧 格网
[11:32:27.434] [TRACE] 帧 开始
[11:32:27.434] [TRACE] 帧 格网趟
[11:32:27.434] [TRACE] 帧 场景趟
[11:32:27.435] [TRACE] 帧 高亮趟
[11:32:27.435] [TRACE] 帧 叠加趟
[11:32:27.435] [TRACE] 帧 光标趟
[11:32:27.435] [TRACE] 帧 结束
[11:32:27.439] [TRACE] 帧 公告板
[11:32:27.439] [TRACE] 帧 格网
[11:32:27.439] [TRACE] 帧 开始
[11:32:27.440] [TRACE] 帧 格网趟
[11:32:27.440] [TRACE] 帧 场景趟
[11:32:27.440] [TRACE] 帧 高亮趟
[11:32:27.440] [TRACE] 帧 叠加趟
[11:32:27.440] [TRACE] 帧 光标趟
[11:32:27.441] [TRACE] 帧 结束
[11:32:27.446] [TRACE] 帧 公告板
[11:32:27.447] [TRACE] 帧 格网
[11:32:27.447] [TRACE] 帧 开始
[11:32:27.447] [TRACE] 帧 格网趟
[11:32:27.447] [TRACE] 帧 场景趟
[11:32:27.448] [TRACE] 帧 高亮趟
[11:32:27.448] [TRACE] 帧 叠加趟
[11:32:27.448] [TRACE] 帧 光标趟
[11:32:27.448] [TRACE] 帧 结束
[11:32:27.454] [TRACE] 帧 公告板
[11:32:27.454] [TRACE] 帧 格网
[11:32:27.455] [TRACE] 帧 开始
[11:32:27.455] [TRACE] 帧 格网趟
[11:32:27.455] [TRACE] 帧 场景趟
[11:32:27.455] [TRACE] 帧 高亮趟
[11:32:27.456] [TRACE] 帧 叠加趟
[11:32:27.456] [TRACE] 帧 光标趟
[11:32:27.456] [TRACE] 帧 结束
[11:32:27.460] [TRACE] 帧 公告板
[11:32:27.460] [TRACE] 帧 格网
[11:32:27.460] [TRACE] 帧 开始
[11:32:27.460] [TRACE] 帧 格网趟
[11:32:27.461] [TRACE] 帧 场景趟
[11:32:27.461] [TRACE] 帧 高亮趟
[11:32:27.461] [TRACE] 帧 叠加趟
[11:32:27.461] [TRACE] 帧 光标趟
[11:32:27.461] [TRACE] 帧 结束
[11:32:27.468] [TRACE] 帧 公告板
[11:32:27.468] [TRACE] 帧 格网
[11:32:27.468] [TRACE] 帧 开始
[11:32:27.468] [TRACE] 帧 格网趟
[11:32:27.469] [TRACE] 帧 场景趟
[11:32:27.469] [TRACE] 帧 高亮趟
[11:32:27.469] [TRACE] 帧 叠加趟
[11:32:27.469] [TRACE] 帧 光标趟
[11:32:27.470] [TRACE] 帧 结束
[11:32:27.474] [TRACE] 帧 公告板
[11:32:27.475] [TRACE] 帧 格网
[11:32:27.475] [TRACE] 帧 开始
[11:32:27.475] [TRACE] 帧 格网趟
[11:32:27.475] [TRACE] 帧 场景趟
[11:32:27.475] [TRACE] 帧 高亮趟
[11:32:27.476] [TRACE] 帧 叠加趟
[11:32:27.476] [TRACE] 帧 光标趟
[11:32:27.476] [TRACE] 帧 结束
[11:32:27.482] [TRACE] 帧 公告板
[11:32:27.482] [TRACE] 帧 格网
[11:32:27.482] [TRACE] 帧 开始
[11:32:27.483] [TRACE] 帧 格网趟
[11:32:27.483] [TRACE] 帧 场景趟
[11:32:27.483] [TRACE] 帧 高亮趟
[11:32:27.483] [TRACE] 帧 叠加趟
[11:32:27.484] [TRACE] 帧 光标趟
[11:32:27.484] [TRACE] 帧 结束
[11:32:27.488] [TRACE] 帧 公告板
[11:32:27.488] [TRACE] 帧 格网
[11:32:27.488] [TRACE] 帧 开始
[11:32:27.488] [TRACE] 帧 格网趟
[11:32:27.488] [TRACE] 帧 场景趟
[11:32:27.489] [TRACE] 帧 高亮趟
[11:32:27.489] [TRACE] 帧 叠加趟
[11:32:27.489] [TRACE] 帧 光标趟
[11:32:27.489] [TRACE] 帧 结束
[11:32:27.495] [TRACE] 帧 公告板
[11:32:27.495] [TRACE] 帧 格网
[11:32:27.495] [TRACE] 帧 开始
[11:32:27.495] [TRACE] 帧 格网趟
[11:32:27.495] [TRACE] 帧 场景趟
[11:32:27.496] [TRACE] 帧 高亮趟
[11:32:27.496] [TRACE] 帧 叠加趟
[11:32:27.496] [TRACE] 帧 光标趟
[11:32:27.496] [TRACE] 帧 结束
[11:32:27.503] [TRACE] 帧 公告板
[11:32:27.503] [TRACE] 帧 格网
[11:32:27.503] [TRACE] 帧 开始
[11:32:27.503] [TRACE] 帧 格网趟
[11:32:27.503] [TRACE] 帧 场景趟
[11:32:27.504] [TRACE] 帧 高亮趟
[11:32:27.504] [TRACE] 帧 叠加趟
[11:32:27.504] [TRACE] 帧 光标趟
[11:32:27.504] [TRACE] 帧 结束
[11:32:27.509] [TRACE] 帧 公告板
[11:32:27.509] [TRACE] 帧 格网
[11:32:27.509] [TRACE] 帧 开始
[11:32:27.510] [TRACE] 帧 格网趟
[11:32:27.510] [TRACE] 帧 场景趟
[11:32:27.510] [TRACE] 帧 高亮趟
[11:32:27.510] [TRACE] 帧 叠加趟
[11:32:27.510] [TRACE] 帧 光标趟
[11:32:27.510] [TRACE] 帧 结束
[11:32:27.516] [TRACE] 帧 公告板
[11:32:27.517] [TRACE] 帧 格网
[11:32:27.517] [TRACE] 帧 开始
[11:32:27.517] [TRACE] 帧 格网趟
[11:32:27.517] [TRACE] 帧 场景趟
[11:32:27.517] [TRACE] 帧 高亮趟
[11:32:27.517] [TRACE] 帧 叠加趟
[11:32:27.518] [TRACE] 帧 光标趟
[11:32:27.518] [TRACE] 帧 结束
[11:32:27.523] [TRACE] 帧 公告板
[11:32:27.523] [TRACE] 帧 格网
[11:32:27.523] [TRACE] 帧 开始
[11:32:27.523] [TRACE] 帧 格网趟
[11:32:27.523] [TRACE] 帧 场景趟
[11:32:27.524] [TRACE] 帧 高亮趟
[11:32:27.524] [TRACE] 帧 叠加趟
[11:32:27.524] [TRACE] 帧 光标趟
[11:32:27.524] [TRACE] 帧 结束
[11:32:27.529] [TRACE] 帧 公告板
[11:32:27.530] [TRACE] 帧 格网
[11:32:27.530] [TRACE] 帧 开始
[11:32:27.530] [TRACE] 帧 格网趟
[11:32:27.530] [TRACE] 帧 场景趟
[11:32:27.530] [TRACE] 帧 高亮趟
[11:32:27.531] [TRACE] 帧 叠加趟
[11:32:27.531] [TRACE] 帧 光标趟
[11:32:27.531] [TRACE] 帧 结束
[11:32:27.537] [TRACE] 帧 公告板
[11:32:27.537] [TRACE] 帧 格网
[11:32:27.537] [TRACE] 帧 开始
[11:32:27.538] [TRACE] 帧 格网趟
[11:32:27.538] [TRACE] 帧 场景趟
[11:32:27.538] [TRACE] 帧 高亮趟
[11:32:27.538] [TRACE] 帧 叠加趟
[11:32:27.538] [TRACE] 帧 光标趟
[11:32:27.538] [TRACE] 帧 结束
[11:32:27.543] [TRACE] 帧 公告板
[11:32:27.543] [TRACE] 帧 格网
[11:32:27.544] [TRACE] 帧 开始
[11:32:27.544] [TRACE] 帧 格网趟
[11:32:27.544] [TRACE] 帧 场景趟
[11:32:27.544] [TRACE] 帧 高亮趟
[11:32:27.544] [TRACE] 帧 叠加趟
[11:32:27.544] [TRACE] 帧 光标趟
[11:32:27.545] [TRACE] 帧 结束
[11:32:27.551] [TRACE] 帧 公告板
[11:32:27.551] [TRACE] 帧 格网
[11:32:27.552] [TRACE] 帧 开始
[11:32:27.552] [TRACE] 帧 格网趟
[11:32:27.552] [TRACE] 帧 场景趟
[11:32:27.552] [TRACE] 帧 高亮趟
[11:32:27.552] [TRACE] 帧 叠加趟
[11:32:27.553] [TRACE] 帧 光标趟
[11:32:27.553] [TRACE] 帧 结束
[11:32:27.557] [TRACE] 帧 公告板
[11:32:27.558] [TRACE] 帧 格网
[11:32:27.558] [TRACE] 帧 开始
[11:32:27.558] [TRACE] 帧 格网趟
[11:32:27.558] [TRACE] 帧 场景趟
[11:32:27.558] [TRACE] 帧 高亮趟
[11:32:27.558] [TRACE] 帧 叠加趟
[11:32:27.559] [TRACE] 帧 光标趟
[11:32:27.559] [TRACE] 帧 结束
[11:32:27.565] [TRACE] 帧 公告板
[11:32:27.566] [TRACE] 帧 格网
[11:32:27.566] [TRACE] 帧 开始
[11:32:27.566] [TRACE] 帧 格网趟
[11:32:27.566] [TRACE] 帧 场景趟
[11:32:27.566] [TRACE] 帧 高亮趟
[11:32:27.566] [TRACE] 帧 叠加趟
[11:32:27.567] [TRACE] 帧 光标趟
[11:32:27.567] [TRACE] 帧 结束
[11:32:27.571] [TRACE] 帧 公告板
[11:32:27.572] [TRACE] 帧 格网
[11:32:27.572] [TRACE] 帧 开始
[11:32:27.572] [TRACE] 帧 格网趟
[11:32:27.572] [TRACE] 帧 场景趟
[11:32:27.572] [TRACE] 帧 高亮趟
[11:32:27.572] [TRACE] 帧 叠加趟
[11:32:27.572] [TRACE] 帧 光标趟
[11:32:27.572] [TRACE] 帧 结束
[11:32:27.578] [TRACE] 帧 公告板
[11:32:27.578] [TRACE] 帧 格网
[11:32:27.579] [TRACE] 帧 开始
[11:32:27.579] [TRACE] 帧 格网趟
[11:32:27.579] [TRACE] 帧 场景趟
[11:32:27.579] [TRACE] 帧 高亮趟
[11:32:27.579] [TRACE] 帧 叠加趟
[11:32:27.579] [TRACE] 帧 光标趟
[11:32:27.579] [TRACE] 帧 结束
[11:32:27.586] [TRACE] 帧 公告板
[11:32:27.586] [TRACE] 帧 格网
[11:32:27.586] [TRACE] 帧 开始
[11:32:27.586] [TRACE] 帧 格网趟
[11:32:27.586] [TRACE] 帧 场景趟
[11:32:27.586] [TRACE] 帧 高亮趟
[11:32:27.587] [TRACE] 帧 叠加趟
[11:32:27.587] [TRACE] 帧 光标趟
[11:32:27.587] [TRACE] 帧 结束
[11:32:27.592] [TRACE] 帧 公告板
[11:32:27.592] [TRACE] 帧 格网
[11:32:27.592] [TRACE] 帧 开始
[11:32:27.592] [TRACE] 帧 格网趟
[11:32:27.592] [TRACE] 帧 场景趟
[11:32:27.593] [TRACE] 帧 高亮趟
[11:32:27.593] [TRACE] 帧 叠加趟
[11:32:27.593] [TRACE] 帧 光标趟
[11:32:27.593] [TRACE] 帧 结束
[11:32:27.600] [TRACE] 帧 公告板
[11:32:27.600] [TRACE] 帧 格网
[11:32:27.600] [TRACE] 帧 开始
[11:32:27.600] [TRACE] 帧 格网趟
[11:32:27.601] [TRACE] 帧 场景趟
[11:32:27.601] [TRACE] 帧 高亮趟
[11:32:27.601] [TRACE] 帧 叠加趟
[11:32:27.601] [TRACE] 帧 光标趟
[11:32:27.601] [TRACE] 帧 结束
[11:32:27.606] [TRACE] 帧 公告板
[11:32:27.606] [TRACE] 帧 格网
[11:32:27.606] [TRACE] 帧 开始
[11:32:27.607] [TRACE] 帧 格网趟
[11:32:27.607] [TRACE] 帧 场景趟
[11:32:27.607] [TRACE] 帧 高亮趟
[11:32:27.607] [TRACE] 帧 叠加趟
[11:32:27.607] [TRACE] 帧 光标趟
[11:32:27.607] [TRACE] 帧 结束
[11:32:27.613] [TRACE] 帧 公告板
[11:32:27.613] [TRACE] 帧 格网
[11:32:27.613] [TRACE] 帧 开始
[11:32:27.613] [TRACE] 帧 格网趟
[11:32:27.613] [TRACE] 帧 场景趟
[11:32:27.613] [TRACE] 帧 高亮趟
[11:32:27.614] [TRACE] 帧 叠加趟
[11:32:27.614] [TRACE] 帧 光标趟
[11:32:27.614] [TRACE] 帧 结束
[11:32:27.621] [TRACE] 帧 公告板
[11:32:27.621] [TRACE] 帧 格网
[11:32:27.621] [TRACE] 帧 开始
[11:32:27.621] [TRACE] 帧 格网趟
[11:32:27.621] [TRACE] 帧 场景趟
[11:32:27.622] [TRACE] 帧 高亮趟
[11:32:27.622] [TRACE] 帧 叠加趟
[11:32:27.622] [TRACE] 帧 光标趟
[11:32:27.622] [TRACE] 帧 结束
[11:32:27.626] [TRACE] 帧 公告板
[11:32:27.627] [TRACE] 帧 格网
[11:32:27.627] [TRACE] 帧 开始
[11:32:27.627] [TRACE] 帧 格网趟
[11:32:27.627] [TRACE] 帧 场景趟
[11:32:27.627] [TRACE] 帧 高亮趟
[11:32:27.627] [TRACE] 帧 叠加趟
[11:32:27.628] [TRACE] 帧 光标趟
[11:32:27.628] [TRACE] 帧 结束
[11:32:27.635] [TRACE] 帧 公告板
[11:32:27.635] [TRACE] 帧 格网
[11:32:27.635] [TRACE] 帧 开始
[11:32:27.635] [TRACE] 帧 格网趟
[11:32:27.635] [TRACE] 帧 场景趟
[11:32:27.636] [TRACE] 帧 高亮趟
[11:32:27.636] [TRACE] 帧 叠加趟
[11:32:27.636] [TRACE] 帧 光标趟
[11:32:27.636] [TRACE] 帧 结束
[11:32:27.641] [TRACE] 帧 公告板
[11:32:27.641] [TRACE] 帧 格网
[11:32:27.641] [TRACE] 帧 开始
[11:32:27.641] [TRACE] 帧 格网趟
[11:32:27.642] [TRACE] 帧 场景趟
[11:32:27.642] [TRACE] 帧 高亮趟
[11:32:27.642] [TRACE] 帧 叠加趟
[11:32:27.642] [TRACE] 帧 光标趟
[11:32:27.642] [TRACE] 帧 结束
[11:32:27.649] [TRACE] 帧 公告板
[11:32:27.649] [TRACE] 帧 格网
[11:32:27.649] [TRACE] 帧 开始
[11:32:27.649] [TRACE] 帧 格网趟
[11:32:27.649] [TRACE] 帧 场景趟
[11:32:27.649] [TRACE] 帧 高亮趟
[11:32:27.650] [TRACE] 帧 叠加趟
[11:32:27.650] [TRACE] 帧 光标趟
[11:32:27.650] [TRACE] 帧 结束
[11:32:27.654] [TRACE] 帧 公告板
[11:32:27.655] [TRACE] 帧 格网
[11:32:27.655] [TRACE] 帧 开始
[11:32:27.655] [TRACE] 帧 格网趟
[11:32:27.655] [TRACE] 帧 场景趟
[11:32:27.655] [TRACE] 帧 高亮趟
[11:32:27.655] [TRACE] 帧 叠加趟
[11:32:27.655] [TRACE] 帧 光标趟
[11:32:27.656] [TRACE] 帧 结束
[11:32:27.661] [TRACE] 帧 公告板
[11:32:27.661] [TRACE] 帧 格网
[11:32:27.661] [TRACE] 帧 开始
[11:32:27.662] [TRACE] 帧 格网趟
[11:32:27.662] [TRACE] 帧 场景趟
[11:32:27.662] [TRACE] 帧 高亮趟
[11:32:27.662] [TRACE] 帧 叠加趟
[11:32:27.662] [TRACE] 帧 光标趟
[11:32:27.662] [TRACE] 帧 结束
[11:32:27.669] [TRACE] 帧 公告板
[11:32:27.669] [TRACE] 帧 格网
[11:32:27.669] [TRACE] 帧 开始
[11:32:27.669] [TRACE] 帧 格网趟
[11:32:27.670] [TRACE] 帧 场景趟
[11:32:27.670] [TRACE] 帧 高亮趟
[11:32:27.670] [TRACE] 帧 叠加趟
[11:32:27.670] [TRACE] 帧 光标趟
[11:32:27.670] [TRACE] 帧 结束
[11:32:27.675] [TRACE] 帧 公告板
[11:32:27.675] [TRACE] 帧 格网
[11:32:27.675] [TRACE] 帧 开始
[11:32:27.676] [TRACE] 帧 格网趟
[11:32:27.676] [TRACE] 帧 场景趟
[11:32:27.676] [TRACE] 帧 高亮趟
[11:32:27.676] [TRACE] 帧 叠加趟
[11:32:27.676] [TRACE] 帧 光标趟
[11:32:27.676] [TRACE] 帧 结束
[11:32:27.683] [TRACE] 帧 公告板
[11:32:27.683] [TRACE] 帧 格网
[11:32:27.683] [TRACE] 帧 开始
[11:32:27.684] [TRACE] 帧 格网趟
[11:32:27.684] [TRACE] 帧 场景趟
[11:32:27.684] [TRACE] 帧 高亮趟
[11:32:27.684] [TRACE] 帧 叠加趟
[11:32:27.684] [TRACE] 帧 光标趟
[11:32:27.684] [TRACE] 帧 结束
[11:32:27.690] [TRACE] 帧 公告板
[11:32:27.690] [TRACE] 帧 格网
[11:32:27.690] [TRACE] 帧 开始
[11:32:27.690] [TRACE] 帧 格网趟
[11:32:27.691] [TRACE] 帧 场景趟
[11:32:27.691] [TRACE] 帧 高亮趟
[11:32:27.691] [TRACE] 帧 叠加趟
[11:32:27.691] [TRACE] 帧 光标趟
[11:32:27.691] [TRACE] 帧 结束
[11:32:27.696] [TRACE] 帧 公告板
[11:32:27.696] [TRACE] 帧 格网
[11:32:27.697] [TRACE] 帧 开始
[11:32:27.697] [TRACE] 帧 格网趟
[11:32:27.697] [TRACE] 帧 场景趟
[11:32:27.697] [TRACE] 帧 高亮趟
[11:32:27.697] [TRACE] 帧 叠加趟
[11:32:27.697] [TRACE] 帧 光标趟
[11:32:27.697] [TRACE] 帧 结束
[11:32:27.704] [TRACE] 帧 公告板
[11:32:27.704] [TRACE] 帧 格网
[11:32:27.704] [TRACE] 帧 开始
[11:32:27.704] [TRACE] 帧 格网趟
[11:32:27.705] [TRACE] 帧 场景趟
[11:32:27.705] [TRACE] 帧 高亮趟
[11:32:27.705] [TRACE] 帧 叠加趟
[11:32:27.705] [TRACE] 帧 光标趟
[11:32:27.705] [TRACE] 帧 结束
[11:32:27.710] [TRACE] 帧 公告板
[11:32:27.710] [TRACE] 帧 格网
[11:32:27.710] [TRACE] 帧 开始
[11:32:27.710] [TRACE] 帧 格网趟
[11:32:27.710] [TRACE] 帧 场景趟
[11:32:27.711] [TRACE] 帧 高亮趟
[11:32:27.711] [TRACE] 帧 叠加趟
[11:32:27.711] [TRACE] 帧 光标趟
[11:32:27.711] [TRACE] 帧 结束
[11:32:27.718] [TRACE] 帧 公告板
[11:32:27.718] [TRACE] 帧 格网
[11:32:27.718] [TRACE] 帧 开始
[11:32:27.718] [TRACE] 帧 格网趟
[11:32:27.718] [TRACE] 帧 场景趟
[11:32:27.719] [TRACE] 帧 高亮趟
[11:32:27.719] [TRACE] 帧 叠加趟
[11:32:27.719] [TRACE] 帧 光标趟
[11:32:27.719] [TRACE] 帧 结束
[11:32:27.724] [TRACE] 帧 公告板
[11:32:27.724] [TRACE] 帧 格网
[11:32:27.724] [TRACE] 帧 开始
[11:32:27.724] [TRACE] 帧 格网趟
[11:32:27.724] [TRACE] 帧 场景趟
[11:32:27.725] [TRACE] 帧 高亮趟
[11:32:27.725] [TRACE] 帧 叠加趟
[11:32:27.725] [TRACE] 帧 光标趟
[11:32:27.725] [TRACE] 帧 结束
[11:32:27.732] [TRACE] 帧 公告板
[11:32:27.732] [TRACE] 帧 格网
[11:32:27.733] [TRACE] 帧 开始
[11:32:27.733] [TRACE] 帧 格网趟
[11:32:27.733] [TRACE] 帧 场景趟
[11:32:27.733] [TRACE] 帧 高亮趟
[11:32:27.733] [TRACE] 帧 叠加趟
[11:32:27.733] [TRACE] 帧 光标趟
[11:32:27.733] [TRACE] 帧 结束
[11:32:27.738] [TRACE] 帧 公告板
[11:32:27.738] [TRACE] 帧 格网
[11:32:27.738] [TRACE] 帧 开始
[11:32:27.738] [TRACE] 帧 格网趟
[11:32:27.738] [TRACE] 帧 场景趟
[11:32:27.738] [TRACE] 帧 高亮趟
[11:32:27.738] [TRACE] 帧 叠加趟
[11:32:27.739] [TRACE] 帧 光标趟
[11:32:27.739] [TRACE] 帧 结束
[11:32:27.745] [TRACE] 帧 公告板
[11:32:27.745] [TRACE] 帧 格网
[11:32:27.745] [TRACE] 帧 开始
[11:32:27.745] [TRACE] 帧 格网趟
[11:32:27.745] [TRACE] 帧 场景趟
[11:32:27.745] [TRACE] 帧 高亮趟
[11:32:27.745] [TRACE] 帧 叠加趟
[11:32:27.746] [TRACE] 帧 光标趟
[11:32:27.746] [TRACE] 帧 结束
[11:32:27.752] [TRACE] 帧 公告板
[11:32:27.753] [TRACE] 帧 格网
[11:32:27.753] [TRACE] 帧 开始
[11:32:27.753] [TRACE] 帧 格网趟
[11:32:27.753] [TRACE] 帧 场景趟
[11:32:27.753] [TRACE] 帧 高亮趟
[11:32:27.753] [TRACE] 帧 叠加趟
[11:32:27.754] [TRACE] 帧 光标趟
[11:32:27.754] [TRACE] 帧 结束
[11:32:27.759] [TRACE] 帧 公告板
[11:32:27.771] [TRACE] 帧 格网
[11:32:27.772] [TRACE] 帧 开始
[11:32:27.772] [TRACE] 帧 格网趟
[11:32:27.772] [TRACE] 帧 场景趟
[11:32:27.772] [TRACE] 帧 高亮趟
[11:32:27.773] [TRACE] 帧 叠加趟
[11:32:27.773] [TRACE] 帧 光标趟
[11:32:27.773] [TRACE] 帧 结束
[11:32:27.779] [TRACE] 帧 公告板
[11:32:27.780] [TRACE] 帧 格网
[11:32:27.780] [TRACE] 帧 开始
[11:32:27.780] [TRACE] 帧 格网趟
[11:32:27.780] [TRACE] 帧 场景趟
[11:32:27.780] [TRACE] 帧 高亮趟
[11:32:27.780] [TRACE] 帧 叠加趟
[11:32:27.780] [TRACE] 帧 光标趟
[11:32:27.780] [TRACE] 帧 结束
[11:32:27.787] [TRACE] 帧 公告板
[11:32:27.787] [TRACE] 帧 格网
[11:32:27.788] [TRACE] 帧 开始
[11:32:27.788] [TRACE] 帧 格网趟
[11:32:27.788] [TRACE] 帧 场景趟
[11:32:27.788] [TRACE] 帧 高亮趟
[11:32:27.788] [TRACE] 帧 叠加趟
[11:32:27.788] [TRACE] 帧 光标趟
[11:32:27.788] [TRACE] 帧 结束
[11:32:27.793] [TRACE] 帧 公告板
[11:32:27.793] [TRACE] 帧 格网
[11:32:27.794] [TRACE] 帧 开始
[11:32:27.794] [TRACE] 帧 格网趟
[11:32:27.794] [TRACE] 帧 场景趟
[11:32:27.794] [TRACE] 帧 高亮趟
[11:32:27.794] [TRACE] 帧 叠加趟
[11:32:27.794] [TRACE] 帧 光标趟
[11:32:27.794] [TRACE] 帧 结束
[11:32:27.801] [TRACE] 帧 公告板
[11:32:27.801] [TRACE] 帧 格网
[11:32:27.801] [TRACE] 帧 开始
[11:32:27.801] [TRACE] 帧 格网趟
[11:32:27.801] [TRACE] 帧 场景趟
[11:32:27.802] [TRACE] 帧 高亮趟
[11:32:27.802] [TRACE] 帧 叠加趟
[11:32:27.802] [TRACE] 帧 光标趟
[11:32:27.802] [TRACE] 帧 结束
[11:32:27.807] [TRACE] 帧 公告板
[11:32:27.807] [TRACE] 帧 格网
[11:32:27.808] [TRACE] 帧 开始
[11:32:27.808] [TRACE] 帧 格网趟
[11:32:27.808] [TRACE] 帧 场景趟
[11:32:27.808] [TRACE] 帧 高亮趟
[11:32:27.808] [TRACE] 帧 叠加趟
[11:32:27.808] [TRACE] 帧 光标趟
[11:32:27.809] [TRACE] 帧 结束
[11:32:27.815] [TRACE] 帧 公告板
[11:32:27.816] [TRACE] 帧 格网
[11:32:27.816] [TRACE] 帧 开始
[11:32:27.816] [TRACE] 帧 格网趟
[11:32:27.816] [TRACE] 帧 场景趟
[11:32:27.816] [TRACE] 帧 高亮趟
[11:32:27.816] [TRACE] 帧 叠加趟
[11:32:27.816] [TRACE] 帧 光标趟
[11:32:27.817] [TRACE] 帧 结束
[11:32:27.821] [TRACE] 帧 公告板
[11:32:27.821] [TRACE] 帧 格网
[11:32:27.822] [TRACE] 帧 开始
[11:32:27.822] [TRACE] 帧 格网趟
[11:32:27.822] [TRACE] 帧 场景趟
[11:32:27.822] [TRACE] 帧 高亮趟
[11:32:27.822] [TRACE] 帧 叠加趟
[11:32:27.822] [TRACE] 帧 光标趟
[11:32:27.822] [TRACE] 帧 结束
[11:32:27.828] [TRACE] 帧 公告板
[11:32:27.828] [TRACE] 帧 格网
[11:32:27.828] [TRACE] 帧 开始
[11:32:27.828] [TRACE] 帧 格网趟
[11:32:27.828] [TRACE] 帧 场景趟
[11:32:27.828] [TRACE] 帧 高亮趟
[11:32:27.829] [TRACE] 帧 叠加趟
[11:32:27.829] [TRACE] 帧 光标趟
[11:32:27.829] [TRACE] 帧 结束
[11:32:27.836] [TRACE] 帧 公告板
[11:32:27.836] [TRACE] 帧 格网
[11:32:27.836] [TRACE] 帧 开始
[11:32:27.836] [TRACE] 帧 格网趟
[11:32:27.837] [TRACE] 帧 场景趟
[11:32:27.837] [TRACE] 帧 高亮趟
[11:32:27.837] [TRACE] 帧 叠加趟
[11:32:27.837] [TRACE] 帧 光标趟
[11:32:27.837] [TRACE] 帧 结束
[11:32:27.842] [TRACE] 帧 公告板
[11:32:27.842] [TRACE] 帧 格网
[11:32:27.842] [TRACE] 帧 开始
[11:32:27.843] [TRACE] 帧 格网趟
[11:32:27.843] [TRACE] 帧 场景趟
[11:32:27.843] [TRACE] 帧 高亮趟
[11:32:27.843] [TRACE] 帧 叠加趟
[11:32:27.843] [TRACE] 帧 光标趟
[11:32:27.843] [TRACE] 帧 结束
[11:32:27.850] [TRACE] 帧 公告板
[11:32:27.850] [TRACE] 帧 格网
[11:32:27.850] [TRACE] 帧 开始
[11:32:27.850] [TRACE] 帧 格网趟
[11:32:27.850] [TRACE] 帧 场景趟
[11:32:27.851] [TRACE] 帧 高亮趟
[11:32:27.851] [TRACE] 帧 叠加趟
[11:32:27.851] [TRACE] 帧 光标趟
[11:32:27.851] [TRACE] 帧 结束
[11:32:27.856] [TRACE] 帧 公告板
[11:32:27.856] [TRACE] 帧 格网
[11:32:27.857] [TRACE] 帧 开始
[11:32:27.857] [TRACE] 帧 格网趟
[11:32:27.857] [TRACE] 帧 场景趟
[11:32:27.857] [TRACE] 帧 高亮趟
[11:32:27.857] [TRACE] 帧 叠加趟
[11:32:27.857] [TRACE] 帧 光标趟
[11:32:27.858] [TRACE] 帧 结束
[11:32:27.863] [TRACE] 帧 公告板
[11:32:27.863] [TRACE] 帧 格网
[11:32:27.863] [TRACE] 帧 开始
[11:32:27.863] [TRACE] 帧 格网趟
[11:32:27.864] [TRACE] 帧 场景趟
[11:32:27.864] [TRACE] 帧 高亮趟
[11:32:27.864] [TRACE] 帧 叠加趟
[11:32:27.864] [TRACE] 帧 光标趟
[11:32:27.864] [TRACE] 帧 结束
[11:32:27.871] [TRACE] 帧 公告板
[11:32:27.871] [TRACE] 帧 格网
[11:32:27.871] [TRACE] 帧 开始
[11:32:27.871] [TRACE] 帧 格网趟
[11:32:27.871] [TRACE] 帧 场景趟
[11:32:27.871] [TRACE] 帧 高亮趟
[11:32:27.872] [TRACE] 帧 叠加趟
[11:32:27.872] [TRACE] 帧 光标趟
[11:32:27.872] [TRACE] 帧 结束
[11:32:27.877] [TRACE] 帧 公告板
[11:32:27.877] [TRACE] 帧 格网
[11:32:27.877] [TRACE] 帧 开始
[11:32:27.877] [TRACE] 帧 格网趟
[11:32:27.877] [TRACE] 帧 场景趟
[11:32:27.877] [TRACE] 帧 高亮趟
[11:32:27.877] [TRACE] 帧 叠加趟
[11:32:27.878] [TRACE] 帧 光标趟
[11:32:27.878] [TRACE] 帧 结束
[11:32:27.884] [TRACE] 帧 公告板
[11:32:27.885] [TRACE] 帧 格网
[11:32:27.885] [TRACE] 帧 开始
[11:32:27.885] [TRACE] 帧 格网趟
[11:32:27.885] [TRACE] 帧 场景趟
[11:32:27.885] [TRACE] 帧 高亮趟
[11:32:27.885] [TRACE] 帧 叠加趟
[11:32:27.886] [TRACE] 帧 光标趟
[11:32:27.886] [TRACE] 帧 结束
[11:32:27.891] [TRACE] 帧 公告板
[11:32:27.891] [TRACE] 帧 格网
[11:32:27.891] [TRACE] 帧 开始
[11:32:27.891] [TRACE] 帧 格网趟
[11:32:27.891] [TRACE] 帧 场景趟
[11:32:27.891] [TRACE] 帧 高亮趟
[11:32:27.891] [TRACE] 帧 叠加趟
[11:32:27.892] [TRACE] 帧 光标趟
[11:32:27.892] [TRACE] 帧 结束
[11:32:27.899] [TRACE] 帧 公告板
[11:32:27.899] [TRACE] 帧 格网
[11:32:27.899] [TRACE] 帧 开始
[11:32:27.899] [TRACE] 帧 格网趟
[11:32:27.900] [TRACE] 帧 场景趟
[11:32:27.900] [TRACE] 帧 高亮趟
[11:32:27.900] [TRACE] 帧 叠加趟
[11:32:27.900] [TRACE] 帧 光标趟
[11:32:27.900] [TRACE] 帧 结束
[11:32:27.904] [TRACE] 帧 公告板
[11:32:27.904] [TRACE] 帧 格网
[11:32:27.905] [TRACE] 帧 开始
[11:32:27.905] [TRACE] 帧 格网趟
[11:32:27.905] [TRACE] 帧 场景趟
[11:32:27.905] [TRACE] 帧 高亮趟
[11:32:27.905] [TRACE] 帧 叠加趟
[11:32:27.905] [TRACE] 帧 光标趟
[11:32:27.905] [TRACE] 帧 结束
[11:32:27.912] [TRACE] 帧 公告板
[11:32:27.912] [TRACE] 帧 格网
[11:32:27.912] [TRACE] 帧 开始
[11:32:27.912] [TRACE] 帧 格网趟
[11:32:27.912] [TRACE] 帧 场景趟
[11:32:27.912] [TRACE] 帧 高亮趟
[11:32:27.912] [TRACE] 帧 叠加趟
[11:32:27.913] [TRACE] 帧 光标趟
[11:32:27.913] [TRACE] 帧 结束
[11:32:27.919] [TRACE] 帧 公告板
[11:32:27.919] [TRACE] 帧 格网
[11:32:27.919] [TRACE] 帧 开始
[11:32:27.920] [TRACE] 帧 格网趟
[11:32:27.920] [TRACE] 帧 场景趟
[11:32:27.920] [TRACE] 帧 高亮趟
[11:32:27.920] [TRACE] 帧 叠加趟
[11:32:27.920] [TRACE] 帧 光标趟
[11:32:27.920] [TRACE] 帧 结束
[11:32:27.925] [TRACE] 帧 公告板
[11:32:27.926] [TRACE] 帧 格网
[11:32:27.926] [TRACE] 帧 开始
[11:32:27.926] [TRACE] 帧 格网趟
[11:32:27.926] [TRACE] 帧 场景趟
[11:32:27.926] [TRACE] 帧 高亮趟
[11:32:27.926] [TRACE] 帧 叠加趟
[11:32:27.927] [TRACE] 帧 光标趟
[11:32:27.927] [TRACE] 帧 结束
[11:32:27.933] [TRACE] 帧 公告板
[11:32:27.934] [TRACE] 帧 格网
[11:32:27.934] [TRACE] 帧 开始
[11:32:27.934] [TRACE] 帧 格网趟
[11:32:27.934] [TRACE] 帧 场景趟
[11:32:27.934] [TRACE] 帧 高亮趟
[11:32:27.934] [TRACE] 帧 叠加趟
[11:32:27.934] [TRACE] 帧 光标趟
[11:32:27.934] [TRACE] 帧 结束
[11:32:27.940] [TRACE] 帧 公告板
[11:32:27.940] [TRACE] 帧 格网
[11:32:27.940] [TRACE] 帧 开始
[11:32:27.940] [TRACE] 帧 格网趟
[11:32:27.940] [TRACE] 帧 场景趟
[11:32:27.940] [TRACE] 帧 高亮趟
[11:32:27.940] [TRACE] 帧 叠加趟
[11:32:27.941] [TRACE] 帧 光标趟
[11:32:27.941] [TRACE] 帧 结束
[11:32:27.946] [TRACE] 帧 公告板
[11:32:27.947] [TRACE] 帧 格网
[11:32:27.947] [TRACE] 帧 开始
[11:32:27.947] [TRACE] 帧 格网趟
[11:32:27.947] [TRACE] 帧 场景趟
[11:32:27.947] [TRACE] 帧 高亮趟
[11:32:27.947] [TRACE] 帧 叠加趟
[11:32:27.947] [TRACE] 帧 光标趟
[11:32:27.947] [TRACE] 帧 结束
[11:32:27.954] [TRACE] 帧 公告板
[11:32:27.954] [TRACE] 帧 格网
[11:32:27.954] [TRACE] 帧 开始
[11:32:27.954] [TRACE] 帧 格网趟
[11:32:27.954] [TRACE] 帧 场景趟
[11:32:27.955] [TRACE] 帧 高亮趟
[11:32:27.955] [TRACE] 帧 叠加趟
[11:32:27.955] [TRACE] 帧 光标趟
[11:32:27.955] [TRACE] 帧 结束
[11:32:27.960] [TRACE] 帧 公告板
[11:32:27.960] [TRACE] 帧 格网
[11:32:27.960] [TRACE] 帧 开始
[11:32:27.960] [TRACE] 帧 格网趟
[11:32:27.960] [TRACE] 帧 场景趟
[11:32:27.960] [TRACE] 帧 高亮趟
[11:32:27.961] [TRACE] 帧 叠加趟
[11:32:27.961] [TRACE] 帧 光标趟
[11:32:27.961] [TRACE] 帧 结束
[11:32:27.968] [TRACE] 帧 公告板
[11:32:27.968] [TRACE] 帧 格网
[11:32:27.968] [TRACE] 帧 开始
[11:32:27.968] [TRACE] 帧 格网趟
[11:32:27.968] [TRACE] 帧 场景趟
[11:32:27.968] [TRACE] 帧 高亮趟
[11:32:27.968] [TRACE] 帧 叠加趟
[11:32:27.969] [TRACE] 帧 光标趟
[11:32:27.969] [TRACE] 帧 结束
[11:32:27.974] [TRACE] 帧 公告板
[11:32:27.974] [TRACE] 帧 格网
[11:32:27.974] [TRACE] 帧 开始
[11:32:27.974] [TRACE] 帧 格网趟
[11:32:27.975] [TRACE] 帧 场景趟
[11:32:27.975] [TRACE] 帧 高亮趟
[11:32:27.975] [TRACE] 帧 叠加趟
[11:32:27.975] [TRACE] 帧 光标趟
[11:32:27.975] [TRACE] 帧 结束
[11:32:27.982] [TRACE] 帧 公告板
[11:32:27.982] [TRACE] 帧 格网
[11:32:27.982] [TRACE] 帧 开始
[11:32:27.982] [TRACE] 帧 格网趟
[11:32:27.983] [TRACE] 帧 场景趟
[11:32:27.983] [TRACE] 帧 高亮趟
[11:32:27.983] [TRACE] 帧 叠加趟
[11:32:27.983] [TRACE] 帧 光标趟
[11:32:27.983] [TRACE] 帧 结束
[11:32:27.988] [TRACE] 帧 公告板
[11:32:27.988] [TRACE] 帧 格网
[11:32:27.989] [TRACE] 帧 开始
[11:32:27.989] [TRACE] 帧 格网趟
[11:32:27.989] [TRACE] 帧 场景趟
[11:32:27.989] [TRACE] 帧 高亮趟
[11:32:27.989] [TRACE] 帧 叠加趟
[11:32:27.989] [TRACE] 帧 光标趟
[11:32:27.989] [TRACE] 帧 结束
[11:32:27.995] [TRACE] 帧 公告板
[11:32:27.995] [TRACE] 帧 格网
[11:32:27.995] [TRACE] 帧 开始
[11:32:27.996] [TRACE] 帧 格网趟
[11:32:27.996] [TRACE] 帧 场景趟
[11:32:27.996] [TRACE] 帧 高亮趟
[11:32:27.996] [TRACE] 帧 叠加趟
[11:32:27.996] [TRACE] 帧 光标趟
[11:32:27.996] [TRACE] 帧 结束
[11:32:28.003] [TRACE] 帧 公告板
[11:32:28.003] [TRACE] 帧 格网
[11:32:28.003] [TRACE] 帧 开始
[11:32:28.003] [TRACE] 帧 格网趟
[11:32:28.003] [TRACE] 帧 场景趟
[11:32:28.003] [TRACE] 帧 高亮趟
[11:32:28.003] [TRACE] 帧 叠加趟
[11:32:28.003] [TRACE] 帧 光标趟
[11:32:28.003] [TRACE] 帧 结束
[11:32:28.009] [TRACE] 帧 公告板
[11:32:28.010] [TRACE] 帧 格网
[11:32:28.010] [TRACE] 帧 开始
[11:32:28.010] [TRACE] 帧 格网趟
[11:32:28.010] [TRACE] 帧 场景趟
[11:32:28.010] [TRACE] 帧 高亮趟
[11:32:28.010] [TRACE] 帧 叠加趟
[11:32:28.010] [TRACE] 帧 光标趟
[11:32:28.011] [TRACE] 帧 结束
[11:32:28.017] [TRACE] 帧 公告板
[11:32:28.017] [TRACE] 帧 格网
[11:32:28.017] [TRACE] 帧 开始
[11:32:28.017] [TRACE] 帧 格网趟
[11:32:28.017] [TRACE] 帧 场景趟
[11:32:28.018] [TRACE] 帧 高亮趟
[11:32:28.018] [TRACE] 帧 叠加趟
[11:32:28.018] [TRACE] 帧 光标趟
[11:32:28.018] [TRACE] 帧 结束
[11:32:28.023] [TRACE] 帧 公告板
[11:32:28.023] [TRACE] 帧 格网
[11:32:28.024] [TRACE] 帧 开始
[11:32:28.024] [TRACE] 帧 格网趟
[11:32:28.024] [TRACE] 帧 场景趟
[11:32:28.024] [TRACE] 帧 高亮趟
[11:32:28.024] [TRACE] 帧 叠加趟
[11:32:28.024] [TRACE] 帧 光标趟
[11:32:28.024] [TRACE] 帧 结束
[11:32:28.030] [TRACE] 帧 公告板
[11:32:28.030] [TRACE] 帧 格网
[11:32:28.030] [TRACE] 帧 开始
[11:32:28.030] [TRACE] 帧 格网趟
[11:32:28.031] [TRACE] 帧 场景趟
[11:32:28.031] [TRACE] 帧 高亮趟
[11:32:28.031] [TRACE] 帧 叠加趟
[11:32:28.031] [TRACE] 帧 光标趟
[11:32:28.031] [TRACE] 帧 结束
[11:32:28.037] [TRACE] 帧 公告板
[11:32:28.038] [TRACE] 帧 格网
[11:32:28.038] [TRACE] 帧 开始
[11:32:28.038] [TRACE] 帧 格网趟
[11:32:28.038] [TRACE] 帧 场景趟
[11:32:28.038] [TRACE] 帧 高亮趟
[11:32:28.038] [TRACE] 帧 叠加趟
[11:32:28.038] [TRACE] 帧 光标趟
[11:32:28.038] [TRACE] 帧 结束
[11:32:28.043] [TRACE] 帧 公告板
[11:32:28.044] [TRACE] 帧 格网
[11:32:28.044] [TRACE] 帧 开始
[11:32:28.044] [TRACE] 帧 格网趟
[11:32:28.044] [TRACE] 帧 场景趟
[11:32:28.044] [TRACE] 帧 高亮趟
[11:32:28.045] [TRACE] 帧 叠加趟
[11:32:28.045] [TRACE] 帧 光标趟
[11:32:28.045] [TRACE] 帧 结束
[11:32:28.051] [TRACE] 帧 公告板
[11:32:28.052] [TRACE] 帧 格网
[11:32:28.052] [TRACE] 帧 开始
[11:32:28.052] [TRACE] 帧 格网趟
[11:32:28.052] [TRACE] 帧 场景趟
[11:32:28.052] [TRACE] 帧 高亮趟
[11:32:28.052] [TRACE] 帧 叠加趟
[11:32:28.052] [TRACE] 帧 光标趟
[11:32:28.052] [TRACE] 帧 结束
[11:32:28.057] [TRACE] 帧 公告板
[11:32:28.058] [TRACE] 帧 格网
[11:32:28.058] [TRACE] 帧 开始
[11:32:28.058] [TRACE] 帧 格网趟
[11:32:28.058] [TRACE] 帧 场景趟
[11:32:28.058] [TRACE] 帧 高亮趟
[11:32:28.058] [TRACE] 帧 叠加趟
[11:32:28.059] [TRACE] 帧 光标趟
[11:32:28.059] [TRACE] 帧 结束
[11:32:28.065] [TRACE] 帧 公告板
[11:32:28.066] [TRACE] 帧 格网
[11:32:28.066] [TRACE] 帧 开始
[11:32:28.066] [TRACE] 帧 格网趟
[11:32:28.066] [TRACE] 帧 场景趟
[11:32:28.066] [TRACE] 帧 高亮趟
[11:32:28.066] [TRACE] 帧 叠加趟
[11:32:28.066] [TRACE] 帧 光标趟
[11:32:28.066] [TRACE] 帧 结束
[11:32:28.071] [TRACE] 帧 公告板
[11:32:28.071] [TRACE] 帧 格网
[11:32:28.071] [TRACE] 帧 开始
[11:32:28.072] [TRACE] 帧 格网趟
[11:32:28.072] [TRACE] 帧 场景趟
[11:32:28.072] [TRACE] 帧 高亮趟
[11:32:28.072] [TRACE] 帧 叠加趟
[11:32:28.072] [TRACE] 帧 光标趟
[11:32:28.072] [TRACE] 帧 结束
[11:32:28.078] [TRACE] 帧 公告板
[11:32:28.078] [TRACE] 帧 格网
[11:32:28.078] [TRACE] 帧 开始
[11:32:28.079] [TRACE] 帧 格网趟
[11:32:28.079] [TRACE] 帧 场景趟
[11:32:28.079] [TRACE] 帧 高亮趟
[11:32:28.079] [TRACE] 帧 叠加趟
[11:32:28.079] [TRACE] 帧 光标趟
[11:32:28.079] [TRACE] 帧 结束
[11:32:28.086] [TRACE] 帧 公告板
[11:32:28.086] [TRACE] 帧 格网
[11:32:28.086] [TRACE] 帧 开始
[11:32:28.086] [TRACE] 帧 格网趟
[11:32:28.087] [TRACE] 帧 场景趟
[11:32:28.087] [TRACE] 帧 高亮趟
[11:32:28.087] [TRACE] 帧 叠加趟
[11:32:28.087] [TRACE] 帧 光标趟
[11:32:28.087] [TRACE] 帧 结束
[11:32:28.092] [TRACE] 帧 公告板
[11:32:28.092] [TRACE] 帧 格网
[11:32:28.092] [TRACE] 帧 开始
[11:32:28.093] [TRACE] 帧 格网趟
[11:32:28.093] [TRACE] 帧 场景趟
[11:32:28.093] [TRACE] 帧 高亮趟
[11:32:28.093] [TRACE] 帧 叠加趟
[11:32:28.093] [TRACE] 帧 光标趟
[11:32:28.093] [TRACE] 帧 结束
[11:32:28.100] [TRACE] 帧 公告板
[11:32:28.100] [TRACE] 帧 格网
[11:32:28.100] [TRACE] 帧 开始
[11:32:28.100] [TRACE] 帧 格网趟
[11:32:28.101] [TRACE] 帧 场景趟
[11:32:28.101] [TRACE] 帧 高亮趟
[11:32:28.101] [TRACE] 帧 叠加趟
[11:32:28.101] [TRACE] 帧 光标趟
[11:32:28.101] [TRACE] 帧 结束
[11:32:28.107] [TRACE] 帧 公告板
[11:32:28.107] [TRACE] 帧 格网
[11:32:28.107] [TRACE] 帧 开始
[11:32:28.107] [TRACE] 帧 格网趟
[11:32:28.107] [TRACE] 帧 场景趟
[11:32:28.107] [TRACE] 帧 高亮趟
[11:32:28.108] [TRACE] 帧 叠加趟
[11:32:28.108] [TRACE] 帧 光标趟
[11:32:28.108] [TRACE] 帧 结束
[11:32:28.113] [TRACE] 帧 公告板
[11:32:28.113] [TRACE] 帧 格网
[11:32:28.113] [TRACE] 帧 开始
[11:32:28.113] [TRACE] 帧 格网趟
[11:32:28.113] [TRACE] 帧 场景趟
[11:32:28.114] [TRACE] 帧 高亮趟
[11:32:28.114] [TRACE] 帧 叠加趟
[11:32:28.114] [TRACE] 帧 光标趟
[11:32:28.114] [TRACE] 帧 结束
[11:32:28.121] [TRACE] 帧 公告板
[11:32:28.121] [TRACE] 帧 格网
[11:32:28.121] [TRACE] 帧 开始
[11:32:28.121] [TRACE] 帧 格网趟
[11:32:28.121] [TRACE] 帧 场景趟
[11:32:28.122] [TRACE] 帧 高亮趟
[11:32:28.122] [TRACE] 帧 叠加趟
[11:32:28.123] [TRACE] 帧 光标趟
[11:32:28.123] [TRACE] 帧 结束
[11:32:28.127] [TRACE] 帧 公告板
[11:32:28.127] [TRACE] 帧 格网
[11:32:28.127] [TRACE] 帧 开始
[11:32:28.127] [TRACE] 帧 格网趟
[11:32:28.127] [TRACE] 帧 场景趟
[11:32:28.128] [TRACE] 帧 高亮趟
[11:32:28.128] [TRACE] 帧 叠加趟
[11:32:28.128] [TRACE] 帧 光标趟
[11:32:28.128] [TRACE] 帧 结束
[11:32:28.135] [TRACE] 帧 公告板
[11:32:28.135] [TRACE] 帧 格网
[11:32:28.135] [TRACE] 帧 开始
[11:32:28.135] [TRACE] 帧 格网趟
[11:32:28.135] [TRACE] 帧 场景趟
[11:32:28.135] [TRACE] 帧 高亮趟
[11:32:28.135] [TRACE] 帧 叠加趟
[11:32:28.136] [TRACE] 帧 光标趟
[11:32:28.136] [TRACE] 帧 结束
[11:32:28.141] [TRACE] 帧 公告板
[11:32:28.141] [TRACE] 帧 格网
[11:32:28.141] [TRACE] 帧 开始
[11:32:28.141] [TRACE] 帧 格网趟
[11:32:28.141] [TRACE] 帧 场景趟
[11:32:28.142] [TRACE] 帧 高亮趟
[11:32:28.142] [TRACE] 帧 叠加趟
[11:32:28.142] [TRACE] 帧 光标趟
[11:32:28.142] [TRACE] 帧 结束
[11:32:28.149] [TRACE] 帧 公告板
[11:32:28.149] [TRACE] 帧 格网
[11:32:28.149] [TRACE] 帧 开始
[11:32:28.149] [TRACE] 帧 格网趟
[11:32:28.150] [TRACE] 帧 场景趟
[11:32:28.150] [TRACE] 帧 高亮趟
[11:32:28.150] [TRACE] 帧 叠加趟
[11:32:28.150] [TRACE] 帧 光标趟
[11:32:28.150] [TRACE] 帧 结束
[11:32:28.155] [TRACE] 帧 公告板
[11:32:28.155] [TRACE] 帧 格网
[11:32:28.155] [TRACE] 帧 开始
[11:32:28.155] [TRACE] 帧 格网趟
[11:32:28.155] [TRACE] 帧 场景趟
[11:32:28.155] [TRACE] 帧 高亮趟
[11:32:28.156] [TRACE] 帧 叠加趟
[11:32:28.156] [TRACE] 帧 光标趟
[11:32:28.156] [TRACE] 帧 结束
[11:32:28.162] [TRACE] 帧 公告板
[11:32:28.162] [TRACE] 帧 格网
[11:32:28.162] [TRACE] 帧 开始
[11:32:28.162] [TRACE] 帧 格网趟
[11:32:28.163] [TRACE] 帧 场景趟
[11:32:28.163] [TRACE] 帧 高亮趟
[11:32:28.163] [TRACE] 帧 叠加趟
[11:32:28.163] [TRACE] 帧 光标趟
[11:32:28.163] [TRACE] 帧 结束
[11:32:28.170] [TRACE] 帧 公告板
[11:32:28.170] [TRACE] 帧 格网
[11:32:28.170] [TRACE] 帧 开始
[11:32:28.170] [TRACE] 帧 格网趟
[11:32:28.170] [TRACE] 帧 场景趟
[11:32:28.171] [TRACE] 帧 高亮趟
[11:32:28.171] [TRACE] 帧 叠加趟
[11:32:28.171] [TRACE] 帧 光标趟
[11:32:28.171] [TRACE] 帧 结束
[11:32:28.176] [TRACE] 帧 公告板
[11:32:28.176] [TRACE] 帧 格网
[11:32:28.176] [TRACE] 帧 开始
[11:32:28.176] [TRACE] 帧 格网趟
[11:32:28.176] [TRACE] 帧 场景趟
[11:32:28.176] [TRACE] 帧 高亮趟
[11:32:28.177] [TRACE] 帧 叠加趟
[11:32:28.177] [TRACE] 帧 光标趟
[11:32:28.177] [TRACE] 帧 结束
[11:32:28.184] [TRACE] 帧 公告板
[11:32:28.184] [TRACE] 帧 格网
[11:32:28.184] [TRACE] 帧 开始
[11:32:28.184] [TRACE] 帧 格网趟
[11:32:28.184] [TRACE] 帧 场景趟
[11:32:28.184] [TRACE] 帧 高亮趟
[11:32:28.184] [TRACE] 帧 叠加趟
[11:32:28.184] [TRACE] 帧 光标趟
[11:32:28.184] [TRACE] 帧 结束
[11:32:28.190] [TRACE] 帧 公告板
[11:32:28.190] [TRACE] 帧 格网
[11:32:28.191] [TRACE] 帧 开始
[11:32:28.191] [TRACE] 帧 格网趟
[11:32:28.191] [TRACE] 帧 场景趟
[11:32:28.191] [TRACE] 帧 高亮趟
[11:32:28.192] [TRACE] 帧 叠加趟
[11:32:28.192] [TRACE] 帧 光标趟
[11:32:28.192] [TRACE] 帧 结束
[11:32:28.197] [TRACE] 帧 公告板
[11:32:28.197] [TRACE] 帧 格网
[11:32:28.197] [TRACE] 帧 开始
[11:32:28.197] [TRACE] 帧 格网趟
[11:32:28.197] [TRACE] 帧 场景趟
[11:32:28.197] [TRACE] 帧 高亮趟
[11:32:28.197] [TRACE] 帧 叠加趟
[11:32:28.197] [TRACE] 帧 光标趟
[11:32:28.198] [TRACE] 帧 结束
[11:32:28.204] [TRACE] 帧 公告板
[11:32:28.205] [TRACE] 帧 格网
[11:32:28.205] [TRACE] 帧 开始
[11:32:28.205] [TRACE] 帧 格网趟
[11:32:28.205] [TRACE] 帧 场景趟
[11:32:28.205] [TRACE] 帧 高亮趟
[11:32:28.205] [TRACE] 帧 叠加趟
[11:32:28.205] [TRACE] 帧 光标趟
[11:32:28.205] [TRACE] 帧 结束
[11:32:28.210] [TRACE] 帧 公告板
[11:32:28.211] [TRACE] 帧 格网
[11:32:28.211] [TRACE] 帧 开始
[11:32:28.211] [TRACE] 帧 格网趟
[11:32:28.211] [TRACE] 帧 场景趟
[11:32:28.211] [TRACE] 帧 高亮趟
[11:32:28.212] [TRACE] 帧 叠加趟
[11:32:28.212] [TRACE] 帧 光标趟
[11:32:28.212] [TRACE] 帧 结束
[11:32:28.218] [TRACE] 帧 公告板
[11:32:28.218] [TRACE] 帧 格网
[11:32:28.219] [TRACE] 帧 开始
[11:32:28.219] [TRACE] 帧 格网趟
[11:32:28.219] [TRACE] 帧 场景趟
[11:32:28.219] [TRACE] 帧 高亮趟
[11:32:28.219] [TRACE] 帧 叠加趟
[11:32:28.219] [TRACE] 帧 光标趟
[11:32:28.219] [TRACE] 帧 结束
[11:32:28.224] [TRACE] 帧 公告板
[11:32:28.225] [TRACE] 帧 格网
[11:32:28.225] [TRACE] 帧 开始
[11:32:28.225] [TRACE] 帧 格网趟
[11:32:28.225] [TRACE] 帧 场景趟
[11:32:28.225] [TRACE] 帧 高亮趟
[11:32:28.225] [TRACE] 帧 叠加趟
[11:32:28.225] [TRACE] 帧 光标趟
[11:32:28.225] [TRACE] 帧 结束
[11:32:28.232] [TRACE] 帧 公告板
[11:32:28.233] [TRACE] 帧 格网
[11:32:28.233] [TRACE] 帧 开始
[11:32:28.233] [TRACE] 帧 格网趟
[11:32:28.234] [TRACE] 帧 场景趟
[11:32:28.234] [TRACE] 帧 高亮趟
[11:32:28.234] [TRACE] 帧 叠加趟
[11:32:28.234] [TRACE] 帧 光标趟
[11:32:28.234] [TRACE] 帧 结束
[11:32:28.238] [TRACE] 帧 公告板
[11:32:28.238] [TRACE] 帧 格网
[11:32:28.238] [TRACE] 帧 开始
[11:32:28.239] [TRACE] 帧 格网趟
[11:32:28.239] [TRACE] 帧 场景趟
[11:32:28.239] [TRACE] 帧 高亮趟
[11:32:28.239] [TRACE] 帧 叠加趟
[11:32:28.239] [TRACE] 帧 光标趟
[11:32:28.240] [TRACE] 帧 结束
[11:32:28.245] [TRACE] 帧 公告板
[11:32:28.245] [TRACE] 帧 格网
[11:32:28.245] [TRACE] 帧 开始
[11:32:28.246] [TRACE] 帧 格网趟
[11:32:28.246] [TRACE] 帧 场景趟
[11:32:28.246] [TRACE] 帧 高亮趟
[11:32:28.246] [TRACE] 帧 叠加趟
[11:32:28.246] [TRACE] 帧 光标趟
[11:32:28.246] [TRACE] 帧 结束
[11:32:28.253] [TRACE] 帧 公告板
[11:32:28.253] [TRACE] 帧 格网
[11:32:28.253] [TRACE] 帧 开始
[11:32:28.254] [TRACE] 帧 格网趟
[11:32:28.254] [TRACE] 帧 场景趟
[11:32:28.254] [TRACE] 帧 高亮趟
[11:32:28.254] [TRACE] 帧 叠加趟
[11:32:28.254] [TRACE] 帧 光标趟
[11:32:28.254] [TRACE] 帧 结束
[11:32:28.259] [TRACE] 帧 公告板
[11:32:28.259] [TRACE] 帧 格网
[11:32:28.260] [TRACE] 帧 开始
[11:32:28.260] [TRACE] 帧 格网趟
[11:32:28.260] [TRACE] 帧 场景趟
[11:32:28.260] [TRACE] 帧 高亮趟
[11:32:28.260] [TRACE] 帧 叠加趟
[11:32:28.260] [TRACE] 帧 光标趟
[11:32:28.260] [TRACE] 帧 结束
[11:32:28.267] [TRACE] 帧 公告板
[11:32:28.267] [TRACE] 帧 格网
[11:32:28.267] [TRACE] 帧 开始
[11:32:28.267] [TRACE] 帧 格网趟
[11:32:28.267] [TRACE] 帧 场景趟
[11:32:28.267] [TRACE] 帧 高亮趟
[11:32:28.268] [TRACE] 帧 叠加趟
[11:32:28.268] [TRACE] 帧 光标趟
[11:32:28.268] [TRACE] 帧 结束
[11:32:28.273] [TRACE] 帧 公告板
[11:32:28.274] [TRACE] 帧 格网
[11:32:28.274] [TRACE] 帧 开始
[11:32:28.274] [TRACE] 帧 格网趟
[11:32:28.274] [TRACE] 帧 场景趟
[11:32:28.274] [TRACE] 帧 高亮趟
[11:32:28.275] [TRACE] 帧 叠加趟
[11:32:28.275] [TRACE] 帧 光标趟
[11:32:28.275] [TRACE] 帧 结束
[11:32:28.280] [TRACE] 帧 公告板
[11:32:28.280] [TRACE] 帧 格网
[11:32:28.280] [TRACE] 帧 开始
[11:32:28.281] [TRACE] 帧 格网趟
[11:32:28.281] [TRACE] 帧 场景趟
[11:32:28.281] [TRACE] 帧 高亮趟
[11:32:28.281] [TRACE] 帧 叠加趟
[11:32:28.281] [TRACE] 帧 光标趟
[11:32:28.281] [TRACE] 帧 结束
[11:32:28.287] [TRACE] 帧 公告板
[11:32:28.288] [TRACE] 帧 格网
[11:32:28.288] [TRACE] 帧 开始
[11:32:28.288] [TRACE] 帧 格网趟
[11:32:28.288] [TRACE] 帧 场景趟
[11:32:28.288] [TRACE] 帧 高亮趟
[11:32:28.289] [TRACE] 帧 叠加趟
[11:32:28.289] [TRACE] 帧 光标趟
[11:32:28.289] [TRACE] 帧 结束
[11:32:28.294] [TRACE] 帧 公告板
[11:32:28.294] [TRACE] 帧 格网
[11:32:28.294] [TRACE] 帧 开始
[11:32:28.295] [TRACE] 帧 格网趟
[11:32:28.295] [TRACE] 帧 场景趟
[11:32:28.295] [TRACE] 帧 高亮趟
[11:32:28.295] [TRACE] 帧 叠加趟
[11:32:28.295] [TRACE] 帧 光标趟
[11:32:28.296] [TRACE] 帧 结束
[11:32:28.302] [TRACE] 帧 公告板
[11:32:28.302] [TRACE] 帧 格网
[11:32:28.302] [TRACE] 帧 开始
[11:32:28.303] [TRACE] 帧 格网趟
[11:32:28.303] [TRACE] 帧 场景趟
[11:32:28.303] [TRACE] 帧 高亮趟
[11:32:28.303] [TRACE] 帧 叠加趟
[11:32:28.303] [TRACE] 帧 光标趟
[11:32:28.303] [TRACE] 帧 结束
[11:32:28.308] [TRACE] 帧 公告板
[11:32:28.308] [TRACE] 帧 格网
[11:32:28.308] [TRACE] 帧 开始
[11:32:28.308] [TRACE] 帧 格网趟
[11:32:28.308] [TRACE] 帧 场景趟
[11:32:28.309] [TRACE] 帧 高亮趟
[11:32:28.309] [TRACE] 帧 叠加趟
[11:32:28.309] [TRACE] 帧 光标趟
[11:32:28.309] [TRACE] 帧 结束
[11:32:28.316] [TRACE] 帧 公告板
[11:32:28.316] [TRACE] 帧 格网
[11:32:28.316] [TRACE] 帧 开始
[11:32:28.316] [TRACE] 帧 格网趟
[11:32:28.316] [TRACE] 帧 场景趟
[11:32:28.316] [TRACE] 帧 高亮趟
[11:32:28.317] [TRACE] 帧 叠加趟
[11:32:28.317] [TRACE] 帧 光标趟
[11:32:28.317] [TRACE] 帧 结束
[11:32:28.322] [TRACE] 帧 公告板
[11:32:28.322] [TRACE] 帧 格网
[11:32:28.322] [TRACE] 帧 开始
[11:32:28.322] [TRACE] 帧 格网趟
[11:32:28.322] [TRACE] 帧 场景趟
[11:32:28.322] [TRACE] 帧 高亮趟
[11:32:28.322] [TRACE] 帧 叠加趟
[11:32:28.323] [TRACE] 帧 光标趟
[11:32:28.323] [TRACE] 帧 结束
[11:32:28.328] [TRACE] 帧 公告板
[11:32:28.329] [TRACE] 帧 格网
[11:32:28.329] [TRACE] 帧 开始
[11:32:28.329] [TRACE] 帧 格网趟
[11:32:28.329] [TRACE] 帧 场景趟
[11:32:28.329] [TRACE] 帧 高亮趟
[11:32:28.329] [TRACE] 帧 叠加趟
[11:32:28.329] [TRACE] 帧 光标趟
[11:32:28.329] [TRACE] 帧 结束
[11:32:28.337] [TRACE] 帧 公告板
[11:32:28.337] [TRACE] 帧 格网
[11:32:28.337] [TRACE] 帧 开始
[11:32:28.337] [TRACE] 帧 格网趟
[11:32:28.337] [TRACE] 帧 场景趟
[11:32:28.338] [TRACE] 帧 高亮趟
[11:32:28.338] [TRACE] 帧 叠加趟
[11:32:28.338] [TRACE] 帧 光标趟
[11:32:28.338] [TRACE] 帧 结束
[11:32:28.343] [TRACE] 帧 公告板
[11:32:28.343] [TRACE] 帧 格网
[11:32:28.343] [TRACE] 帧 开始
[11:32:28.343] [TRACE] 帧 格网趟
[11:32:28.343] [TRACE] 帧 场景趟
[11:32:28.344] [TRACE] 帧 高亮趟
[11:32:28.344] [TRACE] 帧 叠加趟
[11:32:28.344] [TRACE] 帧 光标趟
[11:32:28.344] [TRACE] 帧 结束
[11:32:28.350] [TRACE] 帧 公告板
[11:32:28.351] [TRACE] 帧 格网
[11:32:28.351] [TRACE] 帧 开始
[11:32:28.351] [TRACE] 帧 格网趟
[11:32:28.351] [TRACE] 帧 场景趟
[11:32:28.351] [TRACE] 帧 高亮趟
[11:32:28.351] [TRACE] 帧 叠加趟
[11:32:28.351] [TRACE] 帧 光标趟
[11:32:28.351] [TRACE] 帧 结束
[11:32:28.357] [TRACE] 帧 公告板
[11:32:28.357] [TRACE] 帧 格网
[11:32:28.357] [TRACE] 帧 开始
[11:32:28.358] [TRACE] 帧 格网趟
[11:32:28.358] [TRACE] 帧 场景趟
[11:32:28.358] [TRACE] 帧 高亮趟
[11:32:28.358] [TRACE] 帧 叠加趟
[11:32:28.358] [TRACE] 帧 光标趟
[11:32:28.359] [TRACE] 帧 结束
[11:32:28.364] [TRACE] 帧 公告板
[11:32:28.364] [TRACE] 帧 格网
[11:32:28.364] [TRACE] 帧 开始
[11:32:28.364] [TRACE] 帧 格网趟
[11:32:28.365] [TRACE] 帧 场景趟
[11:32:28.365] [TRACE] 帧 高亮趟
[11:32:28.365] [TRACE] 帧 叠加趟
[11:32:28.365] [TRACE] 帧 光标趟
[11:32:28.365] [TRACE] 帧 结束
[11:32:28.371] [TRACE] 帧 公告板
[11:32:28.371] [TRACE] 帧 格网
[11:32:28.372] [TRACE] 帧 开始
[11:32:28.372] [TRACE] 帧 格网趟
[11:32:28.372] [TRACE] 帧 场景趟
[11:32:28.372] [TRACE] 帧 高亮趟
[11:32:28.372] [TRACE] 帧 叠加趟
[11:32:28.372] [TRACE] 帧 光标趟
[11:32:28.372] [TRACE] 帧 结束
[11:32:28.377] [TRACE] 帧 公告板
[11:32:28.378] [TRACE] 帧 格网
[11:32:28.378] [TRACE] 帧 开始
[11:32:28.378] [TRACE] 帧 格网趟
[11:32:28.378] [TRACE] 帧 场景趟
[11:32:28.378] [TRACE] 帧 高亮趟
[11:32:28.378] [TRACE] 帧 叠加趟
[11:32:28.378] [TRACE] 帧 光标趟
[11:32:28.379] [TRACE] 帧 结束
[11:32:28.386] [TRACE] 帧 公告板
[11:32:28.386] [TRACE] 帧 格网
[11:32:28.386] [TRACE] 帧 开始
[11:32:28.386] [TRACE] 帧 格网趟
[11:32:28.386] [TRACE] 帧 场景趟
[11:32:28.386] [TRACE] 帧 高亮趟
[11:32:28.386] [TRACE] 帧 叠加趟
[11:32:28.387] [TRACE] 帧 光标趟
[11:32:28.387] [TRACE] 帧 结束
[11:32:28.391] [TRACE] 帧 公告板
[11:32:28.391] [TRACE] 帧 格网
[11:32:28.392] [TRACE] 帧 开始
[11:32:28.392] [TRACE] 帧 格网趟
[11:32:28.392] [TRACE] 帧 场景趟
[11:32:28.392] [TRACE] 帧 高亮趟
[11:32:28.392] [TRACE] 帧 叠加趟
[11:32:28.393] [TRACE] 帧 光标趟
[11:32:28.393] [TRACE] 帧 结束
[11:32:28.400] [TRACE] 帧 公告板
[11:32:28.400] [TRACE] 帧 格网
[11:32:28.400] [TRACE] 帧 开始
[11:32:28.400] [TRACE] 帧 格网趟
[11:32:28.400] [TRACE] 帧 场景趟
[11:32:28.400] [TRACE] 帧 高亮趟
[11:32:28.400] [TRACE] 帧 叠加趟
[11:32:28.401] [TRACE] 帧 光标趟
[11:32:28.401] [TRACE] 帧 结束
[11:32:28.405] [TRACE] 帧 公告板
[11:32:28.405] [TRACE] 帧 格网
[11:32:28.406] [TRACE] 帧 开始
[11:32:28.406] [TRACE] 帧 格网趟
[11:32:28.406] [TRACE] 帧 场景趟
[11:32:28.406] [TRACE] 帧 高亮趟
[11:32:28.406] [TRACE] 帧 叠加趟
[11:32:28.406] [TRACE] 帧 光标趟
[11:32:28.406] [TRACE] 帧 结束
[11:32:28.412] [TRACE] 帧 公告板
[11:32:28.413] [TRACE] 帧 格网
[11:32:28.413] [TRACE] 帧 开始
[11:32:28.413] [TRACE] 帧 格网趟
[11:32:28.413] [TRACE] 帧 场景趟
[11:32:28.413] [TRACE] 帧 高亮趟
[11:32:28.413] [TRACE] 帧 叠加趟
[11:32:28.414] [TRACE] 帧 光标趟
[11:32:28.414] [TRACE] 帧 结束
[11:32:28.420] [TRACE] 帧 公告板
[11:32:28.420] [TRACE] 帧 格网
[11:32:28.420] [TRACE] 帧 开始
[11:32:28.421] [TRACE] 帧 格网趟
[11:32:28.421] [TRACE] 帧 场景趟
[11:32:28.421] [TRACE] 帧 高亮趟
[11:32:28.421] [TRACE] 帧 叠加趟
[11:32:28.421] [TRACE] 帧 光标趟
[11:32:28.422] [TRACE] 帧 结束
[11:32:28.426] [TRACE] 帧 公告板
[11:32:28.426] [TRACE] 帧 格网
[11:32:28.427] [TRACE] 帧 开始
[11:32:28.427] [TRACE] 帧 格网趟
[11:32:28.427] [TRACE] 帧 场景趟
[11:32:28.427] [TRACE] 帧 高亮趟
[11:32:28.427] [TRACE] 帧 叠加趟
[11:32:28.427] [TRACE] 帧 光标趟
[11:32:28.428] [TRACE] 帧 结束
[11:32:28.434] [TRACE] 帧 公告板
[11:32:28.434] [TRACE] 帧 格网
[11:32:28.434] [TRACE] 帧 开始
[11:32:28.434] [TRACE] 帧 格网趟
[11:32:28.435] [TRACE] 帧 场景趟
[11:32:28.435] [TRACE] 帧 高亮趟
[11:32:28.435] [TRACE] 帧 叠加趟
[11:32:28.435] [TRACE] 帧 光标趟
[11:32:28.436] [TRACE] 帧 结束
[11:32:28.440] [TRACE] 帧 公告板
[11:32:28.441] [TRACE] 帧 格网
[11:32:28.441] [TRACE] 帧 开始
[11:32:28.441] [TRACE] 帧 格网趟
[11:32:28.441] [TRACE] 帧 场景趟
[11:32:28.441] [TRACE] 帧 高亮趟
[11:32:28.441] [TRACE] 帧 叠加趟
[11:32:28.442] [TRACE] 帧 光标趟
[11:32:28.442] [TRACE] 帧 结束
[11:32:28.447] [TRACE] 帧 公告板
[11:32:28.447] [TRACE] 帧 格网
[11:32:28.447] [TRACE] 帧 开始
[11:32:28.447] [TRACE] 帧 格网趟
[11:32:28.448] [TRACE] 帧 场景趟
[11:32:28.448] [TRACE] 帧 高亮趟
[11:32:28.448] [TRACE] 帧 叠加趟
[11:32:28.448] [TRACE] 帧 光标趟
[11:32:28.448] [TRACE] 帧 结束
[11:32:28.455] [TRACE] 帧 公告板
[11:32:28.455] [TRACE] 帧 格网
[11:32:28.455] [TRACE] 帧 开始
[11:32:28.455] [TRACE] 帧 格网趟
[11:32:28.456] [TRACE] 帧 场景趟
[11:32:28.456] [TRACE] 帧 高亮趟
[11:32:28.456] [TRACE] 帧 叠加趟
[11:32:28.456] [TRACE] 帧 光标趟
[11:32:28.456] [TRACE] 帧 结束
[11:32:28.461] [TRACE] 帧 公告板
[11:32:28.461] [TRACE] 帧 格网
[11:32:28.462] [TRACE] 帧 开始
[11:32:28.462] [TRACE] 帧 格网趟
[11:32:28.462] [TRACE] 帧 场景趟
[11:32:28.462] [TRACE] 帧 高亮趟
[11:32:28.462] [TRACE] 帧 叠加趟
[11:32:28.462] [TRACE] 帧 光标趟
[11:32:28.462] [TRACE] 帧 结束
[11:32:28.469] [TRACE] 帧 公告板
[11:32:28.469] [TRACE] 帧 格网
[11:32:28.469] [TRACE] 帧 开始
[11:32:28.469] [TRACE] 帧 格网趟
[11:32:28.469] [TRACE] 帧 场景趟
[11:32:28.469] [TRACE] 帧 高亮趟
[11:32:28.470] [TRACE] 帧 叠加趟
[11:32:28.470] [TRACE] 帧 光标趟
[11:32:28.470] [TRACE] 帧 结束
[11:32:28.475] [TRACE] 帧 公告板
[11:32:28.475] [TRACE] 帧 格网
[11:32:28.475] [TRACE] 帧 开始
[11:32:28.476] [TRACE] 帧 格网趟
[11:32:28.476] [TRACE] 帧 场景趟
[11:32:28.476] [TRACE] 帧 高亮趟
[11:32:28.476] [TRACE] 帧 叠加趟
[11:32:28.476] [TRACE] 帧 光标趟
[11:32:28.476] [TRACE] 帧 结束
[11:32:28.483] [TRACE] 帧 公告板
[11:32:28.483] [TRACE] 帧 格网
[11:32:28.483] [TRACE] 帧 开始
[11:32:28.484] [TRACE] 帧 格网趟
[11:32:28.484] [TRACE] 帧 场景趟
[11:32:28.484] [TRACE] 帧 高亮趟
[11:32:28.484] [TRACE] 帧 叠加趟
[11:32:28.484] [TRACE] 帧 光标趟
[11:32:28.484] [TRACE] 帧 结束
[11:32:28.489] [TRACE] 帧 公告板
[11:32:28.489] [TRACE] 帧 格网
[11:32:28.489] [TRACE] 帧 开始
[11:32:28.489] [TRACE] 帧 格网趟
[11:32:28.490] [TRACE] 帧 场景趟
[11:32:28.490] [TRACE] 帧 高亮趟
[11:32:28.490] [TRACE] 帧 叠加趟
[11:32:28.490] [TRACE] 帧 光标趟
[11:32:28.490] [TRACE] 帧 结束
[11:32:28.496] [TRACE] 帧 公告板
[11:32:28.496] [TRACE] 帧 格网
[11:32:28.496] [TRACE] 帧 开始
[11:32:28.496] [TRACE] 帧 格网趟
[11:32:28.497] [TRACE] 帧 场景趟
[11:32:28.497] [TRACE] 帧 高亮趟
[11:32:28.497] [TRACE] 帧 叠加趟
[11:32:28.497] [TRACE] 帧 光标趟
[11:32:28.497] [TRACE] 帧 结束
[11:32:28.503] [TRACE] 帧 公告板
[11:32:28.504] [TRACE] 帧 格网
[11:32:28.504] [TRACE] 帧 开始
[11:32:28.504] [TRACE] 帧 格网趟
[11:32:28.504] [TRACE] 帧 场景趟
[11:32:28.504] [TRACE] 帧 高亮趟
[11:32:28.505] [TRACE] 帧 叠加趟
[11:32:28.505] [TRACE] 帧 光标趟
[11:32:28.505] [TRACE] 帧 结束
[11:32:28.509] [TRACE] 帧 公告板
[11:32:28.510] [TRACE] 帧 格网
[11:32:28.510] [TRACE] 帧 开始
[11:32:28.510] [TRACE] 帧 格网趟
[11:32:28.510] [TRACE] 帧 场景趟
[11:32:28.511] [TRACE] 帧 高亮趟
[11:32:28.511] [TRACE] 帧 叠加趟
[11:32:28.511] [TRACE] 帧 光标趟
[11:32:28.511] [TRACE] 帧 结束
[11:32:28.518] [TRACE] 帧 公告板
[11:32:28.518] [TRACE] 帧 格网
[11:32:28.518] [TRACE] 帧 开始
[11:32:28.518] [TRACE] 帧 格网趟
[11:32:28.518] [TRACE] 帧 场景趟
[11:32:28.518] [TRACE] 帧 高亮趟
[11:32:28.518] [TRACE] 帧 叠加趟
[11:32:28.518] [TRACE] 帧 光标趟
[11:32:28.519] [TRACE] 帧 结束
[11:32:28.524] [TRACE] 帧 公告板
[11:32:28.524] [TRACE] 帧 格网
[11:32:28.524] [TRACE] 帧 开始
[11:32:28.524] [TRACE] 帧 格网趟
[11:32:28.524] [TRACE] 帧 场景趟
[11:32:28.524] [TRACE] 帧 高亮趟
[11:32:28.524] [TRACE] 帧 叠加趟
[11:32:28.525] [TRACE] 帧 光标趟
[11:32:28.525] [TRACE] 帧 结束
[11:32:28.530] [TRACE] 帧 公告板
[11:32:28.531] [TRACE] 帧 格网
[11:32:28.531] [TRACE] 帧 开始
[11:32:28.531] [TRACE] 帧 格网趟
[11:32:28.531] [TRACE] 帧 场景趟
[11:32:28.531] [TRACE] 帧 高亮趟
[11:32:28.531] [TRACE] 帧 叠加趟
[11:32:28.532] [TRACE] 帧 光标趟
[11:32:28.532] [TRACE] 帧 结束
[11:32:28.539] [TRACE] 帧 公告板
[11:32:28.539] [TRACE] 帧 格网
[11:32:28.539] [TRACE] 帧 开始
[11:32:28.539] [TRACE] 帧 格网趟
[11:32:28.540] [TRACE] 帧 场景趟
[11:32:28.540] [TRACE] 帧 高亮趟
[11:32:28.540] [TRACE] 帧 叠加趟
[11:32:28.540] [TRACE] 帧 光标趟
[11:32:28.540] [TRACE] 帧 结束
[11:32:28.544] [TRACE] 帧 公告板
[11:32:28.545] [TRACE] 帧 格网
[11:32:28.545] [TRACE] 帧 开始
[11:32:28.545] [TRACE] 帧 格网趟
[11:32:28.545] [TRACE] 帧 场景趟
[11:32:28.545] [TRACE] 帧 高亮趟
[11:32:28.545] [TRACE] 帧 叠加趟
[11:32:28.546] [TRACE] 帧 光标趟
[11:32:28.546] [TRACE] 帧 结束
[11:32:28.553] [TRACE] 帧 公告板
[11:32:28.553] [TRACE] 帧 格网
[11:32:28.553] [TRACE] 帧 开始
[11:32:28.553] [TRACE] 帧 格网趟
[11:32:28.554] [TRACE] 帧 场景趟
[11:32:28.554] [TRACE] 帧 高亮趟
[11:32:28.554] [TRACE] 帧 叠加趟
[11:32:28.554] [TRACE] 帧 光标趟
[11:32:28.554] [TRACE] 帧 结束
[11:32:28.558] [TRACE] 帧 公告板
[11:32:28.559] [TRACE] 帧 格网
[11:32:28.559] [TRACE] 帧 开始
[11:32:28.559] [TRACE] 帧 格网趟
[11:32:28.559] [TRACE] 帧 场景趟
[11:32:28.560] [TRACE] 帧 高亮趟
[11:32:28.560] [TRACE] 帧 叠加趟
[11:32:28.560] [TRACE] 帧 光标趟
[11:32:28.560] [TRACE] 帧 结束
[11:32:28.567] [TRACE] 帧 公告板
[11:32:28.567] [TRACE] 帧 格网
[11:32:28.567] [TRACE] 帧 开始
[11:32:28.567] [TRACE] 帧 格网趟
[11:32:28.568] [TRACE] 帧 场景趟
[11:32:28.568] [TRACE] 帧 高亮趟
[11:32:28.568] [TRACE] 帧 叠加趟
[11:32:28.568] [TRACE] 帧 光标趟
[11:32:28.568] [TRACE] 帧 结束
[11:32:28.572] [TRACE] 帧 公告板
[11:32:28.572] [TRACE] 帧 格网
[11:32:28.572] [TRACE] 帧 开始
[11:32:28.572] [TRACE] 帧 格网趟
[11:32:28.573] [TRACE] 帧 场景趟
[11:32:28.573] [TRACE] 帧 高亮趟
[11:32:28.573] [TRACE] 帧 叠加趟
[11:32:28.573] [TRACE] 帧 光标趟
[11:32:28.573] [TRACE] 帧 结束
[11:32:28.579] [TRACE] 帧 公告板
[11:32:28.579] [TRACE] 帧 格网
[11:32:28.579] [TRACE] 帧 开始
[11:32:28.580] [TRACE] 帧 格网趟
[11:32:28.580] [TRACE] 帧 场景趟
[11:32:28.580] [TRACE] 帧 高亮趟
[11:32:28.580] [TRACE] 帧 叠加趟
[11:32:28.580] [TRACE] 帧 光标趟
[11:32:28.580] [TRACE] 帧 结束
[11:32:28.587] [TRACE] 帧 公告板
[11:32:28.587] [TRACE] 帧 格网
[11:32:28.587] [TRACE] 帧 开始
[11:32:28.587] [TRACE] 帧 格网趟
[11:32:28.588] [TRACE] 帧 场景趟
[11:32:28.588] [TRACE] 帧 高亮趟
[11:32:28.588] [TRACE] 帧 叠加趟
[11:32:28.588] [TRACE] 帧 光标趟
[11:32:28.588] [TRACE] 帧 结束
[11:32:28.593] [TRACE] 帧 公告板
[11:32:28.593] [TRACE] 帧 格网
[11:32:28.593] [TRACE] 帧 开始
[11:32:28.593] [TRACE] 帧 格网趟
[11:32:28.593] [TRACE] 帧 场景趟
[11:32:28.593] [TRACE] 帧 高亮趟
[11:32:28.593] [TRACE] 帧 叠加趟
[11:32:28.594] [TRACE] 帧 光标趟
[11:32:28.594] [TRACE] 帧 结束
[11:32:28.601] [TRACE] 帧 公告板
[11:32:28.601] [TRACE] 帧 格网
[11:32:28.601] [TRACE] 帧 开始
[11:32:28.601] [TRACE] 帧 格网趟
[11:32:28.601] [TRACE] 帧 场景趟
[11:32:28.602] [TRACE] 帧 高亮趟
[11:32:28.602] [TRACE] 帧 叠加趟
[11:32:28.602] [TRACE] 帧 光标趟
[11:32:28.602] [TRACE] 帧 结束
[11:32:28.607] [TRACE] 帧 公告板
[11:32:28.607] [TRACE] 帧 格网
[11:32:28.607] [TRACE] 帧 开始
[11:32:28.608] [TRACE] 帧 格网趟
[11:32:28.608] [TRACE] 帧 场景趟
[11:32:28.608] [TRACE] 帧 高亮趟
[11:32:28.608] [TRACE] 帧 叠加趟
[11:32:28.608] [TRACE] 帧 光标趟
[11:32:28.608] [TRACE] 帧 结束
[11:32:28.614] [TRACE] 帧 公告板
[11:32:28.614] [TRACE] 帧 格网
[11:32:28.614] [TRACE] 帧 开始
[11:32:28.614] [TRACE] 帧 格网趟
[11:32:28.615] [TRACE] 帧 场景趟
[11:32:28.615] [TRACE] 帧 高亮趟
[11:32:28.615] [TRACE] 帧 叠加趟
[11:32:28.615] [TRACE] 帧 光标趟
[11:32:28.615] [TRACE] 帧 结束
[11:32:28.621] [TRACE] 帧 公告板
[11:32:28.622] [TRACE] 帧 格网
[11:32:28.622] [TRACE] 帧 开始
[11:32:28.622] [TRACE] 帧 格网趟
[11:32:28.622] [TRACE] 帧 场景趟
[11:32:28.623] [TRACE] 帧 高亮趟
[11:32:28.623] [TRACE] 帧 叠加趟
[11:32:28.623] [TRACE] 帧 光标趟
[11:32:28.623] [TRACE] 帧 结束
[11:32:28.628] [TRACE] 帧 公告板
[11:32:28.628] [TRACE] 帧 格网
[11:32:28.628] [TRACE] 帧 开始
[11:32:28.628] [TRACE] 帧 格网趟
[11:32:28.628] [TRACE] 帧 场景趟
[11:32:28.628] [TRACE] 帧 高亮趟
[11:32:28.629] [TRACE] 帧 叠加趟
[11:32:28.629] [TRACE] 帧 光标趟
[11:32:28.629] [TRACE] 帧 结束
[11:32:28.635] [TRACE] 帧 公告板
[11:32:28.636] [TRACE] 帧 格网
[11:32:28.636] [TRACE] 帧 开始
[11:32:28.636] [TRACE] 帧 格网趟
[11:32:28.636] [TRACE] 帧 场景趟
[11:32:28.636] [TRACE] 帧 高亮趟
[11:32:28.636] [TRACE] 帧 叠加趟
[11:32:28.637] [TRACE] 帧 光标趟
[11:32:28.637] [TRACE] 帧 结束
[11:32:28.641] [TRACE] 帧 公告板
[11:32:28.642] [TRACE] 帧 格网
[11:32:28.642] [TRACE] 帧 开始
[11:32:28.642] [TRACE] 帧 格网趟
[11:32:28.642] [TRACE] 帧 场景趟
[11:32:28.642] [TRACE] 帧 高亮趟
[11:32:28.643] [TRACE] 帧 叠加趟
[11:32:28.643] [TRACE] 帧 光标趟
[11:32:28.643] [TRACE] 帧 结束
[11:32:28.650] [TRACE] 帧 公告板
[11:32:28.650] [TRACE] 帧 格网
[11:32:28.650] [TRACE] 帧 开始
[11:32:28.650] [TRACE] 帧 格网趟
[11:32:28.650] [TRACE] 帧 场景趟
[11:32:28.651] [TRACE] 帧 高亮趟
[11:32:28.651] [TRACE] 帧 叠加趟
[11:32:28.651] [TRACE] 帧 光标趟
[11:32:28.651] [TRACE] 帧 结束
[11:32:28.655] [TRACE] 帧 公告板
[11:32:28.655] [TRACE] 帧 格网
[11:32:28.656] [TRACE] 帧 开始
[11:32:28.656] [TRACE] 帧 格网趟
[11:32:28.656] [TRACE] 帧 场景趟
[11:32:28.656] [TRACE] 帧 高亮趟
[11:32:28.657] [TRACE] 帧 叠加趟
[11:32:28.657] [TRACE] 帧 光标趟
[11:32:28.657] [TRACE] 帧 结束
[11:32:28.662] [TRACE] 帧 公告板
[11:32:28.662] [TRACE] 帧 格网
[11:32:28.663] [TRACE] 帧 开始
[11:32:28.663] [TRACE] 帧 格网趟
[11:32:28.663] [TRACE] 帧 场景趟
[11:32:28.663] [TRACE] 帧 高亮趟
[11:32:28.663] [TRACE] 帧 叠加趟
[11:32:28.664] [TRACE] 帧 光标趟
[11:32:28.664] [TRACE] 帧 结束
[11:32:28.670] [TRACE] 帧 公告板
[11:32:28.670] [TRACE] 帧 格网
[11:32:28.671] [TRACE] 帧 开始
[11:32:28.671] [TRACE] 帧 格网趟
[11:32:28.671] [TRACE] 帧 场景趟
[11:32:28.671] [TRACE] 帧 高亮趟
[11:32:28.671] [TRACE] 帧 叠加趟
[11:32:28.671] [TRACE] 帧 光标趟
[11:32:28.671] [TRACE] 帧 结束
[11:32:28.676] [TRACE] 帧 公告板
[11:32:28.677] [TRACE] 帧 格网
[11:32:28.677] [TRACE] 帧 开始
[11:32:28.677] [TRACE] 帧 格网趟
[11:32:28.677] [TRACE] 帧 场景趟
[11:32:28.677] [TRACE] 帧 高亮趟
[11:32:28.677] [TRACE] 帧 叠加趟
[11:32:28.678] [TRACE] 帧 光标趟
[11:32:28.678] [TRACE] 帧 结束
[11:32:28.684] [TRACE] 帧 公告板
[11:32:28.684] [TRACE] 帧 格网
[11:32:28.684] [TRACE] 帧 开始
[11:32:28.684] [TRACE] 帧 格网趟
[11:32:28.685] [TRACE] 帧 场景趟
[11:32:28.685] [TRACE] 帧 高亮趟
[11:32:28.685] [TRACE] 帧 叠加趟
[11:32:28.685] [TRACE] 帧 光标趟
[11:32:28.685] [TRACE] 帧 结束
[11:32:28.691] [TRACE] 帧 公告板
[11:32:28.691] [TRACE] 帧 格网
[11:32:28.691] [TRACE] 帧 开始
[11:32:28.691] [TRACE] 帧 格网趟
[11:32:28.691] [TRACE] 帧 场景趟
[11:32:28.691] [TRACE] 帧 高亮趟
[11:32:28.691] [TRACE] 帧 叠加趟
[11:32:28.692] [TRACE] 帧 光标趟
[11:32:28.692] [TRACE] 帧 结束
[11:32:28.698] [TRACE] 帧 公告板
[11:32:28.698] [TRACE] 帧 格网
[11:32:28.698] [TRACE] 帧 开始
[11:32:28.698] [TRACE] 帧 格网趟
[11:32:28.699] [TRACE] 帧 场景趟
[11:32:28.699] [TRACE] 帧 高亮趟
[11:32:28.699] [TRACE] 帧 叠加趟
[11:32:28.699] [TRACE] 帧 光标趟
[11:32:28.699] [TRACE] 帧 结束
[11:32:28.704] [TRACE] 帧 公告板
[11:32:28.704] [TRACE] 帧 格网
[11:32:28.704] [TRACE] 帧 开始
[11:32:28.705] [TRACE] 帧 格网趟
[11:32:28.705] [TRACE] 帧 场景趟
[11:32:28.705] [TRACE] 帧 高亮趟
[11:32:28.705] [TRACE] 帧 叠加趟
[11:32:28.705] [TRACE] 帧 光标趟
[11:32:28.705] [TRACE] 帧 结束
[11:32:28.711] [TRACE] 帧 公告板
[11:32:28.711] [TRACE] 帧 格网
[11:32:28.712] [TRACE] 帧 开始
[11:32:28.712] [TRACE] 帧 格网趟
[11:32:28.712] [TRACE] 帧 场景趟
[11:32:28.712] [TRACE] 帧 高亮趟
[11:32:28.712] [TRACE] 帧 叠加趟
[11:32:28.713] [TRACE] 帧 光标趟
[11:32:28.713] [TRACE] 帧 结束
[11:32:28.719] [TRACE] 帧 公告板
[11:32:28.719] [TRACE] 帧 格网
[11:32:28.719] [TRACE] 帧 开始
[11:32:28.719] [TRACE] 帧 格网趟
[11:32:28.719] [TRACE] 帧 场景趟
[11:32:28.720] [TRACE] 帧 高亮趟
[11:32:28.720] [TRACE] 帧 叠加趟
[11:32:28.720] [TRACE] 帧 光标趟
[11:32:28.720] [TRACE] 帧 结束
[11:32:28.725] [TRACE] 帧 公告板
[11:32:28.725] [TRACE] 帧 格网
[11:32:28.725] [TRACE] 帧 开始
[11:32:28.726] [TRACE] 帧 格网趟
[11:32:28.726] [TRACE] 帧 场景趟
[11:32:28.726] [TRACE] 帧 高亮趟
[11:32:28.726] [TRACE] 帧 叠加趟
[11:32:28.726] [TRACE] 帧 光标趟
[11:32:28.726] [TRACE] 帧 结束
[11:32:28.733] [TRACE] 帧 公告板
[11:32:28.733] [TRACE] 帧 格网
[11:32:28.733] [TRACE] 帧 开始
[11:32:28.734] [TRACE] 帧 格网趟
[11:32:28.734] [TRACE] 帧 场景趟
[11:32:28.734] [TRACE] 帧 高亮趟
[11:32:28.734] [TRACE] 帧 叠加趟
[11:32:28.734] [TRACE] 帧 光标趟
[11:32:28.734] [TRACE] 帧 结束
[11:32:28.739] [TRACE] 帧 公告板
[11:32:28.739] [TRACE] 帧 格网
[11:32:28.739] [TRACE] 帧 开始
[11:32:28.740] [TRACE] 帧 格网趟
[11:32:28.740] [TRACE] 帧 场景趟
[11:32:28.740] [TRACE] 帧 高亮趟
[11:32:28.740] [TRACE] 帧 叠加趟
[11:32:28.740] [TRACE] 帧 光标趟
[11:32:28.740] [TRACE] 帧 结束
[11:32:28.746] [TRACE] 帧 公告板
[11:32:28.746] [TRACE] 帧 格网
[11:32:28.746] [TRACE] 帧 开始
[11:32:28.746] [TRACE] 帧 格网趟
[11:32:28.746] [TRACE] 帧 场景趟
[11:32:28.747] [TRACE] 帧 高亮趟
[11:32:28.747] [TRACE] 帧 叠加趟
[11:32:28.747] [TRACE] 帧 光标趟
[11:32:28.747] [TRACE] 帧 结束
[11:32:28.754] [TRACE] 帧 公告板
[11:32:28.754] [TRACE] 帧 格网
[11:32:28.754] [TRACE] 帧 开始
[11:32:28.754] [TRACE] 帧 格网趟
[11:32:28.754] [TRACE] 帧 场景趟
[11:32:28.755] [TRACE] 帧 高亮趟
[11:32:28.755] [TRACE] 帧 叠加趟
[11:32:28.755] [TRACE] 帧 光标趟
[11:32:28.755] [TRACE] 帧 结束
[11:32:28.760] [TRACE] 帧 公告板
[11:32:28.760] [TRACE] 帧 格网
[11:32:28.760] [TRACE] 帧 开始
[11:32:28.760] [TRACE] 帧 格网趟
[11:32:28.761] [TRACE] 帧 场景趟
[11:32:28.761] [TRACE] 帧 高亮趟
[11:32:28.761] [TRACE] 帧 叠加趟
[11:32:28.761] [TRACE] 帧 光标趟
[11:32:28.761] [TRACE] 帧 结束
[11:32:28.768] [TRACE] 帧 公告板
[11:32:28.768] [TRACE] 帧 格网
[11:32:28.768] [TRACE] 帧 开始
[11:32:28.768] [TRACE] 帧 格网趟
[11:32:28.769] [TRACE] 帧 场景趟
[11:32:28.769] [TRACE] 帧 高亮趟
[11:32:28.769] [TRACE] 帧 叠加趟
[11:32:28.769] [TRACE] 帧 光标趟
[11:32:28.769] [TRACE] 帧 结束
[11:32:28.774] [TRACE] 帧 公告板
[11:32:28.775] [TRACE] 帧 格网
[11:32:28.775] [TRACE] 帧 开始
[11:32:28.775] [TRACE] 帧 格网趟
[11:32:28.775] [TRACE] 帧 场景趟
[11:32:28.775] [TRACE] 帧 高亮趟
[11:32:28.775] [TRACE] 帧 叠加趟
[11:32:28.775] [TRACE] 帧 光标趟
[11:32:28.776] [TRACE] 帧 结束
[11:32:28.782] [TRACE] 帧 公告板
[11:32:28.782] [TRACE] 帧 格网
[11:32:28.782] [TRACE] 帧 开始
[11:32:28.782] [TRACE] 帧 格网趟
[11:32:28.783] [TRACE] 帧 场景趟
[11:32:28.783] [TRACE] 帧 高亮趟
[11:32:28.783] [TRACE] 帧 叠加趟
[11:32:28.783] [TRACE] 帧 光标趟
[11:32:28.783] [TRACE] 帧 结束
[11:32:28.787] [TRACE] 帧 公告板
[11:32:28.788] [TRACE] 帧 格网
[11:32:28.788] [TRACE] 帧 开始
[11:32:28.788] [TRACE] 帧 格网趟
[11:32:28.788] [TRACE] 帧 场景趟
[11:32:28.788] [TRACE] 帧 高亮趟
[11:32:28.788] [TRACE] 帧 叠加趟
[11:32:28.788] [TRACE] 帧 光标趟
[11:32:28.788] [TRACE] 帧 结束
[11:32:28.794] [TRACE] 帧 公告板
[11:32:28.795] [TRACE] 帧 格网
[11:32:28.795] [TRACE] 帧 开始
[11:32:28.795] [TRACE] 帧 格网趟
[11:32:28.795] [TRACE] 帧 场景趟
[11:32:28.795] [TRACE] 帧 高亮趟
[11:32:28.795] [TRACE] 帧 叠加趟
[11:32:28.796] [TRACE] 帧 光标趟
[11:32:28.796] [TRACE] 帧 结束
[11:32:28.802] [TRACE] 帧 公告板
[11:32:28.802] [TRACE] 帧 格网
[11:32:28.802] [TRACE] 帧 开始
[11:32:28.803] [TRACE] 帧 格网趟
[11:32:28.803] [TRACE] 帧 场景趟
[11:32:28.803] [TRACE] 帧 高亮趟
[11:32:28.803] [TRACE] 帧 叠加趟
[11:32:28.803] [TRACE] 帧 光标趟
[11:32:28.803] [TRACE] 帧 结束
[11:32:28.808] [TRACE] 帧 公告板
[11:32:28.808] [TRACE] 帧 格网
[11:32:28.808] [TRACE] 帧 开始
[11:32:28.809] [TRACE] 帧 格网趟
[11:32:28.809] [TRACE] 帧 场景趟
[11:32:28.809] [TRACE] 帧 高亮趟
[11:32:28.809] [TRACE] 帧 叠加趟
[11:32:28.809] [TRACE] 帧 光标趟
[11:32:28.809] [TRACE] 帧 结束
[11:32:28.816] [TRACE] 帧 公告板
[11:32:28.817] [TRACE] 帧 格网
[11:32:28.817] [TRACE] 帧 开始
[11:32:28.817] [TRACE] 帧 格网趟
[11:32:28.817] [TRACE] 帧 场景趟
[11:32:28.817] [TRACE] 帧 高亮趟
[11:32:28.818] [TRACE] 帧 叠加趟
[11:32:28.818] [TRACE] 帧 光标趟
[11:32:28.818] [TRACE] 帧 结束
[11:32:28.822] [TRACE] 帧 公告板
[11:32:28.822] [TRACE] 帧 格网
[11:32:28.822] [TRACE] 帧 开始
[11:32:28.823] [TRACE] 帧 格网趟
[11:32:28.823] [TRACE] 帧 场景趟
[11:32:28.823] [TRACE] 帧 高亮趟
[11:32:28.823] [TRACE] 帧 叠加趟
[11:32:28.823] [TRACE] 帧 光标趟
[11:32:28.823] [TRACE] 帧 结束
[11:32:28.829] [TRACE] 帧 公告板
[11:32:28.829] [TRACE] 帧 格网
[11:32:28.829] [TRACE] 帧 开始
[11:32:28.830] [TRACE] 帧 格网趟
[11:32:28.830] [TRACE] 帧 场景趟
[11:32:28.830] [TRACE] 帧 高亮趟
[11:32:28.830] [TRACE] 帧 叠加趟
[11:32:28.830] [TRACE] 帧 光标趟
[11:32:28.830] [TRACE] 帧 结束
[11:32:28.837] [TRACE] 帧 公告板
[11:32:28.837] [TRACE] 帧 格网
[11:32:28.837] [TRACE] 帧 开始
[11:32:28.837] [TRACE] 帧 格网趟
[11:32:28.838] [TRACE] 帧 场景趟
[11:32:28.838] [TRACE] 帧 高亮趟
[11:32:28.838] [TRACE] 帧 叠加趟
[11:32:28.838] [TRACE] 帧 光标趟
[11:32:28.838] [TRACE] 帧 结束
[11:32:28.843] [TRACE] 帧 公告板
[11:32:28.843] [TRACE] 帧 格网
[11:32:28.843] [TRACE] 帧 开始
[11:32:28.844] [TRACE] 帧 格网趟
[11:32:28.844] [TRACE] 帧 场景趟
[11:32:28.844] [TRACE] 帧 高亮趟
[11:32:28.844] [TRACE] 帧 叠加趟
[11:32:28.844] [TRACE] 帧 光标趟
[11:32:28.844] [TRACE] 帧 结束
[11:32:28.851] [TRACE] 帧 公告板
[11:32:28.851] [TRACE] 帧 格网
[11:32:28.851] [TRACE] 帧 开始
[11:32:28.852] [TRACE] 帧 格网趟
[11:32:28.852] [TRACE] 帧 场景趟
[11:32:28.852] [TRACE] 帧 高亮趟
[11:32:28.852] [TRACE] 帧 叠加趟
[11:32:28.852] [TRACE] 帧 光标趟
[11:32:28.853] [TRACE] 帧 结束
[11:32:28.858] [TRACE] 帧 公告板
[11:32:28.858] [TRACE] 帧 格网
[11:32:28.858] [TRACE] 帧 开始
[11:32:28.858] [TRACE] 帧 格网趟
[11:32:28.858] [TRACE] 帧 场景趟
[11:32:28.859] [TRACE] 帧 高亮趟
[11:32:28.859] [TRACE] 帧 叠加趟
[11:32:28.859] [TRACE] 帧 光标趟
[11:32:28.859] [TRACE] 帧 结束
[11:32:28.865] [TRACE] 帧 公告板
[11:32:28.865] [TRACE] 帧 格网
[11:32:28.865] [TRACE] 帧 开始
[11:32:28.865] [TRACE] 帧 格网趟
[11:32:28.865] [TRACE] 帧 场景趟
[11:32:28.865] [TRACE] 帧 高亮趟
[11:32:28.865] [TRACE] 帧 叠加趟
[11:32:28.866] [TRACE] 帧 光标趟
[11:32:28.866] [TRACE] 帧 结束
[11:32:28.871] [TRACE] 帧 公告板
[11:32:28.871] [TRACE] 帧 格网
[11:32:28.871] [TRACE] 帧 开始
[11:32:28.871] [TRACE] 帧 格网趟
[11:32:28.871] [TRACE] 帧 场景趟
[11:32:28.872] [TRACE] 帧 高亮趟
[11:32:28.872] [TRACE] 帧 叠加趟
[11:32:28.872] [TRACE] 帧 光标趟
[11:32:28.872] [TRACE] 帧 结束
[11:32:28.878] [TRACE] 帧 公告板
[11:32:28.878] [TRACE] 帧 格网
[11:32:28.879] [TRACE] 帧 开始
[11:32:28.879] [TRACE] 帧 格网趟
[11:32:28.879] [TRACE] 帧 场景趟
[11:32:28.879] [TRACE] 帧 高亮趟
[11:32:28.879] [TRACE] 帧 叠加趟
[11:32:28.879] [TRACE] 帧 光标趟
[11:32:28.879] [TRACE] 帧 结束
[11:32:28.886] [TRACE] 帧 公告板
[11:32:28.886] [TRACE] 帧 格网
[11:32:28.886] [TRACE] 帧 开始
[11:32:28.886] [TRACE] 帧 格网趟
[11:32:28.886] [TRACE] 帧 场景趟
[11:32:28.886] [TRACE] 帧 高亮趟
[11:32:28.887] [TRACE] 帧 叠加趟
[11:32:28.887] [TRACE] 帧 光标趟
[11:32:28.887] [TRACE] 帧 结束
[11:32:28.892] [TRACE] 帧 公告板
[11:32:28.892] [TRACE] 帧 格网
[11:32:28.892] [TRACE] 帧 开始
[11:32:28.892] [TRACE] 帧 格网趟
[11:32:28.893] [TRACE] 帧 场景趟
[11:32:28.893] [TRACE] 帧 高亮趟
[11:32:28.893] [TRACE] 帧 叠加趟
[11:32:28.893] [TRACE] 帧 光标趟
[11:32:28.893] [TRACE] 帧 结束
[11:32:28.900] [TRACE] 帧 公告板
[11:32:28.900] [TRACE] 帧 格网
[11:32:28.900] [TRACE] 帧 开始
[11:32:28.901] [TRACE] 帧 格网趟
[11:32:28.901] [TRACE] 帧 场景趟
[11:32:28.901] [TRACE] 帧 高亮趟
[11:32:28.901] [TRACE] 帧 叠加趟
[11:32:28.901] [TRACE] 帧 光标趟
[11:32:28.901] [TRACE] 帧 结束
[11:32:28.906] [TRACE] 帧 公告板
[11:32:28.906] [TRACE] 帧 格网
[11:32:28.907] [TRACE] 帧 开始
[11:32:28.907] [TRACE] 帧 格网趟
[11:32:28.907] [TRACE] 帧 场景趟
[11:32:28.907] [TRACE] 帧 高亮趟
[11:32:28.907] [TRACE] 帧 叠加趟
[11:32:28.907] [TRACE] 帧 光标趟
[11:32:28.908] [TRACE] 帧 结束
[11:32:28.913] [TRACE] 帧 公告板
[11:32:28.913] [TRACE] 帧 格网
[11:32:28.913] [TRACE] 帧 开始
[11:32:28.913] [TRACE] 帧 格网趟
[11:32:28.913] [TRACE] 帧 场景趟
[11:32:28.913] [TRACE] 帧 高亮趟
[11:32:28.914] [TRACE] 帧 叠加趟
[11:32:28.914] [TRACE] 帧 光标趟
[11:32:28.914] [TRACE] 帧 结束
[11:32:28.920] [TRACE] 帧 公告板
[11:32:28.921] [TRACE] 帧 格网
[11:32:28.921] [TRACE] 帧 开始
[11:32:28.921] [TRACE] 帧 格网趟
[11:32:28.921] [TRACE] 帧 场景趟
[11:32:28.921] [TRACE] 帧 高亮趟
[11:32:28.921] [TRACE] 帧 叠加趟
[11:32:28.921] [TRACE] 帧 光标趟
[11:32:28.921] [TRACE] 帧 结束
[11:32:28.926] [TRACE] 帧 公告板
[11:32:28.926] [TRACE] 帧 格网
[11:32:28.927] [TRACE] 帧 开始
[11:32:28.927] [TRACE] 帧 格网趟
[11:32:28.927] [TRACE] 帧 场景趟
[11:32:28.927] [TRACE] 帧 高亮趟
[11:32:28.927] [TRACE] 帧 叠加趟
[11:32:28.927] [TRACE] 帧 光标趟
[11:32:28.928] [TRACE] 帧 结束
[11:32:28.935] [TRACE] 帧 公告板
[11:32:28.935] [TRACE] 帧 格网
[11:32:28.935] [TRACE] 帧 开始
[11:32:28.935] [TRACE] 帧 格网趟
[11:32:28.935] [TRACE] 帧 场景趟
[11:32:28.935] [TRACE] 帧 高亮趟
[11:32:28.936] [TRACE] 帧 叠加趟
[11:32:28.936] [TRACE] 帧 光标趟
[11:32:28.936] [TRACE] 帧 结束
[11:32:28.941] [TRACE] 帧 公告板
[11:32:28.941] [TRACE] 帧 格网
[11:32:28.941] [TRACE] 帧 开始
[11:32:28.941] [TRACE] 帧 格网趟
[11:32:28.942] [TRACE] 帧 场景趟
[11:32:28.942] [TRACE] 帧 高亮趟
[11:32:28.942] [TRACE] 帧 叠加趟
[11:32:28.942] [TRACE] 帧 光标趟
[11:32:28.942] [TRACE] 帧 结束
[11:32:28.948] [TRACE] 帧 公告板
[11:32:28.948] [TRACE] 帧 格网
[11:32:28.948] [TRACE] 帧 开始
[11:32:28.949] [TRACE] 帧 格网趟
[11:32:28.949] [TRACE] 帧 场景趟
[11:32:28.949] [TRACE] 帧 高亮趟
[11:32:28.949] [TRACE] 帧 叠加趟
[11:32:28.949] [TRACE] 帧 光标趟
[11:32:28.949] [TRACE] 帧 结束
[11:32:28.955] [TRACE] 帧 公告板
[11:32:28.955] [TRACE] 帧 格网
[11:32:28.955] [TRACE] 帧 开始
[11:32:28.955] [TRACE] 帧 格网趟
[11:32:28.955] [TRACE] 帧 场景趟
[11:32:28.955] [TRACE] 帧 高亮趟
[11:32:28.956] [TRACE] 帧 叠加趟
[11:32:28.956] [TRACE] 帧 光标趟
[11:32:28.956] [TRACE] 帧 结束
[11:32:28.961] [TRACE] 帧 公告板
[11:32:28.961] [TRACE] 帧 格网
[11:32:28.962] [TRACE] 帧 开始
[11:32:28.962] [TRACE] 帧 格网趟
[11:32:28.962] [TRACE] 帧 场景趟
[11:32:28.962] [TRACE] 帧 高亮趟
[11:32:28.962] [TRACE] 帧 叠加趟
[11:32:28.962] [TRACE] 帧 光标趟
[11:32:28.962] [TRACE] 帧 结束
[11:32:28.969] [TRACE] 帧 公告板
[11:32:28.969] [TRACE] 帧 格网
[11:32:28.969] [TRACE] 帧 开始
[11:32:28.970] [TRACE] 帧 格网趟
[11:32:28.970] [TRACE] 帧 场景趟
[11:32:28.970] [TRACE] 帧 高亮趟
[11:32:28.970] [TRACE] 帧 叠加趟
[11:32:28.970] [TRACE] 帧 光标趟
[11:32:28.970] [TRACE] 帧 结束
[11:32:28.975] [TRACE] 帧 公告板
[11:32:28.975] [TRACE] 帧 格网
[11:32:28.975] [TRACE] 帧 开始
[11:32:28.975] [TRACE] 帧 格网趟
[11:32:28.976] [TRACE] 帧 场景趟
[11:32:28.976] [TRACE] 帧 高亮趟
[11:32:28.976] [TRACE] 帧 叠加趟
[11:32:28.976] [TRACE] 帧 光标趟
[11:32:28.976] [TRACE] 帧 结束
[11:32:28.983] [TRACE] 帧 公告板
[11:32:28.983] [TRACE] 帧 格网
[11:32:28.984] [TRACE] 帧 开始
[11:32:28.984] [TRACE] 帧 格网趟
[11:32:28.984] [TRACE] 帧 场景趟
[11:32:28.984] [TRACE] 帧 高亮趟
[11:32:28.984] [TRACE] 帧 叠加趟
[11:32:28.984] [TRACE] 帧 光标趟
[11:32:28.984] [TRACE] 帧 结束
[11:32:28.989] [TRACE] 帧 公告板
[11:32:28.990] [TRACE] 帧 格网
[11:32:28.990] [TRACE] 帧 开始
[11:32:28.990] [TRACE] 帧 格网趟
[11:32:28.990] [TRACE] 帧 场景趟
[11:32:28.990] [TRACE] 帧 高亮趟
[11:32:28.990] [TRACE] 帧 叠加趟
[11:32:28.990] [TRACE] 帧 光标趟
[11:32:28.991] [TRACE] 帧 结束
[11:32:28.996] [TRACE] 帧 公告板
[11:32:28.997] [TRACE] 帧 格网
[11:32:28.997] [TRACE] 帧 开始
[11:32:28.997] [TRACE] 帧 格网趟
[11:32:28.997] [TRACE] 帧 场景趟
[11:32:28.997] [TRACE] 帧 高亮趟
[11:32:28.997] [TRACE] 帧 叠加趟
[11:32:28.998] [TRACE] 帧 光标趟
[11:32:28.998] [TRACE] 帧 结束
[11:32:29.004] [TRACE] 帧 公告板
[11:32:29.004] [TRACE] 帧 格网
[11:32:29.004] [TRACE] 帧 开始
[11:32:29.004] [TRACE] 帧 格网趟
[11:32:29.004] [TRACE] 帧 场景趟
[11:32:29.004] [TRACE] 帧 高亮趟
[11:32:29.005] [TRACE] 帧 叠加趟
[11:32:29.005] [TRACE] 帧 光标趟
[11:32:29.005] [TRACE] 帧 结束
[11:32:29.010] [TRACE] 帧 公告板
[11:32:29.010] [TRACE] 帧 格网
[11:32:29.010] [TRACE] 帧 开始
[11:32:29.011] [TRACE] 帧 格网趟
[11:32:29.011] [TRACE] 帧 场景趟
[11:32:29.011] [TRACE] 帧 高亮趟
[11:32:29.011] [TRACE] 帧 叠加趟
[11:32:29.011] [TRACE] 帧 光标趟
[11:32:29.011] [TRACE] 帧 结束
[11:32:29.018] [TRACE] 帧 公告板
[11:32:29.018] [TRACE] 帧 格网
[11:32:29.018] [TRACE] 帧 开始
[11:32:29.018] [TRACE] 帧 格网趟
[11:32:29.018] [TRACE] 帧 场景趟
[11:32:29.019] [TRACE] 帧 高亮趟
[11:32:29.019] [TRACE] 帧 叠加趟
[11:32:29.019] [TRACE] 帧 光标趟
[11:32:29.019] [TRACE] 帧 结束
[11:32:29.024] [TRACE] 帧 公告板
[11:32:29.025] [TRACE] 帧 格网
[11:32:29.025] [TRACE] 帧 开始
[11:32:29.025] [TRACE] 帧 格网趟
[11:32:29.025] [TRACE] 帧 场景趟
[11:32:29.025] [TRACE] 帧 高亮趟
[11:32:29.025] [TRACE] 帧 叠加趟
[11:32:29.025] [TRACE] 帧 光标趟
[11:32:29.025] [TRACE] 帧 结束
[11:32:29.032] [TRACE] 帧 公告板
[11:32:29.032] [TRACE] 帧 格网
[11:32:29.032] [TRACE] 帧 开始
[11:32:29.032] [TRACE] 帧 格网趟
[11:32:29.032] [TRACE] 帧 场景趟
[11:32:29.033] [TRACE] 帧 高亮趟
[11:32:29.033] [TRACE] 帧 叠加趟
[11:32:29.033] [TRACE] 帧 光标趟
[11:32:29.033] [TRACE] 帧 结束
[11:32:29.038] [TRACE] 帧 公告板
[11:32:29.038] [TRACE] 帧 格网
[11:32:29.038] [TRACE] 帧 开始
[11:32:29.038] [TRACE] 帧 格网趟
[11:32:29.038] [TRACE] 帧 场景趟
[11:32:29.038] [TRACE] 帧 高亮趟
[11:32:29.038] [TRACE] 帧 叠加趟
[11:32:29.038] [TRACE] 帧 光标趟
[11:32:29.039] [TRACE] 帧 结束
[11:32:29.045] [TRACE] 帧 公告板
[11:32:29.045] [TRACE] 帧 格网
[11:32:29.045] [TRACE] 帧 开始
[11:32:29.045] [TRACE] 帧 格网趟
[11:32:29.046] [TRACE] 帧 场景趟
[11:32:29.046] [TRACE] 帧 高亮趟
[11:32:29.046] [TRACE] 帧 叠加趟
[11:32:29.046] [TRACE] 帧 光标趟
[11:32:29.046] [TRACE] 帧 结束
[11:32:29.052] [TRACE] 帧 公告板
[11:32:29.052] [TRACE] 帧 格网
[11:32:29.053] [TRACE] 帧 开始
[11:32:29.053] [TRACE] 帧 格网趟
[11:32:29.053] [TRACE] 帧 场景趟
[11:32:29.053] [TRACE] 帧 高亮趟
[11:32:29.053] [TRACE] 帧 叠加趟
[11:32:29.054] [TRACE] 帧 光标趟
[11:32:29.054] [TRACE] 帧 结束
[11:32:29.059] [TRACE] 帧 公告板
[11:32:29.059] [TRACE] 帧 格网
[11:32:29.059] [TRACE] 帧 开始
[11:32:29.059] [TRACE] 帧 格网趟
[11:32:29.059] [TRACE] 帧 场景趟
[11:32:29.059] [TRACE] 帧 高亮趟
[11:32:29.059] [TRACE] 帧 叠加趟
[11:32:29.059] [TRACE] 帧 光标趟
[11:32:29.060] [TRACE] 帧 结束
[11:32:29.067] [TRACE] 帧 公告板
[11:32:29.067] [TRACE] 帧 格网
[11:32:29.067] [TRACE] 帧 开始
[11:32:29.067] [TRACE] 帧 格网趟
[11:32:29.067] [TRACE] 帧 场景趟
[11:32:29.067] [TRACE] 帧 高亮趟
[11:32:29.068] [TRACE] 帧 叠加趟
[11:32:29.068] [TRACE] 帧 光标趟
[11:32:29.068] [TRACE] 帧 结束
[11:32:29.072] [TRACE] 帧 公告板
[11:32:29.073] [TRACE] 帧 格网
[11:32:29.073] [TRACE] 帧 开始
[11:32:29.073] [TRACE] 帧 格网趟
[11:32:29.073] [TRACE] 帧 场景趟
[11:32:29.073] [TRACE] 帧 高亮趟
[11:32:29.073] [TRACE] 帧 叠加趟
[11:32:29.073] [TRACE] 帧 光标趟
[11:32:29.074] [TRACE] 帧 结束
[11:32:29.079] [TRACE] 帧 公告板
[11:32:29.079] [TRACE] 帧 格网
[11:32:29.080] [TRACE] 帧 开始
[11:32:29.080] [TRACE] 帧 格网趟
[11:32:29.080] [TRACE] 帧 场景趟
[11:32:29.080] [TRACE] 帧 高亮趟
[11:32:29.080] [TRACE] 帧 叠加趟
[11:32:29.080] [TRACE] 帧 光标趟
[11:32:29.080] [TRACE] 帧 结束
[11:32:29.087] [TRACE] 帧 公告板
[11:32:29.087] [TRACE] 帧 格网
[11:32:29.087] [TRACE] 帧 开始
[11:32:29.088] [TRACE] 帧 格网趟
[11:32:29.088] [TRACE] 帧 场景趟
[11:32:29.088] [TRACE] 帧 高亮趟
[11:32:29.088] [TRACE] 帧 叠加趟
[11:32:29.088] [TRACE] 帧 光标趟
[11:32:29.088] [TRACE] 帧 结束
[11:32:29.093] [TRACE] 帧 公告板
[11:32:29.094] [TRACE] 帧 格网
[11:32:29.094] [TRACE] 帧 开始
[11:32:29.094] [TRACE] 帧 格网趟
[11:32:29.094] [TRACE] 帧 场景趟
[11:32:29.094] [TRACE] 帧 高亮趟
[11:32:29.094] [TRACE] 帧 叠加趟
[11:32:29.095] [TRACE] 帧 光标趟
[11:32:29.095] [TRACE] 帧 结束
[11:32:29.101] [TRACE] 帧 公告板
[11:32:29.101] [TRACE] 帧 格网
[11:32:29.101] [TRACE] 帧 开始
[11:32:29.102] [TRACE] 帧 格网趟
[11:32:29.102] [TRACE] 帧 场景趟
[11:32:29.102] [TRACE] 帧 高亮趟
[11:32:29.102] [TRACE] 帧 叠加趟
[11:32:29.102] [TRACE] 帧 光标趟
[11:32:29.103] [TRACE] 帧 结束
[11:32:29.107] [TRACE] 帧 公告板
[11:32:29.108] [TRACE] 帧 格网
[11:32:29.108] [TRACE] 帧 开始
[11:32:29.108] [TRACE] 帧 格网趟
[11:32:29.108] [TRACE] 帧 场景趟
[11:32:29.108] [TRACE] 帧 高亮趟
[11:32:29.108] [TRACE] 帧 叠加趟
[11:32:29.109] [TRACE] 帧 光标趟
[11:32:29.109] [TRACE] 帧 结束
[11:32:29.115] [TRACE] 帧 公告板
[11:32:29.115] [TRACE] 帧 格网
[11:32:29.115] [TRACE] 帧 开始
[11:32:29.115] [TRACE] 帧 格网趟
[11:32:29.116] [TRACE] 帧 场景趟
[11:32:29.116] [TRACE] 帧 高亮趟
[11:32:29.116] [TRACE] 帧 叠加趟
[11:32:29.116] [TRACE] 帧 光标趟
[11:32:29.116] [TRACE] 帧 结束
[11:32:29.121] [TRACE] 帧 公告板
[11:32:29.123] [TRACE] 帧 格网
[11:32:29.124] [TRACE] 帧 开始
[11:32:29.124] [TRACE] 帧 格网趟
[11:32:29.124] [TRACE] 帧 场景趟
[11:32:29.124] [TRACE] 帧 高亮趟
[11:32:29.124] [TRACE] 帧 叠加趟
[11:32:29.124] [TRACE] 帧 光标趟
[11:32:29.124] [TRACE] 帧 结束
[11:32:29.128] [TRACE] 帧 公告板
[11:32:29.128] [TRACE] 帧 格网
[11:32:29.128] [TRACE] 帧 开始
[11:32:29.129] [TRACE] 帧 格网趟
[11:32:29.129] [TRACE] 帧 场景趟
[11:32:29.129] [TRACE] 帧 高亮趟
[11:32:29.129] [TRACE] 帧 叠加趟
[11:32:29.129] [TRACE] 帧 光标趟
[11:32:29.129] [TRACE] 帧 结束
[11:32:29.136] [TRACE] 帧 公告板
[11:32:29.136] [TRACE] 帧 格网
[11:32:29.136] [TRACE] 帧 开始
[11:32:29.137] [TRACE] 帧 格网趟
[11:32:29.137] [TRACE] 帧 场景趟
[11:32:29.137] [TRACE] 帧 高亮趟
[11:32:29.137] [TRACE] 帧 叠加趟
[11:32:29.137] [TRACE] 帧 光标趟
[11:32:29.137] [TRACE] 帧 结束
[11:32:29.142] [TRACE] 帧 公告板
[11:32:29.142] [TRACE] 帧 格网
[11:32:29.142] [TRACE] 帧 开始
[11:32:29.143] [TRACE] 帧 格网趟
[11:32:29.143] [TRACE] 帧 场景趟
[11:32:29.143] [TRACE] 帧 高亮趟
[11:32:29.143] [TRACE] 帧 叠加趟
[11:32:29.143] [TRACE] 帧 光标趟
[11:32:29.143] [TRACE] 帧 结束
[11:32:29.150] [TRACE] 帧 公告板
[11:32:29.150] [TRACE] 帧 格网
[11:32:29.151] [TRACE] 帧 开始
[11:32:29.151] [TRACE] 帧 格网趟
[11:32:29.151] [TRACE] 帧 场景趟
[11:32:29.151] [TRACE] 帧 高亮趟
[11:32:29.151] [TRACE] 帧 叠加趟
[11:32:29.151] [TRACE] 帧 光标趟
[11:32:29.151] [TRACE] 帧 结束
[11:32:29.156] [TRACE] 帧 公告板
[11:32:29.156] [TRACE] 帧 格网
[11:32:29.156] [TRACE] 帧 开始
[11:32:29.156] [TRACE] 帧 格网趟
[11:32:29.157] [TRACE] 帧 场景趟
[11:32:29.157] [TRACE] 帧 高亮趟
[11:32:29.157] [TRACE] 帧 叠加趟
[11:32:29.157] [TRACE] 帧 光标趟
[11:32:29.157] [TRACE] 帧 结束
[11:32:29.163] [TRACE] 帧 公告板
[11:32:29.163] [TRACE] 帧 格网
[11:32:29.163] [TRACE] 帧 开始
[11:32:29.163] [TRACE] 帧 格网趟
[11:32:29.164] [TRACE] 帧 场景趟
[11:32:29.164] [TRACE] 帧 高亮趟
[11:32:29.164] [TRACE] 帧 叠加趟
[11:32:29.164] [TRACE] 帧 光标趟
[11:32:29.164] [TRACE] 帧 结束
[11:32:29.171] [TRACE] 帧 公告板
[11:32:29.171] [TRACE] 帧 格网
[11:32:29.171] [TRACE] 帧 开始
[11:32:29.171] [TRACE] 帧 格网趟
[11:32:29.171] [TRACE] 帧 场景趟
[11:32:29.171] [TRACE] 帧 高亮趟
[11:32:29.172] [TRACE] 帧 叠加趟
[11:32:29.172] [TRACE] 帧 光标趟
[11:32:29.172] [TRACE] 帧 结束
[11:32:29.177] [TRACE] 帧 公告板
[11:32:29.177] [TRACE] 帧 格网
[11:32:29.177] [TRACE] 帧 开始
[11:32:29.177] [TRACE] 帧 格网趟
[11:32:29.177] [TRACE] 帧 场景趟
[11:32:29.178] [TRACE] 帧 高亮趟
[11:32:29.178] [TRACE] 帧 叠加趟
[11:32:29.178] [TRACE] 帧 光标趟
[11:32:29.178] [TRACE] 帧 结束
[11:32:29.185] [TRACE] 帧 公告板
[11:32:29.185] [TRACE] 帧 格网
[11:32:29.185] [TRACE] 帧 开始
[11:32:29.186] [TRACE] 帧 格网趟
[11:32:29.186] [TRACE] 帧 场景趟
[11:32:29.186] [TRACE] 帧 高亮趟
[11:32:29.186] [TRACE] 帧 叠加趟
[11:32:29.186] [TRACE] 帧 光标趟
[11:32:29.186] [TRACE] 帧 结束
[11:32:29.191] [TRACE] 帧 公告板
[11:32:29.191] [TRACE] 帧 格网
[11:32:29.191] [TRACE] 帧 开始
[11:32:29.191] [TRACE] 帧 格网趟
[11:32:29.192] [TRACE] 帧 场景趟
[11:32:29.192] [TRACE] 帧 高亮趟
[11:32:29.192] [TRACE] 帧 叠加趟
[11:32:29.192] [TRACE] 帧 光标趟
[11:32:29.192] [TRACE] 帧 结束
[11:32:29.198] [TRACE] 帧 公告板
[11:32:29.198] [TRACE] 帧 格网
[11:32:29.199] [TRACE] 帧 开始
[11:32:29.199] [TRACE] 帧 格网趟
[11:32:29.199] [TRACE] 帧 场景趟
[11:32:29.199] [TRACE] 帧 高亮趟
[11:32:29.199] [TRACE] 帧 叠加趟
[11:32:29.200] [TRACE] 帧 光标趟
[11:32:29.200] [TRACE] 帧 结束
[11:32:29.205] [TRACE] 帧 公告板
[11:32:29.205] [TRACE] 帧 格网
[11:32:29.205] [TRACE] 帧 开始
[11:32:29.205] [TRACE] 帧 格网趟
[11:32:29.205] [TRACE] 帧 场景趟
[11:32:29.205] [TRACE] 帧 高亮趟
[11:32:29.205] [TRACE] 帧 叠加趟
[11:32:29.206] [TRACE] 帧 光标趟
[11:32:29.206] [TRACE] 帧 结束
[11:32:29.211] [TRACE] 帧 公告板
[11:32:29.212] [TRACE] 帧 格网
[11:32:29.212] [TRACE] 帧 开始
[11:32:29.212] [TRACE] 帧 格网趟
[11:32:29.212] [TRACE] 帧 场景趟
[11:32:29.212] [TRACE] 帧 高亮趟
[11:32:29.213] [TRACE] 帧 叠加趟
[11:32:29.213] [TRACE] 帧 光标趟
[11:32:29.213] [TRACE] 帧 结束
[11:32:29.219] [TRACE] 帧 公告板
[11:32:29.220] [TRACE] 帧 格网
[11:32:29.220] [TRACE] 帧 开始
[11:32:29.220] [TRACE] 帧 格网趟
[11:32:29.220] [TRACE] 帧 场景趟
[11:32:29.220] [TRACE] 帧 高亮趟
[11:32:29.221] [TRACE] 帧 叠加趟
[11:32:29.221] [TRACE] 帧 光标趟
[11:32:29.221] [TRACE] 帧 结束
[11:32:29.225] [TRACE] 帧 公告板
[11:32:29.225] [TRACE] 帧 格网
[11:32:29.226] [TRACE] 帧 开始
[11:32:29.226] [TRACE] 帧 格网趟
[11:32:29.226] [TRACE] 帧 场景趟
[11:32:29.226] [TRACE] 帧 高亮趟
[11:32:29.226] [TRACE] 帧 叠加趟
[11:32:29.226] [TRACE] 帧 光标趟
[11:32:29.227] [TRACE] 帧 结束
[11:32:29.233] [TRACE] 帧 公告板
[11:32:29.234] [TRACE] 帧 格网
[11:32:29.234] [TRACE] 帧 开始
[11:32:29.234] [TRACE] 帧 格网趟
[11:32:29.234] [TRACE] 帧 场景趟
[11:32:29.234] [TRACE] 帧 高亮趟
[11:32:29.235] [TRACE] 帧 叠加趟
[11:32:29.235] [TRACE] 帧 光标趟
[11:32:29.235] [TRACE] 帧 结束
[11:32:29.239] [TRACE] 帧 公告板
[11:32:29.240] [TRACE] 帧 格网
[11:32:29.240] [TRACE] 帧 开始
[11:32:29.240] [TRACE] 帧 格网趟
[11:32:29.240] [TRACE] 帧 场景趟
[11:32:29.240] [TRACE] 帧 高亮趟
[11:32:29.240] [TRACE] 帧 叠加趟
[11:32:29.241] [TRACE] 帧 光标趟
[11:32:29.241] [TRACE] 帧 结束
[11:32:29.246] [TRACE] 帧 公告板
[11:32:29.247] [TRACE] 帧 格网
[11:32:29.247] [TRACE] 帧 开始
[11:32:29.247] [TRACE] 帧 格网趟
[11:32:29.247] [TRACE] 帧 场景趟
[11:32:29.247] [TRACE] 帧 高亮趟
[11:32:29.247] [TRACE] 帧 叠加趟
[11:32:29.247] [TRACE] 帧 光标趟
[11:32:29.248] [TRACE] 帧 结束
[11:32:29.254] [TRACE] 帧 公告板
[11:32:29.254] [TRACE] 帧 格网
[11:32:29.254] [TRACE] 帧 开始
[11:32:29.255] [TRACE] 帧 格网趟
[11:32:29.255] [TRACE] 帧 场景趟
[11:32:29.255] [TRACE] 帧 高亮趟
[11:32:29.255] [TRACE] 帧 叠加趟
[11:32:29.255] [TRACE] 帧 光标趟
[11:32:29.255] [TRACE] 帧 结束
[11:32:29.260] [TRACE] 帧 公告板
[11:32:29.260] [TRACE] 帧 格网
[11:32:29.261] [TRACE] 帧 开始
[11:32:29.261] [TRACE] 帧 格网趟
[11:32:29.261] [TRACE] 帧 场景趟
[11:32:29.261] [TRACE] 帧 高亮趟
[11:32:29.261] [TRACE] 帧 叠加趟
[11:32:29.261] [TRACE] 帧 光标趟
[11:32:29.261] [TRACE] 帧 结束
[11:32:29.268] [TRACE] 帧 公告板
[11:32:29.268] [TRACE] 帧 格网
[11:32:29.268] [TRACE] 帧 开始
[11:32:29.268] [TRACE] 帧 格网趟
[11:32:29.268] [TRACE] 帧 场景趟
[11:32:29.269] [TRACE] 帧 高亮趟
[11:32:29.269] [TRACE] 帧 叠加趟
[11:32:29.269] [TRACE] 帧 光标趟
[11:32:29.269] [TRACE] 帧 结束
[11:32:29.275] [TRACE] 帧 公告板
[11:32:29.275] [TRACE] 帧 格网
[11:32:29.275] [TRACE] 帧 开始
[11:32:29.275] [TRACE] 帧 格网趟
[11:32:29.275] [TRACE] 帧 场景趟
[11:32:29.275] [TRACE] 帧 高亮趟
[11:32:29.276] [TRACE] 帧 叠加趟
[11:32:29.276] [TRACE] 帧 光标趟
[11:32:29.276] [TRACE] 帧 结束
[11:32:29.282] [TRACE] 帧 公告板
[11:32:29.282] [TRACE] 帧 格网
[11:32:29.283] [TRACE] 帧 开始
[11:32:29.283] [TRACE] 帧 格网趟
[11:32:29.283] [TRACE] 帧 场景趟
[11:32:29.283] [TRACE] 帧 高亮趟
[11:32:29.283] [TRACE] 帧 叠加趟
[11:32:29.283] [TRACE] 帧 光标趟
[11:32:29.283] [TRACE] 帧 结束
[11:32:29.288] [TRACE] 帧 公告板
[11:32:29.288] [TRACE] 帧 格网
[11:32:29.289] [TRACE] 帧 开始
[11:32:29.289] [TRACE] 帧 格网趟
[11:32:29.289] [TRACE] 帧 场景趟
[11:32:29.289] [TRACE] 帧 高亮趟
[11:32:29.289] [TRACE] 帧 叠加趟
[11:32:29.289] [TRACE] 帧 光标趟
[11:32:29.290] [TRACE] 帧 结束
[11:32:29.295] [TRACE] 帧 公告板
[11:32:29.295] [TRACE] 帧 格网
[11:32:29.295] [TRACE] 帧 开始
[11:32:29.296] [TRACE] 帧 格网趟
[11:32:29.296] [TRACE] 帧 场景趟
[11:32:29.296] [TRACE] 帧 高亮趟
[11:32:29.296] [TRACE] 帧 叠加趟
[11:32:29.296] [TRACE] 帧 光标趟
[11:32:29.296] [TRACE] 帧 结束
[11:32:29.303] [TRACE] 帧 公告板
[11:32:29.303] [TRACE] 帧 格网
[11:32:29.303] [TRACE] 帧 开始
[11:32:29.303] [TRACE] 帧 格网趟
[11:32:29.303] [TRACE] 帧 场景趟
[11:32:29.303] [TRACE] 帧 高亮趟
[11:32:29.304] [TRACE] 帧 叠加趟
[11:32:29.304] [TRACE] 帧 光标趟
[11:32:29.304] [TRACE] 帧 结束
[11:32:29.309] [TRACE] 帧 公告板
[11:32:29.309] [TRACE] 帧 格网
[11:32:29.309] [TRACE] 帧 开始
[11:32:29.309] [TRACE] 帧 格网趟
[11:32:29.310] [TRACE] 帧 场景趟
[11:32:29.310] [TRACE] 帧 高亮趟
[11:32:29.310] [TRACE] 帧 叠加趟
[11:32:29.310] [TRACE] 帧 光标趟
[11:32:29.310] [TRACE] 帧 结束
[11:32:29.317] [TRACE] 帧 公告板
[11:32:29.317] [TRACE] 帧 格网
[11:32:29.317] [TRACE] 帧 开始
[11:32:29.317] [TRACE] 帧 格网趟
[11:32:29.318] [TRACE] 帧 场景趟
[11:32:29.318] [TRACE] 帧 高亮趟
[11:32:29.318] [TRACE] 帧 叠加趟
[11:32:29.318] [TRACE] 帧 光标趟
[11:32:29.318] [TRACE] 帧 结束
[11:32:29.323] [TRACE] 帧 公告板
[11:32:29.323] [TRACE] 帧 格网
[11:32:29.323] [TRACE] 帧 开始
[11:32:29.323] [TRACE] 帧 格网趟
[11:32:29.324] [TRACE] 帧 场景趟
[11:32:29.324] [TRACE] 帧 高亮趟
[11:32:29.324] [TRACE] 帧 叠加趟
[11:32:29.324] [TRACE] 帧 光标趟
[11:32:29.324] [TRACE] 帧 结束
[11:32:29.330] [TRACE] 帧 公告板
[11:32:29.330] [TRACE] 帧 格网
[11:32:29.330] [TRACE] 帧 开始
[11:32:29.330] [TRACE] 帧 格网趟
[11:32:29.330] [TRACE] 帧 场景趟
[11:32:29.331] [TRACE] 帧 高亮趟
[11:32:29.331] [TRACE] 帧 叠加趟
[11:32:29.331] [TRACE] 帧 光标趟
[11:32:29.331] [TRACE] 帧 结束
[11:32:29.337] [TRACE] 帧 公告板
[11:32:29.338] [TRACE] 帧 格网
[11:32:29.338] [TRACE] 帧 开始
[11:32:29.338] [TRACE] 帧 格网趟
[11:32:29.338] [TRACE] 帧 场景趟
[11:32:29.338] [TRACE] 帧 高亮趟
[11:32:29.338] [TRACE] 帧 叠加趟
[11:32:29.338] [TRACE] 帧 光标趟
[11:32:29.338] [TRACE] 帧 结束
[11:32:29.344] [TRACE] 帧 公告板
[11:32:29.344] [TRACE] 帧 格网
[11:32:29.344] [TRACE] 帧 开始
[11:32:29.344] [TRACE] 帧 格网趟
[11:32:29.345] [TRACE] 帧 场景趟
[11:32:29.345] [TRACE] 帧 高亮趟
[11:32:29.345] [TRACE] 帧 叠加趟
[11:32:29.345] [TRACE] 帧 光标趟
[11:32:29.345] [TRACE] 帧 结束
[11:32:29.351] [TRACE] 帧 公告板
[11:32:29.352] [TRACE] 帧 格网
[11:32:29.352] [TRACE] 帧 开始
[11:32:29.352] [TRACE] 帧 格网趟
[11:32:29.352] [TRACE] 帧 场景趟
[11:32:29.352] [TRACE] 帧 高亮趟
[11:32:29.353] [TRACE] 帧 叠加趟
[11:32:29.353] [TRACE] 帧 光标趟
[11:32:29.353] [TRACE] 帧 结束
[11:32:29.358] [TRACE] 帧 公告板
[11:32:29.358] [TRACE] 帧 格网
[11:32:29.358] [TRACE] 帧 开始
[11:32:29.358] [TRACE] 帧 格网趟
[11:32:29.358] [TRACE] 帧 场景趟
[11:32:29.358] [TRACE] 帧 高亮趟
[11:32:29.358] [TRACE] 帧 叠加趟
[11:32:29.359] [TRACE] 帧 光标趟
[11:32:29.359] [TRACE] 帧 结束
[11:32:29.365] [TRACE] 帧 公告板
[11:32:29.365] [TRACE] 帧 格网
[11:32:29.366] [TRACE] 帧 开始
[11:32:29.366] [TRACE] 帧 格网趟
[11:32:29.366] [TRACE] 帧 场景趟
[11:32:29.366] [TRACE] 帧 高亮趟
[11:32:29.366] [TRACE] 帧 叠加趟
[11:32:29.366] [TRACE] 帧 光标趟
[11:32:29.367] [TRACE] 帧 结束
[11:32:29.371] [TRACE] 帧 公告板
[11:32:29.371] [TRACE] 帧 格网
[11:32:29.372] [TRACE] 帧 开始
[11:32:29.372] [TRACE] 帧 格网趟
[11:32:29.372] [TRACE] 帧 场景趟
[11:32:29.372] [TRACE] 帧 高亮趟
[11:32:29.372] [TRACE] 帧 叠加趟
[11:32:29.373] [TRACE] 帧 光标趟
[11:32:29.373] [TRACE] 帧 结束
[11:32:29.378] [TRACE] 帧 公告板
[11:32:29.378] [TRACE] 帧 格网
[11:32:29.378] [TRACE] 帧 开始
[11:32:29.379] [TRACE] 帧 格网趟
[11:32:29.379] [TRACE] 帧 场景趟
[11:32:29.379] [TRACE] 帧 高亮趟
[11:32:29.379] [TRACE] 帧 叠加趟
[11:32:29.379] [TRACE] 帧 光标趟
[11:32:29.379] [TRACE] 帧 结束
[11:32:29.386] [TRACE] 帧 公告板
[11:32:29.387] [TRACE] 帧 格网
[11:32:29.387] [TRACE] 帧 开始
[11:32:29.387] [TRACE] 帧 格网趟
[11:32:29.387] [TRACE] 帧 场景趟
[11:32:29.387] [TRACE] 帧 高亮趟
[11:32:29.387] [TRACE] 帧 叠加趟
[11:32:29.387] [TRACE] 帧 光标趟
[11:32:29.387] [TRACE] 帧 结束
[11:32:29.392] [TRACE] 帧 公告板
[11:32:29.392] [TRACE] 帧 格网
[11:32:29.392] [TRACE] 帧 开始
[11:32:29.392] [TRACE] 帧 格网趟
[11:32:29.393] [TRACE] 帧 场景趟
[11:32:29.393] [TRACE] 帧 高亮趟
[11:32:29.393] [TRACE] 帧 叠加趟
[11:32:29.393] [TRACE] 帧 光标趟
[11:32:29.393] [TRACE] 帧 结束
[11:32:29.400] [TRACE] 帧 公告板
[11:32:29.401] [TRACE] 帧 格网
[11:32:29.401] [TRACE] 帧 开始
[11:32:29.401] [TRACE] 帧 格网趟
[11:32:29.401] [TRACE] 帧 场景趟
[11:32:29.401] [TRACE] 帧 高亮趟
[11:32:29.401] [TRACE] 帧 叠加趟
[11:32:29.401] [TRACE] 帧 光标趟
[11:32:29.402] [TRACE] 帧 结束
[11:32:29.406] [TRACE] 帧 公告板
[11:32:29.406] [TRACE] 帧 格网
[11:32:29.406] [TRACE] 帧 开始
[11:32:29.407] [TRACE] 帧 格网趟
[11:32:29.407] [TRACE] 帧 场景趟
[11:32:29.407] [TRACE] 帧 高亮趟
[11:32:29.407] [TRACE] 帧 叠加趟
[11:32:29.407] [TRACE] 帧 光标趟
[11:32:29.407] [TRACE] 帧 结束
[11:32:29.413] [TRACE] 帧 公告板
[11:32:29.413] [TRACE] 帧 格网
[11:32:29.413] [TRACE] 帧 开始
[11:32:29.413] [TRACE] 帧 格网趟
[11:32:29.413] [TRACE] 帧 场景趟
[11:32:29.414] [TRACE] 帧 高亮趟
[11:32:29.414] [TRACE] 帧 叠加趟
[11:32:29.414] [TRACE] 帧 光标趟
[11:32:29.414] [TRACE] 帧 结束
[11:32:29.421] [TRACE] 帧 公告板
[11:32:29.421] [TRACE] 帧 格网
[11:32:29.422] [TRACE] 帧 开始
[11:32:29.422] [TRACE] 帧 格网趟
[11:32:29.422] [TRACE] 帧 场景趟
[11:32:29.422] [TRACE] 帧 高亮趟
[11:32:29.422] [TRACE] 帧 叠加趟
[11:32:29.422] [TRACE] 帧 光标趟
[11:32:29.422] [TRACE] 帧 结束
[11:32:29.427] [TRACE] 帧 公告板
[11:32:29.427] [TRACE] 帧 格网
[11:32:29.427] [TRACE] 帧 开始
[11:32:29.428] [TRACE] 帧 格网趟
[11:32:29.428] [TRACE] 帧 场景趟
[11:32:29.428] [TRACE] 帧 高亮趟
[11:32:29.428] [TRACE] 帧 叠加趟
[11:32:29.428] [TRACE] 帧 光标趟
[11:32:29.428] [TRACE] 帧 结束
[11:32:29.435] [TRACE] 帧 公告板
[11:32:29.435] [TRACE] 帧 格网
[11:32:29.435] [TRACE] 帧 开始
[11:32:29.435] [TRACE] 帧 格网趟
[11:32:29.436] [TRACE] 帧 场景趟
[11:32:29.436] [TRACE] 帧 高亮趟
[11:32:29.436] [TRACE] 帧 叠加趟
[11:32:29.436] [TRACE] 帧 光标趟
[11:32:29.436] [TRACE] 帧 结束
[11:32:29.441] [TRACE] 帧 公告板
[11:32:29.441] [TRACE] 帧 格网
[11:32:29.441] [TRACE] 帧 开始
[11:32:29.442] [TRACE] 帧 格网趟
[11:32:29.442] [TRACE] 帧 场景趟
[11:32:29.442] [TRACE] 帧 高亮趟
[11:32:29.442] [TRACE] 帧 叠加趟
[11:32:29.442] [TRACE] 帧 光标趟
[11:32:29.442] [TRACE] 帧 结束
[11:32:29.449] [TRACE] 帧 公告板
[11:32:29.449] [TRACE] 帧 格网
[11:32:29.449] [TRACE] 帧 开始
[11:32:29.449] [TRACE] 帧 格网趟
[11:32:29.449] [TRACE] 帧 场景趟
[11:32:29.449] [TRACE] 帧 高亮趟
[11:32:29.449] [TRACE] 帧 叠加趟
[11:32:29.450] [TRACE] 帧 光标趟
[11:32:29.450] [TRACE] 帧 结束
[11:32:29.455] [TRACE] 帧 公告板
[11:32:29.455] [TRACE] 帧 格网
[11:32:29.455] [TRACE] 帧 开始
[11:32:29.455] [TRACE] 帧 格网趟
[11:32:29.455] [TRACE] 帧 场景趟
[11:32:29.456] [TRACE] 帧 高亮趟
[11:32:29.456] [TRACE] 帧 叠加趟
[11:32:29.456] [TRACE] 帧 光标趟
[11:32:29.456] [TRACE] 帧 结束
[11:32:29.462] [TRACE] 帧 公告板
[11:32:29.462] [TRACE] 帧 格网
[11:32:29.462] [TRACE] 帧 开始
[11:32:29.462] [TRACE] 帧 格网趟
[11:32:29.462] [TRACE] 帧 场景趟
[11:32:29.463] [TRACE] 帧 高亮趟
[11:32:29.463] [TRACE] 帧 叠加趟
[11:32:29.463] [TRACE] 帧 光标趟
[11:32:29.463] [TRACE] 帧 结束
[11:32:29.469] [TRACE] 帧 公告板
[11:32:29.470] [TRACE] 帧 格网
[11:32:29.470] [TRACE] 帧 开始
[11:32:29.470] [TRACE] 帧 格网趟
[11:32:29.470] [TRACE] 帧 场景趟
[11:32:29.470] [TRACE] 帧 高亮趟
[11:32:29.470] [TRACE] 帧 叠加趟
[11:32:29.470] [TRACE] 帧 光标趟
[11:32:29.471] [TRACE] 帧 结束
[11:32:29.476] [TRACE] 帧 公告板
[11:32:29.476] [TRACE] 帧 格网
[11:32:29.476] [TRACE] 帧 开始
[11:32:29.476] [TRACE] 帧 格网趟
[11:32:29.476] [TRACE] 帧 场景趟
[11:32:29.476] [TRACE] 帧 高亮趟
[11:32:29.477] [TRACE] 帧 叠加趟
[11:32:29.477] [TRACE] 帧 光标趟
[11:32:29.477] [TRACE] 帧 结束
[11:32:29.484] [TRACE] 帧 公告板
[11:32:29.484] [TRACE] 帧 格网
[11:32:29.484] [TRACE] 帧 开始
[11:32:29.485] [TRACE] 帧 格网趟
[11:32:29.485] [TRACE] 帧 场景趟
[11:32:29.485] [TRACE] 帧 高亮趟
[11:32:29.485] [TRACE] 帧 叠加趟
[11:32:29.485] [TRACE] 帧 光标趟
[11:32:29.485] [TRACE] 帧 结束
[11:32:29.490] [TRACE] 帧 公告板
[11:32:29.490] [TRACE] 帧 格网
[11:32:29.490] [TRACE] 帧 开始
[11:32:29.490] [TRACE] 帧 格网趟
[11:32:29.490] [TRACE] 帧 场景趟
[11:32:29.490] [TRACE] 帧 高亮趟
[11:32:29.491] [TRACE] 帧 叠加趟
[11:32:29.491] [TRACE] 帧 光标趟
[11:32:29.491] [TRACE] 帧 结束
[11:32:29.496] [TRACE] 帧 公告板
[11:32:29.497] [TRACE] 帧 格网
[11:32:29.497] [TRACE] 帧 开始
[11:32:29.497] [TRACE] 帧 格网趟
[11:32:29.497] [TRACE] 帧 场景趟
[11:32:29.497] [TRACE] 帧 高亮趟
[11:32:29.497] [TRACE] 帧 叠加趟
[11:32:29.498] [TRACE] 帧 光标趟
[11:32:29.498] [TRACE] 帧 结束
[11:32:29.504] [TRACE] 帧 公告板
[11:32:29.504] [TRACE] 帧 格网
[11:32:29.505] [TRACE] 帧 开始
[11:32:29.505] [TRACE] 帧 格网趟
[11:32:29.505] [TRACE] 帧 场景趟
[11:32:29.505] [TRACE] 帧 高亮趟
[11:32:29.505] [TRACE] 帧 叠加趟
[11:32:29.505] [TRACE] 帧 光标趟
[11:32:29.505] [TRACE] 帧 结束
[11:32:29.510] [TRACE] 帧 公告板
[11:32:29.511] [TRACE] 帧 格网
[11:32:29.511] [TRACE] 帧 开始
[11:32:29.511] [TRACE] 帧 格网趟
[11:32:29.512] [TRACE] 帧 场景趟
[11:32:29.512] [TRACE] 帧 高亮趟
[11:32:29.512] [TRACE] 帧 叠加趟
[11:32:29.512] [TRACE] 帧 光标趟
[11:32:29.512] [TRACE] 帧 结束
[11:32:29.518] [TRACE] 帧 公告板
[11:32:29.519] [TRACE] 帧 格网
[11:32:29.519] [TRACE] 帧 开始
[11:32:29.519] [TRACE] 帧 格网趟
[11:32:29.519] [TRACE] 帧 场景趟
[11:32:29.519] [TRACE] 帧 高亮趟
[11:32:29.520] [TRACE] 帧 叠加趟
[11:32:29.520] [TRACE] 帧 光标趟
[11:32:29.520] [TRACE] 帧 结束
[11:32:29.525] [TRACE] 帧 公告板
[11:32:29.525] [TRACE] 帧 格网
[11:32:29.525] [TRACE] 帧 开始
[11:32:29.525] [TRACE] 帧 格网趟
[11:32:29.525] [TRACE] 帧 场景趟
[11:32:29.525] [TRACE] 帧 高亮趟
[11:32:29.526] [TRACE] 帧 叠加趟
[11:32:29.526] [TRACE] 帧 光标趟
[11:32:29.526] [TRACE] 帧 结束
[11:32:29.532] [TRACE] 帧 公告板
[11:32:29.532] [TRACE] 帧 格网
[11:32:29.533] [TRACE] 帧 开始
[11:32:29.533] [TRACE] 帧 格网趟
[11:32:29.533] [TRACE] 帧 场景趟
[11:32:29.533] [TRACE] 帧 高亮趟
[11:32:29.533] [TRACE] 帧 叠加趟
[11:32:29.534] [TRACE] 帧 光标趟
[11:32:29.534] [TRACE] 帧 结束
[11:32:29.538] [TRACE] 帧 公告板
[11:32:29.538] [TRACE] 帧 格网
[11:32:29.538] [TRACE] 帧 开始
[11:32:29.538] [TRACE] 帧 格网趟
[11:32:29.539] [TRACE] 帧 场景趟
[11:32:29.539] [TRACE] 帧 高亮趟
[11:32:29.539] [TRACE] 帧 叠加趟
[11:32:29.539] [TRACE] 帧 光标趟
[11:32:29.539] [TRACE] 帧 结束
[11:32:29.545] [TRACE] 帧 公告板
[11:32:29.545] [TRACE] 帧 格网
[11:32:29.545] [TRACE] 帧 开始
[11:32:29.545] [TRACE] 帧 格网趟
[11:32:29.546] [TRACE] 帧 场景趟
[11:32:29.546] [TRACE] 帧 高亮趟
[11:32:29.546] [TRACE] 帧 叠加趟
[11:32:29.546] [TRACE] 帧 光标趟
[11:32:29.546] [TRACE] 帧 结束
[11:32:29.553] [TRACE] 帧 公告板
[11:32:29.553] [TRACE] 帧 格网
[11:32:29.553] [TRACE] 帧 开始
[11:32:29.554] [TRACE] 帧 格网趟
[11:32:29.554] [TRACE] 帧 场景趟
[11:32:29.554] [TRACE] 帧 高亮趟
[11:32:29.554] [TRACE] 帧 叠加趟
[11:32:29.554] [TRACE] 帧 光标趟
[11:32:29.554] [TRACE] 帧 结束
[11:32:29.559] [TRACE] 帧 公告板
[11:32:29.559] [TRACE] 帧 格网
[11:32:29.559] [TRACE] 帧 开始
[11:32:29.560] [TRACE] 帧 格网趟
[11:32:29.560] [TRACE] 帧 场景趟
[11:32:29.560] [TRACE] 帧 高亮趟
[11:32:29.560] [TRACE] 帧 叠加趟
[11:32:29.560] [TRACE] 帧 光标趟
[11:32:29.560] [TRACE] 帧 结束
[11:32:29.567] [TRACE] 帧 公告板
[11:32:29.567] [TRACE] 帧 格网
[11:32:29.568] [TRACE] 帧 开始
[11:32:29.568] [TRACE] 帧 格网趟
[11:32:29.568] [TRACE] 帧 场景趟
[11:32:29.568] [TRACE] 帧 高亮趟
[11:32:29.568] [TRACE] 帧 叠加趟
[11:32:29.568] [TRACE] 帧 光标趟
[11:32:29.568] [TRACE] 帧 结束
[11:32:29.573] [TRACE] 帧 公告板
[11:32:29.573] [TRACE] 帧 格网
[11:32:29.573] [TRACE] 帧 开始
[11:32:29.573] [TRACE] 帧 格网趟
[11:32:29.574] [TRACE] 帧 场景趟
[11:32:29.574] [TRACE] 帧 高亮趟
[11:32:29.574] [TRACE] 帧 叠加趟
[11:32:29.574] [TRACE] 帧 光标趟
[11:32:29.574] [TRACE] 帧 结束
[11:32:29.580] [TRACE] 帧 公告板
[11:32:29.580] [TRACE] 帧 格网
[11:32:29.580] [TRACE] 帧 开始
[11:32:29.581] [TRACE] 帧 格网趟
[11:32:29.581] [TRACE] 帧 场景趟
[11:32:29.581] [TRACE] 帧 高亮趟
[11:32:29.581] [TRACE] 帧 叠加趟
[11:32:29.581] [TRACE] 帧 光标趟
[11:32:29.582] [TRACE] 帧 结束
[11:32:29.588] [TRACE] 帧 公告板
[11:32:29.588] [TRACE] 帧 格网
[11:32:29.588] [TRACE] 帧 开始
[11:32:29.588] [TRACE] 帧 格网趟
[11:32:29.588] [TRACE] 帧 场景趟
[11:32:29.589] [TRACE] 帧 高亮趟
[11:32:29.589] [TRACE] 帧 叠加趟
[11:32:29.589] [TRACE] 帧 光标趟
[11:32:29.589] [TRACE] 帧 结束
[11:32:29.594] [TRACE] 帧 公告板
[11:32:29.594] [TRACE] 帧 格网
[11:32:29.594] [TRACE] 帧 开始
[11:32:29.594] [TRACE] 帧 格网趟
[11:32:29.594] [TRACE] 帧 场景趟
[11:32:29.595] [TRACE] 帧 高亮趟
[11:32:29.595] [TRACE] 帧 叠加趟
[11:32:29.595] [TRACE] 帧 光标趟
[11:32:29.595] [TRACE] 帧 结束
[11:32:29.602] [TRACE] 帧 公告板
[11:32:29.602] [TRACE] 帧 格网
[11:32:29.602] [TRACE] 帧 开始
[11:32:29.602] [TRACE] 帧 格网趟
[11:32:29.602] [TRACE] 帧 场景趟
[11:32:29.602] [TRACE] 帧 高亮趟
[11:32:29.602] [TRACE] 帧 叠加趟
[11:32:29.603] [TRACE] 帧 光标趟
[11:32:29.603] [TRACE] 帧 结束
[11:32:29.608] [TRACE] 帧 公告板
[11:32:29.608] [TRACE] 帧 格网
[11:32:29.608] [TRACE] 帧 开始
[11:32:29.609] [TRACE] 帧 格网趟
[11:32:29.609] [TRACE] 帧 场景趟
[11:32:29.609] [TRACE] 帧 高亮趟
[11:32:29.609] [TRACE] 帧 叠加趟
[11:32:29.609] [TRACE] 帧 光标趟
[11:32:29.609] [TRACE] 帧 结束
[11:32:29.616] [TRACE] 帧 公告板
[11:32:29.616] [TRACE] 帧 格网
[11:32:29.616] [TRACE] 帧 开始
[11:32:29.616] [TRACE] 帧 格网趟
[11:32:29.616] [TRACE] 帧 场景趟
[11:32:29.616] [TRACE] 帧 高亮趟
[11:32:29.616] [TRACE] 帧 叠加趟
[11:32:29.617] [TRACE] 帧 光标趟
[11:32:29.617] [TRACE] 帧 结束
[11:32:29.621] [TRACE] 帧 公告板
[11:32:29.622] [TRACE] 帧 格网
[11:32:29.622] [TRACE] 帧 开始
[11:32:29.622] [TRACE] 帧 格网趟
[11:32:29.622] [TRACE] 帧 场景趟
[11:32:29.622] [TRACE] 帧 高亮趟
[11:32:29.622] [TRACE] 帧 叠加趟
[11:32:29.623] [TRACE] 帧 光标趟
[11:32:29.623] [TRACE] 帧 结束
[11:32:29.629] [TRACE] 帧 公告板
[11:32:29.629] [TRACE] 帧 格网
[11:32:29.629] [TRACE] 帧 开始
[11:32:29.629] [TRACE] 帧 格网趟
[11:32:29.630] [TRACE] 帧 场景趟
[11:32:29.630] [TRACE] 帧 高亮趟
[11:32:29.630] [TRACE] 帧 叠加趟
[11:32:29.630] [TRACE] 帧 光标趟
[11:32:29.630] [TRACE] 帧 结束
[11:32:29.636] [TRACE] 帧 公告板
[11:32:29.636] [TRACE] 帧 格网
[11:32:29.637] [TRACE] 帧 开始
[11:32:29.637] [TRACE] 帧 格网趟
[11:32:29.637] [TRACE] 帧 场景趟
[11:32:29.637] [TRACE] 帧 高亮趟
[11:32:29.637] [TRACE] 帧 叠加趟
[11:32:29.637] [TRACE] 帧 光标趟
[11:32:29.638] [TRACE] 帧 结束
[11:32:29.643] [TRACE] 帧 公告板
[11:32:29.643] [TRACE] 帧 格网
[11:32:29.643] [TRACE] 帧 开始
[11:32:29.643] [TRACE] 帧 格网趟
[11:32:29.644] [TRACE] 帧 场景趟
[11:32:29.644] [TRACE] 帧 高亮趟
[11:32:29.644] [TRACE] 帧 叠加趟
[11:32:29.644] [TRACE] 帧 光标趟
[11:32:29.644] [TRACE] 帧 结束
[11:32:29.651] [TRACE] 帧 公告板
[11:32:29.651] [TRACE] 帧 格网
[11:32:29.651] [TRACE] 帧 开始
[11:32:29.651] [TRACE] 帧 格网趟
[11:32:29.651] [TRACE] 帧 场景趟
[11:32:29.652] [TRACE] 帧 高亮趟
[11:32:29.652] [TRACE] 帧 叠加趟
[11:32:29.652] [TRACE] 帧 光标趟
[11:32:29.652] [TRACE] 帧 结束
[11:32:29.656] [TRACE] 帧 公告板
[11:32:29.656] [TRACE] 帧 格网
[11:32:29.657] [TRACE] 帧 开始
[11:32:29.657] [TRACE] 帧 格网趟
[11:32:29.657] [TRACE] 帧 场景趟
[11:32:29.657] [TRACE] 帧 高亮趟
[11:32:29.657] [TRACE] 帧 叠加趟
[11:32:29.657] [TRACE] 帧 光标趟
[11:32:29.657] [TRACE] 帧 结束
[11:32:29.663] [TRACE] 帧 公告板
[11:32:29.664] [TRACE] 帧 格网
[11:32:29.664] [TRACE] 帧 开始
[11:32:29.664] [TRACE] 帧 格网趟
[11:32:29.664] [TRACE] 帧 场景趟
[11:32:29.664] [TRACE] 帧 高亮趟
[11:32:29.664] [TRACE] 帧 叠加趟
[11:32:29.664] [TRACE] 帧 光标趟
[11:32:29.664] [TRACE] 帧 结束
[11:32:29.671] [TRACE] 帧 公告板
[11:32:29.671] [TRACE] 帧 格网
[11:32:29.671] [TRACE] 帧 开始
[11:32:29.672] [TRACE] 帧 格网趟
[11:32:29.672] [TRACE] 帧 场景趟
[11:32:29.672] [TRACE] 帧 高亮趟
[11:32:29.672] [TRACE] 帧 叠加趟
[11:32:29.672] [TRACE] 帧 光标趟
[11:32:29.672] [TRACE] 帧 结束
[11:32:29.677] [TRACE] 帧 公告板
[11:32:29.677] [TRACE] 帧 格网
[11:32:29.678] [TRACE] 帧 开始
[11:32:29.678] [TRACE] 帧 格网趟
[11:32:29.678] [TRACE] 帧 场景趟
[11:32:29.678] [TRACE] 帧 高亮趟
[11:32:29.678] [TRACE] 帧 叠加趟
[11:32:29.678] [TRACE] 帧 光标趟
[11:32:29.678] [TRACE] 帧 结束
[11:32:29.685] [TRACE] 帧 公告板
[11:32:29.685] [TRACE] 帧 格网
[11:32:29.685] [TRACE] 帧 开始
[11:32:29.685] [TRACE] 帧 格网趟
[11:32:29.686] [TRACE] 帧 场景趟
[11:32:29.686] [TRACE] 帧 高亮趟
[11:32:29.686] [TRACE] 帧 叠加趟
[11:32:29.686] [TRACE] 帧 光标趟
[11:32:29.686] [TRACE] 帧 结束
[11:32:29.692] [TRACE] 帧 公告板
[11:32:29.692] [TRACE] 帧 格网
[11:32:29.692] [TRACE] 帧 开始
[11:32:29.692] [TRACE] 帧 格网趟
[11:32:29.692] [TRACE] 帧 场景趟
[11:32:29.692] [TRACE] 帧 高亮趟
[11:32:29.693] [TRACE] 帧 叠加趟
[11:32:29.693] [TRACE] 帧 光标趟
[11:32:29.693] [TRACE] 帧 结束
[11:32:29.699] [TRACE] 帧 公告板
[11:32:29.699] [TRACE] 帧 格网
[11:32:29.699] [TRACE] 帧 开始
[11:32:29.699] [TRACE] 帧 格网趟
[11:32:29.699] [TRACE] 帧 场景趟
[11:32:29.699] [TRACE] 帧 高亮趟
[11:32:29.699] [TRACE] 帧 叠加趟
[11:32:29.700] [TRACE] 帧 光标趟
[11:32:29.700] [TRACE] 帧 结束
[11:32:29.705] [TRACE] 帧 公告板
[11:32:29.705] [TRACE] 帧 格网
[11:32:29.705] [TRACE] 帧 开始
[11:32:29.705] [TRACE] 帧 格网趟
[11:32:29.705] [TRACE] 帧 场景趟
[11:32:29.706] [TRACE] 帧 高亮趟
[11:32:29.706] [TRACE] 帧 叠加趟
[11:32:29.706] [TRACE] 帧 光标趟
[11:32:29.706] [TRACE] 帧 结束
[11:32:29.712] [TRACE] 帧 公告板
[11:32:29.712] [TRACE] 帧 格网
[11:32:29.712] [TRACE] 帧 开始
[11:32:29.712] [TRACE] 帧 格网趟
[11:32:29.712] [TRACE] 帧 场景趟
[11:32:29.713] [TRACE] 帧 高亮趟
[11:32:29.713] [TRACE] 帧 叠加趟
[11:32:29.713] [TRACE] 帧 光标趟
[11:32:29.713] [TRACE] 帧 结束
[11:32:29.720] [TRACE] 帧 公告板
[11:32:29.720] [TRACE] 帧 格网
[11:32:29.720] [TRACE] 帧 开始
[11:32:29.720] [TRACE] 帧 格网趟
[11:32:29.720] [TRACE] 帧 场景趟
[11:32:29.720] [TRACE] 帧 高亮趟
[11:32:29.720] [TRACE] 帧 叠加趟
[11:32:29.720] [TRACE] 帧 光标趟
[11:32:29.720] [TRACE] 帧 结束
[11:32:29.726] [TRACE] 帧 公告板
[11:32:29.726] [TRACE] 帧 格网
[11:32:29.726] [TRACE] 帧 开始
[11:32:29.726] [TRACE] 帧 格网趟
[11:32:29.726] [TRACE] 帧 场景趟
[11:32:29.727] [TRACE] 帧 高亮趟
[11:32:29.727] [TRACE] 帧 叠加趟
[11:32:29.727] [TRACE] 帧 光标趟
[11:32:29.727] [TRACE] 帧 结束
[11:32:29.734] [TRACE] 帧 公告板
[11:32:29.734] [TRACE] 帧 格网
[11:32:29.734] [TRACE] 帧 开始
[11:32:29.734] [TRACE] 帧 格网趟
[11:32:29.734] [TRACE] 帧 场景趟
[11:32:29.734] [TRACE] 帧 高亮趟
[11:32:29.734] [TRACE] 帧 叠加趟
[11:32:29.735] [TRACE] 帧 光标趟
[11:32:29.735] [TRACE] 帧 结束
[11:32:29.740] [TRACE] 帧 公告板
[11:32:29.740] [TRACE] 帧 格网
[11:32:29.740] [TRACE] 帧 开始
[11:32:29.741] [TRACE] 帧 格网趟
[11:32:29.741] [TRACE] 帧 场景趟
[11:32:29.741] [TRACE] 帧 高亮趟
[11:32:29.741] [TRACE] 帧 叠加趟
[11:32:29.741] [TRACE] 帧 光标趟
[11:32:29.742] [TRACE] 帧 结束
[11:32:29.747] [TRACE] 帧 公告板
[11:32:29.747] [TRACE] 帧 格网
[11:32:29.747] [TRACE] 帧 开始
[11:32:29.747] [TRACE] 帧 格网趟
[11:32:29.747] [TRACE] 帧 场景趟
[11:32:29.747] [TRACE] 帧 高亮趟
[11:32:29.748] [TRACE] 帧 叠加趟
[11:32:29.748] [TRACE] 帧 光标趟
[11:32:29.748] [TRACE] 帧 结束
[11:32:29.754] [TRACE] 帧 公告板
[11:32:29.755] [TRACE] 帧 格网
[11:32:29.755] [TRACE] 帧 开始
[11:32:29.755] [TRACE] 帧 格网趟
[11:32:29.755] [TRACE] 帧 场景趟
[11:32:29.755] [TRACE] 帧 高亮趟
[11:32:29.755] [TRACE] 帧 叠加趟
[11:32:29.755] [TRACE] 帧 光标趟
[11:32:29.755] [TRACE] 帧 结束
[11:32:29.760] [TRACE] 帧 公告板
[11:32:29.760] [TRACE] 帧 格网
[11:32:29.761] [TRACE] 帧 开始
[11:32:29.761] [TRACE] 帧 格网趟
[11:32:29.761] [TRACE] 帧 场景趟
[11:32:29.761] [TRACE] 帧 高亮趟
[11:32:29.761] [TRACE] 帧 叠加趟
[11:32:29.761] [TRACE] 帧 光标趟
[11:32:29.761] [TRACE] 帧 结束
[11:32:29.768] [TRACE] 帧 公告板
[11:32:29.768] [TRACE] 帧 格网
[11:32:29.769] [TRACE] 帧 开始
[11:32:29.769] [TRACE] 帧 格网趟
[11:32:29.769] [TRACE] 帧 场景趟
[11:32:29.769] [TRACE] 帧 高亮趟
[11:32:29.769] [TRACE] 帧 叠加趟
[11:32:29.769] [TRACE] 帧 光标趟
[11:32:29.769] [TRACE] 帧 结束
[11:32:29.775] [TRACE] 帧 公告板
[11:32:29.775] [TRACE] 帧 格网
[11:32:29.775] [TRACE] 帧 开始
[11:32:29.775] [TRACE] 帧 格网趟
[11:32:29.776] [TRACE] 帧 场景趟
[11:32:29.776] [TRACE] 帧 高亮趟
[11:32:29.776] [TRACE] 帧 叠加趟
[11:32:29.776] [TRACE] 帧 光标趟
[11:32:29.776] [TRACE] 帧 结束
[11:32:29.782] [TRACE] 帧 公告板
[11:32:29.782] [TRACE] 帧 格网
[11:32:29.782] [TRACE] 帧 开始
[11:32:29.782] [TRACE] 帧 格网趟
[11:32:29.783] [TRACE] 帧 场景趟
[11:32:29.783] [TRACE] 帧 高亮趟
[11:32:29.783] [TRACE] 帧 叠加趟
[11:32:29.783] [TRACE] 帧 光标趟
[11:32:29.783] [TRACE] 帧 结束
[11:32:29.788] [TRACE] 帧 公告板
[11:32:29.789] [TRACE] 帧 格网
[11:32:29.789] [TRACE] 帧 开始
[11:32:29.789] [TRACE] 帧 格网趟
[11:32:29.789] [TRACE] 帧 场景趟
[11:32:29.789] [TRACE] 帧 高亮趟
[11:32:29.789] [TRACE] 帧 叠加趟
[11:32:29.789] [TRACE] 帧 光标趟
[11:32:29.790] [TRACE] 帧 结束
[11:32:29.795] [TRACE] 帧 公告板
[11:32:29.795] [TRACE] 帧 格网
[11:32:29.796] [TRACE] 帧 开始
[11:32:29.796] [TRACE] 帧 格网趟
[11:32:29.796] [TRACE] 帧 场景趟
[11:32:29.796] [TRACE] 帧 高亮趟
[11:32:29.796] [TRACE] 帧 叠加趟
[11:32:29.796] [TRACE] 帧 光标趟
[11:32:29.797] [TRACE] 帧 结束
[11:32:29.803] [TRACE] 帧 公告板
[11:32:29.803] [TRACE] 帧 格网
[11:32:29.803] [TRACE] 帧 开始
[11:32:29.804] [TRACE] 帧 格网趟
[11:32:29.804] [TRACE] 帧 场景趟
[11:32:29.804] [TRACE] 帧 高亮趟
[11:32:29.804] [TRACE] 帧 叠加趟
[11:32:29.804] [TRACE] 帧 光标趟
[11:32:29.804] [TRACE] 帧 结束
[11:32:29.809] [TRACE] 帧 公告板
[11:32:29.809] [TRACE] 帧 格网
[11:32:29.809] [TRACE] 帧 开始
[11:32:29.809] [TRACE] 帧 格网趟
[11:32:29.810] [TRACE] 帧 场景趟
[11:32:29.810] [TRACE] 帧 高亮趟
[11:32:29.810] [TRACE] 帧 叠加趟
[11:32:29.810] [TRACE] 帧 光标趟
[11:32:29.810] [TRACE] 帧 结束
[11:32:29.817] [TRACE] 帧 公告板
[11:32:29.817] [TRACE] 帧 格网
[11:32:29.818] [TRACE] 帧 开始
[11:32:29.818] [TRACE] 帧 格网趟
[11:32:29.818] [TRACE] 帧 场景趟
[11:32:29.818] [TRACE] 帧 高亮趟
[11:32:29.818] [TRACE] 帧 叠加趟
[11:32:29.818] [TRACE] 帧 光标趟
[11:32:29.818] [TRACE] 帧 结束
[11:32:29.823] [TRACE] 帧 公告板
[11:32:29.823] [TRACE] 帧 格网
[11:32:29.823] [TRACE] 帧 开始
[11:32:29.823] [TRACE] 帧 格网趟
[11:32:29.824] [TRACE] 帧 场景趟
[11:32:29.824] [TRACE] 帧 高亮趟
[11:32:29.824] [TRACE] 帧 叠加趟
[11:32:29.824] [TRACE] 帧 光标趟
[11:32:29.824] [TRACE] 帧 结束
[11:32:29.830] [TRACE] 帧 公告板
[11:32:29.831] [TRACE] 帧 格网
[11:32:29.831] [TRACE] 帧 开始
[11:32:29.831] [TRACE] 帧 格网趟
[11:32:29.831] [TRACE] 帧 场景趟
[11:32:29.831] [TRACE] 帧 高亮趟
[11:32:29.831] [TRACE] 帧 叠加趟
[11:32:29.832] [TRACE] 帧 光标趟
[11:32:29.832] [TRACE] 帧 结束
[11:32:29.838] [TRACE] 帧 公告板
[11:32:29.838] [TRACE] 帧 格网
[11:32:29.838] [TRACE] 帧 开始
[11:32:29.839] [TRACE] 帧 格网趟
[11:32:29.839] [TRACE] 帧 场景趟
[11:32:29.839] [TRACE] 帧 高亮趟
[11:32:29.839] [TRACE] 帧 叠加趟
[11:32:29.839] [TRACE] 帧 光标趟
[11:32:29.839] [TRACE] 帧 结束
[11:32:29.844] [TRACE] 帧 公告板
[11:32:29.844] [TRACE] 帧 格网
[11:32:29.844] [TRACE] 帧 开始
[11:32:29.844] [TRACE] 帧 格网趟
[11:32:29.844] [TRACE] 帧 场景趟
[11:32:29.844] [TRACE] 帧 高亮趟
[11:32:29.845] [TRACE] 帧 叠加趟
[11:32:29.845] [TRACE] 帧 光标趟
[11:32:29.845] [TRACE] 帧 结束
[11:32:29.852] [TRACE] 帧 公告板
[11:32:29.852] [TRACE] 帧 格网
[11:32:29.852] [TRACE] 帧 开始
[11:32:29.852] [TRACE] 帧 格网趟
[11:32:29.853] [TRACE] 帧 场景趟
[11:32:29.853] [TRACE] 帧 高亮趟
[11:32:29.853] [TRACE] 帧 叠加趟
[11:32:29.853] [TRACE] 帧 光标趟
[11:32:29.853] [TRACE] 帧 结束
[11:32:29.858] [TRACE] 帧 公告板
[11:32:29.858] [TRACE] 帧 格网
[11:32:29.859] [TRACE] 帧 开始
[11:32:29.859] [TRACE] 帧 格网趟
[11:32:29.859] [TRACE] 帧 场景趟
[11:32:29.859] [TRACE] 帧 高亮趟
[11:32:29.859] [TRACE] 帧 叠加趟
[11:32:29.859] [TRACE] 帧 光标趟
[11:32:29.859] [TRACE] 帧 结束
[11:32:29.866] [TRACE] 帧 公告板
[11:32:29.866] [TRACE] 帧 格网
[11:32:29.866] [TRACE] 帧 开始
[11:32:29.866] [TRACE] 帧 格网趟
[11:32:29.866] [TRACE] 帧 场景趟
[11:32:29.866] [TRACE] 帧 高亮趟
[11:32:29.866] [TRACE] 帧 叠加趟
[11:32:29.867] [TRACE] 帧 光标趟
[11:32:29.867] [TRACE] 帧 结束
[11:32:29.872] [TRACE] 帧 公告板
[11:32:29.872] [TRACE] 帧 格网
[11:32:29.872] [TRACE] 帧 开始
[11:32:29.872] [TRACE] 帧 格网趟
[11:32:29.872] [TRACE] 帧 场景趟
[11:32:29.872] [TRACE] 帧 高亮趟
[11:32:29.872] [TRACE] 帧 叠加趟
[11:32:29.873] [TRACE] 帧 光标趟
[11:32:29.873] [TRACE] 帧 结束
[11:32:29.879] [TRACE] 帧 公告板
[11:32:29.879] [TRACE] 帧 格网
[11:32:29.879] [TRACE] 帧 开始
[11:32:29.879] [TRACE] 帧 格网趟
[11:32:29.879] [TRACE] 帧 场景趟
[11:32:29.880] [TRACE] 帧 高亮趟
[11:32:29.880] [TRACE] 帧 叠加趟
[11:32:29.880] [TRACE] 帧 光标趟
[11:32:29.880] [TRACE] 帧 结束
[11:32:29.886] [TRACE] 帧 公告板
[11:32:29.887] [TRACE] 帧 格网
[11:32:29.887] [TRACE] 帧 开始
[11:32:29.887] [TRACE] 帧 格网趟
[11:32:29.887] [TRACE] 帧 场景趟
[11:32:29.887] [TRACE] 帧 高亮趟
[11:32:29.887] [TRACE] 帧 叠加趟
[11:32:29.887] [TRACE] 帧 光标趟
[11:32:29.888] [TRACE] 帧 结束
[11:32:29.893] [TRACE] 帧 公告板
[11:32:29.893] [TRACE] 帧 格网
[11:32:29.893] [TRACE] 帧 开始
[11:32:29.893] [TRACE] 帧 格网趟
[11:32:29.893] [TRACE] 帧 场景趟
[11:32:29.893] [TRACE] 帧 高亮趟
[11:32:29.893] [TRACE] 帧 叠加趟
[11:32:29.894] [TRACE] 帧 光标趟
[11:32:29.894] [TRACE] 帧 结束
[11:32:29.901] [TRACE] 帧 公告板
[11:32:29.901] [TRACE] 帧 格网
[11:32:29.902] [TRACE] 帧 开始
[11:32:29.902] [TRACE] 帧 格网趟
[11:32:29.902] [TRACE] 帧 场景趟
[11:32:29.902] [TRACE] 帧 高亮趟
[11:32:29.902] [TRACE] 帧 叠加趟
[11:32:29.903] [TRACE] 帧 光标趟
[11:32:29.903] [TRACE] 帧 结束
[11:32:29.907] [TRACE] 帧 公告板
[11:32:29.907] [TRACE] 帧 格网
[11:32:29.907] [TRACE] 帧 开始
[11:32:29.907] [TRACE] 帧 格网趟
[11:32:29.907] [TRACE] 帧 场景趟
[11:32:29.908] [TRACE] 帧 高亮趟
[11:32:29.908] [TRACE] 帧 叠加趟
[11:32:29.908] [TRACE] 帧 光标趟
[11:32:29.908] [TRACE] 帧 结束
[11:32:29.914] [TRACE] 帧 公告板
[11:32:29.914] [TRACE] 帧 格网
[11:32:29.914] [TRACE] 帧 开始
[11:32:29.914] [TRACE] 帧 格网趟
[11:32:29.914] [TRACE] 帧 场景趟
[11:32:29.915] [TRACE] 帧 高亮趟
[11:32:29.915] [TRACE] 帧 叠加趟
[11:32:29.915] [TRACE] 帧 光标趟
[11:32:29.915] [TRACE] 帧 结束
[11:32:29.921] [TRACE] 帧 公告板
[11:32:29.921] [TRACE] 帧 格网
[11:32:29.922] [TRACE] 帧 开始
[11:32:29.922] [TRACE] 帧 格网趟
[11:32:29.922] [TRACE] 帧 场景趟
[11:32:29.922] [TRACE] 帧 高亮趟
[11:32:29.922] [TRACE] 帧 叠加趟
[11:32:29.922] [TRACE] 帧 光标趟
[11:32:29.922] [TRACE] 帧 结束
[11:32:29.927] [TRACE] 帧 公告板
[11:32:29.928] [TRACE] 帧 格网
[11:32:29.928] [TRACE] 帧 开始
[11:32:29.928] [TRACE] 帧 格网趟
[11:32:29.928] [TRACE] 帧 场景趟
[11:32:29.928] [TRACE] 帧 高亮趟
[11:32:29.928] [TRACE] 帧 叠加趟
[11:32:29.928] [TRACE] 帧 光标趟
[11:32:29.928] [TRACE] 帧 结束
[11:32:29.935] [TRACE] 帧 公告板
[11:32:29.935] [TRACE] 帧 格网
[11:32:29.936] [TRACE] 帧 开始
[11:32:29.936] [TRACE] 帧 格网趟
[11:32:29.936] [TRACE] 帧 场景趟
[11:32:29.936] [TRACE] 帧 高亮趟
[11:32:29.936] [TRACE] 帧 叠加趟
[11:32:29.936] [TRACE] 帧 光标趟
[11:32:29.936] [TRACE] 帧 结束
[11:32:29.942] [TRACE] 帧 公告板
[11:32:29.942] [TRACE] 帧 格网
[11:32:29.942] [TRACE] 帧 开始
[11:32:29.942] [TRACE] 帧 格网趟
[11:32:29.942] [TRACE] 帧 场景趟
[11:32:29.942] [TRACE] 帧 高亮趟
[11:32:29.943] [TRACE] 帧 叠加趟
[11:32:29.943] [TRACE] 帧 光标趟
[11:32:29.943] [TRACE] 帧 结束
[11:32:29.949] [TRACE] 帧 公告板
[11:32:29.949] [TRACE] 帧 格网
[11:32:29.949] [TRACE] 帧 开始
[11:32:29.950] [TRACE] 帧 格网趟
[11:32:29.950] [TRACE] 帧 场景趟
[11:32:29.950] [TRACE] 帧 高亮趟
[11:32:29.950] [TRACE] 帧 叠加趟
[11:32:29.950] [TRACE] 帧 光标趟
[11:32:29.950] [TRACE] 帧 结束
[11:32:29.955] [TRACE] 帧 公告板
[11:32:29.955] [TRACE] 帧 格网
[11:32:29.956] [TRACE] 帧 开始
[11:32:29.956] [TRACE] 帧 格网趟
[11:32:29.956] [TRACE] 帧 场景趟
[11:32:29.956] [TRACE] 帧 高亮趟
[11:32:29.956] [TRACE] 帧 叠加趟
[11:32:29.956] [TRACE] 帧 光标趟
[11:32:29.956] [TRACE] 帧 结束
[11:32:29.962] [TRACE] 帧 公告板
[11:32:29.962] [TRACE] 帧 格网
[11:32:29.963] [TRACE] 帧 开始
[11:32:29.963] [TRACE] 帧 格网趟
[11:32:29.963] [TRACE] 帧 场景趟
[11:32:29.963] [TRACE] 帧 高亮趟
[11:32:29.963] [TRACE] 帧 叠加趟
[11:32:29.963] [TRACE] 帧 光标趟
[11:32:29.963] [TRACE] 帧 结束
[11:32:29.970] [TRACE] 帧 公告板
[11:32:29.970] [TRACE] 帧 格网
[11:32:29.970] [TRACE] 帧 开始
[11:32:29.970] [TRACE] 帧 格网趟
[11:32:29.971] [TRACE] 帧 场景趟
[11:32:29.971] [TRACE] 帧 高亮趟
[11:32:29.971] [TRACE] 帧 叠加趟
[11:32:29.971] [TRACE] 帧 光标趟
[11:32:29.971] [TRACE] 帧 结束
[11:32:29.976] [TRACE] 帧 公告板
[11:32:29.976] [TRACE] 帧 格网
[11:32:29.976] [TRACE] 帧 开始
[11:32:29.977] [TRACE] 帧 格网趟
[11:32:29.977] [TRACE] 帧 场景趟
[11:32:29.977] [TRACE] 帧 高亮趟
[11:32:29.977] [TRACE] 帧 叠加趟
[11:32:29.977] [TRACE] 帧 光标趟
[11:32:29.977] [TRACE] 帧 结束
[11:32:29.984] [TRACE] 帧 公告板
[11:32:29.984] [TRACE] 帧 格网
[11:32:29.985] [TRACE] 帧 开始
[11:32:29.985] [TRACE] 帧 格网趟
[11:32:29.985] [TRACE] 帧 场景趟
[11:32:29.985] [TRACE] 帧 高亮趟
[11:32:29.985] [TRACE] 帧 叠加趟
[11:32:29.985] [TRACE] 帧 光标趟
[11:32:29.985] [TRACE] 帧 结束
[11:32:29.990] [TRACE] 帧 公告板
[11:32:29.990] [TRACE] 帧 格网
[11:32:29.990] [TRACE] 帧 开始
[11:32:29.990] [TRACE] 帧 格网趟
[11:32:29.991] [TRACE] 帧 场景趟
[11:32:29.991] [TRACE] 帧 高亮趟
[11:32:29.991] [TRACE] 帧 叠加趟
[11:32:29.991] [TRACE] 帧 光标趟
[11:32:29.991] [TRACE] 帧 结束
[11:32:29.997] [TRACE] 帧 公告板
[11:32:29.997] [TRACE] 帧 格网
[11:32:29.997] [TRACE] 帧 开始
[11:32:29.997] [TRACE] 帧 格网趟
[11:32:29.998] [TRACE] 帧 场景趟
[11:32:29.998] [TRACE] 帧 高亮趟
[11:32:29.998] [TRACE] 帧 叠加趟
[11:32:29.998] [TRACE] 帧 光标趟
[11:32:29.998] [TRACE] 帧 结束
[11:32:30.005] [TRACE] 帧 公告板
[11:32:30.005] [TRACE] 帧 格网
[11:32:30.005] [TRACE] 帧 开始
[11:32:30.005] [TRACE] 帧 格网趟
[11:32:30.005] [TRACE] 帧 场景趟
[11:32:30.005] [TRACE] 帧 高亮趟
[11:32:30.005] [TRACE] 帧 叠加趟
[11:32:30.005] [TRACE] 帧 光标趟
[11:32:30.005] [TRACE] 帧 结束
[11:32:30.011] [TRACE] 帧 公告板
[11:32:30.011] [TRACE] 帧 格网
[11:32:30.011] [TRACE] 帧 开始
[11:32:30.011] [TRACE] 帧 格网趟
[11:32:30.011] [TRACE] 帧 场景趟
[11:32:30.011] [TRACE] 帧 高亮趟
[11:32:30.011] [TRACE] 帧 叠加趟
[11:32:30.012] [TRACE] 帧 光标趟
[11:32:30.012] [TRACE] 帧 结束
[11:32:30.019] [TRACE] 帧 公告板
[11:32:30.019] [TRACE] 帧 格网
[11:32:30.019] [TRACE] 帧 开始
[11:32:30.019] [TRACE] 帧 格网趟
[11:32:30.019] [TRACE] 帧 场景趟
[11:32:30.020] [TRACE] 帧 高亮趟
[11:32:30.020] [TRACE] 帧 叠加趟
[11:32:30.020] [TRACE] 帧 光标趟
[11:32:30.020] [TRACE] 帧 结束
[11:32:30.025] [TRACE] 帧 公告板
[11:32:30.025] [TRACE] 帧 格网
[11:32:30.025] [TRACE] 帧 开始
[11:32:30.025] [TRACE] 帧 格网趟
[11:32:30.025] [TRACE] 帧 场景趟
[11:32:30.025] [TRACE] 帧 高亮趟
[11:32:30.026] [TRACE] 帧 叠加趟
[11:32:30.026] [TRACE] 帧 光标趟
[11:32:30.026] [TRACE] 帧 结束
[11:32:30.032] [TRACE] 帧 公告板
[11:32:30.033] [TRACE] 帧 格网
[11:32:30.033] [TRACE] 帧 开始
[11:32:30.033] [TRACE] 帧 格网趟
[11:32:30.033] [TRACE] 帧 场景趟
[11:32:30.033] [TRACE] 帧 高亮趟
[11:32:30.033] [TRACE] 帧 叠加趟
[11:32:30.033] [TRACE] 帧 光标趟
[11:32:30.033] [TRACE] 帧 结束
[11:32:30.038] [TRACE] 帧 公告板
[11:32:30.039] [TRACE] 帧 格网
[11:32:30.039] [TRACE] 帧 开始
[11:32:30.039] [TRACE] 帧 格网趟
[11:32:30.039] [TRACE] 帧 场景趟
[11:32:30.039] [TRACE] 帧 高亮趟
[11:32:30.039] [TRACE] 帧 叠加趟
[11:32:30.040] [TRACE] 帧 光标趟
[11:32:30.040] [TRACE] 帧 结束
[11:32:30.046] [TRACE] 帧 公告板
[11:32:30.046] [TRACE] 帧 格网
[11:32:30.046] [TRACE] 帧 开始
[11:32:30.046] [TRACE] 帧 格网趟
[11:32:30.046] [TRACE] 帧 场景趟
[11:32:30.046] [TRACE] 帧 高亮趟
[11:32:30.046] [TRACE] 帧 叠加趟
[11:32:30.047] [TRACE] 帧 光标趟
[11:32:30.047] [TRACE] 帧 结束
[11:32:30.053] [TRACE] 帧 公告板
[11:32:30.053] [TRACE] 帧 格网
[11:32:30.054] [TRACE] 帧 开始
[11:32:30.054] [TRACE] 帧 格网趟
[11:32:30.054] [TRACE] 帧 场景趟
[11:32:30.054] [TRACE] 帧 高亮趟
[11:32:30.054] [TRACE] 帧 叠加趟
[11:32:30.054] [TRACE] 帧 光标趟
[11:32:30.054] [TRACE] 帧 结束
[11:32:30.059] [TRACE] 帧 公告板
[11:32:30.060] [TRACE] 帧 格网
[11:32:30.060] [TRACE] 帧 开始
[11:32:30.060] [TRACE] 帧 格网趟
[11:32:30.060] [TRACE] 帧 场景趟
[11:32:30.060] [TRACE] 帧 高亮趟
[11:32:30.060] [TRACE] 帧 叠加趟
[11:32:30.060] [TRACE] 帧 光标趟
[11:32:30.061] [TRACE] 帧 结束
[11:32:30.067] [TRACE] 帧 公告板
[11:32:30.068] [TRACE] 帧 格网
[11:32:30.068] [TRACE] 帧 开始
[11:32:30.068] [TRACE] 帧 格网趟
[11:32:30.068] [TRACE] 帧 场景趟
[11:32:30.068] [TRACE] 帧 高亮趟
[11:32:30.068] [TRACE] 帧 叠加趟
[11:32:30.069] [TRACE] 帧 光标趟
[11:32:30.069] [TRACE] 帧 结束
[11:32:30.073] [TRACE] 帧 公告板
[11:32:30.073] [TRACE] 帧 格网
[11:32:30.074] [TRACE] 帧 开始
[11:32:30.074] [TRACE] 帧 格网趟
[11:32:30.074] [TRACE] 帧 场景趟
[11:32:30.074] [TRACE] 帧 高亮趟
[11:32:30.074] [TRACE] 帧 叠加趟
[11:32:30.075] [TRACE] 帧 光标趟
[11:32:30.075] [TRACE] 帧 结束
[11:32:30.081] [TRACE] 帧 公告板
[11:32:30.081] [TRACE] 帧 格网
[11:32:30.081] [TRACE] 帧 开始
[11:32:30.082] [TRACE] 帧 格网趟
[11:32:30.082] [TRACE] 帧 场景趟
[11:32:30.082] [TRACE] 帧 高亮趟
[11:32:30.082] [TRACE] 帧 叠加趟
[11:32:30.082] [TRACE] 帧 光标趟
[11:32:30.082] [TRACE] 帧 结束
[11:32:30.087] [TRACE] 帧 公告板
[11:32:30.087] [TRACE] 帧 格网
[11:32:30.087] [TRACE] 帧 开始
[11:32:30.087] [TRACE] 帧 格网趟
[11:32:30.088] [TRACE] 帧 场景趟
[11:32:30.088] [TRACE] 帧 高亮趟
[11:32:30.088] [TRACE] 帧 叠加趟
[11:32:30.088] [TRACE] 帧 光标趟
[11:32:30.088] [TRACE] 帧 结束
[11:32:30.094] [TRACE] 帧 公告板
[11:32:30.094] [TRACE] 帧 格网
[11:32:30.094] [TRACE] 帧 开始
[11:32:30.095] [TRACE] 帧 格网趟
[11:32:30.095] [TRACE] 帧 场景趟
[11:32:30.095] [TRACE] 帧 高亮趟
[11:32:30.095] [TRACE] 帧 叠加趟
[11:32:30.095] [TRACE] 帧 光标趟
[11:32:30.095] [TRACE] 帧 结束
[11:32:30.102] [TRACE] 帧 公告板
[11:32:30.103] [TRACE] 帧 格网
[11:32:30.103] [TRACE] 帧 开始
[11:32:30.103] [TRACE] 帧 格网趟
[11:32:30.103] [TRACE] 帧 场景趟
[11:32:30.103] [TRACE] 帧 高亮趟
[11:32:30.104] [TRACE] 帧 叠加趟
[11:32:30.104] [TRACE] 帧 光标趟
[11:32:30.104] [TRACE] 帧 结束
[11:32:30.108] [TRACE] 帧 公告板
[11:32:30.109] [TRACE] 帧 格网
[11:32:30.109] [TRACE] 帧 开始
[11:32:30.109] [TRACE] 帧 格网趟
[11:32:30.109] [TRACE] 帧 场景趟
[11:32:30.109] [TRACE] 帧 高亮趟
[11:32:30.109] [TRACE] 帧 叠加趟
[11:32:30.109] [TRACE] 帧 光标趟
[11:32:30.109] [TRACE] 帧 结束
[11:32:30.116] [TRACE] 帧 公告板
[11:32:30.116] [TRACE] 帧 格网
[11:32:30.116] [TRACE] 帧 开始
[11:32:30.116] [TRACE] 帧 格网趟
[11:32:30.116] [TRACE] 帧 场景趟
[11:32:30.117] [TRACE] 帧 高亮趟
[11:32:30.117] [TRACE] 帧 叠加趟
[11:32:30.117] [TRACE] 帧 光标趟
[11:32:30.117] [TRACE] 帧 结束
[11:32:30.122] [TRACE] 帧 公告板
[11:32:30.122] [TRACE] 帧 格网
[11:32:30.123] [TRACE] 帧 开始
[11:32:30.123] [TRACE] 帧 格网趟
[11:32:30.123] [TRACE] 帧 场景趟
[11:32:30.123] [TRACE] 帧 高亮趟
[11:32:30.123] [TRACE] 帧 叠加趟
[11:32:30.123] [TRACE] 帧 光标趟
[11:32:30.123] [TRACE] 帧 结束
[11:32:30.129] [TRACE] 帧 公告板
[11:32:30.129] [TRACE] 帧 格网
[11:32:30.129] [TRACE] 帧 开始
[11:32:30.129] [TRACE] 帧 格网趟
[11:32:30.129] [TRACE] 帧 场景趟
[11:32:30.130] [TRACE] 帧 高亮趟
[11:32:30.130] [TRACE] 帧 叠加趟
[11:32:30.130] [TRACE] 帧 光标趟
[11:32:30.130] [TRACE] 帧 结束
[11:32:30.137] [TRACE] 帧 公告板
[11:32:30.137] [TRACE] 帧 格网
[11:32:30.137] [TRACE] 帧 开始
[11:32:30.137] [TRACE] 帧 格网趟
[11:32:30.138] [TRACE] 帧 场景趟
[11:32:30.138] [TRACE] 帧 高亮趟
[11:32:30.138] [TRACE] 帧 叠加趟
[11:32:30.138] [TRACE] 帧 光标趟
[11:32:30.139] [TRACE] 帧 结束
[11:32:30.143] [TRACE] 帧 公告板
[11:32:30.143] [TRACE] 帧 格网
[11:32:30.143] [TRACE] 帧 开始
[11:32:30.143] [TRACE] 帧 格网趟
[11:32:30.143] [TRACE] 帧 场景趟
[11:32:30.144] [TRACE] 帧 高亮趟
[11:32:30.144] [TRACE] 帧 叠加趟
[11:32:30.144] [TRACE] 帧 光标趟
[11:32:30.144] [TRACE] 帧 结束
[11:32:30.151] [TRACE] 帧 公告板
[11:32:30.151] [TRACE] 帧 格网
[11:32:30.151] [TRACE] 帧 开始
[11:32:30.151] [TRACE] 帧 格网趟
[11:32:30.151] [TRACE] 帧 场景趟
[11:32:30.151] [TRACE] 帧 高亮趟
[11:32:30.152] [TRACE] 帧 叠加趟
[11:32:30.152] [TRACE] 帧 光标趟
[11:32:30.152] [TRACE] 帧 结束
[11:32:30.157] [TRACE] 帧 公告板
[11:32:30.157] [TRACE] 帧 格网
[11:32:30.157] [TRACE] 帧 开始
[11:32:30.157] [TRACE] 帧 格网趟
[11:32:30.157] [TRACE] 帧 场景趟
[11:32:30.157] [TRACE] 帧 高亮趟
[11:32:30.158] [TRACE] 帧 叠加趟
[11:32:30.158] [TRACE] 帧 光标趟
[11:32:30.158] [TRACE] 帧 结束
[11:32:30.165] [TRACE] 帧 公告板
[11:32:30.165] [TRACE] 帧 格网
[11:32:30.165] [TRACE] 帧 开始
[11:32:30.165] [TRACE] 帧 格网趟
[11:32:30.165] [TRACE] 帧 场景趟
[11:32:30.165] [TRACE] 帧 高亮趟
[11:32:30.166] [TRACE] 帧 叠加趟
[11:32:30.166] [TRACE] 帧 光标趟
[11:32:30.166] [TRACE] 帧 结束
[11:32:30.171] [TRACE] 帧 公告板
[11:32:30.171] [TRACE] 帧 格网
[11:32:30.171] [TRACE] 帧 开始
[11:32:30.171] [TRACE] 帧 格网趟
[11:32:30.171] [TRACE] 帧 场景趟
[11:32:30.171] [TRACE] 帧 高亮趟
[11:32:30.171] [TRACE] 帧 叠加趟
[11:32:30.171] [TRACE] 帧 光标趟
[11:32:30.172] [TRACE] 帧 结束
[11:32:30.177] [TRACE] 帧 公告板
[11:32:30.178] [TRACE] 帧 格网
[11:32:30.178] [TRACE] 帧 开始
[11:32:30.178] [TRACE] 帧 格网趟
[11:32:30.178] [TRACE] 帧 场景趟
[11:32:30.178] [TRACE] 帧 高亮趟
[11:32:30.178] [TRACE] 帧 叠加趟
[11:32:30.179] [TRACE] 帧 光标趟
[11:32:30.179] [TRACE] 帧 结束
[11:32:30.186] [TRACE] 帧 公告板
[11:32:30.186] [TRACE] 帧 格网
[11:32:30.186] [TRACE] 帧 开始
[11:32:30.186] [TRACE] 帧 格网趟
[11:32:30.186] [TRACE] 帧 场景趟
[11:32:30.186] [TRACE] 帧 高亮趟
[11:32:30.186] [TRACE] 帧 叠加趟
[11:32:30.186] [TRACE] 帧 光标趟
[11:32:30.187] [TRACE] 帧 结束
[11:32:30.192] [TRACE] 帧 公告板
[11:32:30.193] [TRACE] 帧 格网
[11:32:30.193] [TRACE] 帧 开始
[11:32:30.193] [TRACE] 帧 格网趟
[11:32:30.193] [TRACE] 帧 场景趟
[11:32:30.193] [TRACE] 帧 高亮趟
[11:32:30.194] [TRACE] 帧 叠加趟
[11:32:30.194] [TRACE] 帧 光标趟
[11:32:30.194] [TRACE] 帧 结束
[11:32:30.199] [TRACE] 帧 公告板
[11:32:30.200] [TRACE] 帧 格网
[11:32:30.200] [TRACE] 帧 开始
[11:32:30.200] [TRACE] 帧 格网趟
[11:32:30.200] [TRACE] 帧 场景趟
[11:32:30.200] [TRACE] 帧 高亮趟
[11:32:30.200] [TRACE] 帧 叠加趟
[11:32:30.200] [TRACE] 帧 光标趟
[11:32:30.200] [TRACE] 帧 结束
[11:32:30.205] [TRACE] 帧 公告板
[11:32:30.205] [TRACE] 帧 格网
[11:32:30.206] [TRACE] 帧 开始
[11:32:30.206] [TRACE] 帧 格网趟
[11:32:30.206] [TRACE] 帧 场景趟
[11:32:30.206] [TRACE] 帧 高亮趟
[11:32:30.206] [TRACE] 帧 叠加趟
[11:32:30.206] [TRACE] 帧 光标趟
[11:32:30.206] [TRACE] 帧 结束
[11:32:30.212] [TRACE] 帧 公告板
[11:32:30.212] [TRACE] 帧 格网
[11:32:30.213] [TRACE] 帧 开始
[11:32:30.213] [TRACE] 帧 格网趟
[11:32:30.213] [TRACE] 帧 场景趟
[11:32:30.213] [TRACE] 帧 高亮趟
[11:32:30.213] [TRACE] 帧 叠加趟
[11:32:30.213] [TRACE] 帧 光标趟
[11:32:30.213] [TRACE] 帧 结束
[11:32:30.220] [TRACE] 帧 公告板
[11:32:30.220] [TRACE] 帧 格网
[11:32:30.220] [TRACE] 帧 开始
[11:32:30.221] [TRACE] 帧 格网趟
[11:32:30.221] [TRACE] 帧 场景趟
[11:32:30.221] [TRACE] 帧 高亮趟
[11:32:30.221] [TRACE] 帧 叠加趟
[11:32:30.221] [TRACE] 帧 光标趟
[11:32:30.221] [TRACE] 帧 结束
[11:32:30.226] [TRACE] 帧 公告板
[11:32:30.226] [TRACE] 帧 格网
[11:32:30.227] [TRACE] 帧 开始
[11:32:30.227] [TRACE] 帧 格网趟
[11:32:30.227] [TRACE] 帧 场景趟
[11:32:30.227] [TRACE] 帧 高亮趟
[11:32:30.227] [TRACE] 帧 叠加趟
[11:32:30.227] [TRACE] 帧 光标趟
[11:32:30.227] [TRACE] 帧 结束
[11:32:30.235] [TRACE] 帧 公告板
[11:32:30.235] [TRACE] 帧 格网
[11:32:30.235] [TRACE] 帧 开始
[11:32:30.235] [TRACE] 帧 格网趟
[11:32:30.235] [TRACE] 帧 场景趟
[11:32:30.235] [TRACE] 帧 高亮趟
[11:32:30.236] [TRACE] 帧 叠加趟
[11:32:30.236] [TRACE] 帧 光标趟
[11:32:30.236] [TRACE] 帧 结束
[11:32:30.240] [TRACE] 帧 公告板
[11:32:30.240] [TRACE] 帧 格网
[11:32:30.240] [TRACE] 帧 开始
[11:32:30.240] [TRACE] 帧 格网趟
[11:32:30.241] [TRACE] 帧 场景趟
[11:32:30.241] [TRACE] 帧 高亮趟
[11:32:30.241] [TRACE] 帧 叠加趟
[11:32:30.241] [TRACE] 帧 光标趟
[11:32:30.241] [TRACE] 帧 结束
[11:32:30.248] [TRACE] 帧 公告板
[11:32:30.248] [TRACE] 帧 格网
[11:32:30.248] [TRACE] 帧 开始
[11:32:30.248] [TRACE] 帧 格网趟
[11:32:30.248] [TRACE] 帧 场景趟
[11:32:30.248] [TRACE] 帧 高亮趟
[11:32:30.248] [TRACE] 帧 叠加趟
[11:32:30.249] [TRACE] 帧 光标趟
[11:32:30.249] [TRACE] 帧 结束
[11:32:30.254] [TRACE] 帧 公告板
[11:32:30.254] [TRACE] 帧 格网
[11:32:30.254] [TRACE] 帧 开始
[11:32:30.254] [TRACE] 帧 格网趟
[11:32:30.255] [TRACE] 帧 场景趟
[11:32:30.255] [TRACE] 帧 高亮趟
[11:32:30.255] [TRACE] 帧 叠加趟
[11:32:30.255] [TRACE] 帧 光标趟
[11:32:30.255] [TRACE] 帧 结束
[11:32:30.261] [TRACE] 帧 公告板
[11:32:30.261] [TRACE] 帧 格网
[11:32:30.262] [TRACE] 帧 开始
[11:32:30.262] [TRACE] 帧 格网趟
[11:32:30.262] [TRACE] 帧 场景趟
[11:32:30.262] [TRACE] 帧 高亮趟
[11:32:30.262] [TRACE] 帧 叠加趟
[11:32:30.262] [TRACE] 帧 光标趟
[11:32:30.262] [TRACE] 帧 结束
[11:32:30.269] [TRACE] 帧 公告板
[11:32:30.269] [TRACE] 帧 格网
[11:32:30.269] [TRACE] 帧 开始
[11:32:30.270] [TRACE] 帧 格网趟
[11:32:30.270] [TRACE] 帧 场景趟
[11:32:30.270] [TRACE] 帧 高亮趟
[11:32:30.270] [TRACE] 帧 叠加趟
[11:32:30.270] [TRACE] 帧 光标趟
[11:32:30.270] [TRACE] 帧 结束
[11:32:30.275] [TRACE] 帧 公告板
[11:32:30.275] [TRACE] 帧 格网
[11:32:30.275] [TRACE] 帧 开始
[11:32:30.276] [TRACE] 帧 格网趟
[11:32:30.276] [TRACE] 帧 场景趟
[11:32:30.276] [TRACE] 帧 高亮趟
[11:32:30.276] [TRACE] 帧 叠加趟
[11:32:30.276] [TRACE] 帧 光标趟
[11:32:30.276] [TRACE] 帧 结束
[11:32:30.283] [TRACE] 帧 公告板
[11:32:30.283] [TRACE] 帧 格网
[11:32:30.283] [TRACE] 帧 开始
[11:32:30.283] [TRACE] 帧 格网趟
[11:32:30.283] [TRACE] 帧 场景趟
[11:32:30.283] [TRACE] 帧 高亮趟
[11:32:30.283] [TRACE] 帧 叠加趟
[11:32:30.283] [TRACE] 帧 光标趟
[11:32:30.284] [TRACE] 帧 结束
[11:32:30.289] [TRACE] 帧 公告板
[11:32:30.289] [TRACE] 帧 格网
[11:32:30.289] [TRACE] 帧 开始
[11:32:30.289] [TRACE] 帧 格网趟
[11:32:30.289] [TRACE] 帧 场景趟
[11:32:30.289] [TRACE] 帧 高亮趟
[11:32:30.289] [TRACE] 帧 叠加趟
[11:32:30.289] [TRACE] 帧 光标趟
[11:32:30.290] [TRACE] 帧 结束
[11:32:30.296] [TRACE] 帧 公告板
[11:32:30.296] [TRACE] 帧 格网
[11:32:30.296] [TRACE] 帧 开始
[11:32:30.296] [TRACE] 帧 格网趟
[11:32:30.297] [TRACE] 帧 场景趟
[11:32:30.297] [TRACE] 帧 高亮趟
[11:32:30.297] [TRACE] 帧 叠加趟
[11:32:30.297] [TRACE] 帧 光标趟
[11:32:30.297] [TRACE] 帧 结束
[11:32:30.304] [TRACE] 帧 公告板
[11:32:30.304] [TRACE] 帧 格网
[11:32:30.304] [TRACE] 帧 开始
[11:32:30.304] [TRACE] 帧 格网趟
[11:32:30.304] [TRACE] 帧 场景趟
[11:32:30.304] [TRACE] 帧 高亮趟
[11:32:30.304] [TRACE] 帧 叠加趟
[11:32:30.305] [TRACE] 帧 光标趟
[11:32:30.305] [TRACE] 帧 结束
[11:32:30.310] [TRACE] 帧 公告板
[11:32:30.310] [TRACE] 帧 格网
[11:32:30.310] [TRACE] 帧 开始
[11:32:30.310] [TRACE] 帧 格网趟
[11:32:30.310] [TRACE] 帧 场景趟
[11:32:30.310] [TRACE] 帧 高亮趟
[11:32:30.310] [TRACE] 帧 叠加趟
[11:32:30.311] [TRACE] 帧 光标趟
[11:32:30.311] [TRACE] 帧 结束
[11:32:30.318] [TRACE] 帧 公告板
[11:32:30.318] [TRACE] 帧 格网
[11:32:30.318] [TRACE] 帧 开始
[11:32:30.318] [TRACE] 帧 格网趟
[11:32:30.319] [TRACE] 帧 场景趟
[11:32:30.319] [TRACE] 帧 高亮趟
[11:32:30.319] [TRACE] 帧 叠加趟
[11:32:30.319] [TRACE] 帧 光标趟
[11:32:30.319] [TRACE] 帧 结束
[11:32:30.324] [TRACE] 帧 公告板
[11:32:30.324] [TRACE] 帧 格网
[11:32:30.324] [TRACE] 帧 开始
[11:32:30.324] [TRACE] 帧 格网趟
[11:32:30.324] [TRACE] 帧 场景趟
[11:32:30.325] [TRACE] 帧 高亮趟
[11:32:30.325] [TRACE] 帧 叠加趟
[11:32:30.325] [TRACE] 帧 光标趟
[11:32:30.325] [TRACE] 帧 结束
[11:32:30.332] [TRACE] 帧 公告板
[11:32:30.332] [TRACE] 帧 格网
[11:32:30.332] [TRACE] 帧 开始
[11:32:30.332] [TRACE] 帧 格网趟
[11:32:30.332] [TRACE] 帧 场景趟
[11:32:30.332] [TRACE] 帧 高亮趟
[11:32:30.333] [TRACE] 帧 叠加趟
[11:32:30.333] [TRACE] 帧 光标趟
[11:32:30.333] [TRACE] 帧 结束
[11:32:30.338] [TRACE] 帧 公告板
[11:32:30.338] [TRACE] 帧 格网
[11:32:30.338] [TRACE] 帧 开始
[11:32:30.338] [TRACE] 帧 格网趟
[11:32:30.338] [TRACE] 帧 场景趟
[11:32:30.338] [TRACE] 帧 高亮趟
[11:32:30.338] [TRACE] 帧 叠加趟
[11:32:30.339] [TRACE] 帧 光标趟
[11:32:30.339] [TRACE] 帧 结束
[11:32:30.345] [TRACE] 帧 公告板
[11:32:30.345] [TRACE] 帧 格网
[11:32:30.345] [TRACE] 帧 开始
[11:32:30.346] [TRACE] 帧 格网趟
[11:32:30.346] [TRACE] 帧 场景趟
[11:32:30.346] [TRACE] 帧 高亮趟
[11:32:30.346] [TRACE] 帧 叠加趟
[11:32:30.346] [TRACE] 帧 光标趟
[11:32:30.347] [TRACE] 帧 结束
[11:32:30.353] [TRACE] 帧 公告板
[11:32:30.353] [TRACE] 帧 格网
[11:32:30.353] [TRACE] 帧 开始
[11:32:30.353] [TRACE] 帧 格网趟
[11:32:30.353] [TRACE] 帧 场景趟
[11:32:30.353] [TRACE] 帧 高亮趟
[11:32:30.353] [TRACE] 帧 叠加趟
[11:32:30.354] [TRACE] 帧 光标趟
[11:32:30.354] [TRACE] 帧 结束
[11:32:30.359] [TRACE] 帧 公告板
[11:32:30.359] [TRACE] 帧 格网
[11:32:30.359] [TRACE] 帧 开始
[11:32:30.359] [TRACE] 帧 格网趟
[11:32:30.359] [TRACE] 帧 场景趟
[11:32:30.360] [TRACE] 帧 高亮趟
[11:32:30.360] [TRACE] 帧 叠加趟
[11:32:30.360] [TRACE] 帧 光标趟
[11:32:30.360] [TRACE] 帧 结束
[11:32:30.366] [TRACE] 帧 公告板
[11:32:30.366] [TRACE] 帧 格网
[11:32:30.367] [TRACE] 帧 开始
[11:32:30.367] [TRACE] 帧 格网趟
[11:32:30.367] [TRACE] 帧 场景趟
[11:32:30.367] [TRACE] 帧 高亮趟
[11:32:30.367] [TRACE] 帧 叠加趟
[11:32:30.367] [TRACE] 帧 光标趟
[11:32:30.367] [TRACE] 帧 结束
[11:32:30.372] [TRACE] 帧 公告板
[11:32:30.373] [TRACE] 帧 格网
[11:32:30.373] [TRACE] 帧 开始
[11:32:30.373] [TRACE] 帧 格网趟
[11:32:30.373] [TRACE] 帧 场景趟
[11:32:30.373] [TRACE] 帧 高亮趟
[11:32:30.373] [TRACE] 帧 叠加趟
[11:32:30.373] [TRACE] 帧 光标趟
[11:32:30.373] [TRACE] 帧 结束
[11:32:30.379] [TRACE] 帧 公告板
[11:32:30.379] [TRACE] 帧 格网
[11:32:30.380] [TRACE] 帧 开始
[11:32:30.380] [TRACE] 帧 格网趟
[11:32:30.380] [TRACE] 帧 场景趟
[11:32:30.380] [TRACE] 帧 高亮趟
[11:32:30.380] [TRACE] 帧 叠加趟
[11:32:30.380] [TRACE] 帧 光标趟
[11:32:30.380] [TRACE] 帧 结束
[11:32:30.387] [TRACE] 帧 公告板
[11:32:30.387] [TRACE] 帧 格网
[11:32:30.387] [TRACE] 帧 开始
[11:32:30.388] [TRACE] 帧 格网趟
[11:32:30.388] [TRACE] 帧 场景趟
[11:32:30.388] [TRACE] 帧 高亮趟
[11:32:30.388] [TRACE] 帧 叠加趟
[11:32:30.388] [TRACE] 帧 光标趟
[11:32:30.388] [TRACE] 帧 结束
[11:32:30.393] [TRACE] 帧 公告板
[11:32:30.393] [TRACE] 帧 格网
[11:32:30.394] [TRACE] 帧 开始
[11:32:30.394] [TRACE] 帧 格网趟
[11:32:30.394] [TRACE] 帧 场景趟
[11:32:30.394] [TRACE] 帧 高亮趟
[11:32:30.394] [TRACE] 帧 叠加趟
[11:32:30.394] [TRACE] 帧 光标趟
[11:32:30.394] [TRACE] 帧 结束
[11:32:30.401] [TRACE] 帧 公告板
[11:32:30.401] [TRACE] 帧 格网
[11:32:30.401] [TRACE] 帧 开始
[11:32:30.402] [TRACE] 帧 格网趟
[11:32:30.402] [TRACE] 帧 场景趟
[11:32:30.402] [TRACE] 帧 高亮趟
[11:32:30.402] [TRACE] 帧 叠加趟
[11:32:30.402] [TRACE] 帧 光标趟
[11:32:30.402] [TRACE] 帧 结束
[11:32:30.407] [TRACE] 帧 公告板
[11:32:30.407] [TRACE] 帧 格网
[11:32:30.407] [TRACE] 帧 开始
[11:32:30.407] [TRACE] 帧 格网趟
[11:32:30.408] [TRACE] 帧 场景趟
[11:32:30.408] [TRACE] 帧 高亮趟
[11:32:30.408] [TRACE] 帧 叠加趟
[11:32:30.408] [TRACE] 帧 光标趟
[11:32:30.408] [TRACE] 帧 结束
[11:32:30.415] [TRACE] 帧 公告板
[11:32:30.415] [TRACE] 帧 格网
[11:32:30.415] [TRACE] 帧 开始
[11:32:30.415] [TRACE] 帧 格网趟
[11:32:30.415] [TRACE] 帧 场景趟
[11:32:30.416] [TRACE] 帧 高亮趟
[11:32:30.416] [TRACE] 帧 叠加趟
[11:32:30.416] [TRACE] 帧 光标趟
[11:32:30.416] [TRACE] 帧 结束
[11:32:30.421] [TRACE] 帧 公告板
[11:32:30.422] [TRACE] 帧 格网
[11:32:30.422] [TRACE] 帧 开始
[11:32:30.422] [TRACE] 帧 格网趟
[11:32:30.422] [TRACE] 帧 场景趟
[11:32:30.422] [TRACE] 帧 高亮趟
[11:32:30.422] [TRACE] 帧 叠加趟
[11:32:30.422] [TRACE] 帧 光标趟
[11:32:30.423] [TRACE] 帧 结束
[11:32:30.428] [TRACE] 帧 公告板
[11:32:30.428] [TRACE] 帧 格网
[11:32:30.429] [TRACE] 帧 开始
[11:32:30.429] [TRACE] 帧 格网趟
[11:32:30.429] [TRACE] 帧 场景趟
[11:32:30.429] [TRACE] 帧 高亮趟
[11:32:30.429] [TRACE] 帧 叠加趟
[11:32:30.429] [TRACE] 帧 光标趟
[11:32:30.429] [TRACE] 帧 结束
[11:32:30.436] [TRACE] 帧 公告板
[11:32:30.436] [TRACE] 帧 格网
[11:32:30.436] [TRACE] 帧 开始
[11:32:30.436] [TRACE] 帧 格网趟
[11:32:30.437] [TRACE] 帧 场景趟
[11:32:30.437] [TRACE] 帧 高亮趟
[11:32:30.437] [TRACE] 帧 叠加趟
[11:32:30.437] [TRACE] 帧 光标趟
[11:32:30.437] [TRACE] 帧 结束
[11:32:30.442] [TRACE] 帧 公告板
[11:32:30.443] [TRACE] 帧 格网
[11:32:30.443] [TRACE] 帧 开始
[11:32:30.443] [TRACE] 帧 格网趟
[11:32:30.443] [TRACE] 帧 场景趟
[11:32:30.443] [TRACE] 帧 高亮趟
[11:32:30.444] [TRACE] 帧 叠加趟
[11:32:30.444] [TRACE] 帧 光标趟
[11:32:30.444] [TRACE] 帧 结束
[11:32:30.450] [TRACE] 帧 公告板
[11:32:30.450] [TRACE] 帧 格网
[11:32:30.450] [TRACE] 帧 开始
[11:32:30.450] [TRACE] 帧 格网趟
[11:32:30.451] [TRACE] 帧 场景趟
[11:32:30.451] [TRACE] 帧 高亮趟
[11:32:30.451] [TRACE] 帧 叠加趟
[11:32:30.451] [TRACE] 帧 光标趟
[11:32:30.451] [TRACE] 帧 结束
[11:32:30.456] [TRACE] 帧 公告板
[11:32:30.456] [TRACE] 帧 格网
[11:32:30.456] [TRACE] 帧 开始
[11:32:30.456] [TRACE] 帧 格网趟
[11:32:30.456] [TRACE] 帧 场景趟
[11:32:30.457] [TRACE] 帧 高亮趟
[11:32:30.457] [TRACE] 帧 叠加趟
[11:32:30.457] [TRACE] 帧 光标趟
[11:32:30.457] [TRACE] 帧 结束
[11:32:30.463] [TRACE] 帧 公告板
[11:32:30.463] [TRACE] 帧 格网
[11:32:30.463] [TRACE] 帧 开始
[11:32:30.463] [TRACE] 帧 格网趟
[11:32:30.464] [TRACE] 帧 场景趟
[11:32:30.464] [TRACE] 帧 高亮趟
[11:32:30.464] [TRACE] 帧 叠加趟
[11:32:30.464] [TRACE] 帧 光标趟
[11:32:30.464] [TRACE] 帧 结束
[11:32:30.470] [TRACE] 帧 公告板
[11:32:30.471] [TRACE] 帧 格网
[11:32:30.471] [TRACE] 帧 开始
[11:32:30.471] [TRACE] 帧 格网趟
[11:32:30.471] [TRACE] 帧 场景趟
[11:32:30.471] [TRACE] 帧 高亮趟
[11:32:30.471] [TRACE] 帧 叠加趟
[11:32:30.472] [TRACE] 帧 光标趟
[11:32:30.472] [TRACE] 帧 结束
[11:32:30.477] [TRACE] 帧 公告板
[11:32:30.486] [TRACE] 帧 格网
[11:32:30.486] [TRACE] 帧 开始
[11:32:30.486] [TRACE] 帧 格网趟
[11:32:30.486] [TRACE] 帧 场景趟
[11:32:30.487] [TRACE] 帧 高亮趟
[11:32:30.487] [TRACE] 帧 叠加趟
[11:32:30.487] [TRACE] 帧 光标趟
[11:32:30.487] [TRACE] 帧 结束
[11:32:30.490] [TRACE] 帧 公告板
[11:32:30.491] [TRACE] 帧 格网
[11:32:30.491] [TRACE] 帧 开始
[11:32:30.491] [TRACE] 帧 格网趟
[11:32:30.491] [TRACE] 帧 场景趟
[11:32:30.491] [TRACE] 帧 高亮趟
[11:32:30.491] [TRACE] 帧 叠加趟
[11:32:30.491] [TRACE] 帧 光标趟
[11:32:30.491] [TRACE] 帧 结束
[11:32:30.498] [TRACE] 帧 公告板
[11:32:30.499] [TRACE] 帧 格网
[11:32:30.499] [TRACE] 帧 开始
[11:32:30.499] [TRACE] 帧 格网趟
[11:32:30.499] [TRACE] 帧 场景趟
[11:32:30.499] [TRACE] 帧 高亮趟
[11:32:30.500] [TRACE] 帧 叠加趟
[11:32:30.500] [TRACE] 帧 光标趟
[11:32:30.500] [TRACE] 帧 结束
[11:32:30.504] [TRACE] 帧 公告板
[11:32:30.505] [TRACE] 帧 格网
[11:32:30.505] [TRACE] 帧 开始
[11:32:30.505] [TRACE] 帧 格网趟
[11:32:30.505] [TRACE] 帧 场景趟
[11:32:30.506] [TRACE] 帧 高亮趟
[11:32:30.506] [TRACE] 帧 叠加趟
[11:32:30.506] [TRACE] 帧 光标趟
[11:32:30.506] [TRACE] 帧 结束
[11:32:30.511] [TRACE] 帧 公告板
[11:32:30.512] [TRACE] 帧 格网
[11:32:30.512] [TRACE] 帧 开始
[11:32:30.512] [TRACE] 帧 格网趟
[11:32:30.512] [TRACE] 帧 场景趟
[11:32:30.513] [TRACE] 帧 高亮趟
[11:32:30.513] [TRACE] 帧 叠加趟
[11:32:30.513] [TRACE] 帧 光标趟
[11:32:30.513] [TRACE] 帧 结束
[11:32:30.519] [TRACE] 帧 公告板
[11:32:30.520] [TRACE] 帧 格网
[11:32:30.520] [TRACE] 帧 开始
[11:32:30.520] [TRACE] 帧 格网趟
[11:32:30.521] [TRACE] 帧 场景趟
[11:32:30.521] [TRACE] 帧 高亮趟
[11:32:30.521] [TRACE] 帧 叠加趟
[11:32:30.521] [TRACE] 帧 光标趟
[11:32:30.521] [TRACE] 帧 结束
[11:32:30.526] [TRACE] 帧 公告板
[11:32:30.526] [TRACE] 帧 格网
[11:32:30.526] [TRACE] 帧 开始
[11:32:30.526] [TRACE] 帧 格网趟
[11:32:30.526] [TRACE] 帧 场景趟
[11:32:30.526] [TRACE] 帧 高亮趟
[11:32:30.527] [TRACE] 帧 叠加趟
[11:32:30.527] [TRACE] 帧 光标趟
[11:32:30.527] [TRACE] 帧 结束
[11:32:30.533] [TRACE] 帧 公告板
[11:32:30.533] [TRACE] 帧 格网
[11:32:30.534] [TRACE] 帧 开始
[11:32:30.534] [TRACE] 帧 格网趟
[11:32:30.534] [TRACE] 帧 场景趟
[11:32:30.534] [TRACE] 帧 高亮趟
[11:32:30.534] [TRACE] 帧 叠加趟
[11:32:30.534] [TRACE] 帧 光标趟
[11:32:30.535] [TRACE] 帧 结束
[11:32:30.539] [TRACE] 帧 公告板
[11:32:30.539] [TRACE] 帧 格网
[11:32:30.540] [TRACE] 帧 开始
[11:32:30.540] [TRACE] 帧 格网趟
[11:32:30.540] [TRACE] 帧 场景趟
[11:32:30.540] [TRACE] 帧 高亮趟
[11:32:30.541] [TRACE] 帧 叠加趟
[11:32:30.541] [TRACE] 帧 光标趟
[11:32:30.541] [TRACE] 帧 结束
[11:32:30.546] [TRACE] 帧 公告板
[11:32:30.546] [TRACE] 帧 格网
[11:32:30.547] [TRACE] 帧 开始
[11:32:30.547] [TRACE] 帧 格网趟
[11:32:30.547] [TRACE] 帧 场景趟
[11:32:30.547] [TRACE] 帧 高亮趟
[11:32:30.548] [TRACE] 帧 叠加趟
[11:32:30.548] [TRACE] 帧 光标趟
[11:32:30.548] [TRACE] 帧 结束
[11:32:30.554] [TRACE] 帧 公告板
[11:32:30.554] [TRACE] 帧 格网
[11:32:30.555] [TRACE] 帧 开始
[11:32:30.555] [TRACE] 帧 格网趟
[11:32:30.555] [TRACE] 帧 场景趟
[11:32:30.555] [TRACE] 帧 高亮趟
[11:32:30.555] [TRACE] 帧 叠加趟
[11:32:30.556] [TRACE] 帧 光标趟
[11:32:30.556] [TRACE] 帧 结束
[11:32:30.560] [TRACE] 帧 公告板
[11:32:30.560] [TRACE] 帧 格网
[11:32:30.561] [TRACE] 帧 开始
[11:32:30.561] [TRACE] 帧 格网趟
[11:32:30.561] [TRACE] 帧 场景趟
[11:32:30.561] [TRACE] 帧 高亮趟
[11:32:30.561] [TRACE] 帧 叠加趟
[11:32:30.561] [TRACE] 帧 光标趟
[11:32:30.562] [TRACE] 帧 结束
[11:32:30.568] [TRACE] 帧 公告板
[11:32:30.568] [TRACE] 帧 格网
[11:32:30.569] [TRACE] 帧 开始
[11:32:30.569] [TRACE] 帧 格网趟
[11:32:30.569] [TRACE] 帧 场景趟
[11:32:30.569] [TRACE] 帧 高亮趟
[11:32:30.569] [TRACE] 帧 叠加趟
[11:32:30.569] [TRACE] 帧 光标趟
[11:32:30.570] [TRACE] 帧 结束
[11:32:30.574] [TRACE] 帧 公告板
[11:32:30.574] [TRACE] 帧 格网
[11:32:30.574] [TRACE] 帧 开始
[11:32:30.574] [TRACE] 帧 格网趟
[11:32:30.574] [TRACE] 帧 场景趟
[11:32:30.575] [TRACE] 帧 高亮趟
[11:32:30.575] [TRACE] 帧 叠加趟
[11:32:30.575] [TRACE] 帧 光标趟
[11:32:30.576] [TRACE] 帧 结束
[11:32:30.582] [TRACE] 帧 公告板
[11:32:30.582] [TRACE] 帧 格网
[11:32:30.582] [TRACE] 帧 开始
[11:32:30.582] [TRACE] 帧 格网趟
[11:32:30.582] [TRACE] 帧 场景趟
[11:32:30.583] [TRACE] 帧 高亮趟
[11:32:30.583] [TRACE] 帧 叠加趟
[11:32:30.583] [TRACE] 帧 光标趟
[11:32:30.583] [TRACE] 帧 结束
[11:32:30.588] [TRACE] 帧 公告板
[11:32:30.588] [TRACE] 帧 格网
[11:32:30.588] [TRACE] 帧 开始
[11:32:30.589] [TRACE] 帧 格网趟
[11:32:30.589] [TRACE] 帧 场景趟
[11:32:30.589] [TRACE] 帧 高亮趟
[11:32:30.589] [TRACE] 帧 叠加趟
[11:32:30.589] [TRACE] 帧 光标趟
[11:32:30.589] [TRACE] 帧 结束
[11:32:30.595] [TRACE] 帧 公告板
[11:32:30.596] [TRACE] 帧 格网
[11:32:30.596] [TRACE] 帧 开始
[11:32:30.596] [TRACE] 帧 格网趟
[11:32:30.596] [TRACE] 帧 场景趟
[11:32:30.597] [TRACE] 帧 高亮趟
[11:32:30.597] [TRACE] 帧 叠加趟
[11:32:30.597] [TRACE] 帧 光标趟
[11:32:30.597] [TRACE] 帧 结束
[11:32:30.603] [TRACE] 帧 公告板
[11:32:30.603] [TRACE] 帧 格网
[11:32:30.603] [TRACE] 帧 开始
[11:32:30.603] [TRACE] 帧 格网趟
[11:32:30.603] [TRACE] 帧 场景趟
[11:32:30.603] [TRACE] 帧 高亮趟
[11:32:30.603] [TRACE] 帧 叠加趟
[11:32:30.604] [TRACE] 帧 光标趟
[11:32:30.604] [TRACE] 帧 结束
[11:32:30.609] [TRACE] 帧 公告板
[11:32:30.609] [TRACE] 帧 格网
[11:32:30.609] [TRACE] 帧 开始
[11:32:30.610] [TRACE] 帧 格网趟
[11:32:30.610] [TRACE] 帧 场景趟
[11:32:30.610] [TRACE] 帧 高亮趟
[11:32:30.610] [TRACE] 帧 叠加趟
[11:32:30.610] [TRACE] 帧 光标趟
[11:32:30.610] [TRACE] 帧 结束
[11:32:30.616] [TRACE] 帧 公告板
[11:32:30.617] [TRACE] 帧 格网
[11:32:30.617] [TRACE] 帧 开始
[11:32:30.617] [TRACE] 帧 格网趟
[11:32:30.617] [TRACE] 帧 场景趟
[11:32:30.617] [TRACE] 帧 高亮趟
[11:32:30.618] [TRACE] 帧 叠加趟
[11:32:30.618] [TRACE] 帧 光标趟
[11:32:30.618] [TRACE] 帧 结束
[11:32:30.622] [TRACE] 帧 公告板
[11:32:30.623] [TRACE] 帧 格网
[11:32:30.623] [TRACE] 帧 开始
[11:32:30.623] [TRACE] 帧 格网趟
[11:32:30.623] [TRACE] 帧 场景趟
[11:32:30.623] [TRACE] 帧 高亮趟
[11:32:30.623] [TRACE] 帧 叠加趟
[11:32:30.623] [TRACE] 帧 光标趟
[11:32:30.623] [TRACE] 帧 结束
[11:32:30.630] [TRACE] 帧 公告板
[11:32:30.630] [TRACE] 帧 格网
[11:32:30.630] [TRACE] 帧 开始
[11:32:30.630] [TRACE] 帧 格网趟
[11:32:30.631] [TRACE] 帧 场景趟
[11:32:30.631] [TRACE] 帧 高亮趟
[11:32:30.631] [TRACE] 帧 叠加趟
[11:32:30.631] [TRACE] 帧 光标趟
[11:32:30.631] [TRACE] 帧 结束
[11:32:30.638] [TRACE] 帧 公告板
[11:32:30.638] [TRACE] 帧 格网
[11:32:30.638] [TRACE] 帧 开始
[11:32:30.639] [TRACE] 帧 格网趟
[11:32:30.639] [TRACE] 帧 场景趟
[11:32:30.639] [TRACE] 帧 高亮趟
[11:32:30.639] [TRACE] 帧 叠加趟
[11:32:30.639] [TRACE] 帧 光标趟
[11:32:30.639] [TRACE] 帧 结束
[11:32:30.644] [TRACE] 帧 公告板
[11:32:30.644] [TRACE] 帧 格网
[11:32:30.644] [TRACE] 帧 开始
[11:32:30.644] [TRACE] 帧 格网趟
[11:32:30.644] [TRACE] 帧 场景趟
[11:32:30.645] [TRACE] 帧 高亮趟
[11:32:30.645] [TRACE] 帧 叠加趟
[11:32:30.645] [TRACE] 帧 光标趟
[11:32:30.645] [TRACE] 帧 结束
[11:32:30.652] [TRACE] 帧 公告板
[11:32:30.652] [TRACE] 帧 格网
[11:32:30.652] [TRACE] 帧 开始
[11:32:30.652] [TRACE] 帧 格网趟
[11:32:30.652] [TRACE] 帧 场景趟
[11:32:30.653] [TRACE] 帧 高亮趟
[11:32:30.653] [TRACE] 帧 叠加趟
[11:32:30.653] [TRACE] 帧 光标趟
[11:32:30.653] [TRACE] 帧 结束
[11:32:30.658] [TRACE] 帧 公告板
[11:32:30.658] [TRACE] 帧 格网
[11:32:30.658] [TRACE] 帧 开始
[11:32:30.659] [TRACE] 帧 格网趟
[11:32:30.659] [TRACE] 帧 场景趟
[11:32:30.659] [TRACE] 帧 高亮趟
[11:32:30.659] [TRACE] 帧 叠加趟
[11:32:30.659] [TRACE] 帧 光标趟
[11:32:30.660] [TRACE] 帧 结束
[11:32:30.665] [TRACE] 帧 公告板
[11:32:30.666] [TRACE] 帧 格网
[11:32:30.666] [TRACE] 帧 开始
[11:32:30.666] [TRACE] 帧 格网趟
[11:32:30.666] [TRACE] 帧 场景趟
[11:32:30.666] [TRACE] 帧 高亮趟
[11:32:30.666] [TRACE] 帧 叠加趟
[11:32:30.667] [TRACE] 帧 光标趟
[11:32:30.667] [TRACE] 帧 结束
[11:32:30.671] [TRACE] 帧 公告板
[11:32:30.672] [TRACE] 帧 格网
[11:32:30.672] [TRACE] 帧 开始
[11:32:30.672] [TRACE] 帧 格网趟
[11:32:30.672] [TRACE] 帧 场景趟
[11:32:30.672] [TRACE] 帧 高亮趟
[11:32:30.673] [TRACE] 帧 叠加趟
[11:32:30.673] [TRACE] 帧 光标趟
[11:32:30.673] [TRACE] 帧 结束
[11:32:30.679] [TRACE] 帧 公告板
[11:32:30.679] [TRACE] 帧 格网
[11:32:30.679] [TRACE] 帧 开始
[11:32:30.679] [TRACE] 帧 格网趟
[11:32:30.680] [TRACE] 帧 场景趟
[11:32:30.680] [TRACE] 帧 高亮趟
[11:32:30.680] [TRACE] 帧 叠加趟
[11:32:30.680] [TRACE] 帧 光标趟
[11:32:30.680] [TRACE] 帧 结束
[11:32:30.686] [TRACE] 帧 公告板
[11:32:30.686] [TRACE] 帧 格网
[11:32:30.686] [TRACE] 帧 开始
[11:32:30.687] [TRACE] 帧 格网趟
[11:32:30.687] [TRACE] 帧 场景趟
[11:32:30.687] [TRACE] 帧 高亮趟
[11:32:30.687] [TRACE] 帧 叠加趟
[11:32:30.687] [TRACE] 帧 光标趟
[11:32:30.687] [TRACE] 帧 结束
[11:32:30.692] [TRACE] 帧 公告板
[11:32:30.693] [TRACE] 帧 格网
[11:32:30.693] [TRACE] 帧 开始
[11:32:30.693] [TRACE] 帧 格网趟
[11:32:30.693] [TRACE] 帧 场景趟
[11:32:30.694] [TRACE] 帧 高亮趟
[11:32:30.694] [TRACE] 帧 叠加趟
[11:32:30.694] [TRACE] 帧 光标趟
[11:32:30.694] [TRACE] 帧 结束
[11:32:30.700] [TRACE] 帧 公告板
[11:32:30.700] [TRACE] 帧 格网
[11:32:30.701] [TRACE] 帧 开始
[11:32:30.701] [TRACE] 帧 格网趟
[11:32:30.701] [TRACE] 帧 场景趟
[11:32:30.701] [TRACE] 帧 高亮趟
[11:32:30.701] [TRACE] 帧 叠加趟
[11:32:30.702] [TRACE] 帧 光标趟
[11:32:30.702] [TRACE] 帧 结束
[11:32:30.706] [TRACE] 帧 公告板
[11:32:30.706] [TRACE] 帧 格网
[11:32:30.707] [TRACE] 帧 开始
[11:32:30.707] [TRACE] 帧 格网趟
[11:32:30.707] [TRACE] 帧 场景趟
[11:32:30.707] [TRACE] 帧 高亮趟
[11:32:30.707] [TRACE] 帧 叠加趟
[11:32:30.707] [TRACE] 帧 光标趟
[11:32:30.707] [TRACE] 帧 结束
[11:32:30.713] [TRACE] 帧 公告板
[11:32:30.713] [TRACE] 帧 格网
[11:32:30.714] [TRACE] 帧 开始
[11:32:30.714] [TRACE] 帧 格网趟
[11:32:30.714] [TRACE] 帧 场景趟
[11:32:30.714] [TRACE] 帧 高亮趟
[11:32:30.714] [TRACE] 帧 叠加趟
[11:32:30.714] [TRACE] 帧 光标趟
[11:32:30.714] [TRACE] 帧 结束
[11:32:30.722] [TRACE] 帧 公告板
[11:32:30.722] [TRACE] 帧 格网
[11:32:30.722] [TRACE] 帧 开始
[11:32:30.722] [TRACE] 帧 格网趟
[11:32:30.723] [TRACE] 帧 场景趟
[11:32:30.723] [TRACE] 帧 高亮趟
[11:32:30.723] [TRACE] 帧 叠加趟
[11:32:30.723] [TRACE] 帧 光标趟
[11:32:30.723] [TRACE] 帧 结束
[11:32:30.727] [TRACE] 帧 公告板
[11:32:30.727] [TRACE] 帧 格网
[11:32:30.727] [TRACE] 帧 开始
[11:32:30.728] [TRACE] 帧 格网趟
[11:32:30.728] [TRACE] 帧 场景趟
[11:32:30.728] [TRACE] 帧 高亮趟
[11:32:30.728] [TRACE] 帧 叠加趟
[11:32:30.728] [TRACE] 帧 光标趟
[11:32:30.729] [TRACE] 帧 结束
[11:32:30.735] [TRACE] 帧 公告板
[11:32:30.735] [TRACE] 帧 格网
[11:32:30.735] [TRACE] 帧 开始
[11:32:30.736] [TRACE] 帧 格网趟
[11:32:30.736] [TRACE] 帧 场景趟
[11:32:30.736] [TRACE] 帧 高亮趟
[11:32:30.736] [TRACE] 帧 叠加趟
[11:32:30.736] [TRACE] 帧 光标趟
[11:32:30.737] [TRACE] 帧 结束
[11:32:30.741] [TRACE] 帧 公告板
[11:32:30.741] [TRACE] 帧 格网
[11:32:30.741] [TRACE] 帧 开始
[11:32:30.742] [TRACE] 帧 格网趟
[11:32:30.742] [TRACE] 帧 场景趟
[11:32:30.742] [TRACE] 帧 高亮趟
[11:32:30.742] [TRACE] 帧 叠加趟
[11:32:30.742] [TRACE] 帧 光标趟
[11:32:30.742] [TRACE] 帧 结束
[11:32:30.749] [TRACE] 帧 公告板
[11:32:30.749] [TRACE] 帧 格网
[11:32:30.749] [TRACE] 帧 开始
[11:32:30.749] [TRACE] 帧 格网趟
[11:32:30.750] [TRACE] 帧 场景趟
[11:32:30.750] [TRACE] 帧 高亮趟
[11:32:30.750] [TRACE] 帧 叠加趟
[11:32:30.750] [TRACE] 帧 光标趟
[11:32:30.750] [TRACE] 帧 结束
[11:32:30.755] [TRACE] 帧 公告板
[11:32:30.755] [TRACE] 帧 格网
[11:32:30.756] [TRACE] 帧 开始
[11:32:30.756] [TRACE] 帧 格网趟
[11:32:30.756] [TRACE] 帧 场景趟
[11:32:30.756] [TRACE] 帧 高亮趟
[11:32:30.756] [TRACE] 帧 叠加趟
[11:32:30.756] [TRACE] 帧 光标趟
[11:32:30.756] [TRACE] 帧 结束
[11:32:30.762] [TRACE] 帧 公告板
[11:32:30.762] [TRACE] 帧 格网
[11:32:30.763] [TRACE] 帧 开始
[11:32:30.763] [TRACE] 帧 格网趟
[11:32:30.763] [TRACE] 帧 场景趟
[11:32:30.763] [TRACE] 帧 高亮趟
[11:32:30.763] [TRACE] 帧 叠加趟
[11:32:30.764] [TRACE] 帧 光标趟
[11:32:30.764] [TRACE] 帧 结束
[11:32:30.769] [TRACE] 帧 公告板
[11:32:30.769] [TRACE] 帧 格网
[11:32:30.770] [TRACE] 帧 开始
[11:32:30.770] [TRACE] 帧 格网趟
[11:32:30.770] [TRACE] 帧 场景趟
[11:32:30.770] [TRACE] 帧 高亮趟
[11:32:30.770] [TRACE] 帧 叠加趟
[11:32:30.771] [TRACE] 帧 光标趟
[11:32:30.771] [TRACE] 帧 结束
[11:32:30.776] [TRACE] 帧 公告板
[11:32:30.776] [TRACE] 帧 格网
[11:32:30.776] [TRACE] 帧 开始
[11:32:30.776] [TRACE] 帧 格网趟
[11:32:30.776] [TRACE] 帧 场景趟
[11:32:30.777] [TRACE] 帧 高亮趟
[11:32:30.777] [TRACE] 帧 叠加趟
[11:32:30.777] [TRACE] 帧 光标趟
[11:32:30.777] [TRACE] 帧 结束
[11:32:30.784] [TRACE] 帧 公告板
[11:32:30.784] [TRACE] 帧 格网
[11:32:30.784] [TRACE] 帧 开始
[11:32:30.784] [TRACE] 帧 格网趟
[11:32:30.784] [TRACE] 帧 场景趟
[11:32:30.785] [TRACE] 帧 高亮趟
[11:32:30.785] [TRACE] 帧 叠加趟
[11:32:30.785] [TRACE] 帧 光标趟
[11:32:30.785] [TRACE] 帧 结束
[11:32:30.789] [TRACE] 帧 公告板
[11:32:30.790] [TRACE] 帧 格网
[11:32:30.790] [TRACE] 帧 开始
[11:32:30.790] [TRACE] 帧 格网趟
[11:32:30.790] [TRACE] 帧 场景趟
[11:32:30.790] [TRACE] 帧 高亮趟
[11:32:30.790] [TRACE] 帧 叠加趟
[11:32:30.791] [TRACE] 帧 光标趟
[11:32:30.791] [TRACE] 帧 结束
[11:32:30.797] [TRACE] 帧 公告板
[11:32:30.797] [TRACE] 帧 格网
[11:32:30.797] [TRACE] 帧 开始
[11:32:30.797] [TRACE] 帧 格网趟
[11:32:30.798] [TRACE] 帧 场景趟
[11:32:30.798] [TRACE] 帧 高亮趟
[11:32:30.798] [TRACE] 帧 叠加趟
[11:32:30.798] [TRACE] 帧 光标趟
[11:32:30.798] [TRACE] 帧 结束
[11:32:30.805] [TRACE] 帧 公告板
[11:32:30.805] [TRACE] 帧 格网
[11:32:30.805] [TRACE] 帧 开始
[11:32:30.805] [TRACE] 帧 格网趟
[11:32:30.806] [TRACE] 帧 场景趟
[11:32:30.806] [TRACE] 帧 高亮趟
[11:32:30.806] [TRACE] 帧 叠加趟
[11:32:30.806] [TRACE] 帧 光标趟
[11:32:30.807] [TRACE] 帧 结束
[11:32:30.810] [TRACE] 帧 公告板
[11:32:30.811] [TRACE] 帧 格网
[11:32:30.811] [TRACE] 帧 开始
[11:32:30.811] [TRACE] 帧 格网趟
[11:32:30.811] [TRACE] 帧 场景趟
[11:32:30.811] [TRACE] 帧 高亮趟
[11:32:30.812] [TRACE] 帧 叠加趟
[11:32:30.812] [TRACE] 帧 光标趟
[11:32:30.812] [TRACE] 帧 结束
[11:32:30.818] [TRACE] 帧 公告板
[11:32:30.819] [TRACE] 帧 格网
[11:32:30.819] [TRACE] 帧 开始
[11:32:30.819] [TRACE] 帧 格网趟
[11:32:30.819] [TRACE] 帧 场景趟
[11:32:30.819] [TRACE] 帧 高亮趟
[11:32:30.820] [TRACE] 帧 叠加趟
[11:32:30.820] [TRACE] 帧 光标趟
[11:32:30.820] [TRACE] 帧 结束
[11:32:30.824] [TRACE] 帧 公告板
[11:32:30.824] [TRACE] 帧 格网
[11:32:30.825] [TRACE] 帧 开始
[11:32:30.825] [TRACE] 帧 格网趟
[11:32:30.825] [TRACE] 帧 场景趟
[11:32:30.826] [TRACE] 帧 高亮趟
[11:32:30.826] [TRACE] 帧 叠加趟
[11:32:30.826] [TRACE] 帧 光标趟
[11:32:30.826] [TRACE] 帧 结束
[11:32:30.832] [TRACE] 帧 公告板
[11:32:30.832] [TRACE] 帧 格网
[11:32:30.832] [TRACE] 帧 开始
[11:32:30.833] [TRACE] 帧 格网趟
[11:32:30.833] [TRACE] 帧 场景趟
[11:32:30.833] [TRACE] 帧 高亮趟
[11:32:30.833] [TRACE] 帧 叠加趟
[11:32:30.833] [TRACE] 帧 光标趟
[11:32:30.834] [TRACE] 帧 结束
[11:32:30.838] [TRACE] 帧 公告板
[11:32:30.838] [TRACE] 帧 格网
[11:32:30.838] [TRACE] 帧 开始
[11:32:30.838] [TRACE] 帧 格网趟
[11:32:30.839] [TRACE] 帧 场景趟
[11:32:30.839] [TRACE] 帧 高亮趟
[11:32:30.839] [TRACE] 帧 叠加趟
[11:32:30.839] [TRACE] 帧 光标趟
[11:32:30.839] [TRACE] 帧 结束
[11:32:30.846] [TRACE] 帧 公告板
[11:32:30.846] [TRACE] 帧 格网
[11:32:30.846] [TRACE] 帧 开始
[11:32:30.846] [TRACE] 帧 格网趟
[11:32:30.846] [TRACE] 帧 场景趟
[11:32:30.846] [TRACE] 帧 高亮趟
[11:32:30.846] [TRACE] 帧 叠加趟
[11:32:30.847] [TRACE] 帧 光标趟
[11:32:30.847] [TRACE] 帧 结束
[11:32:30.853] [TRACE] 帧 公告板
[11:32:30.853] [TRACE] 帧 格网
[11:32:30.853] [TRACE] 帧 开始
[11:32:30.854] [TRACE] 帧 格网趟
[11:32:30.854] [TRACE] 帧 场景趟
[11:32:30.854] [TRACE] 帧 高亮趟
[11:32:30.854] [TRACE] 帧 叠加趟
[11:32:30.854] [TRACE] 帧 光标趟
[11:32:30.854] [TRACE] 帧 结束
[11:32:30.859] [TRACE] 帧 公告板
[11:32:30.860] [TRACE] 帧 格网
[11:32:30.860] [TRACE] 帧 开始
[11:32:30.860] [TRACE] 帧 格网趟
[11:32:30.860] [TRACE] 帧 场景趟
[11:32:30.860] [TRACE] 帧 高亮趟
[11:32:30.860] [TRACE] 帧 叠加趟
[11:32:30.860] [TRACE] 帧 光标趟
[11:32:30.861] [TRACE] 帧 结束
[11:32:30.867] [TRACE] 帧 公告板
[11:32:30.867] [TRACE] 帧 格网
[11:32:30.868] [TRACE] 帧 开始
[11:32:30.868] [TRACE] 帧 格网趟
[11:32:30.868] [TRACE] 帧 场景趟
[11:32:30.868] [TRACE] 帧 高亮趟
[11:32:30.868] [TRACE] 帧 叠加趟
[11:32:30.868] [TRACE] 帧 光标趟
[11:32:30.868] [TRACE] 帧 结束
[11:32:30.873] [TRACE] 帧 公告板
[11:32:30.874] [TRACE] 帧 格网
[11:32:30.874] [TRACE] 帧 开始
[11:32:30.874] [TRACE] 帧 格网趟
[11:32:30.874] [TRACE] 帧 场景趟
[11:32:30.874] [TRACE] 帧 高亮趟
[11:32:30.874] [TRACE] 帧 叠加趟
[11:32:30.874] [TRACE] 帧 光标趟
[11:32:30.875] [TRACE] 帧 结束
[11:32:30.880] [TRACE] 帧 公告板
[11:32:30.880] [TRACE] 帧 格网
[11:32:30.880] [TRACE] 帧 开始
[11:32:30.880] [TRACE] 帧 格网趟
[11:32:30.881] [TRACE] 帧 场景趟
[11:32:30.881] [TRACE] 帧 高亮趟
[11:32:30.881] [TRACE] 帧 叠加趟
[11:32:30.881] [TRACE] 帧 光标趟
[11:32:30.881] [TRACE] 帧 结束
[11:32:30.888] [TRACE] 帧 公告板
[11:32:30.888] [TRACE] 帧 格网
[11:32:30.889] [TRACE] 帧 开始
[11:32:30.889] [TRACE] 帧 格网趟
[11:32:30.889] [TRACE] 帧 场景趟
[11:32:30.889] [TRACE] 帧 高亮趟
[11:32:30.889] [TRACE] 帧 叠加趟
[11:32:30.889] [TRACE] 帧 光标趟
[11:32:30.889] [TRACE] 帧 结束
[11:32:30.894] [TRACE] 帧 公告板
[11:32:30.894] [TRACE] 帧 格网
[11:32:30.894] [TRACE] 帧 开始
[11:32:30.894] [TRACE] 帧 格网趟
[11:32:30.895] [TRACE] 帧 场景趟
[11:32:30.895] [TRACE] 帧 高亮趟
[11:32:30.895] [TRACE] 帧 叠加趟
[11:32:30.895] [TRACE] 帧 光标趟
[11:32:30.895] [TRACE] 帧 结束
[11:32:30.902] [TRACE] 帧 公告板
[11:32:30.902] [TRACE] 帧 格网
[11:32:30.902] [TRACE] 帧 开始
[11:32:30.902] [TRACE] 帧 格网趟
[11:32:30.902] [TRACE] 帧 场景趟
[11:32:30.903] [TRACE] 帧 高亮趟
[11:32:30.903] [TRACE] 帧 叠加趟
[11:32:30.903] [TRACE] 帧 光标趟
[11:32:30.903] [TRACE] 帧 结束
[11:32:30.908] [TRACE] 帧 公告板
[11:32:30.908] [TRACE] 帧 格网
[11:32:30.908] [TRACE] 帧 开始
[11:32:30.909] [TRACE] 帧 格网趟
[11:32:30.909] [TRACE] 帧 场景趟
[11:32:30.909] [TRACE] 帧 高亮趟
[11:32:30.909] [TRACE] 帧 叠加趟
[11:32:30.909] [TRACE] 帧 光标趟
[11:32:30.909] [TRACE] 帧 结束
[11:32:30.915] [TRACE] 帧 公告板
[11:32:30.916] [TRACE] 帧 格网
[11:32:30.916] [TRACE] 帧 开始
[11:32:30.916] [TRACE] 帧 格网趟
[11:32:30.916] [TRACE] 帧 场景趟
[11:32:30.916] [TRACE] 帧 高亮趟
[11:32:30.916] [TRACE] 帧 叠加趟
[11:32:30.917] [TRACE] 帧 光标趟
[11:32:30.917] [TRACE] 帧 结束
[11:32:30.921] [TRACE] 帧 公告板
[11:32:30.922] [TRACE] 帧 格网
[11:32:30.922] [TRACE] 帧 开始
[11:32:30.922] [TRACE] 帧 格网趟
[11:32:30.922] [TRACE] 帧 场景趟
[11:32:30.922] [TRACE] 帧 高亮趟
[11:32:30.922] [TRACE] 帧 叠加趟
[11:32:30.922] [TRACE] 帧 光标趟
[11:32:30.922] [TRACE] 帧 结束
[11:32:30.929] [TRACE] 帧 公告板
[11:32:30.929] [TRACE] 帧 格网
[11:32:30.929] [TRACE] 帧 开始
[11:32:30.930] [TRACE] 帧 格网趟
[11:32:30.930] [TRACE] 帧 场景趟
[11:32:30.930] [TRACE] 帧 高亮趟
[11:32:30.930] [TRACE] 帧 叠加趟
[11:32:30.930] [TRACE] 帧 光标趟
[11:32:30.931] [TRACE] 帧 结束
[11:32:30.936] [TRACE] 帧 公告板
[11:32:30.937] [TRACE] 帧 格网
[11:32:30.937] [TRACE] 帧 开始
[11:32:30.937] [TRACE] 帧 格网趟
[11:32:30.937] [TRACE] 帧 场景趟
[11:32:30.938] [TRACE] 帧 高亮趟
[11:32:30.938] [TRACE] 帧 叠加趟
[11:32:30.938] [TRACE] 帧 光标趟
[11:32:30.938] [TRACE] 帧 结束
[11:32:30.943] [TRACE] 帧 公告板
[11:32:30.943] [TRACE] 帧 格网
[11:32:30.943] [TRACE] 帧 开始
[11:32:30.943] [TRACE] 帧 格网趟
[11:32:30.944] [TRACE] 帧 场景趟
[11:32:30.944] [TRACE] 帧 高亮趟
[11:32:30.944] [TRACE] 帧 叠加趟
[11:32:30.944] [TRACE] 帧 光标趟
[11:32:30.944] [TRACE] 帧 结束
[11:32:30.950] [TRACE] 帧 公告板
[11:32:30.951] [TRACE] 帧 格网
[11:32:30.951] [TRACE] 帧 开始
[11:32:30.951] [TRACE] 帧 格网趟
[11:32:30.951] [TRACE] 帧 场景趟
[11:32:30.951] [TRACE] 帧 高亮趟
[11:32:30.952] [TRACE] 帧 叠加趟
[11:32:30.952] [TRACE] 帧 光标趟
[11:32:30.952] [TRACE] 帧 结束
[11:32:30.956] [TRACE] 帧 公告板
[11:32:30.956] [TRACE] 帧 格网
[11:32:30.957] [TRACE] 帧 开始
[11:32:30.957] [TRACE] 帧 格网趟
[11:32:30.957] [TRACE] 帧 场景趟
[11:32:30.957] [TRACE] 帧 高亮趟
[11:32:30.957] [TRACE] 帧 叠加趟
[11:32:30.958] [TRACE] 帧 光标趟
[11:32:30.958] [TRACE] 帧 结束
[11:32:30.963] [TRACE] 帧 公告板
[11:32:30.963] [TRACE] 帧 格网
[11:32:30.964] [TRACE] 帧 开始
[11:32:30.964] [TRACE] 帧 格网趟
[11:32:30.964] [TRACE] 帧 场景趟
[11:32:30.964] [TRACE] 帧 高亮趟
[11:32:30.964] [TRACE] 帧 叠加趟
[11:32:30.965] [TRACE] 帧 光标趟
[11:32:30.965] [TRACE] 帧 结束
[11:32:30.971] [TRACE] 帧 公告板
[11:32:30.972] [TRACE] 帧 格网
[11:32:30.972] [TRACE] 帧 开始
[11:32:30.972] [TRACE] 帧 格网趟
[11:32:30.972] [TRACE] 帧 场景趟
[11:32:30.972] [TRACE] 帧 高亮趟
[11:32:30.972] [TRACE] 帧 叠加趟
[11:32:30.973] [TRACE] 帧 光标趟
[11:32:30.973] [TRACE] 帧 结束
[11:32:30.977] [TRACE] 帧 公告板
[11:32:30.979] [TRACE] 帧 格网
[11:32:30.979] [TRACE] 帧 开始
[11:32:30.979] [TRACE] 帧 格网趟
[11:32:30.979] [TRACE] 帧 场景趟
[11:32:30.979] [TRACE] 帧 高亮趟
[11:32:30.979] [TRACE] 帧 叠加趟
[11:32:30.979] [TRACE] 帧 光标趟
[11:32:30.979] [TRACE] 帧 结束
[11:32:30.985] [TRACE] 帧 公告板
[11:32:30.985] [TRACE] 帧 格网
[11:32:30.986] [TRACE] 帧 开始
[11:32:30.986] [TRACE] 帧 格网趟
[11:32:30.986] [TRACE] 帧 场景趟
[11:32:30.986] [TRACE] 帧 高亮趟
[11:32:30.986] [TRACE] 帧 叠加趟
[11:32:30.986] [TRACE] 帧 光标趟
[11:32:30.986] [TRACE] 帧 结束
[11:32:30.991] [TRACE] 帧 公告板
[11:32:30.992] [TRACE] 帧 格网
[11:32:30.992] [TRACE] 帧 开始
[11:32:30.992] [TRACE] 帧 格网趟
[11:32:30.992] [TRACE] 帧 场景趟
[11:32:30.992] [TRACE] 帧 高亮趟
[11:32:30.992] [TRACE] 帧 叠加趟
[11:32:30.993] [TRACE] 帧 光标趟
[11:32:30.993] [TRACE] 帧 结束
[11:32:30.999] [TRACE] 帧 公告板
[11:32:30.999] [TRACE] 帧 格网
[11:32:30.999] [TRACE] 帧 开始
[11:32:30.999] [TRACE] 帧 格网趟
[11:32:30.999] [TRACE] 帧 场景趟
[11:32:30.999] [TRACE] 帧 高亮趟
[11:32:31.000] [TRACE] 帧 叠加趟
[11:32:31.000] [TRACE] 帧 光标趟
[11:32:31.000] [TRACE] 帧 结束
[11:32:31.005] [TRACE] 帧 公告板
[11:32:31.005] [TRACE] 帧 格网
[11:32:31.005] [TRACE] 帧 开始
[11:32:31.006] [TRACE] 帧 格网趟
[11:32:31.006] [TRACE] 帧 场景趟
[11:32:31.006] [TRACE] 帧 高亮趟
[11:32:31.006] [TRACE] 帧 叠加趟
[11:32:31.006] [TRACE] 帧 光标趟
[11:32:31.007] [TRACE] 帧 结束
[11:32:31.012] [TRACE] 帧 公告板
[11:32:31.013] [TRACE] 帧 格网
[11:32:31.013] [TRACE] 帧 开始
[11:32:31.013] [TRACE] 帧 格网趟
[11:32:31.013] [TRACE] 帧 场景趟
[11:32:31.013] [TRACE] 帧 高亮趟
[11:32:31.013] [TRACE] 帧 叠加趟
[11:32:31.013] [TRACE] 帧 光标趟
[11:32:31.014] [TRACE] 帧 结束
[11:32:31.020] [TRACE] 帧 公告板
[11:32:31.020] [TRACE] 帧 格网
[11:32:31.020] [TRACE] 帧 开始
[11:32:31.020] [TRACE] 帧 格网趟
[11:32:31.020] [TRACE] 帧 场景趟
[11:32:31.021] [TRACE] 帧 高亮趟
[11:32:31.021] [TRACE] 帧 叠加趟
[11:32:31.021] [TRACE] 帧 光标趟
[11:32:31.021] [TRACE] 帧 结束
[11:32:31.026] [TRACE] 帧 公告板
[11:32:31.026] [TRACE] 帧 格网
[11:32:31.027] [TRACE] 帧 开始
[11:32:31.027] [TRACE] 帧 格网趟
[11:32:31.027] [TRACE] 帧 场景趟
[11:32:31.027] [TRACE] 帧 高亮趟
[11:32:31.027] [TRACE] 帧 叠加趟
[11:32:31.027] [TRACE] 帧 光标趟
[11:32:31.027] [TRACE] 帧 结束
[11:32:31.034] [TRACE] 帧 公告板
[11:32:31.034] [TRACE] 帧 格网
[11:32:31.034] [TRACE] 帧 开始
[11:32:31.035] [TRACE] 帧 格网趟
[11:32:31.035] [TRACE] 帧 场景趟
[11:32:31.035] [TRACE] 帧 高亮趟
[11:32:31.035] [TRACE] 帧 叠加趟
[11:32:31.035] [TRACE] 帧 光标趟
[11:32:31.035] [TRACE] 帧 结束
[11:32:31.040] [TRACE] 帧 公告板
[11:32:31.040] [TRACE] 帧 格网
[11:32:31.040] [TRACE] 帧 开始
[11:32:31.040] [TRACE] 帧 格网趟
[11:32:31.040] [TRACE] 帧 场景趟
[11:32:31.040] [TRACE] 帧 高亮趟
[11:32:31.041] [TRACE] 帧 叠加趟
[11:32:31.041] [TRACE] 帧 光标趟
[11:32:31.041] [TRACE] 帧 结束
[11:32:31.047] [TRACE] 帧 公告板
[11:32:31.047] [TRACE] 帧 格网
[11:32:31.047] [TRACE] 帧 开始
[11:32:31.047] [TRACE] 帧 格网趟
[11:32:31.047] [TRACE] 帧 场景趟
[11:32:31.047] [TRACE] 帧 高亮趟
[11:32:31.047] [TRACE] 帧 叠加趟
[11:32:31.048] [TRACE] 帧 光标趟
[11:32:31.048] [TRACE] 帧 结束
[11:32:31.055] [TRACE] 帧 公告板
[11:32:31.055] [TRACE] 帧 格网
[11:32:31.055] [TRACE] 帧 开始
[11:32:31.055] [TRACE] 帧 格网趟
[11:32:31.055] [TRACE] 帧 场景趟
[11:32:31.056] [TRACE] 帧 高亮趟
[11:32:31.056] [TRACE] 帧 叠加趟
[11:32:31.056] [TRACE] 帧 光标趟
[11:32:31.056] [TRACE] 帧 结束
[11:32:31.060] [TRACE] 帧 公告板
[11:32:31.061] [TRACE] 帧 格网
[11:32:31.061] [TRACE] 帧 开始
[11:32:31.061] [TRACE] 帧 格网趟
[11:32:31.061] [TRACE] 帧 场景趟
[11:32:31.061] [TRACE] 帧 高亮趟
[11:32:31.062] [TRACE] 帧 叠加趟
[11:32:31.062] [TRACE] 帧 光标趟
[11:32:31.062] [TRACE] 帧 结束
[11:32:31.068] [TRACE] 帧 公告板
[11:32:31.069] [TRACE] 帧 格网
[11:32:31.069] [TRACE] 帧 开始
[11:32:31.069] [TRACE] 帧 格网趟
[11:32:31.069] [TRACE] 帧 场景趟
[11:32:31.069] [TRACE] 帧 高亮趟
[11:32:31.069] [TRACE] 帧 叠加趟
[11:32:31.070] [TRACE] 帧 光标趟
[11:32:31.070] [TRACE] 帧 结束
[11:32:31.075] [TRACE] 帧 公告板
[11:32:31.075] [TRACE] 帧 格网
[11:32:31.075] [TRACE] 帧 开始
[11:32:31.075] [TRACE] 帧 格网趟
[11:32:31.075] [TRACE] 帧 场景趟
[11:32:31.076] [TRACE] 帧 高亮趟
[11:32:31.076] [TRACE] 帧 叠加趟
[11:32:31.076] [TRACE] 帧 光标趟
[11:32:31.076] [TRACE] 帧 结束
[11:32:31.082] [TRACE] 帧 公告板
[11:32:31.082] [TRACE] 帧 格网
[11:32:31.082] [TRACE] 帧 开始
[11:32:31.082] [TRACE] 帧 格网趟
[11:32:31.083] [TRACE] 帧 场景趟
[11:32:31.083] [TRACE] 帧 高亮趟
[11:32:31.083] [TRACE] 帧 叠加趟
[11:32:31.083] [TRACE] 帧 光标趟
[11:32:31.083] [TRACE] 帧 结束
[11:32:31.088] [TRACE] 帧 公告板
[11:32:31.089] [TRACE] 帧 格网
[11:32:31.089] [TRACE] 帧 开始
[11:32:31.089] [TRACE] 帧 格网趟
[11:32:31.089] [TRACE] 帧 场景趟
[11:32:31.089] [TRACE] 帧 高亮趟
[11:32:31.089] [TRACE] 帧 叠加趟
[11:32:31.089] [TRACE] 帧 光标趟
[11:32:31.090] [TRACE] 帧 结束
[11:32:31.096] [TRACE] 帧 公告板
[11:32:31.096] [TRACE] 帧 格网
[11:32:31.096] [TRACE] 帧 开始
[11:32:31.096] [TRACE] 帧 格网趟
[11:32:31.096] [TRACE] 帧 场景趟
[11:32:31.096] [TRACE] 帧 高亮趟
[11:32:31.097] [TRACE] 帧 叠加趟
[11:32:31.097] [TRACE] 帧 光标趟
[11:32:31.097] [TRACE] 帧 结束
[11:32:31.103] [TRACE] 帧 公告板
[11:32:31.103] [TRACE] 帧 格网
[11:32:31.103] [TRACE] 帧 开始
[11:32:31.104] [TRACE] 帧 格网趟
[11:32:31.119] [TRACE] 帧 场景趟
[11:32:31.120] [TRACE] 帧 高亮趟
[11:32:31.120] [TRACE] 帧 叠加趟
[11:32:31.120] [TRACE] 帧 光标趟
[11:32:31.120] [TRACE] 帧 结束
[11:32:31.123] [TRACE] 帧 公告板
[11:32:31.123] [TRACE] 帧 格网
[11:32:31.124] [TRACE] 帧 开始
[11:32:31.124] [TRACE] 帧 格网趟
[11:32:31.124] [TRACE] 帧 场景趟
[11:32:31.124] [TRACE] 帧 高亮趟
[11:32:31.124] [TRACE] 帧 叠加趟
[11:32:31.124] [TRACE] 帧 光标趟
[11:32:31.124] [TRACE] 帧 结束
[11:32:31.130] [TRACE] 帧 公告板
[11:32:31.130] [TRACE] 帧 格网
[11:32:31.131] [TRACE] 帧 开始
[11:32:31.131] [TRACE] 帧 格网趟
[11:32:31.131] [TRACE] 帧 场景趟
[11:32:31.131] [TRACE] 帧 高亮趟
[11:32:31.131] [TRACE] 帧 叠加趟
[11:32:31.132] [TRACE] 帧 光标趟
[11:32:31.132] [TRACE] 帧 结束
[11:32:31.138] [TRACE] 帧 公告板
[11:32:31.138] [TRACE] 帧 格网
[11:32:31.139] [TRACE] 帧 开始
[11:32:31.139] [TRACE] 帧 格网趟
[11:32:31.139] [TRACE] 帧 场景趟
[11:32:31.139] [TRACE] 帧 高亮趟
[11:32:31.139] [TRACE] 帧 叠加趟
[11:32:31.139] [TRACE] 帧 光标趟
[11:32:31.140] [TRACE] 帧 结束
[11:32:31.144] [TRACE] 帧 公告板
[11:32:31.144] [TRACE] 帧 格网
[11:32:31.144] [TRACE] 帧 开始
[11:32:31.144] [TRACE] 帧 格网趟
[11:32:31.144] [TRACE] 帧 场景趟
[11:32:31.144] [TRACE] 帧 高亮趟
[11:32:31.145] [TRACE] 帧 叠加趟
[11:32:31.145] [TRACE] 帧 光标趟
[11:32:31.145] [TRACE] 帧 结束
[11:32:31.152] [TRACE] 帧 公告板
[11:32:31.152] [TRACE] 帧 格网
[11:32:31.153] [TRACE] 帧 开始
[11:32:31.153] [TRACE] 帧 格网趟
[11:32:31.153] [TRACE] 帧 场景趟
[11:32:31.153] [TRACE] 帧 高亮趟
[11:32:31.153] [TRACE] 帧 叠加趟
[11:32:31.153] [TRACE] 帧 光标趟
[11:32:31.153] [TRACE] 帧 结束
[11:32:31.158] [TRACE] 帧 公告板
[11:32:31.158] [TRACE] 帧 格网
[11:32:31.158] [TRACE] 帧 开始
[11:32:31.158] [TRACE] 帧 格网趟
[11:32:31.158] [TRACE] 帧 场景趟
[11:32:31.158] [TRACE] 帧 高亮趟
[11:32:31.159] [TRACE] 帧 叠加趟
[11:32:31.159] [TRACE] 帧 光标趟
[11:32:31.159] [TRACE] 帧 结束
[11:32:31.165] [TRACE] 帧 公告板
[11:32:31.166] [TRACE] 帧 格网
[11:32:31.166] [TRACE] 帧 开始
[11:32:31.166] [TRACE] 帧 格网趟
[11:32:31.166] [TRACE] 帧 场景趟
[11:32:31.166] [TRACE] 帧 高亮趟
[11:32:31.166] [TRACE] 帧 叠加趟
[11:32:31.166] [TRACE] 帧 光标趟
[11:32:31.167] [TRACE] 帧 结束
[11:32:31.172] [TRACE] 帧 公告板
[11:32:31.172] [TRACE] 帧 格网
[11:32:31.172] [TRACE] 帧 开始
[11:32:31.172] [TRACE] 帧 格网趟
[11:32:31.172] [TRACE] 帧 场景趟
[11:32:31.173] [TRACE] 帧 高亮趟
[11:32:31.173] [TRACE] 帧 叠加趟
[11:32:31.173] [TRACE] 帧 光标趟
[11:32:31.173] [TRACE] 帧 结束
[11:32:31.179] [TRACE] 帧 公告板
[11:32:31.179] [TRACE] 帧 格网
[11:32:31.179] [TRACE] 帧 开始
[11:32:31.179] [TRACE] 帧 格网趟
[11:32:31.180] [TRACE] 帧 场景趟
[11:32:31.180] [TRACE] 帧 高亮趟
[11:32:31.180] [TRACE] 帧 叠加趟
[11:32:31.180] [TRACE] 帧 光标趟
[11:32:31.180] [TRACE] 帧 结束
[11:32:31.186] [TRACE] 帧 公告板
[11:32:31.187] [TRACE] 帧 格网
[11:32:31.187] [TRACE] 帧 开始
[11:32:31.187] [TRACE] 帧 格网趟
[11:32:31.187] [TRACE] 帧 场景趟
[11:32:31.187] [TRACE] 帧 高亮趟
[11:32:31.187] [TRACE] 帧 叠加趟
[11:32:31.187] [TRACE] 帧 光标趟
[11:32:31.187] [TRACE] 帧 结束
[11:32:31.193] [TRACE] 帧 公告板
[11:32:31.193] [TRACE] 帧 格网
[11:32:31.193] [TRACE] 帧 开始
[11:32:31.193] [TRACE] 帧 格网趟
[11:32:31.193] [TRACE] 帧 场景趟
[11:32:31.194] [TRACE] 帧 高亮趟
[11:32:31.194] [TRACE] 帧 叠加趟
[11:32:31.194] [TRACE] 帧 光标趟
[11:32:31.194] [TRACE] 帧 结束
[11:32:31.200] [TRACE] 帧 公告板
[11:32:31.200] [TRACE] 帧 格网
[11:32:31.201] [TRACE] 帧 开始
[11:32:31.201] [TRACE] 帧 格网趟
[11:32:31.201] [TRACE] 帧 场景趟
[11:32:31.201] [TRACE] 帧 高亮趟
[11:32:31.201] [TRACE] 帧 叠加趟
[11:32:31.201] [TRACE] 帧 光标趟
[11:32:31.201] [TRACE] 帧 结束
[11:32:31.206] [TRACE] 帧 公告板
[11:32:31.206] [TRACE] 帧 格网
[11:32:31.207] [TRACE] 帧 开始
[11:32:31.207] [TRACE] 帧 格网趟
[11:32:31.207] [TRACE] 帧 场景趟
[11:32:31.207] [TRACE] 帧 高亮趟
[11:32:31.207] [TRACE] 帧 叠加趟
[11:32:31.207] [TRACE] 帧 光标趟
[11:32:31.207] [TRACE] 帧 结束
[11:32:31.214] [TRACE] 帧 公告板
[11:32:31.214] [TRACE] 帧 格网
[11:32:31.214] [TRACE] 帧 开始
[11:32:31.214] [TRACE] 帧 格网趟
[11:32:31.214] [TRACE] 帧 场景趟
[11:32:31.214] [TRACE] 帧 高亮趟
[11:32:31.214] [TRACE] 帧 叠加趟
[11:32:31.215] [TRACE] 帧 光标趟
[11:32:31.215] [TRACE] 帧 结束
[11:32:31.222] [TRACE] 帧 公告板
[11:32:31.222] [TRACE] 帧 格网
[11:32:31.222] [TRACE] 帧 开始
[11:32:31.222] [TRACE] 帧 格网趟
[11:32:31.222] [TRACE] 帧 场景趟
[11:32:31.223] [TRACE] 帧 高亮趟
[11:32:31.223] [TRACE] 帧 叠加趟
[11:32:31.223] [TRACE] 帧 光标趟
[11:32:31.223] [TRACE] 帧 结束
[11:32:31.227] [TRACE] 帧 公告板
[11:32:31.228] [TRACE] 帧 格网
[11:32:31.228] [TRACE] 帧 开始
[11:32:31.228] [TRACE] 帧 格网趟
[11:32:31.228] [TRACE] 帧 场景趟
[11:32:31.228] [TRACE] 帧 高亮趟
[11:32:31.229] [TRACE] 帧 叠加趟
[11:32:31.229] [TRACE] 帧 光标趟
[11:32:31.229] [TRACE] 帧 结束
[11:32:31.235] [TRACE] 帧 公告板
[11:32:31.236] [TRACE] 帧 格网
[11:32:31.236] [TRACE] 帧 开始
[11:32:31.236] [TRACE] 帧 格网趟
[11:32:31.236] [TRACE] 帧 场景趟
[11:32:31.236] [TRACE] 帧 高亮趟
[11:32:31.236] [TRACE] 帧 叠加趟
[11:32:31.237] [TRACE] 帧 光标趟
[11:32:31.237] [TRACE] 帧 结束
[11:32:31.242] [TRACE] 帧 公告板
[11:32:31.242] [TRACE] 帧 格网
[11:32:31.242] [TRACE] 帧 开始
[11:32:31.242] [TRACE] 帧 格网趟
[11:32:31.242] [TRACE] 帧 场景趟
[11:32:31.242] [TRACE] 帧 高亮趟
[11:32:31.242] [TRACE] 帧 叠加趟
[11:32:31.243] [TRACE] 帧 光标趟
[11:32:31.243] [TRACE] 帧 结束
[11:32:31.249] [TRACE] 帧 公告板
[11:32:31.249] [TRACE] 帧 格网
[11:32:31.249] [TRACE] 帧 开始
[11:32:31.250] [TRACE] 帧 格网趟
[11:32:31.250] [TRACE] 帧 场景趟
[11:32:31.250] [TRACE] 帧 高亮趟
[11:32:31.250] [TRACE] 帧 叠加趟
[11:32:31.250] [TRACE] 帧 光标趟
[11:32:31.250] [TRACE] 帧 结束
[11:32:31.255] [TRACE] 帧 公告板
[11:32:31.255] [TRACE] 帧 格网
[11:32:31.256] [TRACE] 帧 开始
[11:32:31.256] [TRACE] 帧 格网趟
[11:32:31.256] [TRACE] 帧 场景趟
[11:32:31.256] [TRACE] 帧 高亮趟
[11:32:31.256] [TRACE] 帧 叠加趟
[11:32:31.256] [TRACE] 帧 光标趟
[11:32:31.256] [TRACE] 帧 结束
[11:32:31.262] [TRACE] 帧 公告板
[11:32:31.263] [TRACE] 帧 格网
[11:32:31.263] [TRACE] 帧 开始
[11:32:31.263] [TRACE] 帧 格网趟
[11:32:31.263] [TRACE] 帧 场景趟
[11:32:31.263] [TRACE] 帧 高亮趟
[11:32:31.263] [TRACE] 帧 叠加趟
[11:32:31.263] [TRACE] 帧 光标趟
[11:32:31.264] [TRACE] 帧 结束
[11:32:31.270] [TRACE] 帧 公告板
[11:32:31.270] [TRACE] 帧 格网
[11:32:31.270] [TRACE] 帧 开始
[11:32:31.271] [TRACE] 帧 格网趟
[11:32:31.271] [TRACE] 帧 场景趟
[11:32:31.271] [TRACE] 帧 高亮趟
[11:32:31.271] [TRACE] 帧 叠加趟
[11:32:31.271] [TRACE] 帧 光标趟
[11:32:31.271] [TRACE] 帧 结束
[11:32:31.276] [TRACE] 帧 公告板
[11:32:31.277] [TRACE] 帧 格网
[11:32:31.277] [TRACE] 帧 开始
[11:32:31.277] [TRACE] 帧 格网趟
[11:32:31.277] [TRACE] 帧 场景趟
[11:32:31.277] [TRACE] 帧 高亮趟
[11:32:31.277] [TRACE] 帧 叠加趟
[11:32:31.277] [TRACE] 帧 光标趟
[11:32:31.278] [TRACE] 帧 结束
[11:32:31.284] [TRACE] 帧 公告板
[11:32:31.284] [TRACE] 帧 格网
[11:32:31.284] [TRACE] 帧 开始
[11:32:31.284] [TRACE] 帧 格网趟
[11:32:31.285] [TRACE] 帧 场景趟
[11:32:31.285] [TRACE] 帧 高亮趟
[11:32:31.285] [TRACE] 帧 叠加趟
[11:32:31.285] [TRACE] 帧 光标趟
[11:32:31.285] [TRACE] 帧 结束
[11:32:31.290] [TRACE] 帧 公告板
[11:32:31.290] [TRACE] 帧 格网
[11:32:31.290] [TRACE] 帧 开始
[11:32:31.291] [TRACE] 帧 格网趟
[11:32:31.291] [TRACE] 帧 场景趟
[11:32:31.291] [TRACE] 帧 高亮趟
[11:32:31.291] [TRACE] 帧 叠加趟
[11:32:31.291] [TRACE] 帧 光标趟
[11:32:31.291] [TRACE] 帧 结束
[11:32:31.297] [TRACE] 帧 公告板
[11:32:31.297] [TRACE] 帧 格网
[11:32:31.297] [TRACE] 帧 开始
[11:32:31.297] [TRACE] 帧 格网趟
[11:32:31.297] [TRACE] 帧 场景趟
[11:32:31.298] [TRACE] 帧 高亮趟
[11:32:31.298] [TRACE] 帧 叠加趟
[11:32:31.298] [TRACE] 帧 光标趟
[11:32:31.298] [TRACE] 帧 结束
[11:32:31.305] [TRACE] 帧 公告板
[11:32:31.305] [TRACE] 帧 格网
[11:32:31.306] [TRACE] 帧 开始
[11:32:31.306] [TRACE] 帧 格网趟
[11:32:31.306] [TRACE] 帧 场景趟
[11:32:31.306] [TRACE] 帧 高亮趟
[11:32:31.306] [TRACE] 帧 叠加趟
[11:32:31.306] [TRACE] 帧 光标趟
[11:32:31.306] [TRACE] 帧 结束
[11:32:31.311] [TRACE] 帧 公告板
[11:32:31.311] [TRACE] 帧 格网
[11:32:31.311] [TRACE] 帧 开始
[11:32:31.311] [TRACE] 帧 格网趟
[11:32:31.312] [TRACE] 帧 场景趟
[11:32:31.312] [TRACE] 帧 高亮趟
[11:32:31.312] [TRACE] 帧 叠加趟
[11:32:31.312] [TRACE] 帧 光标趟
[11:32:31.312] [TRACE] 帧 结束
[11:32:31.319] [TRACE] 帧 公告板
[11:32:31.319] [TRACE] 帧 格网
[11:32:31.319] [TRACE] 帧 开始
[11:32:31.319] [TRACE] 帧 格网趟
[11:32:31.320] [TRACE] 帧 场景趟
[11:32:31.320] [TRACE] 帧 高亮趟
[11:32:31.320] [TRACE] 帧 叠加趟
[11:32:31.320] [TRACE] 帧 光标趟
[11:32:31.320] [TRACE] 帧 结束
[11:32:31.325] [TRACE] 帧 公告板
[11:32:31.325] [TRACE] 帧 格网
[11:32:31.325] [TRACE] 帧 开始
[11:32:31.325] [TRACE] 帧 格网趟
[11:32:31.326] [TRACE] 帧 场景趟
[11:32:31.326] [TRACE] 帧 高亮趟
[11:32:31.326] [TRACE] 帧 叠加趟
[11:32:31.326] [TRACE] 帧 光标趟
[11:32:31.326] [TRACE] 帧 结束
[11:32:31.332] [TRACE] 帧 公告板
[11:32:31.333] [TRACE] 帧 格网
[11:32:31.333] [TRACE] 帧 开始
[11:32:31.333] [TRACE] 帧 格网趟
[11:32:31.333] [TRACE] 帧 场景趟
[11:32:31.334] [TRACE] 帧 高亮趟
[11:32:31.334] [TRACE] 帧 叠加趟
[11:32:31.334] [TRACE] 帧 光标趟
[11:32:31.334] [TRACE] 帧 结束
[11:32:31.339] [TRACE] 帧 公告板
[11:32:31.339] [TRACE] 帧 格网
[11:32:31.339] [TRACE] 帧 开始
[11:32:31.339] [TRACE] 帧 格网趟
[11:32:31.340] [TRACE] 帧 场景趟
[11:32:31.340] [TRACE] 帧 高亮趟
[11:32:31.340] [TRACE] 帧 叠加趟
[11:32:31.340] [TRACE] 帧 光标趟
[11:32:31.340] [TRACE] 帧 结束
[11:32:31.346] [TRACE] 帧 公告板
[11:32:31.346] [TRACE] 帧 格网
[11:32:31.346] [TRACE] 帧 开始
[11:32:31.346] [TRACE] 帧 格网趟
[11:32:31.347] [TRACE] 帧 场景趟
[11:32:31.347] [TRACE] 帧 高亮趟
[11:32:31.347] [TRACE] 帧 叠加趟
[11:32:31.347] [TRACE] 帧 光标趟
[11:32:31.347] [TRACE] 帧 结束
[11:32:31.354] [TRACE] 帧 公告板
[11:32:31.354] [TRACE] 帧 格网
[11:32:31.354] [TRACE] 帧 开始
[11:32:31.354] [TRACE] 帧 格网趟
[11:32:31.355] [TRACE] 帧 场景趟
[11:32:31.355] [TRACE] 帧 高亮趟
[11:32:31.355] [TRACE] 帧 叠加趟
[11:32:31.355] [TRACE] 帧 光标趟
[11:32:31.355] [TRACE] 帧 结束
[11:32:31.360] [TRACE] 帧 公告板
[11:32:31.360] [TRACE] 帧 格网
[11:32:31.360] [TRACE] 帧 开始
[11:32:31.360] [TRACE] 帧 格网趟
[11:32:31.360] [TRACE] 帧 场景趟
[11:32:31.360] [TRACE] 帧 高亮趟
[11:32:31.360] [TRACE] 帧 叠加趟
[11:32:31.361] [TRACE] 帧 光标趟
[11:32:31.361] [TRACE] 帧 结束
[11:32:31.367] [TRACE] 帧 公告板
[11:32:31.368] [TRACE] 帧 格网
[11:32:31.368] [TRACE] 帧 开始
[11:32:31.368] [TRACE] 帧 格网趟
[11:32:31.368] [TRACE] 帧 场景趟
[11:32:31.368] [TRACE] 帧 高亮趟
[11:32:31.368] [TRACE] 帧 叠加趟
[11:32:31.368] [TRACE] 帧 光标趟
[11:32:31.369] [TRACE] 帧 结束
[11:32:31.373] [TRACE] 帧 公告板
[11:32:31.374] [TRACE] 帧 格网
[11:32:31.374] [TRACE] 帧 开始
[11:32:31.374] [TRACE] 帧 格网趟
[11:32:31.374] [TRACE] 帧 场景趟
[11:32:31.374] [TRACE] 帧 高亮趟
[11:32:31.374] [TRACE] 帧 叠加趟
[11:32:31.374] [TRACE] 帧 光标趟
[11:32:31.375] [TRACE] 帧 结束
[11:32:31.381] [TRACE] 帧 公告板
[11:32:31.381] [TRACE] 帧 格网
[11:32:31.381] [TRACE] 帧 开始
[11:32:31.382] [TRACE] 帧 格网趟
[11:32:31.382] [TRACE] 帧 场景趟
[11:32:31.382] [TRACE] 帧 高亮趟
[11:32:31.382] [TRACE] 帧 叠加趟
[11:32:31.382] [TRACE] 帧 光标趟
[11:32:31.382] [TRACE] 帧 结束
[11:32:31.388] [TRACE] 帧 公告板
[11:32:31.388] [TRACE] 帧 格网
[11:32:31.388] [TRACE] 帧 开始
[11:32:31.388] [TRACE] 帧 格网趟
[11:32:31.389] [TRACE] 帧 场景趟
[11:32:31.389] [TRACE] 帧 高亮趟
[11:32:31.389] [TRACE] 帧 叠加趟
[11:32:31.389] [TRACE] 帧 光标趟
[11:32:31.389] [TRACE] 帧 结束
[11:32:31.394] [TRACE] 帧 公告板
[11:32:31.395] [TRACE] 帧 格网
[11:32:31.395] [TRACE] 帧 开始
[11:32:31.395] [TRACE] 帧 格网趟
[11:32:31.395] [TRACE] 帧 场景趟
[11:32:31.395] [TRACE] 帧 高亮趟
[11:32:31.395] [TRACE] 帧 叠加趟
[11:32:31.395] [TRACE] 帧 光标趟
[11:32:31.395] [TRACE] 帧 结束
[11:32:31.402] [TRACE] 帧 公告板
[11:32:31.402] [TRACE] 帧 格网
[11:32:31.403] [TRACE] 帧 开始
[11:32:31.403] [TRACE] 帧 格网趟
[11:32:31.403] [TRACE] 帧 场景趟
[11:32:31.403] [TRACE] 帧 高亮趟
[11:32:31.403] [TRACE] 帧 叠加趟
[11:32:31.403] [TRACE] 帧 光标趟
[11:32:31.403] [TRACE] 帧 结束
[11:32:31.408] [TRACE] 帧 公告板
[11:32:31.409] [TRACE] 帧 格网
[11:32:31.409] [TRACE] 帧 开始
[11:32:31.409] [TRACE] 帧 格网趟
[11:32:31.409] [TRACE] 帧 场景趟
[11:32:31.409] [TRACE] 帧 高亮趟
[11:32:31.409] [TRACE] 帧 叠加趟
[11:32:31.409] [TRACE] 帧 光标趟
[11:32:31.410] [TRACE] 帧 结束
[11:32:31.416] [TRACE] 帧 公告板
[11:32:31.416] [TRACE] 帧 格网
[11:32:31.416] [TRACE] 帧 开始
[11:32:31.417] [TRACE] 帧 格网趟
[11:32:31.417] [TRACE] 帧 场景趟
[11:32:31.417] [TRACE] 帧 高亮趟
[11:32:31.417] [TRACE] 帧 叠加趟
[11:32:31.418] [TRACE] 帧 光标趟
[11:32:31.418] [TRACE] 帧 结束
[11:32:31.422] [TRACE] 帧 公告板
[11:32:31.422] [TRACE] 帧 格网
[11:32:31.422] [TRACE] 帧 开始
[11:32:31.423] [TRACE] 帧 格网趟
[11:32:31.423] [TRACE] 帧 场景趟
[11:32:31.423] [TRACE] 帧 高亮趟
[11:32:31.423] [TRACE] 帧 叠加趟
[11:32:31.423] [TRACE] 帧 光标趟
[11:32:31.423] [TRACE] 帧 结束
[11:32:31.429] [TRACE] 帧 公告板
[11:32:31.430] [TRACE] 帧 格网
[11:32:31.430] [TRACE] 帧 开始
[11:32:31.430] [TRACE] 帧 格网趟
[11:32:31.430] [TRACE] 帧 场景趟
[11:32:31.430] [TRACE] 帧 高亮趟
[11:32:31.430] [TRACE] 帧 叠加趟
[11:32:31.430] [TRACE] 帧 光标趟
[11:32:31.431] [TRACE] 帧 结束
[11:32:31.437] [TRACE] 帧 公告板
[11:32:31.437] [TRACE] 帧 格网
[11:32:31.437] [TRACE] 帧 开始
[11:32:31.437] [TRACE] 帧 格网趟
[11:32:31.437] [TRACE] 帧 场景趟
[11:32:31.438] [TRACE] 帧 高亮趟
[11:32:31.438] [TRACE] 帧 叠加趟
[11:32:31.438] [TRACE] 帧 光标趟
[11:32:31.438] [TRACE] 帧 结束
[11:32:31.444] [TRACE] 帧 公告板
[11:32:31.444] [TRACE] 帧 格网
[11:32:31.444] [TRACE] 帧 开始
[11:32:31.444] [TRACE] 帧 格网趟
[11:32:31.444] [TRACE] 帧 场景趟
[11:32:31.444] [TRACE] 帧 高亮趟
[11:32:31.445] [TRACE] 帧 叠加趟
[11:32:31.445] [TRACE] 帧 光标趟
[11:32:31.445] [TRACE] 帧 结束
[11:32:31.451] [TRACE] 帧 公告板
[11:32:31.451] [TRACE] 帧 格网
[11:32:31.451] [TRACE] 帧 开始
[11:32:31.452] [TRACE] 帧 格网趟
[11:32:31.452] [TRACE] 帧 场景趟
[11:32:31.452] [TRACE] 帧 高亮趟
[11:32:31.452] [TRACE] 帧 叠加趟
[11:32:31.452] [TRACE] 帧 光标趟
[11:32:31.452] [TRACE] 帧 结束
[11:32:31.457] [TRACE] 帧 公告板
[11:32:31.457] [TRACE] 帧 格网
[11:32:31.457] [TRACE] 帧 开始
[11:32:31.457] [TRACE] 帧 格网趟
[11:32:31.458] [TRACE] 帧 场景趟
[11:32:31.458] [TRACE] 帧 高亮趟
[11:32:31.458] [TRACE] 帧 叠加趟
[11:32:31.458] [TRACE] 帧 光标趟
[11:32:31.458] [TRACE] 帧 结束
[11:32:31.465] [TRACE] 帧 公告板
[11:32:31.465] [TRACE] 帧 格网
[11:32:31.465] [TRACE] 帧 开始
[11:32:31.465] [TRACE] 帧 格网趟
[11:32:31.465] [TRACE] 帧 场景趟
[11:32:31.465] [TRACE] 帧 高亮趟
[11:32:31.465] [TRACE] 帧 叠加趟
[11:32:31.465] [TRACE] 帧 光标趟
[11:32:31.466] [TRACE] 帧 结束
[11:32:31.471] [TRACE] 帧 公告板
[11:32:31.471] [TRACE] 帧 格网
[11:32:31.471] [TRACE] 帧 开始
[11:32:31.472] [TRACE] 帧 格网趟
[11:32:31.472] [TRACE] 帧 场景趟
[11:32:31.472] [TRACE] 帧 高亮趟
[11:32:31.472] [TRACE] 帧 叠加趟
[11:32:31.472] [TRACE] 帧 光标趟
[11:32:31.472] [TRACE] 帧 结束
[11:32:31.478] [TRACE] 帧 公告板
[11:32:31.478] [TRACE] 帧 格网
[11:32:31.478] [TRACE] 帧 开始
[11:32:31.478] [TRACE] 帧 格网趟
[11:32:31.478] [TRACE] 帧 场景趟
[11:32:31.478] [TRACE] 帧 高亮趟
[11:32:31.478] [TRACE] 帧 叠加趟
[11:32:31.479] [TRACE] 帧 光标趟
[11:32:31.479] [TRACE] 帧 结束
[11:32:31.486] [TRACE] 帧 公告板
[11:32:31.486] [TRACE] 帧 格网
[11:32:31.486] [TRACE] 帧 开始
[11:32:31.486] [TRACE] 帧 格网趟
[11:32:31.486] [TRACE] 帧 场景趟
[11:32:31.487] [TRACE] 帧 高亮趟
[11:32:31.487] [TRACE] 帧 叠加趟
[11:32:31.487] [TRACE] 帧 光标趟
[11:32:31.487] [TRACE] 帧 结束
[11:32:31.492] [TRACE] 帧 公告板
[11:32:31.492] [TRACE] 帧 格网
[11:32:31.492] [TRACE] 帧 开始
[11:32:31.492] [TRACE] 帧 格网趟
[11:32:31.493] [TRACE] 帧 场景趟
[11:32:31.493] [TRACE] 帧 高亮趟
[11:32:31.493] [TRACE] 帧 叠加趟
[11:32:31.493] [TRACE] 帧 光标趟
[11:32:31.493] [TRACE] 帧 结束
[11:32:31.499] [TRACE] 帧 公告板
[11:32:31.500] [TRACE] 帧 格网
[11:32:31.500] [TRACE] 帧 开始
[11:32:31.500] [TRACE] 帧 格网趟
[11:32:31.500] [TRACE] 帧 场景趟
[11:32:31.500] [TRACE] 帧 高亮趟
[11:32:31.500] [TRACE] 帧 叠加趟
[11:32:31.500] [TRACE] 帧 光标趟
[11:32:31.500] [TRACE] 帧 结束
[11:32:31.506] [TRACE] 帧 公告板
[11:32:31.506] [TRACE] 帧 格网
[11:32:31.506] [TRACE] 帧 开始
[11:32:31.506] [TRACE] 帧 格网趟
[11:32:31.506] [TRACE] 帧 场景趟
[11:32:31.506] [TRACE] 帧 高亮趟
[11:32:31.507] [TRACE] 帧 叠加趟
[11:32:31.507] [TRACE] 帧 光标趟
[11:32:31.507] [TRACE] 帧 结束
[11:32:31.513] [TRACE] 帧 公告板
[11:32:31.513] [TRACE] 帧 格网
[11:32:31.513] [TRACE] 帧 开始
[11:32:31.513] [TRACE] 帧 格网趟
[11:32:31.513] [TRACE] 帧 场景趟
[11:32:31.513] [TRACE] 帧 高亮趟
[11:32:31.514] [TRACE] 帧 叠加趟
[11:32:31.514] [TRACE] 帧 光标趟
[11:32:31.514] [TRACE] 帧 结束
[11:32:31.521] [TRACE] 帧 公告板
[11:32:31.521] [TRACE] 帧 格网
[11:32:31.521] [TRACE] 帧 开始
[11:32:31.521] [TRACE] 帧 格网趟
[11:32:31.521] [TRACE] 帧 场景趟
[11:32:31.521] [TRACE] 帧 高亮趟
[11:32:31.521] [TRACE] 帧 叠加趟
[11:32:31.522] [TRACE] 帧 光标趟
[11:32:31.522] [TRACE] 帧 结束
[11:32:31.527] [TRACE] 帧 公告板
[11:32:31.527] [TRACE] 帧 格网
[11:32:31.527] [TRACE] 帧 开始
[11:32:31.527] [TRACE] 帧 格网趟
[11:32:31.528] [TRACE] 帧 场景趟
[11:32:31.528] [TRACE] 帧 高亮趟
[11:32:31.528] [TRACE] 帧 叠加趟
[11:32:31.528] [TRACE] 帧 光标趟
[11:32:31.528] [TRACE] 帧 结束
[11:32:31.534] [TRACE] 帧 公告板
[11:32:31.535] [TRACE] 帧 格网
[11:32:31.535] [TRACE] 帧 开始
[11:32:31.535] [TRACE] 帧 格网趟
[11:32:31.535] [TRACE] 帧 场景趟
[11:32:31.535] [TRACE] 帧 高亮趟
[11:32:31.535] [TRACE] 帧 叠加趟
[11:32:31.535] [TRACE] 帧 光标趟
[11:32:31.536] [TRACE] 帧 结束
[11:32:31.540] [TRACE] 帧 公告板
[11:32:31.541] [TRACE] 帧 格网
[11:32:31.541] [TRACE] 帧 开始
[11:32:31.541] [TRACE] 帧 格网趟
[11:32:31.541] [TRACE] 帧 场景趟
[11:32:31.541] [TRACE] 帧 高亮趟
[11:32:31.541] [TRACE] 帧 叠加趟
[11:32:31.541] [TRACE] 帧 光标趟
[11:32:31.542] [TRACE] 帧 结束
[11:32:31.548] [TRACE] 帧 公告板
[11:32:31.548] [TRACE] 帧 格网
[11:32:31.548] [TRACE] 帧 开始
[11:32:31.548] [TRACE] 帧 格网趟
[11:32:31.548] [TRACE] 帧 场景趟
[11:32:31.548] [TRACE] 帧 高亮趟
[11:32:31.549] [TRACE] 帧 叠加趟
[11:32:31.549] [TRACE] 帧 光标趟
[11:32:31.549] [TRACE] 帧 结束
[11:32:31.554] [TRACE] 帧 公告板
[11:32:31.555] [TRACE] 帧 格网
[11:32:31.555] [TRACE] 帧 开始
[11:32:31.555] [TRACE] 帧 格网趟
[11:32:31.555] [TRACE] 帧 场景趟
[11:32:31.555] [TRACE] 帧 高亮趟
[11:32:31.555] [TRACE] 帧 叠加趟
[11:32:31.556] [TRACE] 帧 光标趟
[11:32:31.556] [TRACE] 帧 结束
[11:32:31.561] [TRACE] 帧 公告板
[11:32:31.561] [TRACE] 帧 格网
[11:32:31.561] [TRACE] 帧 开始
[11:32:31.562] [TRACE] 帧 格网趟
[11:32:31.562] [TRACE] 帧 场景趟
[11:32:31.562] [TRACE] 帧 高亮趟
[11:32:31.562] [TRACE] 帧 叠加趟
[11:32:31.562] [TRACE] 帧 光标趟
[11:32:31.562] [TRACE] 帧 结束
[11:32:31.569] [TRACE] 帧 公告板
[11:32:31.570] [TRACE] 帧 格网
[11:32:31.570] [TRACE] 帧 开始
[11:32:31.570] [TRACE] 帧 格网趟
[11:32:31.570] [TRACE] 帧 场景趟
[11:32:31.570] [TRACE] 帧 高亮趟
[11:32:31.570] [TRACE] 帧 叠加趟
[11:32:31.570] [TRACE] 帧 光标趟
[11:32:31.570] [TRACE] 帧 结束
[11:32:31.575] [TRACE] 帧 公告板
[11:32:31.575] [TRACE] 帧 格网
[11:32:31.575] [TRACE] 帧 开始
[11:32:31.576] [TRACE] 帧 格网趟
[11:32:31.576] [TRACE] 帧 场景趟
[11:32:31.576] [TRACE] 帧 高亮趟
[11:32:31.576] [TRACE] 帧 叠加趟
[11:32:31.576] [TRACE] 帧 光标趟
[11:32:31.576] [TRACE] 帧 结束
[11:32:31.583] [TRACE] 帧 公告板
[11:32:31.584] [TRACE] 帧 格网
[11:32:31.584] [TRACE] 帧 开始
[11:32:31.584] [TRACE] 帧 格网趟
[11:32:31.584] [TRACE] 帧 场景趟
[11:32:31.584] [TRACE] 帧 高亮趟
[11:32:31.585] [TRACE] 帧 叠加趟
[11:32:31.585] [TRACE] 帧 光标趟
[11:32:31.585] [TRACE] 帧 结束
[11:32:31.589] [TRACE] 帧 公告板
[11:32:31.589] [TRACE] 帧 格网
[11:32:31.589] [TRACE] 帧 开始
[11:32:31.590] [TRACE] 帧 格网趟
[11:32:31.590] [TRACE] 帧 场景趟
[11:32:31.590] [TRACE] 帧 高亮趟
[11:32:31.590] [TRACE] 帧 叠加趟
[11:32:31.590] [TRACE] 帧 光标趟
[11:32:31.590] [TRACE] 帧 结束
[11:32:31.596] [TRACE] 帧 公告板
[11:32:31.596] [TRACE] 帧 格网
[11:32:31.597] [TRACE] 帧 开始
[11:32:31.597] [TRACE] 帧 格网趟
[11:32:31.597] [TRACE] 帧 场景趟
[11:32:31.597] [TRACE] 帧 高亮趟
[11:32:31.597] [TRACE] 帧 叠加趟
[11:32:31.597] [TRACE] 帧 光标趟
[11:32:31.597] [TRACE] 帧 结束
[11:32:31.604] [TRACE] 帧 公告板
[11:32:31.604] [TRACE] 帧 格网
[11:32:31.604] [TRACE] 帧 开始
[11:32:31.604] [TRACE] 帧 格网趟
[11:32:31.605] [TRACE] 帧 场景趟
[11:32:31.605] [TRACE] 帧 高亮趟
[11:32:31.605] [TRACE] 帧 叠加趟
[11:32:31.605] [TRACE] 帧 光标趟
[11:32:31.605] [TRACE] 帧 结束
[11:32:31.610] [TRACE] 帧 公告板
[11:32:31.610] [TRACE] 帧 格网
[11:32:31.610] [TRACE] 帧 开始
[11:32:31.610] [TRACE] 帧 格网趟
[11:32:31.611] [TRACE] 帧 场景趟
[11:32:31.611] [TRACE] 帧 高亮趟
[11:32:31.611] [TRACE] 帧 叠加趟
[11:32:31.611] [TRACE] 帧 光标趟
[11:32:31.611] [TRACE] 帧 结束
[11:32:31.618] [TRACE] 帧 公告板
[11:32:31.618] [TRACE] 帧 格网
[11:32:31.618] [TRACE] 帧 开始
[11:32:31.619] [TRACE] 帧 格网趟
[11:32:31.619] [TRACE] 帧 场景趟
[11:32:31.619] [TRACE] 帧 高亮趟
[11:32:31.619] [TRACE] 帧 叠加趟
[11:32:31.619] [TRACE] 帧 光标趟
[11:32:31.619] [TRACE] 帧 结束
[11:32:31.624] [TRACE] 帧 公告板
[11:32:31.624] [TRACE] 帧 格网
[11:32:31.624] [TRACE] 帧 开始
[11:32:31.625] [TRACE] 帧 格网趟
[11:32:31.625] [TRACE] 帧 场景趟
[11:32:31.625] [TRACE] 帧 高亮趟
[11:32:31.625] [TRACE] 帧 叠加趟
[11:32:31.625] [TRACE] 帧 光标趟
[11:32:31.625] [TRACE] 帧 结束
[11:32:31.632] [TRACE] 帧 公告板
[11:32:31.632] [TRACE] 帧 格网
[11:32:31.632] [TRACE] 帧 开始
[11:32:31.632] [TRACE] 帧 格网趟
[11:32:31.632] [TRACE] 帧 场景趟
[11:32:31.633] [TRACE] 帧 高亮趟
[11:32:31.633] [TRACE] 帧 叠加趟
[11:32:31.633] [TRACE] 帧 光标趟
[11:32:31.633] [TRACE] 帧 结束
[11:32:31.638] [TRACE] 帧 公告板
[11:32:31.638] [TRACE] 帧 格网
[11:32:31.639] [TRACE] 帧 开始
[11:32:31.639] [TRACE] 帧 格网趟
[11:32:31.639] [TRACE] 帧 场景趟
[11:32:31.639] [TRACE] 帧 高亮趟
[11:32:31.639] [TRACE] 帧 叠加趟
[11:32:31.640] [TRACE] 帧 光标趟
[11:32:31.640] [TRACE] 帧 结束
[11:32:31.645] [TRACE] 帧 公告板
[11:32:31.645] [TRACE] 帧 格网
[11:32:31.645] [TRACE] 帧 开始
[11:32:31.645] [TRACE] 帧 格网趟
[11:32:31.645] [TRACE] 帧 场景趟
[11:32:31.645] [TRACE] 帧 高亮趟
[11:32:31.646] [TRACE] 帧 叠加趟
[11:32:31.646] [TRACE] 帧 光标趟
[11:32:31.646] [TRACE] 帧 结束
[11:32:31.652] [TRACE] 帧 公告板
[11:32:31.653] [TRACE] 帧 格网
[11:32:31.653] [TRACE] 帧 开始
[11:32:31.653] [TRACE] 帧 格网趟
[11:32:31.653] [TRACE] 帧 场景趟
[11:32:31.653] [TRACE] 帧 高亮趟
[11:32:31.654] [TRACE] 帧 叠加趟
[11:32:31.654] [TRACE] 帧 光标趟
[11:32:31.654] [TRACE] 帧 结束
[11:32:31.658] [TRACE] 帧 公告板
[11:32:31.659] [TRACE] 帧 格网
[11:32:31.659] [TRACE] 帧 开始
[11:32:31.659] [TRACE] 帧 格网趟
[11:32:31.659] [TRACE] 帧 场景趟
[11:32:31.659] [TRACE] 帧 高亮趟
[11:32:31.659] [TRACE] 帧 叠加趟
[11:32:31.660] [TRACE] 帧 光标趟
[11:32:31.660] [TRACE] 帧 结束
[11:32:31.666] [TRACE] 帧 公告板
[11:32:31.666] [TRACE] 帧 格网
[11:32:31.667] [TRACE] 帧 开始
[11:32:31.667] [TRACE] 帧 格网趟
[11:32:31.667] [TRACE] 帧 场景趟
[11:32:31.667] [TRACE] 帧 高亮趟
[11:32:31.667] [TRACE] 帧 叠加趟
[11:32:31.667] [TRACE] 帧 光标趟
[11:32:31.668] [TRACE] 帧 结束
[11:32:31.672] [TRACE] 帧 公告板
[11:32:31.673] [TRACE] 帧 格网
[11:32:31.673] [TRACE] 帧 开始
[11:32:31.673] [TRACE] 帧 格网趟
[11:32:31.673] [TRACE] 帧 场景趟
[11:32:31.673] [TRACE] 帧 高亮趟
[11:32:31.674] [TRACE] 帧 叠加趟
[11:32:31.674] [TRACE] 帧 光标趟
[11:32:31.674] [TRACE] 帧 结束
[11:32:31.679] [TRACE] 帧 公告板
[11:32:31.680] [TRACE] 帧 格网
[11:32:31.680] [TRACE] 帧 开始
[11:32:31.680] [TRACE] 帧 格网趟
[11:32:31.680] [TRACE] 帧 场景趟
[11:32:31.680] [TRACE] 帧 高亮趟
[11:32:31.680] [TRACE] 帧 叠加趟
[11:32:31.681] [TRACE] 帧 光标趟
[11:32:31.681] [TRACE] 帧 结束
[11:32:31.687] [TRACE] 帧 公告板
[11:32:31.687] [TRACE] 帧 格网
[11:32:31.687] [TRACE] 帧 开始
[11:32:31.688] [TRACE] 帧 格网趟
[11:32:31.688] [TRACE] 帧 场景趟
[11:32:31.688] [TRACE] 帧 高亮趟
[11:32:31.688] [TRACE] 帧 叠加趟
[11:32:31.688] [TRACE] 帧 光标趟
[11:32:31.689] [TRACE] 帧 结束
[11:32:31.694] [TRACE] 帧 公告板
[11:32:31.694] [TRACE] 帧 格网
[11:32:31.694] [TRACE] 帧 开始
[11:32:31.694] [TRACE] 帧 格网趟
[11:32:31.694] [TRACE] 帧 场景趟
[11:32:31.694] [TRACE] 帧 高亮趟
[11:32:31.694] [TRACE] 帧 叠加趟
[11:32:31.695] [TRACE] 帧 光标趟
[11:32:31.695] [TRACE] 帧 结束
[11:32:31.701] [TRACE] 帧 公告板
[11:32:31.701] [TRACE] 帧 格网
[11:32:31.701] [TRACE] 帧 开始
[11:32:31.701] [TRACE] 帧 格网趟
[11:32:31.701] [TRACE] 帧 场景趟
[11:32:31.702] [TRACE] 帧 高亮趟
[11:32:31.702] [TRACE] 帧 叠加趟
[11:32:31.702] [TRACE] 帧 光标趟
[11:32:31.702] [TRACE] 帧 结束
[11:32:31.707] [TRACE] 帧 公告板
[11:32:31.707] [TRACE] 帧 格网
[11:32:31.707] [TRACE] 帧 开始
[11:32:31.708] [TRACE] 帧 格网趟
[11:32:31.708] [TRACE] 帧 场景趟
[11:32:31.708] [TRACE] 帧 高亮趟
[11:32:31.708] [TRACE] 帧 叠加趟
[11:32:31.708] [TRACE] 帧 光标趟
[11:32:31.708] [TRACE] 帧 结束
[11:32:31.715] [TRACE] 帧 公告板
[11:32:31.715] [TRACE] 帧 格网
[11:32:31.715] [TRACE] 帧 开始
[11:32:31.715] [TRACE] 帧 格网趟
[11:32:31.715] [TRACE] 帧 场景趟
[11:32:31.715] [TRACE] 帧 高亮趟
[11:32:31.716] [TRACE] 帧 叠加趟
[11:32:31.716] [TRACE] 帧 光标趟
[11:32:31.716] [TRACE] 帧 结束
[11:32:31.721] [TRACE] 帧 公告板
[11:32:31.721] [TRACE] 帧 格网
[11:32:31.721] [TRACE] 帧 开始
[11:32:31.721] [TRACE] 帧 格网趟
[11:32:31.722] [TRACE] 帧 场景趟
[11:32:31.722] [TRACE] 帧 高亮趟
[11:32:31.722] [TRACE] 帧 叠加趟
[11:32:31.722] [TRACE] 帧 光标趟
[11:32:31.722] [TRACE] 帧 结束
[11:32:31.728] [TRACE] 帧 公告板
[11:32:31.728] [TRACE] 帧 格网
[11:32:31.729] [TRACE] 帧 开始
[11:32:31.729] [TRACE] 帧 格网趟
[11:32:31.729] [TRACE] 帧 场景趟
[11:32:31.729] [TRACE] 帧 高亮趟
[11:32:31.729] [TRACE] 帧 叠加趟
[11:32:31.729] [TRACE] 帧 光标趟
[11:32:31.729] [TRACE] 帧 结束
[11:32:31.736] [TRACE] 帧 公告板
[11:32:31.737] [TRACE] 帧 格网
[11:32:31.737] [TRACE] 帧 开始
[11:32:31.737] [TRACE] 帧 格网趟
[11:32:31.737] [TRACE] 帧 场景趟
[11:32:31.737] [TRACE] 帧 高亮趟
[11:32:31.737] [TRACE] 帧 叠加趟
[11:32:31.738] [TRACE] 帧 光标趟
[11:32:31.738] [TRACE] 帧 结束
[11:32:31.742] [TRACE] 帧 公告板
[11:32:31.742] [TRACE] 帧 格网
[11:32:31.742] [TRACE] 帧 开始
[11:32:31.743] [TRACE] 帧 格网趟
[11:32:31.743] [TRACE] 帧 场景趟
[11:32:31.743] [TRACE] 帧 高亮趟
[11:32:31.743] [TRACE] 帧 叠加趟
[11:32:31.743] [TRACE] 帧 光标趟
[11:32:31.743] [TRACE] 帧 结束
[11:32:31.750] [TRACE] 帧 公告板
[11:32:31.750] [TRACE] 帧 格网
[11:32:31.750] [TRACE] 帧 开始
[11:32:31.750] [TRACE] 帧 格网趟
[11:32:31.751] [TRACE] 帧 场景趟
[11:32:31.751] [TRACE] 帧 高亮趟
[11:32:31.751] [TRACE] 帧 叠加趟
[11:32:31.751] [TRACE] 帧 光标趟
[11:32:31.751] [TRACE] 帧 结束
[11:32:31.756] [TRACE] 帧 公告板
[11:32:31.756] [TRACE] 帧 格网
[11:32:31.756] [TRACE] 帧 开始
[11:32:31.756] [TRACE] 帧 格网趟
[11:32:31.756] [TRACE] 帧 场景趟
[11:32:31.756] [TRACE] 帧 高亮趟
[11:32:31.756] [TRACE] 帧 叠加趟
[11:32:31.756] [TRACE] 帧 光标趟
[11:32:31.757] [TRACE] 帧 结束
[11:32:31.763] [TRACE] 帧 公告板
[11:32:31.763] [TRACE] 帧 格网
[11:32:31.763] [TRACE] 帧 开始
[11:32:31.763] [TRACE] 帧 格网趟
[11:32:31.763] [TRACE] 帧 场景趟
[11:32:31.764] [TRACE] 帧 高亮趟
[11:32:31.764] [TRACE] 帧 叠加趟
[11:32:31.764] [TRACE] 帧 光标趟
[11:32:31.764] [TRACE] 帧 结束
[11:32:31.771] [TRACE] 帧 公告板
[11:32:31.771] [TRACE] 帧 格网
[11:32:31.771] [TRACE] 帧 开始
[11:32:31.771] [TRACE] 帧 格网趟
[11:32:31.771] [TRACE] 帧 场景趟
[11:32:31.771] [TRACE] 帧 高亮趟
[11:32:31.772] [TRACE] 帧 叠加趟
[11:32:31.772] [TRACE] 帧 光标趟
[11:32:31.772] [TRACE] 帧 结束
[11:32:31.777] [TRACE] 帧 公告板
[11:32:31.777] [TRACE] 帧 格网
[11:32:31.777] [TRACE] 帧 开始
[11:32:31.778] [TRACE] 帧 格网趟
[11:32:31.778] [TRACE] 帧 场景趟
[11:32:31.778] [TRACE] 帧 高亮趟
[11:32:31.778] [TRACE] 帧 叠加趟
[11:32:31.778] [TRACE] 帧 光标趟
[11:32:31.778] [TRACE] 帧 结束
[11:32:31.784] [TRACE] 帧 公告板
[11:32:31.785] [TRACE] 帧 格网
[11:32:31.785] [TRACE] 帧 开始
[11:32:31.785] [TRACE] 帧 格网趟
[11:32:31.785] [TRACE] 帧 场景趟
[11:32:31.785] [TRACE] 帧 高亮趟
[11:32:31.785] [TRACE] 帧 叠加趟
[11:32:31.786] [TRACE] 帧 光标趟
[11:32:31.786] [TRACE] 帧 结束
[11:32:31.790] [TRACE] 帧 公告板
[11:32:31.791] [TRACE] 帧 格网
[11:32:31.791] [TRACE] 帧 开始
[11:32:31.791] [TRACE] 帧 格网趟
[11:32:31.791] [TRACE] 帧 场景趟
[11:32:31.791] [TRACE] 帧 高亮趟
[11:32:31.792] [TRACE] 帧 叠加趟
[11:32:31.792] [TRACE] 帧 光标趟
[11:32:31.792] [TRACE] 帧 结束
[11:32:31.798] [TRACE] 帧 公告板
[11:32:31.798] [TRACE] 帧 格网
[11:32:31.799] [TRACE] 帧 开始
[11:32:31.799] [TRACE] 帧 格网趟
[11:32:31.799] [TRACE] 帧 场景趟
[11:32:31.799] [TRACE] 帧 高亮趟
[11:32:31.799] [TRACE] 帧 叠加趟
[11:32:31.799] [TRACE] 帧 光标趟
[11:32:31.799] [TRACE] 帧 结束
[11:32:31.804] [TRACE] 帧 公告板
[11:32:31.804] [TRACE] 帧 格网
[11:32:31.805] [TRACE] 帧 开始
[11:32:31.805] [TRACE] 帧 格网趟
[11:32:31.805] [TRACE] 帧 场景趟
[11:32:31.805] [TRACE] 帧 高亮趟
[11:32:31.805] [TRACE] 帧 叠加趟
[11:32:31.805] [TRACE] 帧 光标趟
[11:32:31.806] [TRACE] 帧 结束
[11:32:31.811] [TRACE] 帧 公告板
[11:32:31.811] [TRACE] 帧 格网
[11:32:31.812] [TRACE] 帧 开始
[11:32:31.812] [TRACE] 帧 格网趟
[11:32:31.812] [TRACE] 帧 场景趟
[11:32:31.812] [TRACE] 帧 高亮趟
[11:32:31.812] [TRACE] 帧 叠加趟
[11:32:31.812] [TRACE] 帧 光标趟
[11:32:31.812] [TRACE] 帧 结束
[11:32:31.820] [TRACE] 帧 公告板
[11:32:31.820] [TRACE] 帧 格网
[11:32:31.820] [TRACE] 帧 开始
[11:32:31.820] [TRACE] 帧 格网趟
[11:32:31.820] [TRACE] 帧 场景趟
[11:32:31.821] [TRACE] 帧 高亮趟
[11:32:31.821] [TRACE] 帧 叠加趟
[11:32:31.821] [TRACE] 帧 光标趟
[11:32:31.821] [TRACE] 帧 结束
[11:32:31.825] [TRACE] 帧 公告板
[11:32:31.826] [TRACE] 帧 格网
[11:32:31.826] [TRACE] 帧 开始
[11:32:31.826] [TRACE] 帧 格网趟
[11:32:31.826] [TRACE] 帧 场景趟
[11:32:31.826] [TRACE] 帧 高亮趟
[11:32:31.826] [TRACE] 帧 叠加趟
[11:32:31.826] [TRACE] 帧 光标趟
[11:32:31.827] [TRACE] 帧 结束
[11:32:31.833] [TRACE] 帧 公告板
[11:32:31.833] [TRACE] 帧 格网
[11:32:31.833] [TRACE] 帧 开始
[11:32:31.834] [TRACE] 帧 格网趟
[11:32:31.834] [TRACE] 帧 场景趟
[11:32:31.834] [TRACE] 帧 高亮趟
[11:32:31.834] [TRACE] 帧 叠加趟
[11:32:31.834] [TRACE] 帧 光标趟
[11:32:31.834] [TRACE] 帧 结束
[11:32:31.839] [TRACE] 帧 公告板
[11:32:31.839] [TRACE] 帧 格网
[11:32:31.839] [TRACE] 帧 开始
[11:32:31.840] [TRACE] 帧 格网趟
[11:32:31.840] [TRACE] 帧 场景趟
[11:32:31.840] [TRACE] 帧 高亮趟
[11:32:31.840] [TRACE] 帧 叠加趟
[11:32:31.840] [TRACE] 帧 光标趟
[11:32:31.840] [TRACE] 帧 结束
[11:32:31.846] [TRACE] 帧 公告板
[11:32:31.850] [TRACE] 帧 格网
[11:32:31.850] [TRACE] 帧 开始
[11:32:31.850] [TRACE] 帧 格网趟
[11:32:31.850] [TRACE] 帧 场景趟
[11:32:31.850] [TRACE] 帧 高亮趟
[11:32:31.850] [TRACE] 帧 叠加趟
[11:32:31.850] [TRACE] 帧 光标趟
[11:32:31.850] [TRACE] 帧 结束
[11:32:31.854] [TRACE] 帧 公告板
[11:32:31.854] [TRACE] 帧 格网
[11:32:31.854] [TRACE] 帧 开始
[11:32:31.854] [TRACE] 帧 格网趟
[11:32:31.854] [TRACE] 帧 场景趟
[11:32:31.854] [TRACE] 帧 高亮趟
[11:32:31.855] [TRACE] 帧 叠加趟
[11:32:31.855] [TRACE] 帧 光标趟
[11:32:31.855] [TRACE] 帧 结束
[11:32:31.861] [TRACE] 帧 公告板
[11:32:31.861] [TRACE] 帧 格网
[11:32:31.861] [TRACE] 帧 开始
[11:32:31.861] [TRACE] 帧 格网趟
[11:32:31.861] [TRACE] 帧 场景趟
[11:32:31.862] [TRACE] 帧 高亮趟
[11:32:31.862] [TRACE] 帧 叠加趟
[11:32:31.862] [TRACE] 帧 光标趟
[11:32:31.862] [TRACE] 帧 结束
[11:32:31.868] [TRACE] 帧 公告板
[11:32:31.868] [TRACE] 帧 格网
[11:32:31.868] [TRACE] 帧 开始
[11:32:31.868] [TRACE] 帧 格网趟
[11:32:31.868] [TRACE] 帧 场景趟
[11:32:31.869] [TRACE] 帧 高亮趟
[11:32:31.869] [TRACE] 帧 叠加趟
[11:32:31.869] [TRACE] 帧 光标趟
[11:32:31.869] [TRACE] 帧 结束
[11:32:31.874] [TRACE] 帧 公告板
[11:32:31.874] [TRACE] 帧 格网
[11:32:31.874] [TRACE] 帧 开始
[11:32:31.874] [TRACE] 帧 格网趟
[11:32:31.875] [TRACE] 帧 场景趟
[11:32:31.875] [TRACE] 帧 高亮趟
[11:32:31.875] [TRACE] 帧 叠加趟
[11:32:31.875] [TRACE] 帧 光标趟
[11:32:31.875] [TRACE] 帧 结束
[11:32:31.882] [TRACE] 帧 公告板
[11:32:31.882] [TRACE] 帧 格网
[11:32:31.882] [TRACE] 帧 开始
[11:32:31.882] [TRACE] 帧 格网趟
[11:32:31.882] [TRACE] 帧 场景趟
[11:32:31.883] [TRACE] 帧 高亮趟
[11:32:31.883] [TRACE] 帧 叠加趟
[11:32:31.883] [TRACE] 帧 光标趟
[11:32:31.883] [TRACE] 帧 结束
[11:32:31.888] [TRACE] 帧 公告板
[11:32:31.888] [TRACE] 帧 格网
[11:32:31.888] [TRACE] 帧 开始
[11:32:31.889] [TRACE] 帧 格网趟
[11:32:31.889] [TRACE] 帧 场景趟
[11:32:31.889] [TRACE] 帧 高亮趟
[11:32:31.889] [TRACE] 帧 叠加趟
[11:32:31.889] [TRACE] 帧 光标趟
[11:32:31.889] [TRACE] 帧 结束
[11:32:31.895] [TRACE] 帧 公告板
[11:32:31.895] [TRACE] 帧 格网
[11:32:31.895] [TRACE] 帧 开始
[11:32:31.896] [TRACE] 帧 格网趟
[11:32:31.896] [TRACE] 帧 场景趟
[11:32:31.896] [TRACE] 帧 高亮趟
[11:32:31.896] [TRACE] 帧 叠加趟
[11:32:31.896] [TRACE] 帧 光标趟
[11:32:31.896] [TRACE] 帧 结束
[11:32:31.904] [TRACE] 帧 公告板
[11:32:31.904] [TRACE] 帧 格网
[11:32:31.904] [TRACE] 帧 开始
[11:32:31.905] [TRACE] 帧 格网趟
[11:32:31.905] [TRACE] 帧 场景趟
[11:32:31.905] [TRACE] 帧 高亮趟
[11:32:31.905] [TRACE] 帧 叠加趟
[11:32:31.905] [TRACE] 帧 光标趟
[11:32:31.905] [TRACE] 帧 结束
[11:32:31.909] [TRACE] 帧 公告板
[11:32:31.909] [TRACE] 帧 格网
[11:32:31.909] [TRACE] 帧 开始
[11:32:31.910] [TRACE] 帧 格网趟
[11:32:31.910] [TRACE] 帧 场景趟
[11:32:31.910] [TRACE] 帧 高亮趟
[11:32:31.910] [TRACE] 帧 叠加趟
[11:32:31.910] [TRACE] 帧 光标趟
[11:32:31.910] [TRACE] 帧 结束
[11:32:31.917] [TRACE] 帧 公告板
[11:32:31.917] [TRACE] 帧 格网
[11:32:31.917] [TRACE] 帧 开始
[11:32:31.917] [TRACE] 帧 格网趟
[11:32:31.917] [TRACE] 帧 场景趟
[11:32:31.917] [TRACE] 帧 高亮趟
[11:32:31.918] [TRACE] 帧 叠加趟
[11:32:31.918] [TRACE] 帧 光标趟
[11:32:31.918] [TRACE] 帧 结束
[11:32:31.922] [TRACE] 帧 公告板
[11:32:31.923] [TRACE] 帧 格网
[11:32:31.923] [TRACE] 帧 开始
[11:32:31.923] [TRACE] 帧 格网趟
[11:32:31.923] [TRACE] 帧 场景趟
[11:32:31.924] [TRACE] 帧 高亮趟
[11:32:31.924] [TRACE] 帧 叠加趟
[11:32:31.924] [TRACE] 帧 光标趟
[11:32:31.924] [TRACE] 帧 结束
[11:32:31.930] [TRACE] 帧 公告板
[11:32:31.930] [TRACE] 帧 格网
[11:32:31.930] [TRACE] 帧 开始
[11:32:31.930] [TRACE] 帧 格网趟
[11:32:31.930] [TRACE] 帧 场景趟
[11:32:31.930] [TRACE] 帧 高亮趟
[11:32:31.930] [TRACE] 帧 叠加趟
[11:32:31.931] [TRACE] 帧 光标趟
[11:32:31.931] [TRACE] 帧 结束
[11:32:31.937] [TRACE] 帧 公告板
[11:32:31.938] [TRACE] 帧 格网
[11:32:31.938] [TRACE] 帧 开始
[11:32:31.938] [TRACE] 帧 格网趟
[11:32:31.938] [TRACE] 帧 场景趟
[11:32:31.938] [TRACE] 帧 高亮趟
[11:32:31.938] [TRACE] 帧 叠加趟
[11:32:31.938] [TRACE] 帧 光标趟
[11:32:31.939] [TRACE] 帧 结束
[11:32:31.944] [TRACE] 帧 公告板
[11:32:31.944] [TRACE] 帧 格网
[11:32:31.944] [TRACE] 帧 开始
[11:32:31.945] [TRACE] 帧 格网趟
[11:32:31.945] [TRACE] 帧 场景趟
[11:32:31.945] [TRACE] 帧 高亮趟
[11:32:31.945] [TRACE] 帧 叠加趟
[11:32:31.945] [TRACE] 帧 光标趟
[11:32:31.945] [TRACE] 帧 结束
[11:32:31.951] [TRACE] 帧 公告板
[11:32:31.952] [TRACE] 帧 格网
[11:32:31.952] [TRACE] 帧 开始
[11:32:31.952] [TRACE] 帧 格网趟
[11:32:31.952] [TRACE] 帧 场景趟
[11:32:31.952] [TRACE] 帧 高亮趟
[11:32:31.952] [TRACE] 帧 叠加趟
[11:32:31.953] [TRACE] 帧 光标趟
[11:32:31.953] [TRACE] 帧 结束
[11:32:31.958] [TRACE] 帧 公告板
[11:32:31.958] [TRACE] 帧 格网
[11:32:31.958] [TRACE] 帧 开始
[11:32:31.958] [TRACE] 帧 格网趟
[11:32:31.958] [TRACE] 帧 场景趟
[11:32:31.959] [TRACE] 帧 高亮趟
[11:32:31.959] [TRACE] 帧 叠加趟
[11:32:31.959] [TRACE] 帧 光标趟
[11:32:31.959] [TRACE] 帧 结束
[11:32:31.966] [TRACE] 帧 公告板
[11:32:31.966] [TRACE] 帧 格网
[11:32:31.966] [TRACE] 帧 开始
[11:32:31.966] [TRACE] 帧 格网趟
[11:32:31.967] [TRACE] 帧 场景趟
[11:32:31.967] [TRACE] 帧 高亮趟
[11:32:31.967] [TRACE] 帧 叠加趟
[11:32:31.967] [TRACE] 帧 光标趟
[11:32:31.967] [TRACE] 帧 结束
[11:32:31.971] [TRACE] 帧 公告板
[11:32:31.972] [TRACE] 帧 格网
[11:32:31.972] [TRACE] 帧 开始
[11:32:31.972] [TRACE] 帧 格网趟
[11:32:31.972] [TRACE] 帧 场景趟
[11:32:31.972] [TRACE] 帧 高亮趟
[11:32:31.972] [TRACE] 帧 叠加趟
[11:32:31.973] [TRACE] 帧 光标趟
[11:32:31.973] [TRACE] 帧 结束
[11:32:31.979] [TRACE] 帧 公告板
[11:32:31.979] [TRACE] 帧 格网
[11:32:31.979] [TRACE] 帧 开始
[11:32:31.979] [TRACE] 帧 格网趟
[11:32:31.979] [TRACE] 帧 场景趟
[11:32:31.979] [TRACE] 帧 高亮趟
[11:32:31.979] [TRACE] 帧 叠加趟
[11:32:31.980] [TRACE] 帧 光标趟
[11:32:31.980] [TRACE] 帧 结束
[11:32:31.986] [TRACE] 帧 公告板
[11:32:31.987] [TRACE] 帧 格网
[11:32:31.987] [TRACE] 帧 开始
[11:32:31.987] [TRACE] 帧 格网趟
[11:32:31.987] [TRACE] 帧 场景趟
[11:32:31.987] [TRACE] 帧 高亮趟
[11:32:31.988] [TRACE] 帧 叠加趟
[11:32:31.988] [TRACE] 帧 光标趟
[11:32:31.988] [TRACE] 帧 结束
[11:32:31.993] [TRACE] 帧 公告板
[11:32:31.993] [TRACE] 帧 格网
[11:32:31.993] [TRACE] 帧 开始
[11:32:31.993] [TRACE] 帧 格网趟
[11:32:31.993] [TRACE] 帧 场景趟
[11:32:31.993] [TRACE] 帧 高亮趟
[11:32:31.994] [TRACE] 帧 叠加趟
[11:32:31.994] [TRACE] 帧 光标趟
[11:32:31.994] [TRACE] 帧 结束
[11:32:32.000] [TRACE] 帧 公告板
[11:32:32.000] [TRACE] 帧 格网
[11:32:32.000] [TRACE] 帧 开始
[11:32:32.001] [TRACE] 帧 格网趟
[11:32:32.001] [TRACE] 帧 场景趟
[11:32:32.001] [TRACE] 帧 高亮趟
[11:32:32.001] [TRACE] 帧 叠加趟
[11:32:32.001] [TRACE] 帧 光标趟
[11:32:32.002] [TRACE] 帧 结束
[11:32:32.006] [TRACE] 帧 公告板
[11:32:32.006] [TRACE] 帧 格网
[11:32:32.006] [TRACE] 帧 开始
[11:32:32.007] [TRACE] 帧 格网趟
[11:32:32.007] [TRACE] 帧 场景趟
[11:32:32.007] [TRACE] 帧 高亮趟
[11:32:32.007] [TRACE] 帧 叠加趟
[11:32:32.007] [TRACE] 帧 光标趟
[11:32:32.007] [TRACE] 帧 结束
[11:32:32.013] [TRACE] 帧 公告板
[11:32:32.013] [TRACE] 帧 格网
[11:32:32.014] [TRACE] 帧 开始
[11:32:32.014] [TRACE] 帧 格网趟
[11:32:32.014] [TRACE] 帧 场景趟
[11:32:32.014] [TRACE] 帧 高亮趟
[11:32:32.014] [TRACE] 帧 叠加趟
[11:32:32.014] [TRACE] 帧 光标趟
[11:32:32.014] [TRACE] 帧 结束
[11:32:32.021] [TRACE] 帧 公告板
[11:32:32.021] [TRACE] 帧 格网
[11:32:32.021] [TRACE] 帧 开始
[11:32:32.022] [TRACE] 帧 格网趟
[11:32:32.022] [TRACE] 帧 场景趟
[11:32:32.022] [TRACE] 帧 高亮趟
[11:32:32.022] [TRACE] 帧 叠加趟
[11:32:32.022] [TRACE] 帧 光标趟
[11:32:32.022] [TRACE] 帧 结束
[11:32:32.027] [TRACE] 帧 公告板
[11:32:32.027] [TRACE] 帧 格网
[11:32:32.028] [TRACE] 帧 开始
[11:32:32.028] [TRACE] 帧 格网趟
[11:32:32.028] [TRACE] 帧 场景趟
[11:32:32.028] [TRACE] 帧 高亮趟
[11:32:32.028] [TRACE] 帧 叠加趟
[11:32:32.028] [TRACE] 帧 光标趟
[11:32:32.028] [TRACE] 帧 结束
[11:32:32.035] [TRACE] 帧 公告板
[11:32:32.035] [TRACE] 帧 格网
[11:32:32.035] [TRACE] 帧 开始
[11:32:32.035] [TRACE] 帧 格网趟
[11:32:32.035] [TRACE] 帧 场景趟
[11:32:32.035] [TRACE] 帧 高亮趟
[11:32:32.035] [TRACE] 帧 叠加趟
[11:32:32.036] [TRACE] 帧 光标趟
[11:32:32.036] [TRACE] 帧 结束
[11:32:32.041] [TRACE] 帧 公告板
[11:32:32.041] [TRACE] 帧 格网
[11:32:32.041] [TRACE] 帧 开始
[11:32:32.041] [TRACE] 帧 格网趟
[11:32:32.041] [TRACE] 帧 场景趟
[11:32:32.041] [TRACE] 帧 高亮趟
[11:32:32.041] [TRACE] 帧 叠加趟
[11:32:32.041] [TRACE] 帧 光标趟
[11:32:32.042] [TRACE] 帧 结束
[11:32:32.049] [TRACE] 帧 公告板
[11:32:32.049] [TRACE] 帧 格网
[11:32:32.049] [TRACE] 帧 开始
[11:32:32.049] [TRACE] 帧 格网趟
[11:32:32.049] [TRACE] 帧 场景趟
[11:32:32.050] [TRACE] 帧 高亮趟
[11:32:32.050] [TRACE] 帧 叠加趟
[11:32:32.050] [TRACE] 帧 光标趟
[11:32:32.050] [TRACE] 帧 结束
[11:32:32.055] [TRACE] 帧 公告板
[11:32:32.055] [TRACE] 帧 格网
[11:32:32.055] [TRACE] 帧 开始
[11:32:32.055] [TRACE] 帧 格网趟
[11:32:32.055] [TRACE] 帧 场景趟
[11:32:32.056] [TRACE] 帧 高亮趟
[11:32:32.056] [TRACE] 帧 叠加趟
[11:32:32.056] [TRACE] 帧 光标趟
[11:32:32.056] [TRACE] 帧 结束
[11:32:32.062] [TRACE] 帧 公告板
[11:32:32.062] [TRACE] 帧 格网
[11:32:32.062] [TRACE] 帧 开始
[11:32:32.062] [TRACE] 帧 格网趟
[11:32:32.063] [TRACE] 帧 场景趟
[11:32:32.063] [TRACE] 帧 高亮趟
[11:32:32.063] [TRACE] 帧 叠加趟
[11:32:32.063] [TRACE] 帧 光标趟
[11:32:32.063] [TRACE] 帧 结束
[11:32:32.070] [TRACE] 帧 公告板
[11:32:32.070] [TRACE] 帧 格网
[11:32:32.070] [TRACE] 帧 开始
[11:32:32.070] [TRACE] 帧 格网趟
[11:32:32.070] [TRACE] 帧 场景趟
[11:32:32.071] [TRACE] 帧 高亮趟
[11:32:32.071] [TRACE] 帧 叠加趟
[11:32:32.071] [TRACE] 帧 光标趟
[11:32:32.071] [TRACE] 帧 结束
[11:32:32.075] [TRACE] 帧 公告板
[11:32:32.076] [TRACE] 帧 格网
[11:32:32.076] [TRACE] 帧 开始
[11:32:32.076] [TRACE] 帧 格网趟
[11:32:32.076] [TRACE] 帧 场景趟
[11:32:32.076] [TRACE] 帧 高亮趟
[11:32:32.077] [TRACE] 帧 叠加趟
[11:32:32.077] [TRACE] 帧 光标趟
[11:32:32.077] [TRACE] 帧 结束
[11:32:32.083] [TRACE] 帧 公告板
[11:32:32.084] [TRACE] 帧 格网
[11:32:32.084] [TRACE] 帧 开始
[11:32:32.084] [TRACE] 帧 格网趟
[11:32:32.084] [TRACE] 帧 场景趟
[11:32:32.084] [TRACE] 帧 高亮趟
[11:32:32.085] [TRACE] 帧 叠加趟
[11:32:32.085] [TRACE] 帧 光标趟
[11:32:32.085] [TRACE] 帧 结束
[11:32:32.090] [TRACE] 帧 公告板
[11:32:32.090] [TRACE] 帧 格网
[11:32:32.090] [TRACE] 帧 开始
[11:32:32.090] [TRACE] 帧 格网趟
[11:32:32.090] [TRACE] 帧 场景趟
[11:32:32.090] [TRACE] 帧 高亮趟
[11:32:32.090] [TRACE] 帧 叠加趟
[11:32:32.090] [TRACE] 帧 光标趟
[11:32:32.090] [TRACE] 帧 结束
[11:32:32.096] [TRACE] 帧 公告板
[11:32:32.097] [TRACE] 帧 格网
[11:32:32.097] [TRACE] 帧 开始
[11:32:32.097] [TRACE] 帧 格网趟
[11:32:32.097] [TRACE] 帧 场景趟
[11:32:32.097] [TRACE] 帧 高亮趟
[11:32:32.097] [TRACE] 帧 叠加趟
[11:32:32.098] [TRACE] 帧 光标趟
[11:32:32.098] [TRACE] 帧 结束
[11:32:32.104] [TRACE] 帧 公告板
[11:32:32.104] [TRACE] 帧 格网
[11:32:32.105] [TRACE] 帧 开始
[11:32:32.105] [TRACE] 帧 格网趟
[11:32:32.105] [TRACE] 帧 场景趟
[11:32:32.105] [TRACE] 帧 高亮趟
[11:32:32.105] [TRACE] 帧 叠加趟
[11:32:32.105] [TRACE] 帧 光标趟
[11:32:32.105] [TRACE] 帧 结束
[11:32:32.111] [TRACE] 帧 公告板
[11:32:32.111] [TRACE] 帧 格网
[11:32:32.111] [TRACE] 帧 开始
[11:32:32.111] [TRACE] 帧 格网趟
[11:32:32.112] [TRACE] 帧 场景趟
[11:32:32.112] [TRACE] 帧 高亮趟
[11:32:32.112] [TRACE] 帧 叠加趟
[11:32:32.112] [TRACE] 帧 光标趟
[11:32:32.112] [TRACE] 帧 结束
[11:32:32.118] [TRACE] 帧 公告板
[11:32:32.118] [TRACE] 帧 格网
[11:32:32.118] [TRACE] 帧 开始
[11:32:32.118] [TRACE] 帧 格网趟
[11:32:32.119] [TRACE] 帧 场景趟
[11:32:32.119] [TRACE] 帧 高亮趟
[11:32:32.119] [TRACE] 帧 叠加趟
[11:32:32.119] [TRACE] 帧 光标趟
[11:32:32.119] [TRACE] 帧 结束
[11:32:32.124] [TRACE] 帧 公告板
[11:32:32.124] [TRACE] 帧 格网
[11:32:32.124] [TRACE] 帧 开始
[11:32:32.125] [TRACE] 帧 格网趟
[11:32:32.125] [TRACE] 帧 场景趟
[11:32:32.125] [TRACE] 帧 高亮趟
[11:32:32.125] [TRACE] 帧 叠加趟
[11:32:32.125] [TRACE] 帧 光标趟
[11:32:32.125] [TRACE] 帧 结束
[11:32:32.132] [TRACE] 帧 公告板
[11:32:32.132] [TRACE] 帧 格网
[11:32:32.133] [TRACE] 帧 开始
[11:32:32.133] [TRACE] 帧 格网趟
[11:32:32.133] [TRACE] 帧 场景趟
[11:32:32.133] [TRACE] 帧 高亮趟
[11:32:32.133] [TRACE] 帧 叠加趟
[11:32:32.133] [TRACE] 帧 光标趟
[11:32:32.133] [TRACE] 帧 结束
[11:32:32.138] [TRACE] 帧 公告板
[11:32:32.138] [TRACE] 帧 格网
[11:32:32.139] [TRACE] 帧 开始
[11:32:32.139] [TRACE] 帧 格网趟
[11:32:32.139] [TRACE] 帧 场景趟
[11:32:32.139] [TRACE] 帧 高亮趟
[11:32:32.139] [TRACE] 帧 叠加趟
[11:32:32.139] [TRACE] 帧 光标趟
[11:32:32.139] [TRACE] 帧 结束
[11:32:32.145] [TRACE] 帧 公告板
[11:32:32.145] [TRACE] 帧 格网
[11:32:32.146] [TRACE] 帧 开始
[11:32:32.146] [TRACE] 帧 格网趟
[11:32:32.146] [TRACE] 帧 场景趟
[11:32:32.146] [TRACE] 帧 高亮趟
[11:32:32.146] [TRACE] 帧 叠加趟
[11:32:32.146] [TRACE] 帧 光标趟
[11:32:32.146] [TRACE] 帧 结束
[11:32:32.153] [TRACE] 帧 公告板
[11:32:32.153] [TRACE] 帧 格网
[11:32:32.154] [TRACE] 帧 开始
[11:32:32.154] [TRACE] 帧 格网趟
[11:32:32.154] [TRACE] 帧 场景趟
[11:32:32.154] [TRACE] 帧 高亮趟
[11:32:32.154] [TRACE] 帧 叠加趟
[11:32:32.154] [TRACE] 帧 光标趟
[11:32:32.154] [TRACE] 帧 结束
[11:32:32.159] [TRACE] 帧 公告板
[11:32:32.159] [TRACE] 帧 格网
[11:32:32.159] [TRACE] 帧 开始
[11:32:32.159] [TRACE] 帧 格网趟
[11:32:32.159] [TRACE] 帧 场景趟
[11:32:32.160] [TRACE] 帧 高亮趟
[11:32:32.160] [TRACE] 帧 叠加趟
[11:32:32.160] [TRACE] 帧 光标趟
[11:32:32.160] [TRACE] 帧 结束
[11:32:32.167] [TRACE] 帧 公告板
[11:32:32.167] [TRACE] 帧 格网
[11:32:32.168] [TRACE] 帧 开始
[11:32:32.168] [TRACE] 帧 格网趟
[11:32:32.168] [TRACE] 帧 场景趟
[11:32:32.168] [TRACE] 帧 高亮趟
[11:32:32.168] [TRACE] 帧 叠加趟
[11:32:32.168] [TRACE] 帧 光标趟
[11:32:32.168] [TRACE] 帧 结束
[11:32:32.173] [TRACE] 帧 公告板
[11:32:32.173] [TRACE] 帧 格网
[11:32:32.173] [TRACE] 帧 开始
[11:32:32.173] [TRACE] 帧 格网趟
[11:32:32.173] [TRACE] 帧 场景趟
[11:32:32.173] [TRACE] 帧 高亮趟
[11:32:32.173] [TRACE] 帧 叠加趟
[11:32:32.174] [TRACE] 帧 光标趟
[11:32:32.174] [TRACE] 帧 结束
[11:32:32.180] [TRACE] 帧 公告板
[11:32:32.180] [TRACE] 帧 格网
[11:32:32.180] [TRACE] 帧 开始
[11:32:32.180] [TRACE] 帧 格网趟
[11:32:32.180] [TRACE] 帧 场景趟
[11:32:32.180] [TRACE] 帧 高亮趟
[11:32:32.181] [TRACE] 帧 叠加趟
[11:32:32.181] [TRACE] 帧 光标趟
[11:32:32.181] [TRACE] 帧 结束
[11:32:32.188] [TRACE] 帧 公告板
[11:32:32.188] [TRACE] 帧 格网
[11:32:32.188] [TRACE] 帧 开始
[11:32:32.188] [TRACE] 帧 格网趟
[11:32:32.188] [TRACE] 帧 场景趟
[11:32:32.188] [TRACE] 帧 高亮趟
[11:32:32.189] [TRACE] 帧 叠加趟
[11:32:32.189] [TRACE] 帧 光标趟
[11:32:32.189] [TRACE] 帧 结束
[11:32:32.194] [TRACE] 帧 公告板
[11:32:32.194] [TRACE] 帧 格网
[11:32:32.194] [TRACE] 帧 开始
[11:32:32.194] [TRACE] 帧 格网趟
[11:32:32.195] [TRACE] 帧 场景趟
[11:32:32.195] [TRACE] 帧 高亮趟
[11:32:32.195] [TRACE] 帧 叠加趟
[11:32:32.195] [TRACE] 帧 光标趟
[11:32:32.195] [TRACE] 帧 结束
[11:32:32.202] [TRACE] 帧 公告板
[11:32:32.202] [TRACE] 帧 格网
[11:32:32.202] [TRACE] 帧 开始
[11:32:32.202] [TRACE] 帧 格网趟
[11:32:32.202] [TRACE] 帧 场景趟
[11:32:32.202] [TRACE] 帧 高亮趟
[11:32:32.202] [TRACE] 帧 叠加趟
[11:32:32.203] [TRACE] 帧 光标趟
[11:32:32.203] [TRACE] 帧 结束
[11:32:32.208] [TRACE] 帧 公告板
[11:32:32.208] [TRACE] 帧 格网
[11:32:32.208] [TRACE] 帧 开始
[11:32:32.208] [TRACE] 帧 格网趟
[11:32:32.209] [TRACE] 帧 场景趟
[11:32:32.209] [TRACE] 帧 高亮趟
[11:32:32.209] [TRACE] 帧 叠加趟
[11:32:32.209] [TRACE] 帧 光标趟
[11:32:32.209] [TRACE] 帧 结束
[11:32:32.215] [TRACE] 帧 公告板
[11:32:32.216] [TRACE] 帧 格网
[11:32:32.216] [TRACE] 帧 开始
[11:32:32.216] [TRACE] 帧 格网趟
[11:32:32.216] [TRACE] 帧 场景趟
[11:32:32.216] [TRACE] 帧 高亮趟
[11:32:32.216] [TRACE] 帧 叠加趟
[11:32:32.216] [TRACE] 帧 光标趟
[11:32:32.217] [TRACE] 帧 结束
[11:32:32.222] [TRACE] 帧 公告板
[11:32:32.222] [TRACE] 帧 格网
[11:32:32.222] [TRACE] 帧 开始
[11:32:32.222] [TRACE] 帧 格网趟
[11:32:32.222] [TRACE] 帧 场景趟
[11:32:32.222] [TRACE] 帧 高亮趟
[11:32:32.223] [TRACE] 帧 叠加趟
[11:32:32.223] [TRACE] 帧 光标趟
[11:32:32.223] [TRACE] 帧 结束
[11:32:32.229] [TRACE] 帧 公告板
[11:32:32.229] [TRACE] 帧 格网
[11:32:32.229] [TRACE] 帧 开始
[11:32:32.229] [TRACE] 帧 格网趟
[11:32:32.229] [TRACE] 帧 场景趟
[11:32:32.230] [TRACE] 帧 高亮趟
[11:32:32.230] [TRACE] 帧 叠加趟
[11:32:32.230] [TRACE] 帧 光标趟
[11:32:32.230] [TRACE] 帧 结束
[11:32:32.237] [TRACE] 帧 公告板
[11:32:32.237] [TRACE] 帧 格网
[11:32:32.237] [TRACE] 帧 开始
[11:32:32.237] [TRACE] 帧 格网趟
[11:32:32.237] [TRACE] 帧 场景趟
[11:32:32.237] [TRACE] 帧 高亮趟
[11:32:32.238] [TRACE] 帧 叠加趟
[11:32:32.238] [TRACE] 帧 光标趟
[11:32:32.238] [TRACE] 帧 结束
[11:32:32.242] [TRACE] 帧 公告板
[11:32:32.243] [TRACE] 帧 格网
[11:32:32.243] [TRACE] 帧 开始
[11:32:32.243] [TRACE] 帧 格网趟
[11:32:32.243] [TRACE] 帧 场景趟
[11:32:32.243] [TRACE] 帧 高亮趟
[11:32:32.244] [TRACE] 帧 叠加趟
[11:32:32.244] [TRACE] 帧 光标趟
[11:32:32.244] [TRACE] 帧 结束
[11:32:32.250] [TRACE] 帧 公告板
[11:32:32.250] [TRACE] 帧 格网
[11:32:32.250] [TRACE] 帧 开始
[11:32:32.250] [TRACE] 帧 格网趟
[11:32:32.251] [TRACE] 帧 场景趟
[11:32:32.251] [TRACE] 帧 高亮趟
[11:32:32.251] [TRACE] 帧 叠加趟
[11:32:32.251] [TRACE] 帧 光标趟
[11:32:32.251] [TRACE] 帧 结束
[11:32:32.256] [TRACE] 帧 公告板
[11:32:32.257] [TRACE] 帧 格网
[11:32:32.257] [TRACE] 帧 开始
[11:32:32.257] [TRACE] 帧 格网趟
[11:32:32.257] [TRACE] 帧 场景趟
[11:32:32.257] [TRACE] 帧 高亮趟
[11:32:32.257] [TRACE] 帧 叠加趟
[11:32:32.257] [TRACE] 帧 光标趟
[11:32:32.257] [TRACE] 帧 结束
[11:32:32.263] [TRACE] 帧 公告板
[11:32:32.264] [TRACE] 帧 格网
[11:32:32.264] [TRACE] 帧 开始
[11:32:32.264] [TRACE] 帧 格网趟
[11:32:32.264] [TRACE] 帧 场景趟
[11:32:32.264] [TRACE] 帧 高亮趟
[11:32:32.264] [TRACE] 帧 叠加趟
[11:32:32.264] [TRACE] 帧 光标趟
[11:32:32.265] [TRACE] 帧 结束
[11:32:32.271] [TRACE] 帧 公告板
[11:32:32.272] [TRACE] 帧 格网
[11:32:32.272] [TRACE] 帧 开始
[11:32:32.272] [TRACE] 帧 格网趟
[11:32:32.272] [TRACE] 帧 场景趟
[11:32:32.272] [TRACE] 帧 高亮趟
[11:32:32.273] [TRACE] 帧 叠加趟
[11:32:32.273] [TRACE] 帧 光标趟
[11:32:32.273] [TRACE] 帧 结束
[11:32:32.277] [TRACE] 帧 公告板
[11:32:32.278] [TRACE] 帧 格网
[11:32:32.278] [TRACE] 帧 开始
[11:32:32.278] [TRACE] 帧 格网趟
[11:32:32.278] [TRACE] 帧 场景趟
[11:32:32.278] [TRACE] 帧 高亮趟
[11:32:32.279] [TRACE] 帧 叠加趟
[11:32:32.279] [TRACE] 帧 光标趟
[11:32:32.279] [TRACE] 帧 结束
[11:32:32.285] [TRACE] 帧 公告板
[11:32:32.285] [TRACE] 帧 格网
[11:32:32.285] [TRACE] 帧 开始
[11:32:32.285] [TRACE] 帧 格网趟
[11:32:32.285] [TRACE] 帧 场景趟
[11:32:32.286] [TRACE] 帧 高亮趟
[11:32:32.286] [TRACE] 帧 叠加趟
[11:32:32.286] [TRACE] 帧 光标趟
[11:32:32.286] [TRACE] 帧 结束
[11:32:32.291] [TRACE] 帧 公告板
[11:32:32.291] [TRACE] 帧 格网
[11:32:32.291] [TRACE] 帧 开始
[11:32:32.291] [TRACE] 帧 格网趟
[11:32:32.292] [TRACE] 帧 场景趟
[11:32:32.292] [TRACE] 帧 高亮趟
[11:32:32.292] [TRACE] 帧 叠加趟
[11:32:32.292] [TRACE] 帧 光标趟
[11:32:32.292] [TRACE] 帧 结束
[11:32:32.299] [TRACE] 帧 公告板
[11:32:32.299] [TRACE] 帧 格网
[11:32:32.300] [TRACE] 帧 开始
[11:32:32.300] [TRACE] 帧 格网趟
[11:32:32.300] [TRACE] 帧 场景趟
[11:32:32.300] [TRACE] 帧 高亮趟
[11:32:32.300] [TRACE] 帧 叠加趟
[11:32:32.300] [TRACE] 帧 光标趟
[11:32:32.300] [TRACE] 帧 结束
[11:32:32.305] [TRACE] 帧 公告板
[11:32:32.305] [TRACE] 帧 格网
[11:32:32.305] [TRACE] 帧 开始
[11:32:32.305] [TRACE] 帧 格网趟
[11:32:32.306] [TRACE] 帧 场景趟
[11:32:32.306] [TRACE] 帧 高亮趟
[11:32:32.306] [TRACE] 帧 叠加趟
[11:32:32.306] [TRACE] 帧 光标趟
[11:32:32.306] [TRACE] 帧 结束
[11:32:32.312] [TRACE] 帧 公告板
[11:32:32.312] [TRACE] 帧 格网
[11:32:32.313] [TRACE] 帧 开始
[11:32:32.313] [TRACE] 帧 格网趟
[11:32:32.313] [TRACE] 帧 场景趟
[11:32:32.313] [TRACE] 帧 高亮趟
[11:32:32.313] [TRACE] 帧 叠加趟
[11:32:32.313] [TRACE] 帧 光标趟
[11:32:32.314] [TRACE] 帧 结束
[11:32:32.320] [TRACE] 帧 公告板
[11:32:32.320] [TRACE] 帧 格网
[11:32:32.321] [TRACE] 帧 开始
[11:32:32.321] [TRACE] 帧 格网趟
[11:32:32.321] [TRACE] 帧 场景趟
[11:32:32.321] [TRACE] 帧 高亮趟
[11:32:32.321] [TRACE] 帧 叠加趟
[11:32:32.321] [TRACE] 帧 光标趟
[11:32:32.321] [TRACE] 帧 结束
[11:32:32.326] [TRACE] 帧 公告板
[11:32:32.326] [TRACE] 帧 格网
[11:32:32.326] [TRACE] 帧 开始
[11:32:32.326] [TRACE] 帧 格网趟
[11:32:32.326] [TRACE] 帧 场景趟
[11:32:32.327] [TRACE] 帧 高亮趟
[11:32:32.327] [TRACE] 帧 叠加趟
[11:32:32.327] [TRACE] 帧 光标趟
[11:32:32.327] [TRACE] 帧 结束
[11:32:32.334] [TRACE] 帧 公告板
[11:32:32.334] [TRACE] 帧 格网
[11:32:32.334] [TRACE] 帧 开始
[11:32:32.334] [TRACE] 帧 格网趟
[11:32:32.334] [TRACE] 帧 场景趟
[11:32:32.335] [TRACE] 帧 高亮趟
[11:32:32.335] [TRACE] 帧 叠加趟
[11:32:32.335] [TRACE] 帧 光标趟
[11:32:32.335] [TRACE] 帧 结束
[11:32:32.340] [TRACE] 帧 公告板
[11:32:32.340] [TRACE] 帧 格网
[11:32:32.340] [TRACE] 帧 开始
[11:32:32.340] [TRACE] 帧 格网趟
[11:32:32.340] [TRACE] 帧 场景趟
[11:32:32.341] [TRACE] 帧 高亮趟
[11:32:32.341] [TRACE] 帧 叠加趟
[11:32:32.341] [TRACE] 帧 光标趟
[11:32:32.341] [TRACE] 帧 结束
[11:32:32.347] [TRACE] 帧 公告板
[11:32:32.347] [TRACE] 帧 格网
[11:32:32.347] [TRACE] 帧 开始
[11:32:32.347] [TRACE] 帧 格网趟
[11:32:32.348] [TRACE] 帧 场景趟
[11:32:32.348] [TRACE] 帧 高亮趟
[11:32:32.348] [TRACE] 帧 叠加趟
[11:32:32.348] [TRACE] 帧 光标趟
[11:32:32.348] [TRACE] 帧 结束
[11:32:32.354] [TRACE] 帧 公告板
[11:32:32.355] [TRACE] 帧 格网
[11:32:32.355] [TRACE] 帧 开始
[11:32:32.355] [TRACE] 帧 格网趟
[11:32:32.355] [TRACE] 帧 场景趟
[11:32:32.355] [TRACE] 帧 高亮趟
[11:32:32.355] [TRACE] 帧 叠加趟
[11:32:32.355] [TRACE] 帧 光标趟
[11:32:32.356] [TRACE] 帧 结束
[11:32:32.361] [TRACE] 帧 公告板
[11:32:32.361] [TRACE] 帧 格网
[11:32:32.361] [TRACE] 帧 开始
[11:32:32.362] [TRACE] 帧 格网趟
[11:32:32.362] [TRACE] 帧 场景趟
[11:32:32.362] [TRACE] 帧 高亮趟
[11:32:32.362] [TRACE] 帧 叠加趟
[11:32:32.362] [TRACE] 帧 光标趟
[11:32:32.362] [TRACE] 帧 结束
[11:32:32.368] [TRACE] 帧 公告板
[11:32:32.369] [TRACE] 帧 格网
[11:32:32.369] [TRACE] 帧 开始
[11:32:32.369] [TRACE] 帧 格网趟
[11:32:32.369] [TRACE] 帧 场景趟
[11:32:32.369] [TRACE] 帧 高亮趟
[11:32:32.369] [TRACE] 帧 叠加趟
[11:32:32.370] [TRACE] 帧 光标趟
[11:32:32.370] [TRACE] 帧 结束
[11:32:32.375] [TRACE] 帧 公告板
[11:32:32.375] [TRACE] 帧 格网
[11:32:32.375] [TRACE] 帧 开始
[11:32:32.375] [TRACE] 帧 格网趟
[11:32:32.375] [TRACE] 帧 场景趟
[11:32:32.375] [TRACE] 帧 高亮趟
[11:32:32.375] [TRACE] 帧 叠加趟
[11:32:32.375] [TRACE] 帧 光标趟
[11:32:32.376] [TRACE] 帧 结束
[11:32:32.382] [TRACE] 帧 公告板
[11:32:32.382] [TRACE] 帧 格网
[11:32:32.383] [TRACE] 帧 开始
[11:32:32.383] [TRACE] 帧 格网趟
[11:32:32.383] [TRACE] 帧 场景趟
[11:32:32.383] [TRACE] 帧 高亮趟
[11:32:32.383] [TRACE] 帧 叠加趟
[11:32:32.383] [TRACE] 帧 光标趟
[11:32:32.384] [TRACE] 帧 结束
[11:32:32.388] [TRACE] 帧 公告板
[11:32:32.389] [TRACE] 帧 格网
[11:32:32.389] [TRACE] 帧 开始
[11:32:32.389] [TRACE] 帧 格网趟
[11:32:32.389] [TRACE] 帧 场景趟
[11:32:32.389] [TRACE] 帧 高亮趟
[11:32:32.390] [TRACE] 帧 叠加趟
[11:32:32.390] [TRACE] 帧 光标趟
[11:32:32.390] [TRACE] 帧 结束
[11:32:32.395] [TRACE] 帧 公告板
[11:32:32.396] [TRACE] 帧 格网
[11:32:32.396] [TRACE] 帧 开始
[11:32:32.396] [TRACE] 帧 格网趟
[11:32:32.396] [TRACE] 帧 场景趟
[11:32:32.396] [TRACE] 帧 高亮趟
[11:32:32.396] [TRACE] 帧 叠加趟
[11:32:32.396] [TRACE] 帧 光标趟
[11:32:32.396] [TRACE] 帧 结束
[11:32:32.403] [TRACE] 帧 公告板
[11:32:32.404] [TRACE] 帧 格网
[11:32:32.404] [TRACE] 帧 开始
[11:32:32.404] [TRACE] 帧 格网趟
[11:32:32.404] [TRACE] 帧 场景趟
[11:32:32.404] [TRACE] 帧 高亮趟
[11:32:32.405] [TRACE] 帧 叠加趟
[11:32:32.405] [TRACE] 帧 光标趟
[11:32:32.405] [TRACE] 帧 结束
[11:32:32.409] [TRACE] 帧 公告板
[11:32:32.409] [TRACE] 帧 格网
[11:32:32.410] [TRACE] 帧 开始
[11:32:32.410] [TRACE] 帧 格网趟
[11:32:32.410] [TRACE] 帧 场景趟
[11:32:32.410] [TRACE] 帧 高亮趟
[11:32:32.410] [TRACE] 帧 叠加趟
[11:32:32.410] [TRACE] 帧 光标趟
[11:32:32.410] [TRACE] 帧 结束
[11:32:32.417] [TRACE] 帧 公告板
[11:32:32.417] [TRACE] 帧 格网
[11:32:32.418] [TRACE] 帧 开始
[11:32:32.418] [TRACE] 帧 格网趟
[11:32:32.418] [TRACE] 帧 场景趟
[11:32:32.418] [TRACE] 帧 高亮趟
[11:32:32.418] [TRACE] 帧 叠加趟
[11:32:32.418] [TRACE] 帧 光标趟
[11:32:32.418] [TRACE] 帧 结束
[11:32:32.423] [TRACE] 帧 公告板
[11:32:32.423] [TRACE] 帧 格网
[11:32:32.424] [TRACE] 帧 开始
[11:32:32.424] [TRACE] 帧 格网趟
[11:32:32.424] [TRACE] 帧 场景趟
[11:32:32.424] [TRACE] 帧 高亮趟
[11:32:32.424] [TRACE] 帧 叠加趟
[11:32:32.424] [TRACE] 帧 光标趟
[11:32:32.424] [TRACE] 帧 结束
[11:32:32.430] [TRACE] 帧 公告板
[11:32:32.430] [TRACE] 帧 格网
[11:32:32.430] [TRACE] 帧 开始
[11:32:32.431] [TRACE] 帧 格网趟
[11:32:32.431] [TRACE] 帧 场景趟
[11:32:32.431] [TRACE] 帧 高亮趟
[11:32:32.431] [TRACE] 帧 叠加趟
[11:32:32.431] [TRACE] 帧 光标趟
[11:32:32.431] [TRACE] 帧 结束
[11:32:32.438] [TRACE] 帧 公告板
[11:32:32.438] [TRACE] 帧 格网
[11:32:32.438] [TRACE] 帧 开始
[11:32:32.439] [TRACE] 帧 格网趟
[11:32:32.439] [TRACE] 帧 场景趟
[11:32:32.439] [TRACE] 帧 高亮趟
[11:32:32.439] [TRACE] 帧 叠加趟
[11:32:32.439] [TRACE] 帧 光标趟
[11:32:32.439] [TRACE] 帧 结束
[11:32:32.444] [TRACE] 帧 公告板
[11:32:32.445] [TRACE] 帧 格网
[11:32:32.445] [TRACE] 帧 开始
[11:32:32.445] [TRACE] 帧 格网趟
[11:32:32.445] [TRACE] 帧 场景趟
[11:32:32.445] [TRACE] 帧 高亮趟
[11:32:32.445] [TRACE] 帧 叠加趟
[11:32:32.445] [TRACE] 帧 光标趟
[11:32:32.446] [TRACE] 帧 结束
[11:32:32.452] [TRACE] 帧 公告板
[11:32:32.452] [TRACE] 帧 格网
[11:32:32.452] [TRACE] 帧 开始
[11:32:32.453] [TRACE] 帧 格网趟
[11:32:32.453] [TRACE] 帧 场景趟
[11:32:32.453] [TRACE] 帧 高亮趟
[11:32:32.453] [TRACE] 帧 叠加趟
[11:32:32.454] [TRACE] 帧 光标趟
[11:32:32.454] [TRACE] 帧 结束
[11:32:32.458] [TRACE] 帧 公告板
[11:32:32.458] [TRACE] 帧 格网
[11:32:32.458] [TRACE] 帧 开始
[11:32:32.458] [TRACE] 帧 格网趟
[11:32:32.458] [TRACE] 帧 场景趟
[11:32:32.458] [TRACE] 帧 高亮趟
[11:32:32.458] [TRACE] 帧 叠加趟
[11:32:32.459] [TRACE] 帧 光标趟
[11:32:32.459] [TRACE] 帧 结束
[11:32:32.466] [TRACE] 帧 公告板
[11:32:32.466] [TRACE] 帧 格网
[11:32:32.466] [TRACE] 帧 开始
[11:32:32.466] [TRACE] 帧 格网趟
[11:32:32.467] [TRACE] 帧 场景趟
[11:32:32.467] [TRACE] 帧 高亮趟
[11:32:32.467] [TRACE] 帧 叠加趟
[11:32:32.467] [TRACE] 帧 光标趟
[11:32:32.467] [TRACE] 帧 结束
[11:32:32.472] [TRACE] 帧 公告板
[11:32:32.473] [TRACE] 帧 格网
[11:32:32.473] [TRACE] 帧 开始
[11:32:32.473] [TRACE] 帧 格网趟
[11:32:32.473] [TRACE] 帧 场景趟
[11:32:32.473] [TRACE] 帧 高亮趟
[11:32:32.474] [TRACE] 帧 叠加趟
[11:32:32.474] [TRACE] 帧 光标趟
[11:32:32.474] [TRACE] 帧 结束
[11:32:32.479] [TRACE] 帧 公告板
[11:32:32.479] [TRACE] 帧 格网
[11:32:32.479] [TRACE] 帧 开始
[11:32:32.480] [TRACE] 帧 格网趟
[11:32:32.480] [TRACE] 帧 场景趟
[11:32:32.480] [TRACE] 帧 高亮趟
[11:32:32.480] [TRACE] 帧 叠加趟
[11:32:32.480] [TRACE] 帧 光标趟
[11:32:32.480] [TRACE] 帧 结束
[11:32:32.487] [TRACE] 帧 公告板
[11:32:32.487] [TRACE] 帧 格网
[11:32:32.487] [TRACE] 帧 开始
[11:32:32.488] [TRACE] 帧 格网趟
[11:32:32.488] [TRACE] 帧 场景趟
[11:32:32.488] [TRACE] 帧 高亮趟
[11:32:32.488] [TRACE] 帧 叠加趟
[11:32:32.488] [TRACE] 帧 光标趟
[11:32:32.488] [TRACE] 帧 结束
[11:32:32.493] [TRACE] 帧 公告板
[11:32:32.493] [TRACE] 帧 格网
[11:32:32.493] [TRACE] 帧 开始
[11:32:32.493] [TRACE] 帧 格网趟
[11:32:32.494] [TRACE] 帧 场景趟
[11:32:32.494] [TRACE] 帧 高亮趟
[11:32:32.494] [TRACE] 帧 叠加趟
[11:32:32.494] [TRACE] 帧 光标趟
[11:32:32.494] [TRACE] 帧 结束
[11:32:32.501] [TRACE] 帧 公告板
[11:32:32.501] [TRACE] 帧 格网
[11:32:32.501] [TRACE] 帧 开始
[11:32:32.502] [TRACE] 帧 格网趟
[11:32:32.502] [TRACE] 帧 场景趟
[11:32:32.502] [TRACE] 帧 高亮趟
[11:32:32.502] [TRACE] 帧 叠加趟
[11:32:32.502] [TRACE] 帧 光标趟
[11:32:32.502] [TRACE] 帧 结束
[11:32:32.507] [TRACE] 帧 公告板
[11:32:32.507] [TRACE] 帧 格网
[11:32:32.507] [TRACE] 帧 开始
[11:32:32.507] [TRACE] 帧 格网趟
[11:32:32.508] [TRACE] 帧 场景趟
[11:32:32.508] [TRACE] 帧 高亮趟
[11:32:32.508] [TRACE] 帧 叠加趟
[11:32:32.508] [TRACE] 帧 光标趟
[11:32:32.508] [TRACE] 帧 结束
[11:32:32.514] [TRACE] 帧 公告板
[11:32:32.514] [TRACE] 帧 格网
[11:32:32.514] [TRACE] 帧 开始
[11:32:32.515] [TRACE] 帧 格网趟
[11:32:32.515] [TRACE] 帧 场景趟
[11:32:32.515] [TRACE] 帧 高亮趟
[11:32:32.515] [TRACE] 帧 叠加趟
[11:32:32.515] [TRACE] 帧 光标趟
[11:32:32.515] [TRACE] 帧 结束
[11:32:32.522] [TRACE] 帧 公告板
[11:32:32.522] [TRACE] 帧 格网
[11:32:32.522] [TRACE] 帧 开始
[11:32:32.522] [TRACE] 帧 格网趟
[11:32:32.522] [TRACE] 帧 场景趟
[11:32:32.522] [TRACE] 帧 高亮趟
[11:32:32.522] [TRACE] 帧 叠加趟
[11:32:32.523] [TRACE] 帧 光标趟
[11:32:32.523] [TRACE] 帧 结束
[11:32:32.528] [TRACE] 帧 公告板
[11:32:32.528] [TRACE] 帧 格网
[11:32:32.528] [TRACE] 帧 开始
[11:32:32.528] [TRACE] 帧 格网趟
[11:32:32.529] [TRACE] 帧 场景趟
[11:32:32.529] [TRACE] 帧 高亮趟
[11:32:32.529] [TRACE] 帧 叠加趟
[11:32:32.529] [TRACE] 帧 光标趟
[11:32:32.529] [TRACE] 帧 结束
[11:32:32.535] [TRACE] 帧 公告板
[11:32:32.535] [TRACE] 帧 格网
[11:32:32.536] [TRACE] 帧 开始
[11:32:32.536] [TRACE] 帧 格网趟
[11:32:32.536] [TRACE] 帧 场景趟
[11:32:32.536] [TRACE] 帧 高亮趟
[11:32:32.536] [TRACE] 帧 叠加趟
[11:32:32.536] [TRACE] 帧 光标趟
[11:32:32.537] [TRACE] 帧 结束
[11:32:32.541] [TRACE] 帧 公告板
[11:32:32.541] [TRACE] 帧 格网
[11:32:32.542] [TRACE] 帧 开始
[11:32:32.542] [TRACE] 帧 格网趟
[11:32:32.542] [TRACE] 帧 场景趟
[11:32:32.542] [TRACE] 帧 高亮趟
[11:32:32.542] [TRACE] 帧 叠加趟
[11:32:32.542] [TRACE] 帧 光标趟
[11:32:32.543] [TRACE] 帧 结束
[11:32:32.549] [TRACE] 帧 公告板
[11:32:32.549] [TRACE] 帧 格网
[11:32:32.549] [TRACE] 帧 开始
[11:32:32.549] [TRACE] 帧 格网趟
[11:32:32.549] [TRACE] 帧 场景趟
[11:32:32.550] [TRACE] 帧 高亮趟
[11:32:32.550] [TRACE] 帧 叠加趟
[11:32:32.550] [TRACE] 帧 光标趟
[11:32:32.550] [TRACE] 帧 结束
[11:32:32.555] [TRACE] 帧 公告板
[11:32:32.555] [TRACE] 帧 格网
[11:32:32.556] [TRACE] 帧 开始
[11:32:32.556] [TRACE] 帧 格网趟
[11:32:32.556] [TRACE] 帧 场景趟
[11:32:32.556] [TRACE] 帧 高亮趟
[11:32:32.556] [TRACE] 帧 叠加趟
[11:32:32.556] [TRACE] 帧 光标趟
[11:32:32.556] [TRACE] 帧 结束
[11:32:32.562] [TRACE] 帧 公告板
[11:32:32.563] [TRACE] 帧 格网
[11:32:32.563] [TRACE] 帧 开始
[11:32:32.563] [TRACE] 帧 格网趟
[11:32:32.563] [TRACE] 帧 场景趟
[11:32:32.563] [TRACE] 帧 高亮趟
[11:32:32.563] [TRACE] 帧 叠加趟
[11:32:32.564] [TRACE] 帧 光标趟
[11:32:32.564] [TRACE] 帧 结束
[11:32:32.570] [TRACE] 帧 公告板
[11:32:32.570] [TRACE] 帧 格网
[11:32:32.571] [TRACE] 帧 开始
[11:32:32.571] [TRACE] 帧 格网趟
[11:32:32.571] [TRACE] 帧 场景趟
[11:32:32.571] [TRACE] 帧 高亮趟
[11:32:32.571] [TRACE] 帧 叠加趟
[11:32:32.571] [TRACE] 帧 光标趟
[11:32:32.571] [TRACE] 帧 结束
[11:32:32.576] [TRACE] 帧 公告板
[11:32:32.576] [TRACE] 帧 格网
[11:32:32.577] [TRACE] 帧 开始
[11:32:32.577] [TRACE] 帧 格网趟
[11:32:32.577] [TRACE] 帧 场景趟
[11:32:32.577] [TRACE] 帧 高亮趟
[11:32:32.577] [TRACE] 帧 叠加趟
[11:32:32.577] [TRACE] 帧 光标趟
[11:32:32.578] [TRACE] 帧 结束
[11:32:32.584] [TRACE] 帧 公告板
[11:32:32.584] [TRACE] 帧 格网
[11:32:32.584] [TRACE] 帧 开始
[11:32:32.584] [TRACE] 帧 格网趟
[11:32:32.584] [TRACE] 帧 场景趟
[11:32:32.585] [TRACE] 帧 高亮趟
[11:32:32.585] [TRACE] 帧 叠加趟
[11:32:32.585] [TRACE] 帧 光标趟
[11:32:32.585] [TRACE] 帧 结束
[11:32:32.590] [TRACE] 帧 公告板
[11:32:32.590] [TRACE] 帧 格网
[11:32:32.590] [TRACE] 帧 开始
[11:32:32.590] [TRACE] 帧 格网趟
[11:32:32.590] [TRACE] 帧 场景趟
[11:32:32.591] [TRACE] 帧 高亮趟
[11:32:32.591] [TRACE] 帧 叠加趟
[11:32:32.591] [TRACE] 帧 光标趟
[11:32:32.591] [TRACE] 帧 结束
[11:32:32.597] [TRACE] 帧 公告板
[11:32:32.597] [TRACE] 帧 格网
[11:32:32.597] [TRACE] 帧 开始
[11:32:32.598] [TRACE] 帧 格网趟
[11:32:32.598] [TRACE] 帧 场景趟
[11:32:32.598] [TRACE] 帧 高亮趟
[11:32:32.598] [TRACE] 帧 叠加趟
[11:32:32.598] [TRACE] 帧 光标趟
[11:32:32.598] [TRACE] 帧 结束
[11:32:32.605] [TRACE] 帧 公告板
[11:32:32.605] [TRACE] 帧 格网
[11:32:32.606] [TRACE] 帧 开始
[11:32:32.606] [TRACE] 帧 格网趟
[11:32:32.606] [TRACE] 帧 场景趟
[11:32:32.606] [TRACE] 帧 高亮趟
[11:32:32.606] [TRACE] 帧 叠加趟
[11:32:32.606] [TRACE] 帧 光标趟
[11:32:32.607] [TRACE] 帧 结束
[11:32:32.611] [TRACE] 帧 公告板
[11:32:32.612] [TRACE] 帧 格网
[11:32:32.612] [TRACE] 帧 开始
[11:32:32.612] [TRACE] 帧 格网趟
[11:32:32.612] [TRACE] 帧 场景趟
[11:32:32.612] [TRACE] 帧 高亮趟
[11:32:32.612] [TRACE] 帧 叠加趟
[11:32:32.613] [TRACE] 帧 光标趟
[11:32:32.613] [TRACE] 帧 结束
[11:32:32.618] [TRACE] 帧 公告板
[11:32:32.619] [TRACE] 帧 格网
[11:32:32.619] [TRACE] 帧 开始
[11:32:32.619] [TRACE] 帧 格网趟
[11:32:32.619] [TRACE] 帧 场景趟
[11:32:32.619] [TRACE] 帧 高亮趟
[11:32:32.619] [TRACE] 帧 叠加趟
[11:32:32.619] [TRACE] 帧 光标趟
[11:32:32.620] [TRACE] 帧 结束
[11:32:32.625] [TRACE] 帧 公告板
[11:32:32.625] [TRACE] 帧 格网
[11:32:32.625] [TRACE] 帧 开始
[11:32:32.625] [TRACE] 帧 格网趟
[11:32:32.625] [TRACE] 帧 场景趟
[11:32:32.626] [TRACE] 帧 高亮趟
[11:32:32.626] [TRACE] 帧 叠加趟
[11:32:32.626] [TRACE] 帧 光标趟
[11:32:32.626] [TRACE] 帧 结束
[11:32:32.632] [TRACE] 帧 公告板
[11:32:32.633] [TRACE] 帧 格网
[11:32:32.633] [TRACE] 帧 开始
[11:32:32.633] [TRACE] 帧 格网趟
[11:32:32.633] [TRACE] 帧 场景趟
[11:32:32.633] [TRACE] 帧 高亮趟
[11:32:32.634] [TRACE] 帧 叠加趟
[11:32:32.634] [TRACE] 帧 光标趟
[11:32:32.634] [TRACE] 帧 结束
[11:32:32.639] [TRACE] 帧 公告板
[11:32:32.639] [TRACE] 帧 格网
[11:32:32.639] [TRACE] 帧 开始
[11:32:32.639] [TRACE] 帧 格网趟
[11:32:32.640] [TRACE] 帧 场景趟
[11:32:32.640] [TRACE] 帧 高亮趟
[11:32:32.640] [TRACE] 帧 叠加趟
[11:32:32.640] [TRACE] 帧 光标趟
[11:32:32.640] [TRACE] 帧 结束
[11:32:32.646] [TRACE] 帧 公告板
[11:32:32.646] [TRACE] 帧 格网
[11:32:32.646] [TRACE] 帧 开始
[11:32:32.646] [TRACE] 帧 格网趟
[11:32:32.647] [TRACE] 帧 场景趟
[11:32:32.647] [TRACE] 帧 高亮趟
[11:32:32.647] [TRACE] 帧 叠加趟
[11:32:32.647] [TRACE] 帧 光标趟
[11:32:32.647] [TRACE] 帧 结束
[11:32:32.654] [TRACE] 帧 公告板
[11:32:32.654] [TRACE] 帧 格网
[11:32:32.655] [TRACE] 帧 开始
[11:32:32.655] [TRACE] 帧 格网趟
[11:32:32.655] [TRACE] 帧 场景趟
[11:32:32.655] [TRACE] 帧 高亮趟
[11:32:32.655] [TRACE] 帧 叠加趟
[11:32:32.655] [TRACE] 帧 光标趟
[11:32:32.656] [TRACE] 帧 结束
[11:32:32.660] [TRACE] 帧 公告板
[11:32:32.660] [TRACE] 帧 格网
[11:32:32.660] [TRACE] 帧 开始
[11:32:32.660] [TRACE] 帧 格网趟
[11:32:32.660] [TRACE] 帧 场景趟
[11:32:32.660] [TRACE] 帧 高亮趟
[11:32:32.660] [TRACE] 帧 叠加趟
[11:32:32.661] [TRACE] 帧 光标趟
[11:32:32.661] [TRACE] 帧 结束
[11:32:32.667] [TRACE] 帧 公告板
[11:32:32.668] [TRACE] 帧 格网
[11:32:32.668] [TRACE] 帧 开始
[11:32:32.668] [TRACE] 帧 格网趟
[11:32:32.668] [TRACE] 帧 场景趟
[11:32:32.668] [TRACE] 帧 高亮趟
[11:32:32.669] [TRACE] 帧 叠加趟
[11:32:32.669] [TRACE] 帧 光标趟
[11:32:32.669] [TRACE] 帧 结束
[11:32:32.673] [TRACE] 帧 公告板
[11:32:32.674] [TRACE] 帧 格网
[11:32:32.674] [TRACE] 帧 开始
[11:32:32.674] [TRACE] 帧 格网趟
[11:32:32.674] [TRACE] 帧 场景趟
[11:32:32.674] [TRACE] 帧 高亮趟
[11:32:32.674] [TRACE] 帧 叠加趟
[11:32:32.674] [TRACE] 帧 光标趟
[11:32:32.675] [TRACE] 帧 结束
[11:32:32.681] [TRACE] 帧 公告板
[11:32:32.681] [TRACE] 帧 格网
[11:32:32.681] [TRACE] 帧 开始
[11:32:32.681] [TRACE] 帧 格网趟
[11:32:32.681] [TRACE] 帧 场景趟
[11:32:32.681] [TRACE] 帧 高亮趟
[11:32:32.681] [TRACE] 帧 叠加趟
[11:32:32.681] [TRACE] 帧 光标趟
[11:32:32.682] [TRACE] 帧 结束
[11:32:32.688] [TRACE] 帧 公告板
[11:32:32.688] [TRACE] 帧 格网
[11:32:32.689] [TRACE] 帧 开始
[11:32:32.689] [TRACE] 帧 格网趟
[11:32:32.689] [TRACE] 帧 场景趟
[11:32:32.689] [TRACE] 帧 高亮趟
[11:32:32.689] [TRACE] 帧 叠加趟
[11:32:32.690] [TRACE] 帧 光标趟
[11:32:32.690] [TRACE] 帧 结束
[11:32:32.695] [TRACE] 帧 公告板
[11:32:32.695] [TRACE] 帧 格网
[11:32:32.695] [TRACE] 帧 开始
[11:32:32.695] [TRACE] 帧 格网趟
[11:32:32.695] [TRACE] 帧 场景趟
[11:32:32.695] [TRACE] 帧 高亮趟
[11:32:32.695] [TRACE] 帧 叠加趟
[11:32:32.696] [TRACE] 帧 光标趟
[11:32:32.696] [TRACE] 帧 结束
[11:32:32.702] [TRACE] 帧 公告板
[11:32:32.702] [TRACE] 帧 格网
[11:32:32.702] [TRACE] 帧 开始
[11:32:32.703] [TRACE] 帧 格网趟
[11:32:32.703] [TRACE] 帧 场景趟
[11:32:32.703] [TRACE] 帧 高亮趟
[11:32:32.703] [TRACE] 帧 叠加趟
[11:32:32.703] [TRACE] 帧 光标趟
[11:32:32.703] [TRACE] 帧 结束
[11:32:32.708] [TRACE] 帧 公告板
[11:32:32.708] [TRACE] 帧 格网
[11:32:32.709] [TRACE] 帧 开始
[11:32:32.709] [TRACE] 帧 格网趟
[11:32:32.709] [TRACE] 帧 场景趟
[11:32:32.709] [TRACE] 帧 高亮趟
[11:32:32.709] [TRACE] 帧 叠加趟
[11:32:32.709] [TRACE] 帧 光标趟
[11:32:32.710] [TRACE] 帧 结束
[11:32:32.716] [TRACE] 帧 公告板
[11:32:32.716] [TRACE] 帧 格网
[11:32:32.717] [TRACE] 帧 开始
[11:32:32.717] [TRACE] 帧 格网趟
[11:32:32.717] [TRACE] 帧 场景趟
[11:32:32.717] [TRACE] 帧 高亮趟
[11:32:32.717] [TRACE] 帧 叠加趟
[11:32:32.717] [TRACE] 帧 光标趟
[11:32:32.718] [TRACE] 帧 结束
[11:32:32.722] [TRACE] 帧 公告板
[11:32:32.723] [TRACE] 帧 格网
[11:32:32.723] [TRACE] 帧 开始
[11:32:32.723] [TRACE] 帧 格网趟
[11:32:32.723] [TRACE] 帧 场景趟
[11:32:32.723] [TRACE] 帧 高亮趟
[11:32:32.723] [TRACE] 帧 叠加趟
[11:32:32.724] [TRACE] 帧 光标趟
[11:32:32.724] [TRACE] 帧 结束
[11:32:32.729] [TRACE] 帧 公告板
[11:32:32.730] [TRACE] 帧 格网
[11:32:32.730] [TRACE] 帧 开始
[11:32:32.730] [TRACE] 帧 格网趟
[11:32:32.730] [TRACE] 帧 场景趟
[11:32:32.730] [TRACE] 帧 高亮趟
[11:32:32.731] [TRACE] 帧 叠加趟
[11:32:32.731] [TRACE] 帧 光标趟
[11:32:32.731] [TRACE] 帧 结束
[11:32:32.737] [TRACE] 帧 公告板
[11:32:32.738] [TRACE] 帧 格网
[11:32:32.738] [TRACE] 帧 开始
[11:32:32.738] [TRACE] 帧 格网趟
[11:32:32.738] [TRACE] 帧 场景趟
[11:32:32.738] [TRACE] 帧 高亮趟
[11:32:32.738] [TRACE] 帧 叠加趟
[11:32:32.738] [TRACE] 帧 光标趟
[11:32:32.739] [TRACE] 帧 结束
[11:32:32.743] [TRACE] 帧 公告板
[11:32:32.743] [TRACE] 帧 格网
[11:32:32.743] [TRACE] 帧 开始
[11:32:32.743] [TRACE] 帧 格网趟
[11:32:32.744] [TRACE] 帧 场景趟
[11:32:32.744] [TRACE] 帧 高亮趟
[11:32:32.744] [TRACE] 帧 叠加趟
[11:32:32.744] [TRACE] 帧 光标趟
[11:32:32.744] [TRACE] 帧 结束
[11:32:32.751] [TRACE] 帧 公告板
[11:32:32.751] [TRACE] 帧 格网
[11:32:32.751] [TRACE] 帧 开始
[11:32:32.752] [TRACE] 帧 格网趟
[11:32:32.752] [TRACE] 帧 场景趟
[11:32:32.752] [TRACE] 帧 高亮趟
[11:32:32.752] [TRACE] 帧 叠加趟
[11:32:32.752] [TRACE] 帧 光标趟
[11:32:32.752] [TRACE] 帧 结束
[11:32:32.757] [TRACE] 帧 公告板
[11:32:32.757] [TRACE] 帧 格网
[11:32:32.757] [TRACE] 帧 开始
[11:32:32.757] [TRACE] 帧 格网趟
[11:32:32.758] [TRACE] 帧 场景趟
[11:32:32.758] [TRACE] 帧 高亮趟
[11:32:32.758] [TRACE] 帧 叠加趟
[11:32:32.758] [TRACE] 帧 光标趟
[11:32:32.758] [TRACE] 帧 结束
[11:32:32.765] [TRACE] 帧 公告板
[11:32:32.766] [TRACE] 帧 格网
[11:32:32.766] [TRACE] 帧 开始
[11:32:32.766] [TRACE] 帧 格网趟
[11:32:32.766] [TRACE] 帧 场景趟
[11:32:32.766] [TRACE] 帧 高亮趟
[11:32:32.766] [TRACE] 帧 叠加趟
[11:32:32.767] [TRACE] 帧 光标趟
[11:32:32.767] [TRACE] 帧 结束
[11:32:32.771] [TRACE] 帧 公告板
[11:32:32.771] [TRACE] 帧 格网
[11:32:32.771] [TRACE] 帧 开始
[11:32:32.772] [TRACE] 帧 格网趟
[11:32:32.772] [TRACE] 帧 场景趟
[11:32:32.772] [TRACE] 帧 高亮趟
[11:32:32.772] [TRACE] 帧 叠加趟
[11:32:32.772] [TRACE] 帧 光标趟
[11:32:32.773] [TRACE] 帧 结束
[11:32:32.780] [TRACE] 帧 公告板
[11:32:32.780] [TRACE] 帧 格网
[11:32:32.781] [TRACE] 帧 开始
[11:32:32.781] [TRACE] 帧 格网趟
[11:32:32.781] [TRACE] 帧 场景趟
[11:32:32.781] [TRACE] 帧 高亮趟
[11:32:32.781] [TRACE] 帧 叠加趟
[11:32:32.781] [TRACE] 帧 光标趟
[11:32:32.781] [TRACE] 帧 结束
[11:32:32.792] [TRACE] 帧 公告板
[11:32:32.792] [TRACE] 帧 格网
[11:32:32.792] [TRACE] 帧 开始
[11:32:32.793] [TRACE] 帧 格网趟
[11:32:32.793] [TRACE] 帧 场景趟
[11:32:32.793] [TRACE] 帧 高亮趟
[11:32:32.793] [TRACE] 帧 叠加趟
[11:32:32.793] [TRACE] 帧 光标趟
[11:32:32.794] [TRACE] 帧 结束
[11:32:32.799] [TRACE] 帧 公告板
[11:32:32.800] [TRACE] 帧 格网
[11:32:32.800] [TRACE] 帧 开始
[11:32:32.800] [TRACE] 帧 格网趟
[11:32:32.800] [TRACE] 帧 场景趟
[11:32:32.800] [TRACE] 帧 高亮趟
[11:32:32.801] [TRACE] 帧 叠加趟
[11:32:32.801] [TRACE] 帧 光标趟
[11:32:32.801] [TRACE] 帧 结束
[11:32:32.806] [TRACE] 帧 公告板
[11:32:32.806] [TRACE] 帧 格网
[11:32:32.806] [TRACE] 帧 开始
[11:32:32.806] [TRACE] 帧 格网趟
[11:32:32.807] [TRACE] 帧 场景趟
[11:32:32.807] [TRACE] 帧 高亮趟
[11:32:32.807] [TRACE] 帧 叠加趟
[11:32:32.807] [TRACE] 帧 光标趟
[11:32:32.807] [TRACE] 帧 结束
[11:32:32.813] [TRACE] 帧 公告板
[11:32:32.813] [TRACE] 帧 格网
[11:32:32.813] [TRACE] 帧 开始
[11:32:32.814] [TRACE] 帧 格网趟
[11:32:32.814] [TRACE] 帧 场景趟
[11:32:32.814] [TRACE] 帧 高亮趟
[11:32:32.814] [TRACE] 帧 叠加趟
[11:32:32.814] [TRACE] 帧 光标趟
[11:32:32.814] [TRACE] 帧 结束
[11:32:32.821] [TRACE] 帧 公告板
[11:32:32.821] [TRACE] 帧 格网
[11:32:32.821] [TRACE] 帧 开始
[11:32:32.821] [TRACE] 帧 格网趟
[11:32:32.821] [TRACE] 帧 场景趟
[11:32:32.822] [TRACE] 帧 高亮趟
[11:32:32.822] [TRACE] 帧 叠加趟
[11:32:32.822] [TRACE] 帧 光标趟
[11:32:32.822] [TRACE] 帧 结束
[11:32:32.826] [TRACE] 帧 公告板
[11:32:32.827] [TRACE] 帧 格网
[11:32:32.827] [TRACE] 帧 开始
[11:32:32.827] [TRACE] 帧 格网趟
[11:32:32.827] [TRACE] 帧 场景趟
[11:32:32.827] [TRACE] 帧 高亮趟
[11:32:32.827] [TRACE] 帧 叠加趟
[11:32:32.828] [TRACE] 帧 光标趟
[11:32:32.828] [TRACE] 帧 结束
[11:32:32.834] [TRACE] 帧 公告板
[11:32:32.834] [TRACE] 帧 格网
[11:32:32.835] [TRACE] 帧 开始
[11:32:32.835] [TRACE] 帧 格网趟
[11:32:32.835] [TRACE] 帧 场景趟
[11:32:32.835] [TRACE] 帧 高亮趟
[11:32:32.836] [TRACE] 帧 叠加趟
[11:32:32.836] [TRACE] 帧 光标趟
[11:32:32.836] [TRACE] 帧 结束
[11:32:32.840] [TRACE] 帧 公告板
[11:32:32.841] [TRACE] 帧 格网
[11:32:32.841] [TRACE] 帧 开始
[11:32:32.841] [TRACE] 帧 格网趟
[11:32:32.841] [TRACE] 帧 场景趟
[11:32:32.841] [TRACE] 帧 高亮趟
[11:32:32.842] [TRACE] 帧 叠加趟
[11:32:32.842] [TRACE] 帧 光标趟
[11:32:32.842] [TRACE] 帧 结束
[11:32:32.848] [TRACE] 帧 公告板
[11:32:32.849] [TRACE] 帧 格网
[11:32:32.849] [TRACE] 帧 开始
[11:32:32.849] [TRACE] 帧 格网趟
[11:32:32.849] [TRACE] 帧 场景趟
[11:32:32.849] [TRACE] 帧 高亮趟
[11:32:32.850] [TRACE] 帧 叠加趟
[11:32:32.850] [TRACE] 帧 光标趟
[11:32:32.850] [TRACE] 帧 结束
[11:32:32.854] [TRACE] 帧 公告板
[11:32:32.855] [TRACE] 帧 格网
[11:32:32.855] [TRACE] 帧 开始
[11:32:32.855] [TRACE] 帧 格网趟
[11:32:32.855] [TRACE] 帧 场景趟
[11:32:32.855] [TRACE] 帧 高亮趟
[11:32:32.856] [TRACE] 帧 叠加趟
[11:32:32.856] [TRACE] 帧 光标趟
[11:32:32.856] [TRACE] 帧 结束
[11:32:32.862] [TRACE] 帧 公告板
[11:32:32.862] [TRACE] 帧 格网
[11:32:32.862] [TRACE] 帧 开始
[11:32:32.862] [TRACE] 帧 格网趟
[11:32:32.862] [TRACE] 帧 场景趟
[11:32:32.862] [TRACE] 帧 高亮趟
[11:32:32.863] [TRACE] 帧 叠加趟
[11:32:32.863] [TRACE] 帧 光标趟
[11:32:32.863] [TRACE] 帧 结束
[11:32:32.869] [TRACE] 帧 公告板
[11:32:32.869] [TRACE] 帧 格网
[11:32:32.869] [TRACE] 帧 开始
[11:32:32.869] [TRACE] 帧 格网趟
[11:32:32.869] [TRACE] 帧 场景趟
[11:32:32.870] [TRACE] 帧 高亮趟
[11:32:32.870] [TRACE] 帧 叠加趟
[11:32:32.870] [TRACE] 帧 光标趟
[11:32:32.870] [TRACE] 帧 结束
[11:32:32.875] [TRACE] 帧 公告板
[11:32:32.875] [TRACE] 帧 格网
[11:32:32.875] [TRACE] 帧 开始
[11:32:32.875] [TRACE] 帧 格网趟
[11:32:32.876] [TRACE] 帧 场景趟
[11:32:32.876] [TRACE] 帧 高亮趟
[11:32:32.876] [TRACE] 帧 叠加趟
[11:32:32.876] [TRACE] 帧 光标趟
[11:32:32.876] [TRACE] 帧 结束
[11:32:32.883] [TRACE] 帧 公告板
[11:32:32.883] [TRACE] 帧 格网
[11:32:32.883] [TRACE] 帧 开始
[11:32:32.884] [TRACE] 帧 格网趟
[11:32:32.884] [TRACE] 帧 场景趟
[11:32:32.884] [TRACE] 帧 高亮趟
[11:32:32.884] [TRACE] 帧 叠加趟
[11:32:32.884] [TRACE] 帧 光标趟
[11:32:32.884] [TRACE] 帧 结束
[11:32:32.889] [TRACE] 帧 公告板
[11:32:32.889] [TRACE] 帧 格网
[11:32:32.889] [TRACE] 帧 开始
[11:32:32.889] [TRACE] 帧 格网趟
[11:32:32.890] [TRACE] 帧 场景趟
[11:32:32.890] [TRACE] 帧 高亮趟
[11:32:32.890] [TRACE] 帧 叠加趟
[11:32:32.890] [TRACE] 帧 光标趟
[11:32:32.891] [TRACE] 帧 结束
[11:32:32.896] [TRACE] 帧 公告板
[11:32:32.896] [TRACE] 帧 格网
[11:32:32.896] [TRACE] 帧 开始
[11:32:32.896] [TRACE] 帧 格网趟
[11:32:32.897] [TRACE] 帧 场景趟
[11:32:32.897] [TRACE] 帧 高亮趟
[11:32:32.897] [TRACE] 帧 叠加趟
[11:32:32.897] [TRACE] 帧 光标趟
[11:32:32.897] [TRACE] 帧 结束
[11:32:32.904] [TRACE] 帧 公告板
[11:32:32.904] [TRACE] 帧 格网
[11:32:32.905] [TRACE] 帧 开始
[11:32:32.905] [TRACE] 帧 格网趟
[11:32:32.905] [TRACE] 帧 场景趟
[11:32:32.905] [TRACE] 帧 高亮趟
[11:32:32.905] [TRACE] 帧 叠加趟
[11:32:32.906] [TRACE] 帧 光标趟
[11:32:32.906] [TRACE] 帧 结束
[11:32:32.910] [TRACE] 帧 公告板
[11:32:32.910] [TRACE] 帧 格网
[11:32:32.910] [TRACE] 帧 开始
[11:32:32.910] [TRACE] 帧 格网趟
[11:32:32.910] [TRACE] 帧 场景趟
[11:32:32.910] [TRACE] 帧 高亮趟
[11:32:32.910] [TRACE] 帧 叠加趟
[11:32:32.911] [TRACE] 帧 光标趟
[11:32:32.911] [TRACE] 帧 结束
[11:32:32.917] [TRACE] 帧 公告板
[11:32:32.918] [TRACE] 帧 格网
[11:32:32.918] [TRACE] 帧 开始
[11:32:32.918] [TRACE] 帧 格网趟
[11:32:32.918] [TRACE] 帧 场景趟
[11:32:32.918] [TRACE] 帧 高亮趟
[11:32:32.918] [TRACE] 帧 叠加趟
[11:32:32.918] [TRACE] 帧 光标趟
[11:32:32.918] [TRACE] 帧 结束
[11:32:32.923] [TRACE] 帧 公告板
[11:32:32.924] [TRACE] 帧 格网
[11:32:32.924] [TRACE] 帧 开始
[11:32:32.924] [TRACE] 帧 格网趟
[11:32:32.924] [TRACE] 帧 场景趟
[11:32:32.925] [TRACE] 帧 高亮趟
[11:32:32.925] [TRACE] 帧 叠加趟
[11:32:32.925] [TRACE] 帧 光标趟
[11:32:32.925] [TRACE] 帧 结束
[11:32:32.931] [TRACE] 帧 公告板
[11:32:32.931] [TRACE] 帧 格网
[11:32:32.932] [TRACE] 帧 开始
[11:32:32.932] [TRACE] 帧 格网趟
[11:32:32.932] [TRACE] 帧 场景趟
[11:32:32.932] [TRACE] 帧 高亮趟
[11:32:32.932] [TRACE] 帧 叠加趟
[11:32:32.932] [TRACE] 帧 光标趟
[11:32:32.933] [TRACE] 帧 结束
[11:32:32.937] [TRACE] 帧 公告板
[11:32:32.937] [TRACE] 帧 格网
[11:32:32.938] [TRACE] 帧 开始
[11:32:32.938] [TRACE] 帧 格网趟
[11:32:32.938] [TRACE] 帧 场景趟
[11:32:32.938] [TRACE] 帧 高亮趟
[11:32:32.939] [TRACE] 帧 叠加趟
[11:32:32.939] [TRACE] 帧 光标趟
[11:32:32.939] [TRACE] 帧 结束
[11:32:32.945] [TRACE] 帧 公告板
[11:32:32.945] [TRACE] 帧 格网
[11:32:32.945] [TRACE] 帧 开始
[11:32:32.945] [TRACE] 帧 格网趟
[11:32:32.945] [TRACE] 帧 场景趟
[11:32:32.945] [TRACE] 帧 高亮趟
[11:32:32.945] [TRACE] 帧 叠加趟
[11:32:32.946] [TRACE] 帧 光标趟
[11:32:32.946] [TRACE] 帧 结束
[11:32:32.952] [TRACE] 帧 公告板
[11:32:32.952] [TRACE] 帧 格网
[11:32:32.953] [TRACE] 帧 开始
[11:32:32.953] [TRACE] 帧 格网趟
[11:32:32.953] [TRACE] 帧 场景趟
[11:32:32.953] [TRACE] 帧 高亮趟
[11:32:32.953] [TRACE] 帧 叠加趟
[11:32:32.953] [TRACE] 帧 光标趟
[11:32:32.954] [TRACE] 帧 结束
[11:32:32.958] [TRACE] 帧 公告板
[11:32:32.958] [TRACE] 帧 格网
[11:32:32.958] [TRACE] 帧 开始
[11:32:32.959] [TRACE] 帧 格网趟
[11:32:32.959] [TRACE] 帧 场景趟
[11:32:32.959] [TRACE] 帧 高亮趟
[11:32:32.959] [TRACE] 帧 叠加趟
[11:32:32.959] [TRACE] 帧 光标趟
[11:32:32.959] [TRACE] 帧 结束
[11:32:32.966] [TRACE] 帧 公告板
[11:32:32.966] [TRACE] 帧 格网
[11:32:32.966] [TRACE] 帧 开始
[11:32:32.967] [TRACE] 帧 格网趟
[11:32:32.967] [TRACE] 帧 场景趟
[11:32:32.967] [TRACE] 帧 高亮趟
[11:32:32.967] [TRACE] 帧 叠加趟
[11:32:32.967] [TRACE] 帧 光标趟
[11:32:32.967] [TRACE] 帧 结束
[11:32:32.972] [TRACE] 帧 公告板
[11:32:32.972] [TRACE] 帧 格网
[11:32:32.972] [TRACE] 帧 开始
[11:32:32.973] [TRACE] 帧 格网趟
[11:32:32.973] [TRACE] 帧 场景趟
[11:32:32.973] [TRACE] 帧 高亮趟
[11:32:32.973] [TRACE] 帧 叠加趟
[11:32:32.973] [TRACE] 帧 光标趟
[11:32:32.973] [TRACE] 帧 结束
[11:32:32.979] [TRACE] 帧 公告板
[11:32:32.980] [TRACE] 帧 格网
[11:32:32.980] [TRACE] 帧 开始
[11:32:32.980] [TRACE] 帧 格网趟
[11:32:32.980] [TRACE] 帧 场景趟
[11:32:32.980] [TRACE] 帧 高亮趟
[11:32:32.980] [TRACE] 帧 叠加趟
[11:32:32.980] [TRACE] 帧 光标趟
[11:32:32.981] [TRACE] 帧 结束
[11:32:32.987] [TRACE] 帧 公告板
[11:32:32.988] [TRACE] 帧 格网
[11:32:32.988] [TRACE] 帧 开始
[11:32:32.988] [TRACE] 帧 格网趟
[11:32:32.988] [TRACE] 帧 场景趟
[11:32:32.988] [TRACE] 帧 高亮趟
[11:32:32.988] [TRACE] 帧 叠加趟
[11:32:32.988] [TRACE] 帧 光标趟
[11:32:32.988] [TRACE] 帧 结束
[11:32:32.993] [TRACE] 帧 公告板
[11:32:32.993] [TRACE] 帧 格网
[11:32:32.993] [TRACE] 帧 开始
[11:32:32.993] [TRACE] 帧 格网趟
[11:32:32.994] [TRACE] 帧 场景趟
[11:32:32.994] [TRACE] 帧 高亮趟
[11:32:32.994] [TRACE] 帧 叠加趟
[11:32:32.994] [TRACE] 帧 光标趟
[11:32:32.994] [TRACE] 帧 结束
[11:32:33.001] [TRACE] 帧 公告板
[11:32:33.001] [TRACE] 帧 格网
[11:32:33.001] [TRACE] 帧 开始
[11:32:33.001] [TRACE] 帧 格网趟
[11:32:33.001] [TRACE] 帧 场景趟
[11:32:33.002] [TRACE] 帧 高亮趟
[11:32:33.002] [TRACE] 帧 叠加趟
[11:32:33.002] [TRACE] 帧 光标趟
[11:32:33.002] [TRACE] 帧 结束
[11:32:33.007] [TRACE] 帧 公告板
[11:32:33.007] [TRACE] 帧 格网
[11:32:33.007] [TRACE] 帧 开始
[11:32:33.007] [TRACE] 帧 格网趟
[11:32:33.007] [TRACE] 帧 场景趟
[11:32:33.008] [TRACE] 帧 高亮趟
[11:32:33.008] [TRACE] 帧 叠加趟
[11:32:33.008] [TRACE] 帧 光标趟
[11:32:33.008] [TRACE] 帧 结束
[11:32:33.015] [TRACE] 帧 公告板
[11:32:33.015] [TRACE] 帧 格网
[11:32:33.015] [TRACE] 帧 开始
[11:32:33.015] [TRACE] 帧 格网趟
[11:32:33.015] [TRACE] 帧 场景趟
[11:32:33.015] [TRACE] 帧 高亮趟
[11:32:33.015] [TRACE] 帧 叠加趟
[11:32:33.016] [TRACE] 帧 光标趟
[11:32:33.016] [TRACE] 帧 结束
[11:32:33.021] [TRACE] 帧 公告板
[11:32:33.021] [TRACE] 帧 格网
[11:32:33.021] [TRACE] 帧 开始
[11:32:33.022] [TRACE] 帧 格网趟
[11:32:33.023] [TRACE] 帧 场景趟
[11:32:33.023] [TRACE] 帧 高亮趟
[11:32:33.024] [TRACE] 帧 叠加趟
[11:32:33.024] [TRACE] 帧 光标趟
[11:32:33.024] [TRACE] 帧 结束
[11:32:33.028] [TRACE] 帧 公告板
[11:32:33.028] [TRACE] 帧 格网
[11:32:33.028] [TRACE] 帧 开始
[11:32:33.029] [TRACE] 帧 格网趟
[11:32:33.029] [TRACE] 帧 场景趟
[11:32:33.029] [TRACE] 帧 高亮趟
[11:32:33.029] [TRACE] 帧 叠加趟
[11:32:33.029] [TRACE] 帧 光标趟
[11:32:33.029] [TRACE] 帧 结束
[11:32:33.036] [TRACE] 帧 公告板
[11:32:33.036] [TRACE] 帧 格网
[11:32:33.036] [TRACE] 帧 开始
[11:32:33.036] [TRACE] 帧 格网趟
[11:32:33.036] [TRACE] 帧 场景趟
[11:32:33.036] [TRACE] 帧 高亮趟
[11:32:33.037] [TRACE] 帧 叠加趟
[11:32:33.037] [TRACE] 帧 光标趟
[11:32:33.037] [TRACE] 帧 结束
[11:32:33.042] [TRACE] 帧 公告板
[11:32:33.042] [TRACE] 帧 格网
[11:32:33.042] [TRACE] 帧 开始
[11:32:33.042] [TRACE] 帧 格网趟
[11:32:33.042] [TRACE] 帧 场景趟
[11:32:33.042] [TRACE] 帧 高亮趟
[11:32:33.042] [TRACE] 帧 叠加趟
[11:32:33.043] [TRACE] 帧 光标趟
[11:32:33.043] [TRACE] 帧 结束
[11:32:33.049] [TRACE] 帧 公告板
[11:32:33.049] [TRACE] 帧 格网
[11:32:33.050] [TRACE] 帧 开始
[11:32:33.050] [TRACE] 帧 格网趟
[11:32:33.050] [TRACE] 帧 场景趟
[11:32:33.050] [TRACE] 帧 高亮趟
[11:32:33.050] [TRACE] 帧 叠加趟
[11:32:33.050] [TRACE] 帧 光标趟
[11:32:33.050] [TRACE] 帧 结束
[11:32:33.056] [TRACE] 帧 公告板
[11:32:33.056] [TRACE] 帧 格网
[11:32:33.056] [TRACE] 帧 开始
[11:32:33.056] [TRACE] 帧 格网趟
[11:32:33.056] [TRACE] 帧 场景趟
[11:32:33.056] [TRACE] 帧 高亮趟
[11:32:33.056] [TRACE] 帧 叠加趟
[11:32:33.056] [TRACE] 帧 光标趟
[11:32:33.057] [TRACE] 帧 结束
[11:32:33.063] [TRACE] 帧 公告板
[11:32:33.063] [TRACE] 帧 格网
[11:32:33.063] [TRACE] 帧 开始
[11:32:33.063] [TRACE] 帧 格网趟
[11:32:33.063] [TRACE] 帧 场景趟
[11:32:33.063] [TRACE] 帧 高亮趟
[11:32:33.063] [TRACE] 帧 叠加趟
[11:32:33.063] [TRACE] 帧 光标趟
[11:32:33.064] [TRACE] 帧 结束
[2026-09-15 11:32:33] [自检] +12s  状态栏「标注编辑：已进入编辑模式，可拖动蓝色节点调整高度，或在右侧特性面板修改  [自检鼠标 双击 (60,35) 屏幕(881,508) 拖拽=False 框选=False 编辑框=无 选集: 对齐标注]」
[11:32:33.071] [TRACE] 帧 公告板
[11:32:33.071] [TRACE] 帧 格网
[11:32:33.071] [TRACE] 帧 开始
[11:32:33.071] [TRACE] 帧 格网趟
[11:32:33.071] [TRACE] 帧 场景趟
[11:32:33.071] [TRACE] 帧 高亮趟
[11:32:33.071] [TRACE] 帧 叠加趟
[11:32:33.072] [TRACE] 帧 光标趟
[11:32:33.072] [TRACE] 帧 结束
[11:32:33.076] [TRACE] 帧 公告板
[11:32:33.076] [TRACE] 帧 格网
[11:32:33.077] [TRACE] 帧 开始
[11:32:33.077] [TRACE] 帧 格网趟
[11:32:33.077] [TRACE] 帧 场景趟
[11:32:33.077] [TRACE] 帧 高亮趟
[11:32:33.077] [TRACE] 帧 叠加趟
[11:32:33.077] [TRACE] 帧 光标趟
[11:32:33.077] [TRACE] 帧 结束
[11:32:33.084] [TRACE] 帧 公告板
[11:32:33.084] [TRACE] 帧 格网
[11:32:33.084] [TRACE] 帧 开始
[11:32:33.084] [TRACE] 帧 格网趟
[11:32:33.084] [TRACE] 帧 场景趟
[11:32:33.085] [TRACE] 帧 高亮趟
[11:32:33.085] [TRACE] 帧 叠加趟
[11:32:33.085] [TRACE] 帧 光标趟
[11:32:33.085] [TRACE] 帧 结束
[11:32:33.090] [TRACE] 帧 公告板
[11:32:33.090] [TRACE] 帧 格网
[11:32:33.090] [TRACE] 帧 开始
[11:32:33.091] [TRACE] 帧 格网趟
[11:32:33.091] [TRACE] 帧 场景趟
[11:32:33.091] [TRACE] 帧 高亮趟
[11:32:33.091] [TRACE] 帧 叠加趟
[11:32:33.091] [TRACE] 帧 光标趟
[11:32:33.091] [TRACE] 帧 结束
[11:32:33.098] [TRACE] 帧 公告板
[11:32:33.099] [TRACE] 帧 格网
[11:32:33.099] [TRACE] 帧 开始
[11:32:33.099] [TRACE] 帧 格网趟
[11:32:33.099] [TRACE] 帧 场景趟
[11:32:33.099] [TRACE] 帧 高亮趟
[11:32:33.100] [TRACE] 帧 叠加趟
[11:32:33.100] [TRACE] 帧 光标趟
[11:32:33.100] [TRACE] 帧 结束
[11:32:33.104] [TRACE] 帧 公告板
[11:32:33.105] [TRACE] 帧 格网
[11:32:33.105] [TRACE] 帧 开始
[11:32:33.105] [TRACE] 帧 格网趟
[11:32:33.105] [TRACE] 帧 场景趟
[11:32:33.105] [TRACE] 帧 高亮趟
[11:32:33.105] [TRACE] 帧 叠加趟
[11:32:33.105] [TRACE] 帧 光标趟
[11:32:33.106] [TRACE] 帧 结束
[11:32:33.111] [TRACE] 帧 公告板
[11:32:33.112] [TRACE] 帧 格网
[11:32:33.112] [TRACE] 帧 开始
[11:32:33.112] [TRACE] 帧 格网趟
[11:32:33.112] [TRACE] 帧 场景趟
[11:32:33.112] [TRACE] 帧 高亮趟
[11:32:33.112] [TRACE] 帧 叠加趟
[11:32:33.112] [TRACE] 帧 光标趟
[11:32:33.113] [TRACE] 帧 结束
[11:32:33.119] [TRACE] 帧 公告板
[11:32:33.119] [TRACE] 帧 格网
[11:32:33.119] [TRACE] 帧 开始
[11:32:33.120] [TRACE] 帧 格网趟
[11:32:33.120] [TRACE] 帧 场景趟
[11:32:33.120] [TRACE] 帧 高亮趟
[11:32:33.120] [TRACE] 帧 叠加趟
[11:32:33.120] [TRACE] 帧 光标趟
[11:32:33.120] [TRACE] 帧 结束
[11:32:33.125] [TRACE] 帧 公告板
[11:32:33.125] [TRACE] 帧 格网
[11:32:33.125] [TRACE] 帧 开始
[11:32:33.125] [TRACE] 帧 格网趟
[11:32:33.126] [TRACE] 帧 场景趟
[11:32:33.126] [TRACE] 帧 高亮趟
[11:32:33.126] [TRACE] 帧 叠加趟
[11:32:33.126] [TRACE] 帧 光标趟
[11:32:33.126] [TRACE] 帧 结束
[11:32:33.133] [TRACE] 帧 公告板
[11:32:33.133] [TRACE] 帧 格网
[11:32:33.133] [TRACE] 帧 开始
[11:32:33.133] [TRACE] 帧 格网趟
[11:32:33.133] [TRACE] 帧 场景趟
[11:32:33.133] [TRACE] 帧 高亮趟
[11:32:33.133] [TRACE] 帧 叠加趟
[11:32:33.133] [TRACE] 帧 光标趟
[11:32:33.134] [TRACE] 帧 结束
[11:32:33.139] [TRACE] 帧 公告板
[11:32:33.139] [TRACE] 帧 格网
[11:32:33.139] [TRACE] 帧 开始
[11:32:33.139] [TRACE] 帧 格网趟
[11:32:33.139] [TRACE] 帧 场景趟
[11:32:33.140] [TRACE] 帧 高亮趟
[11:32:33.140] [TRACE] 帧 叠加趟
[11:32:33.140] [TRACE] 帧 光标趟
[11:32:33.140] [TRACE] 帧 结束
[11:32:33.146] [TRACE] 帧 公告板
[11:32:33.146] [TRACE] 帧 格网
[11:32:33.147] [TRACE] 帧 开始
[11:32:33.147] [TRACE] 帧 格网趟
[11:32:33.147] [TRACE] 帧 场景趟
[11:32:33.147] [TRACE] 帧 高亮趟
[11:32:33.147] [TRACE] 帧 叠加趟
[11:32:33.147] [TRACE] 帧 光标趟
[11:32:33.147] [TRACE] 帧 结束
[11:32:33.154] [TRACE] 帧 公告板
[11:32:33.154] [TRACE] 帧 格网
[11:32:33.155] [TRACE] 帧 开始
[11:32:33.155] [TRACE] 帧 格网趟
[11:32:33.155] [TRACE] 帧 场景趟
[11:32:33.155] [TRACE] 帧 高亮趟
[11:32:33.155] [TRACE] 帧 叠加趟
[11:32:33.155] [TRACE] 帧 光标趟
[11:32:33.155] [TRACE] 帧 结束
[11:32:33.160] [TRACE] 帧 公告板
[11:32:33.160] [TRACE] 帧 格网
[11:32:33.160] [TRACE] 帧 开始
[11:32:33.160] [TRACE] 帧 格网趟
[11:32:33.160] [TRACE] 帧 场景趟
[11:32:33.161] [TRACE] 帧 高亮趟
[11:32:33.161] [TRACE] 帧 叠加趟
[11:32:33.161] [TRACE] 帧 光标趟
[11:32:33.161] [TRACE] 帧 结束
[11:32:33.169] [TRACE] 帧 公告板
[11:32:33.169] [TRACE] 帧 格网
[11:32:33.170] [TRACE] 帧 开始
[11:32:33.170] [TRACE] 帧 格网趟
[11:32:33.170] [TRACE] 帧 场景趟
[11:32:33.170] [TRACE] 帧 高亮趟
[11:32:33.170] [TRACE] 帧 叠加趟
[11:32:33.170] [TRACE] 帧 光标趟
[11:32:33.171] [TRACE] 帧 结束
[11:32:33.181] [TRACE] 帧 公告板
[11:32:33.181] [TRACE] 帧 格网
[11:32:33.182] [TRACE] 帧 开始
[11:32:33.182] [TRACE] 帧 格网趟
[11:32:33.182] [TRACE] 帧 场景趟
[11:32:33.182] [TRACE] 帧 高亮趟
[11:32:33.182] [TRACE] 帧 叠加趟
[11:32:33.183] [TRACE] 帧 光标趟
[11:32:33.183] [TRACE] 帧 结束
[11:32:33.188] [TRACE] 帧 公告板
[11:32:33.188] [TRACE] 帧 格网
[11:32:33.188] [TRACE] 帧 开始
[11:32:33.188] [TRACE] 帧 格网趟
[11:32:33.188] [TRACE] 帧 场景趟
[11:32:33.188] [TRACE] 帧 高亮趟
[11:32:33.189] [TRACE] 帧 叠加趟
[11:32:33.189] [TRACE] 帧 光标趟
[11:32:33.189] [TRACE] 帧 结束
[11:32:33.195] [TRACE] 帧 公告板
[11:32:33.195] [TRACE] 帧 格网
[11:32:33.196] [TRACE] 帧 开始
[11:32:33.196] [TRACE] 帧 格网趟
[11:32:33.196] [TRACE] 帧 场景趟
[11:32:33.196] [TRACE] 帧 高亮趟
[11:32:33.197] [TRACE] 帧 叠加趟
[11:32:33.197] [TRACE] 帧 光标趟
[11:32:33.197] [TRACE] 帧 结束
[11:32:33.202] [TRACE] 帧 公告板
[11:32:33.203] [TRACE] 帧 格网
[11:32:33.203] [TRACE] 帧 开始
[11:32:33.203] [TRACE] 帧 格网趟
[11:32:33.203] [TRACE] 帧 场景趟
[11:32:33.203] [TRACE] 帧 高亮趟
[11:32:33.204] [TRACE] 帧 叠加趟
[11:32:33.204] [TRACE] 帧 光标趟
[11:32:33.204] [TRACE] 帧 结束
[11:32:33.208] [TRACE] 帧 公告板
[11:32:33.211] [TRACE] 帧 格网
[11:32:33.211] [TRACE] 帧 开始
[11:32:33.211] [TRACE] 帧 格网趟
[11:32:33.211] [TRACE] 帧 场景趟
[11:32:33.211] [TRACE] 帧 高亮趟
[11:32:33.212] [TRACE] 帧 叠加趟
[11:32:33.212] [TRACE] 帧 光标趟
[11:32:33.212] [TRACE] 帧 结束
[11:32:33.216] [TRACE] 帧 公告板
[11:32:33.216] [TRACE] 帧 格网
[11:32:33.217] [TRACE] 帧 开始
[11:32:33.217] [TRACE] 帧 格网趟
[11:32:33.217] [TRACE] 帧 场景趟
[11:32:33.217] [TRACE] 帧 高亮趟
[11:32:33.217] [TRACE] 帧 叠加趟
[11:32:33.218] [TRACE] 帧 光标趟
[11:32:33.218] [TRACE] 帧 结束
[11:32:33.222] [TRACE] 帧 公告板
[11:32:33.222] [TRACE] 帧 格网
[11:32:33.223] [TRACE] 帧 开始
[11:32:33.223] [TRACE] 帧 格网趟
[11:32:33.223] [TRACE] 帧 场景趟
[11:32:33.223] [TRACE] 帧 高亮趟
[11:32:33.224] [TRACE] 帧 叠加趟
[11:32:33.224] [TRACE] 帧 光标趟
[11:32:33.224] [TRACE] 帧 结束
[11:32:33.229] [TRACE] 帧 公告板
[11:32:33.230] [TRACE] 帧 格网
[11:32:33.230] [TRACE] 帧 开始
[11:32:33.230] [TRACE] 帧 格网趟
[11:32:33.230] [TRACE] 帧 场景趟
[11:32:33.231] [TRACE] 帧 高亮趟
[11:32:33.231] [TRACE] 帧 叠加趟
[11:32:33.231] [TRACE] 帧 光标趟
[11:32:33.231] [TRACE] 帧 结束
[11:32:33.237] [TRACE] 帧 公告板
[11:32:33.238] [TRACE] 帧 格网
[11:32:33.238] [TRACE] 帧 开始
[11:32:33.238] [TRACE] 帧 格网趟
[11:32:33.239] [TRACE] 帧 场景趟
[11:32:33.239] [TRACE] 帧 高亮趟
[11:32:33.239] [TRACE] 帧 叠加趟
[11:32:33.239] [TRACE] 帧 光标趟
[11:32:33.240] [TRACE] 帧 结束
[11:32:33.243] [TRACE] 帧 公告板
[11:32:33.244] [TRACE] 帧 格网
[11:32:33.244] [TRACE] 帧 开始
[11:32:33.244] [TRACE] 帧 格网趟
[11:32:33.244] [TRACE] 帧 场景趟
[11:32:33.244] [TRACE] 帧 高亮趟
[11:32:33.245] [TRACE] 帧 叠加趟
[11:32:33.245] [TRACE] 帧 光标趟
[11:32:33.245] [TRACE] 帧 结束
[11:32:33.251] [TRACE] 帧 公告板
[11:32:33.251] [TRACE] 帧 格网
[11:32:33.252] [TRACE] 帧 开始
[11:32:33.252] [TRACE] 帧 格网趟
[11:32:33.252] [TRACE] 帧 场景趟
[11:32:33.252] [TRACE] 帧 高亮趟
[11:32:33.253] [TRACE] 帧 叠加趟
[11:32:33.253] [TRACE] 帧 光标趟
[11:32:33.253] [TRACE] 帧 结束
[11:32:33.257] [TRACE] 帧 公告板
[11:32:33.257] [TRACE] 帧 格网
[11:32:33.257] [TRACE] 帧 开始
[11:32:33.258] [TRACE] 帧 格网趟
[11:32:33.258] [TRACE] 帧 场景趟
[11:32:33.258] [TRACE] 帧 高亮趟
[11:32:33.258] [TRACE] 帧 叠加趟
[11:32:33.258] [TRACE] 帧 光标趟
[11:32:33.258] [TRACE] 帧 结束
[11:32:33.265] [TRACE] 帧 公告板
[11:32:33.265] [TRACE] 帧 格网
[11:32:33.265] [TRACE] 帧 开始
[11:32:33.266] [TRACE] 帧 格网趟
[11:32:33.266] [TRACE] 帧 场景趟
[11:32:33.266] [TRACE] 帧 高亮趟
[11:32:33.266] [TRACE] 帧 叠加趟
[11:32:33.267] [TRACE] 帧 光标趟
[11:32:33.267] [TRACE] 帧 结束
[11:32:33.271] [TRACE] 帧 公告板
[11:32:33.271] [TRACE] 帧 格网
[11:32:33.272] [TRACE] 帧 开始
[11:32:33.272] [TRACE] 帧 格网趟
[11:32:33.272] [TRACE] 帧 场景趟
[11:32:33.272] [TRACE] 帧 高亮趟
[11:32:33.273] [TRACE] 帧 叠加趟
[11:32:33.273] [TRACE] 帧 光标趟
[11:32:33.273] [TRACE] 帧 结束
[11:32:33.278] [TRACE] 帧 公告板
[11:32:33.279] [TRACE] 帧 格网
[11:32:33.279] [TRACE] 帧 开始
[11:32:33.279] [TRACE] 帧 格网趟
[11:32:33.279] [TRACE] 帧 场景趟
[11:32:33.279] [TRACE] 帧 高亮趟
[11:32:33.280] [TRACE] 帧 叠加趟
[11:32:33.280] [TRACE] 帧 光标趟
[11:32:33.280] [TRACE] 帧 结束
[11:32:33.286] [TRACE] 帧 公告板
[11:32:33.286] [TRACE] 帧 格网
[11:32:33.286] [TRACE] 帧 开始
[11:32:33.287] [TRACE] 帧 格网趟
[11:32:33.287] [TRACE] 帧 场景趟
[11:32:33.287] [TRACE] 帧 高亮趟
[11:32:33.287] [TRACE] 帧 叠加趟
[11:32:33.287] [TRACE] 帧 光标趟
[11:32:33.287] [TRACE] 帧 结束
[11:32:33.292] [TRACE] 帧 公告板
[11:32:33.292] [TRACE] 帧 格网
[11:32:33.292] [TRACE] 帧 开始
[11:32:33.292] [TRACE] 帧 格网趟
[11:32:33.293] [TRACE] 帧 场景趟
[11:32:33.293] [TRACE] 帧 高亮趟
[11:32:33.293] [TRACE] 帧 叠加趟
[11:32:33.293] [TRACE] 帧 光标趟
[11:32:33.293] [TRACE] 帧 结束
[11:32:33.300] [TRACE] 帧 公告板
[11:32:33.300] [TRACE] 帧 格网
[11:32:33.300] [TRACE] 帧 开始
[11:32:33.300] [TRACE] 帧 格网趟
[11:32:33.301] [TRACE] 帧 场景趟
[11:32:33.301] [TRACE] 帧 高亮趟
[11:32:33.301] [TRACE] 帧 叠加趟
[11:32:33.301] [TRACE] 帧 光标趟
[11:32:33.301] [TRACE] 帧 结束
[11:32:33.306] [TRACE] 帧 公告板
[11:32:33.306] [TRACE] 帧 格网
[11:32:33.306] [TRACE] 帧 开始
[11:32:33.307] [TRACE] 帧 格网趟
[11:32:33.307] [TRACE] 帧 场景趟
[11:32:33.307] [TRACE] 帧 高亮趟
[11:32:33.307] [TRACE] 帧 叠加趟
[11:32:33.307] [TRACE] 帧 光标趟
[11:32:33.307] [TRACE] 帧 结束
[11:32:33.313] [TRACE] 帧 公告板
[11:32:33.314] [TRACE] 帧 格网
[11:32:33.314] [TRACE] 帧 开始
[11:32:33.314] [TRACE] 帧 格网趟
[11:32:33.314] [TRACE] 帧 场景趟
[11:32:33.314] [TRACE] 帧 高亮趟
[11:32:33.314] [TRACE] 帧 叠加趟
[11:32:33.315] [TRACE] 帧 光标趟
[11:32:33.315] [TRACE] 帧 结束
[11:32:33.321] [TRACE] 帧 公告板
[11:32:33.321] [TRACE] 帧 格网
[11:32:33.321] [TRACE] 帧 开始
[11:32:33.322] [TRACE] 帧 格网趟
[11:32:33.322] [TRACE] 帧 场景趟
[11:32:33.322] [TRACE] 帧 高亮趟
[11:32:33.322] [TRACE] 帧 叠加趟
[11:32:33.323] [TRACE] 帧 光标趟
[11:32:33.323] [TRACE] 帧 结束
[11:32:33.327] [TRACE] 帧 公告板
[11:32:33.327] [TRACE] 帧 格网
[11:32:33.327] [TRACE] 帧 开始
[11:32:33.327] [TRACE] 帧 格网趟
[11:32:33.327] [TRACE] 帧 场景趟
[11:32:33.328] [TRACE] 帧 高亮趟
[11:32:33.328] [TRACE] 帧 叠加趟
[11:32:33.328] [TRACE] 帧 光标趟
[11:32:33.328] [TRACE] 帧 结束
[11:32:33.334] [TRACE] 帧 公告板
[11:32:33.335] [TRACE] 帧 格网
[11:32:33.335] [TRACE] 帧 开始
[11:32:33.335] [TRACE] 帧 格网趟
[11:32:33.335] [TRACE] 帧 场景趟
[11:32:33.335] [TRACE] 帧 高亮趟
[11:32:33.336] [TRACE] 帧 叠加趟
[11:32:33.336] [TRACE] 帧 光标趟
[11:32:33.336] [TRACE] 帧 结束
[11:32:33.340] [TRACE] 帧 公告板
[11:32:33.341] [TRACE] 帧 格网
[11:32:33.341] [TRACE] 帧 开始
[11:32:33.341] [TRACE] 帧 格网趟
[11:32:33.341] [TRACE] 帧 场景趟
[11:32:33.341] [TRACE] 帧 高亮趟
[11:32:33.341] [TRACE] 帧 叠加趟
[11:32:33.342] [TRACE] 帧 光标趟
[11:32:33.342] [TRACE] 帧 结束
[11:32:33.349] [TRACE] 帧 公告板
[11:32:33.349] [TRACE] 帧 格网
[11:32:33.349] [TRACE] 帧 开始
[11:32:33.349] [TRACE] 帧 格网趟
[11:32:33.350] [TRACE] 帧 场景趟
[11:32:33.350] [TRACE] 帧 高亮趟
[11:32:33.350] [TRACE] 帧 叠加趟
[11:32:33.350] [TRACE] 帧 光标趟
[11:32:33.350] [TRACE] 帧 结束
[11:32:33.355] [TRACE] 帧 公告板
[11:32:33.355] [TRACE] 帧 格网
[11:32:33.355] [TRACE] 帧 开始
[11:32:33.355] [TRACE] 帧 格网趟
[11:32:33.356] [TRACE] 帧 场景趟
[11:32:33.356] [TRACE] 帧 高亮趟
[11:32:33.356] [TRACE] 帧 叠加趟
[11:32:33.356] [TRACE] 帧 光标趟
[11:32:33.356] [TRACE] 帧 结束
[11:32:33.362] [TRACE] 帧 公告板
[11:32:33.362] [TRACE] 帧 格网
[11:32:33.362] [TRACE] 帧 开始
[11:32:33.362] [TRACE] 帧 格网趟
[11:32:33.363] [TRACE] 帧 场景趟
[11:32:33.363] [TRACE] 帧 高亮趟
[11:32:33.363] [TRACE] 帧 叠加趟
[11:32:33.363] [TRACE] 帧 光标趟
[11:32:33.363] [TRACE] 帧 结束
[11:32:33.369] [TRACE] 帧 公告板
[11:32:33.369] [TRACE] 帧 格网
[11:32:33.370] [TRACE] 帧 开始
[11:32:33.370] [TRACE] 帧 格网趟
[11:32:33.370] [TRACE] 帧 场景趟
[11:32:33.370] [TRACE] 帧 高亮趟
[11:32:33.370] [TRACE] 帧 叠加趟
[11:32:33.370] [TRACE] 帧 光标趟
[11:32:33.371] [TRACE] 帧 结束
[11:32:33.375] [TRACE] 帧 公告板
[11:32:33.375] [TRACE] 帧 格网
[11:32:33.376] [TRACE] 帧 开始
[11:32:33.376] [TRACE] 帧 格网趟
[11:32:33.376] [TRACE] 帧 场景趟
[11:32:33.376] [TRACE] 帧 高亮趟
[11:32:33.376] [TRACE] 帧 叠加趟
[11:32:33.376] [TRACE] 帧 光标趟
[11:32:33.376] [TRACE] 帧 结束
[11:32:33.383] [TRACE] 帧 公告板
[11:32:33.383] [TRACE] 帧 格网
[11:32:33.384] [TRACE] 帧 开始
[11:32:33.384] [TRACE] 帧 格网趟
[11:32:33.384] [TRACE] 帧 场景趟
[11:32:33.384] [TRACE] 帧 高亮趟
[11:32:33.384] [TRACE] 帧 叠加趟
[11:32:33.384] [TRACE] 帧 光标趟
[11:32:33.385] [TRACE] 帧 结束
[11:32:33.389] [TRACE] 帧 公告板
[11:32:33.389] [TRACE] 帧 格网
[11:32:33.390] [TRACE] 帧 开始
[11:32:33.390] [TRACE] 帧 格网趟
[11:32:33.390] [TRACE] 帧 场景趟
[11:32:33.390] [TRACE] 帧 高亮趟
[11:32:33.390] [TRACE] 帧 叠加趟
[11:32:33.391] [TRACE] 帧 光标趟
[11:32:33.391] [TRACE] 帧 结束
[11:32:33.396] [TRACE] 帧 公告板
[11:32:33.396] [TRACE] 帧 格网
[11:32:33.397] [TRACE] 帧 开始
[11:32:33.397] [TRACE] 帧 格网趟
[11:32:33.397] [TRACE] 帧 场景趟
[11:32:33.397] [TRACE] 帧 高亮趟
[11:32:33.397] [TRACE] 帧 叠加趟
[11:32:33.397] [TRACE] 帧 光标趟
[11:32:33.398] [TRACE] 帧 结束
[11:32:33.404] [TRACE] 帧 公告板
[11:32:33.405] [TRACE] 帧 格网
[11:32:33.405] [TRACE] 帧 开始
[11:32:33.405] [TRACE] 帧 格网趟
[11:32:33.405] [TRACE] 帧 场景趟
[11:32:33.405] [TRACE] 帧 高亮趟
[11:32:33.405] [TRACE] 帧 叠加趟
[11:32:33.406] [TRACE] 帧 光标趟
[11:32:33.406] [TRACE] 帧 结束
[11:32:33.410] [TRACE] 帧 公告板
[11:32:33.411] [TRACE] 帧 格网
[11:32:33.411] [TRACE] 帧 开始
[11:32:33.411] [TRACE] 帧 格网趟
[11:32:33.411] [TRACE] 帧 场景趟
[11:32:33.411] [TRACE] 帧 高亮趟
[11:32:33.411] [TRACE] 帧 叠加趟
[11:32:33.412] [TRACE] 帧 光标趟
[11:32:33.412] [TRACE] 帧 结束
[11:32:33.418] [TRACE] 帧 公告板
[11:32:33.418] [TRACE] 帧 格网
[11:32:33.419] [TRACE] 帧 开始
[11:32:33.419] [TRACE] 帧 格网趟
[11:32:33.419] [TRACE] 帧 场景趟
[11:32:33.419] [TRACE] 帧 高亮趟
[11:32:33.419] [TRACE] 帧 叠加趟
[11:32:33.419] [TRACE] 帧 光标趟
[11:32:33.419] [TRACE] 帧 结束
[11:32:33.424] [TRACE] 帧 公告板
[11:32:33.424] [TRACE] 帧 格网
[11:32:33.424] [TRACE] 帧 开始
[11:32:33.425] [TRACE] 帧 格网趟
[11:32:33.425] [TRACE] 帧 场景趟
[11:32:33.425] [TRACE] 帧 高亮趟
[11:32:33.425] [TRACE] 帧 叠加趟
[11:32:33.425] [TRACE] 帧 光标趟
[11:32:33.425] [TRACE] 帧 结束
[11:32:33.432] [TRACE] 帧 公告板
[11:32:33.432] [TRACE] 帧 格网
[11:32:33.432] [TRACE] 帧 开始
[11:32:33.432] [TRACE] 帧 格网趟
[11:32:33.433] [TRACE] 帧 场景趟
[11:32:33.433] [TRACE] 帧 高亮趟
[11:32:33.433] [TRACE] 帧 叠加趟
[11:32:33.433] [TRACE] 帧 光标趟
[11:32:33.433] [TRACE] 帧 结束
[11:32:33.438] [TRACE] 帧 公告板
[11:32:33.439] [TRACE] 帧 格网
[11:32:33.439] [TRACE] 帧 开始
[11:32:33.439] [TRACE] 帧 格网趟
[11:32:33.439] [TRACE] 帧 场景趟
[11:32:33.440] [TRACE] 帧 高亮趟
[11:32:33.440] [TRACE] 帧 叠加趟
[11:32:33.440] [TRACE] 帧 光标趟
[11:32:33.440] [TRACE] 帧 结束
[11:32:33.445] [TRACE] 帧 公告板
[11:32:33.446] [TRACE] 帧 格网
[11:32:33.446] [TRACE] 帧 开始
[11:32:33.446] [TRACE] 帧 格网趟
[11:32:33.446] [TRACE] 帧 场景趟
[11:32:33.446] [TRACE] 帧 高亮趟
[11:32:33.447] [TRACE] 帧 叠加趟
[11:32:33.447] [TRACE] 帧 光标趟
[11:32:33.447] [TRACE] 帧 结束
[11:32:33.453] [TRACE] 帧 公告板
[11:32:33.454] [TRACE] 帧 格网
[11:32:33.454] [TRACE] 帧 开始
[11:32:33.454] [TRACE] 帧 格网趟
[11:32:33.454] [TRACE] 帧 场景趟
[11:32:33.454] [TRACE] 帧 高亮趟
[11:32:33.454] [TRACE] 帧 叠加趟
[11:32:33.454] [TRACE] 帧 光标趟
[11:32:33.455] [TRACE] 帧 结束
[11:32:33.459] [TRACE] 帧 公告板
[11:32:33.459] [TRACE] 帧 格网
[11:32:33.459] [TRACE] 帧 开始
[11:32:33.460] [TRACE] 帧 格网趟
[11:32:33.460] [TRACE] 帧 场景趟
[11:32:33.460] [TRACE] 帧 高亮趟
[11:32:33.460] [TRACE] 帧 叠加趟
[11:32:33.460] [TRACE] 帧 光标趟
[11:32:33.460] [TRACE] 帧 结束
[11:32:33.467] [TRACE] 帧 公告板
[11:32:33.467] [TRACE] 帧 格网
[11:32:33.467] [TRACE] 帧 开始
[11:32:33.468] [TRACE] 帧 格网趟
[11:32:33.468] [TRACE] 帧 场景趟
[11:32:33.468] [TRACE] 帧 高亮趟
[11:32:33.468] [TRACE] 帧 叠加趟
[11:32:33.468] [TRACE] 帧 光标趟
[11:32:33.468] [TRACE] 帧 结束
[11:32:33.473] [TRACE] 帧 公告板
[11:32:33.473] [TRACE] 帧 格网
[11:32:33.474] [TRACE] 帧 开始
[11:32:33.474] [TRACE] 帧 格网趟
[11:32:33.474] [TRACE] 帧 场景趟
[11:32:33.474] [TRACE] 帧 高亮趟
[11:32:33.474] [TRACE] 帧 叠加趟
[11:32:33.474] [TRACE] 帧 光标趟
[11:32:33.474] [TRACE] 帧 结束
[11:32:33.480] [TRACE] 帧 公告板
[11:32:33.480] [TRACE] 帧 格网
[11:32:33.480] [TRACE] 帧 开始
[11:32:33.481] [TRACE] 帧 格网趟
[11:32:33.481] [TRACE] 帧 场景趟
[11:32:33.481] [TRACE] 帧 高亮趟
[11:32:33.481] [TRACE] 帧 叠加趟
[11:32:33.481] [TRACE] 帧 光标趟
[11:32:33.481] [TRACE] 帧 结束
[11:32:33.488] [TRACE] 帧 公告板
[11:32:33.488] [TRACE] 帧 格网
[11:32:33.489] [TRACE] 帧 开始
[11:32:33.489] [TRACE] 帧 格网趟
[11:32:33.489] [TRACE] 帧 场景趟
[11:32:33.489] [TRACE] 帧 高亮趟
[11:32:33.489] [TRACE] 帧 叠加趟
[11:32:33.490] [TRACE] 帧 光标趟
[11:32:33.490] [TRACE] 帧 结束
[11:32:33.494] [TRACE] 帧 公告板
[11:32:33.494] [TRACE] 帧 格网
[11:32:33.495] [TRACE] 帧 开始
[11:32:33.495] [TRACE] 帧 格网趟
[11:32:33.495] [TRACE] 帧 场景趟
[11:32:33.495] [TRACE] 帧 高亮趟
[11:32:33.495] [TRACE] 帧 叠加趟
[11:32:33.495] [TRACE] 帧 光标趟
[11:32:33.495] [TRACE] 帧 结束
[11:32:33.502] [TRACE] 帧 公告板
[11:32:33.502] [TRACE] 帧 格网
[11:32:33.502] [TRACE] 帧 开始
[11:32:33.503] [TRACE] 帧 格网趟
[11:32:33.503] [TRACE] 帧 场景趟
[11:32:33.503] [TRACE] 帧 高亮趟
[11:32:33.503] [TRACE] 帧 叠加趟
[11:32:33.503] [TRACE] 帧 光标趟
[11:32:33.504] [TRACE] 帧 结束
[11:32:33.508] [TRACE] 帧 公告板
[11:32:33.508] [TRACE] 帧 格网
[11:32:33.508] [TRACE] 帧 开始
[11:32:33.508] [TRACE] 帧 格网趟
[11:32:33.508] [TRACE] 帧 场景趟
[11:32:33.509] [TRACE] 帧 高亮趟
[11:32:33.509] [TRACE] 帧 叠加趟
[11:32:33.509] [TRACE] 帧 光标趟
[11:32:33.509] [TRACE] 帧 结束
[11:32:33.516] [TRACE] 帧 公告板
[11:32:33.516] [TRACE] 帧 格网
[11:32:33.516] [TRACE] 帧 开始
[11:32:33.516] [TRACE] 帧 格网趟
[11:32:33.516] [TRACE] 帧 场景趟
[11:32:33.517] [TRACE] 帧 高亮趟
[11:32:33.517] [TRACE] 帧 叠加趟
[11:32:33.517] [TRACE] 帧 光标趟
[11:32:33.517] [TRACE] 帧 结束
[11:32:33.522] [TRACE] 帧 公告板
[11:32:33.522] [TRACE] 帧 格网
[11:32:33.522] [TRACE] 帧 开始
[11:32:33.523] [TRACE] 帧 格网趟
[11:32:33.523] [TRACE] 帧 场景趟
[11:32:33.523] [TRACE] 帧 高亮趟
[11:32:33.523] [TRACE] 帧 叠加趟
[11:32:33.523] [TRACE] 帧 光标趟
[11:32:33.523] [TRACE] 帧 结束
[11:32:33.529] [TRACE] 帧 公告板
[11:32:33.529] [TRACE] 帧 格网
[11:32:33.530] [TRACE] 帧 开始
[11:32:33.530] [TRACE] 帧 格网趟
[11:32:33.530] [TRACE] 帧 场景趟
[11:32:33.530] [TRACE] 帧 高亮趟
[11:32:33.530] [TRACE] 帧 叠加趟
[11:32:33.530] [TRACE] 帧 光标趟
[11:32:33.530] [TRACE] 帧 结束
[11:32:33.537] [TRACE] 帧 公告板
[11:32:33.537] [TRACE] 帧 格网
[11:32:33.537] [TRACE] 帧 开始
[11:32:33.537] [TRACE] 帧 格网趟
[11:32:33.537] [TRACE] 帧 场景趟
[11:32:33.538] [TRACE] 帧 高亮趟
[11:32:33.538] [TRACE] 帧 叠加趟
[11:32:33.538] [TRACE] 帧 光标趟
[11:32:33.538] [TRACE] 帧 结束
[11:32:33.542] [TRACE] 帧 公告板
[11:32:33.543] [TRACE] 帧 格网
[11:32:33.543] [TRACE] 帧 开始
[11:32:33.543] [TRACE] 帧 格网趟
[11:32:33.543] [TRACE] 帧 场景趟
[11:32:33.543] [TRACE] 帧 高亮趟
[11:32:33.543] [TRACE] 帧 叠加趟
[11:32:33.544] [TRACE] 帧 光标趟
[11:32:33.544] [TRACE] 帧 结束
[11:32:33.550] [TRACE] 帧 公告板
[11:32:33.551] [TRACE] 帧 格网
[11:32:33.551] [TRACE] 帧 开始
[11:32:33.551] [TRACE] 帧 格网趟
[11:32:33.551] [TRACE] 帧 场景趟
[11:32:33.551] [TRACE] 帧 高亮趟
[11:32:33.551] [TRACE] 帧 叠加趟
[11:32:33.551] [TRACE] 帧 光标趟
[11:32:33.552] [TRACE] 帧 结束
[11:32:33.556] [TRACE] 帧 公告板
[11:32:33.557] [TRACE] 帧 格网
[11:32:33.557] [TRACE] 帧 开始
[11:32:33.557] [TRACE] 帧 格网趟
[11:32:33.557] [TRACE] 帧 场景趟
[11:32:33.557] [TRACE] 帧 高亮趟
[11:32:33.557] [TRACE] 帧 叠加趟
[11:32:33.558] [TRACE] 帧 光标趟
[11:32:33.558] [TRACE] 帧 结束
[11:32:33.563] [TRACE] 帧 公告板
[11:32:33.564] [TRACE] 帧 格网
[11:32:33.564] [TRACE] 帧 开始
[11:32:33.564] [TRACE] 帧 格网趟
[11:32:33.564] [TRACE] 帧 场景趟
[11:32:33.564] [TRACE] 帧 高亮趟
[11:32:33.565] [TRACE] 帧 叠加趟
[11:32:33.565] [TRACE] 帧 光标趟
[11:32:33.565] [TRACE] 帧 结束
[11:32:33.571] [TRACE] 帧 公告板
[11:32:33.572] [TRACE] 帧 格网
[11:32:33.572] [TRACE] 帧 开始
[11:32:33.572] [TRACE] 帧 格网趟
[11:32:33.572] [TRACE] 帧 场景趟
[11:32:33.572] [TRACE] 帧 高亮趟
[11:32:33.573] [TRACE] 帧 叠加趟
[11:32:33.573] [TRACE] 帧 光标趟
[11:32:33.573] [TRACE] 帧 结束
[11:32:33.577] [TRACE] 帧 公告板
[11:32:33.577] [TRACE] 帧 格网
[11:32:33.578] [TRACE] 帧 开始
[11:32:33.578] [TRACE] 帧 格网趟
[11:32:33.578] [TRACE] 帧 场景趟
[11:32:33.578] [TRACE] 帧 高亮趟
[11:32:33.578] [TRACE] 帧 叠加趟
[11:32:33.579] [TRACE] 帧 光标趟
[11:32:33.579] [TRACE] 帧 结束
[11:32:33.585] [TRACE] 帧 公告板
[11:32:33.586] [TRACE] 帧 格网
[11:32:33.586] [TRACE] 帧 开始
[11:32:33.586] [TRACE] 帧 格网趟
[11:32:33.586] [TRACE] 帧 场景趟
[11:32:33.587] [TRACE] 帧 高亮趟
[11:32:33.587] [TRACE] 帧 叠加趟
[11:32:33.587] [TRACE] 帧 光标趟
[11:32:33.587] [TRACE] 帧 结束
[11:32:33.591] [TRACE] 帧 公告板
[11:32:33.591] [TRACE] 帧 格网
[11:32:33.592] [TRACE] 帧 开始
[11:32:33.592] [TRACE] 帧 格网趟
[11:32:33.592] [TRACE] 帧 场景趟
[11:32:33.592] [TRACE] 帧 高亮趟
[11:32:33.592] [TRACE] 帧 叠加趟
[11:32:33.592] [TRACE] 帧 光标趟
[11:32:33.592] [TRACE] 帧 结束
[11:32:33.599] [TRACE] 帧 公告板
[11:32:33.599] [TRACE] 帧 格网
[11:32:33.599] [TRACE] 帧 开始
[11:32:33.600] [TRACE] 帧 格网趟
[11:32:33.600] [TRACE] 帧 场景趟
[11:32:33.600] [TRACE] 帧 高亮趟
[11:32:33.600] [TRACE] 帧 叠加趟
[11:32:33.601] [TRACE] 帧 光标趟
[11:32:33.601] [TRACE] 帧 结束
[11:32:33.605] [TRACE] 帧 公告板
[11:32:33.605] [TRACE] 帧 格网
[11:32:33.606] [TRACE] 帧 开始
[11:32:33.606] [TRACE] 帧 格网趟
[11:32:33.606] [TRACE] 帧 场景趟
[11:32:33.606] [TRACE] 帧 高亮趟
[11:32:33.606] [TRACE] 帧 叠加趟
[11:32:33.606] [TRACE] 帧 光标趟
[11:32:33.607] [TRACE] 帧 结束
[11:32:33.612] [TRACE] 帧 公告板
[11:32:33.612] [TRACE] 帧 格网
[11:32:33.613] [TRACE] 帧 开始
[11:32:33.613] [TRACE] 帧 格网趟
[11:32:33.613] [TRACE] 帧 场景趟
[11:32:33.613] [TRACE] 帧 高亮趟
[11:32:33.613] [TRACE] 帧 叠加趟
[11:32:33.613] [TRACE] 帧 光标趟
[11:32:33.614] [TRACE] 帧 结束
[11:32:33.620] [TRACE] 帧 公告板
[11:32:33.620] [TRACE] 帧 格网
[11:32:33.620] [TRACE] 帧 开始
[11:32:33.620] [TRACE] 帧 格网趟
[11:32:33.621] [TRACE] 帧 场景趟
[11:32:33.621] [TRACE] 帧 高亮趟
[11:32:33.621] [TRACE] 帧 叠加趟
[11:32:33.621] [TRACE] 帧 光标趟
[11:32:33.621] [TRACE] 帧 结束
[11:32:33.626] [TRACE] 帧 公告板
[11:32:33.626] [TRACE] 帧 格网
[11:32:33.626] [TRACE] 帧 开始
[11:32:33.626] [TRACE] 帧 格网趟
[11:32:33.627] [TRACE] 帧 场景趟
[11:32:33.627] [TRACE] 帧 高亮趟
[11:32:33.627] [TRACE] 帧 叠加趟
[11:32:33.627] [TRACE] 帧 光标趟
[11:32:33.627] [TRACE] 帧 结束
[11:32:33.634] [TRACE] 帧 公告板
[11:32:33.634] [TRACE] 帧 格网
[11:32:33.634] [TRACE] 帧 开始
[11:32:33.634] [TRACE] 帧 格网趟
[11:32:33.634] [TRACE] 帧 场景趟
[11:32:33.635] [TRACE] 帧 高亮趟
[11:32:33.635] [TRACE] 帧 叠加趟
[11:32:33.635] [TRACE] 帧 光标趟
[11:32:33.635] [TRACE] 帧 结束
[11:32:33.640] [TRACE] 帧 公告板
[11:32:33.640] [TRACE] 帧 格网
[11:32:33.640] [TRACE] 帧 开始
[11:32:33.640] [TRACE] 帧 格网趟
[11:32:33.640] [TRACE] 帧 场景趟
[11:32:33.641] [TRACE] 帧 高亮趟
[11:32:33.641] [TRACE] 帧 叠加趟
[11:32:33.641] [TRACE] 帧 光标趟
[11:32:33.641] [TRACE] 帧 结束
[11:32:33.647] [TRACE] 帧 公告板
[11:32:33.647] [TRACE] 帧 格网
[11:32:33.647] [TRACE] 帧 开始
[11:32:33.647] [TRACE] 帧 格网趟
[11:32:33.647] [TRACE] 帧 场景趟
[11:32:33.648] [TRACE] 帧 高亮趟
[11:32:33.648] [TRACE] 帧 叠加趟
[11:32:33.648] [TRACE] 帧 光标趟
[11:32:33.648] [TRACE] 帧 结束
[11:32:33.655] [TRACE] 帧 公告板
[11:32:33.655] [TRACE] 帧 格网
[11:32:33.655] [TRACE] 帧 开始
[11:32:33.656] [TRACE] 帧 格网趟
[11:32:33.656] [TRACE] 帧 场景趟
[11:32:33.656] [TRACE] 帧 高亮趟
[11:32:33.656] [TRACE] 帧 叠加趟
[11:32:33.656] [TRACE] 帧 光标趟
[11:32:33.657] [TRACE] 帧 结束
[11:32:33.660] [TRACE] 帧 公告板
[11:32:33.661] [TRACE] 帧 格网
[11:32:33.661] [TRACE] 帧 开始
[11:32:33.661] [TRACE] 帧 格网趟
[11:32:33.661] [TRACE] 帧 场景趟
[11:32:33.662] [TRACE] 帧 高亮趟
[11:32:33.662] [TRACE] 帧 叠加趟
[11:32:33.662] [TRACE] 帧 光标趟
[11:32:33.662] [TRACE] 帧 结束
[11:32:33.668] [TRACE] 帧 公告板
[11:32:33.668] [TRACE] 帧 格网
[11:32:33.668] [TRACE] 帧 开始
[11:32:33.669] [TRACE] 帧 格网趟
[11:32:33.669] [TRACE] 帧 场景趟
[11:32:33.669] [TRACE] 帧 高亮趟
[11:32:33.669] [TRACE] 帧 叠加趟
[11:32:33.669] [TRACE] 帧 光标趟
[11:32:33.670] [TRACE] 帧 结束
[11:32:33.674] [TRACE] 帧 公告板
[11:32:33.675] [TRACE] 帧 格网
[11:32:33.675] [TRACE] 帧 开始
[11:32:33.675] [TRACE] 帧 格网趟
[11:32:33.675] [TRACE] 帧 场景趟
[11:32:33.675] [TRACE] 帧 高亮趟
[11:32:33.676] [TRACE] 帧 叠加趟
[11:32:33.676] [TRACE] 帧 光标趟
[11:32:33.676] [TRACE] 帧 结束
[11:32:33.682] [TRACE] 帧 公告板
[11:32:33.682] [TRACE] 帧 格网
[11:32:33.683] [TRACE] 帧 开始
[11:32:33.683] [TRACE] 帧 格网趟
[11:32:33.683] [TRACE] 帧 场景趟
[11:32:33.683] [TRACE] 帧 高亮趟
[11:32:33.683] [TRACE] 帧 叠加趟
[11:32:33.683] [TRACE] 帧 光标趟
[11:32:33.683] [TRACE] 帧 结束
[11:32:33.688] [TRACE] 帧 公告板
[11:32:33.688] [TRACE] 帧 格网
[11:32:33.689] [TRACE] 帧 开始
[11:32:33.689] [TRACE] 帧 格网趟
[11:32:33.689] [TRACE] 帧 场景趟
[11:32:33.689] [TRACE] 帧 高亮趟
[11:32:33.690] [TRACE] 帧 叠加趟
[11:32:33.690] [TRACE] 帧 光标趟
[11:32:33.690] [TRACE] 帧 结束
[11:32:33.696] [TRACE] 帧 公告板
[11:32:33.696] [TRACE] 帧 格网
[11:32:33.696] [TRACE] 帧 开始
[11:32:33.696] [TRACE] 帧 格网趟
[11:32:33.696] [TRACE] 帧 场景趟
[11:32:33.697] [TRACE] 帧 高亮趟
[11:32:33.697] [TRACE] 帧 叠加趟
[11:32:33.697] [TRACE] 帧 光标趟
[11:32:33.697] [TRACE] 帧 结束
[11:32:33.703] [TRACE] 帧 公告板
[11:32:33.703] [TRACE] 帧 格网
[11:32:33.703] [TRACE] 帧 开始
[11:32:33.704] [TRACE] 帧 格网趟
[11:32:33.704] [TRACE] 帧 场景趟
[11:32:33.704] [TRACE] 帧 高亮趟
[11:32:33.704] [TRACE] 帧 叠加趟
[11:32:33.704] [TRACE] 帧 光标趟
[11:32:33.704] [TRACE] 帧 结束
[11:32:33.709] [TRACE] 帧 公告板
[11:32:33.710] [TRACE] 帧 格网
[11:32:33.710] [TRACE] 帧 开始
[11:32:33.710] [TRACE] 帧 格网趟
[11:32:33.710] [TRACE] 帧 场景趟
[11:32:33.710] [TRACE] 帧 高亮趟
[11:32:33.711] [TRACE] 帧 叠加趟
[11:32:33.711] [TRACE] 帧 光标趟
[11:32:33.711] [TRACE] 帧 结束
[11:32:33.717] [TRACE] 帧 公告板
[11:32:33.717] [TRACE] 帧 格网
[11:32:33.718] [TRACE] 帧 开始
[11:32:33.718] [TRACE] 帧 格网趟
[11:32:33.718] [TRACE] 帧 场景趟
[11:32:33.718] [TRACE] 帧 高亮趟
[11:32:33.718] [TRACE] 帧 叠加趟
[11:32:33.718] [TRACE] 帧 光标趟
[11:32:33.719] [TRACE] 帧 结束
[11:32:33.723] [TRACE] 帧 公告板
[11:32:33.723] [TRACE] 帧 格网
[11:32:33.724] [TRACE] 帧 开始
[11:32:33.724] [TRACE] 帧 格网趟
[11:32:33.724] [TRACE] 帧 场景趟
[11:32:33.724] [TRACE] 帧 高亮趟
[11:32:33.724] [TRACE] 帧 叠加趟
[11:32:33.725] [TRACE] 帧 光标趟
[11:32:33.725] [TRACE] 帧 结束
[11:32:33.730] [TRACE] 帧 公告板
[11:32:33.731] [TRACE] 帧 格网
[11:32:33.731] [TRACE] 帧 开始
[11:32:33.731] [TRACE] 帧 格网趟
[11:32:33.731] [TRACE] 帧 场景趟
[11:32:33.731] [TRACE] 帧 高亮趟
[11:32:33.731] [TRACE] 帧 叠加趟
[11:32:33.731] [TRACE] 帧 光标趟
[11:32:33.731] [TRACE] 帧 结束
[11:32:33.739] [TRACE] 帧 公告板
[11:32:33.739] [TRACE] 帧 格网
[11:32:33.739] [TRACE] 帧 开始
[11:32:33.739] [TRACE] 帧 格网趟
[11:32:33.740] [TRACE] 帧 场景趟
[11:32:33.740] [TRACE] 帧 高亮趟
[11:32:33.740] [TRACE] 帧 叠加趟
[11:32:33.740] [TRACE] 帧 光标趟
[11:32:33.740] [TRACE] 帧 结束
[11:32:33.745] [TRACE] 帧 公告板
[11:32:33.745] [TRACE] 帧 格网
[11:32:33.745] [TRACE] 帧 开始
[11:32:33.745] [TRACE] 帧 格网趟
[11:32:33.745] [TRACE] 帧 场景趟
[11:32:33.745] [TRACE] 帧 高亮趟
[11:32:33.745] [TRACE] 帧 叠加趟
[11:32:33.746] [TRACE] 帧 光标趟
[11:32:33.746] [TRACE] 帧 结束
[11:32:33.752] [TRACE] 帧 公告板
[11:32:33.752] [TRACE] 帧 格网
[11:32:33.752] [TRACE] 帧 开始
[11:32:33.753] [TRACE] 帧 格网趟
[11:32:33.753] [TRACE] 帧 场景趟
[11:32:33.753] [TRACE] 帧 高亮趟
[11:32:33.753] [TRACE] 帧 叠加趟
[11:32:33.753] [TRACE] 帧 光标趟
[11:32:33.753] [TRACE] 帧 结束
[11:32:33.758] [TRACE] 帧 公告板
[11:32:33.758] [TRACE] 帧 格网
[11:32:33.758] [TRACE] 帧 开始
[11:32:33.759] [TRACE] 帧 格网趟
[11:32:33.759] [TRACE] 帧 场景趟
[11:32:33.759] [TRACE] 帧 高亮趟
[11:32:33.759] [TRACE] 帧 叠加趟
[11:32:33.759] [TRACE] 帧 光标趟
[11:32:33.759] [TRACE] 帧 结束
[11:32:33.766] [TRACE] 帧 公告板
[11:32:33.766] [TRACE] 帧 格网
[11:32:33.766] [TRACE] 帧 开始
[11:32:33.767] [TRACE] 帧 格网趟
[11:32:33.767] [TRACE] 帧 场景趟
[11:32:33.767] [TRACE] 帧 高亮趟
[11:32:33.767] [TRACE] 帧 叠加趟
[11:32:33.768] [TRACE] 帧 光标趟
[11:32:33.768] [TRACE] 帧 结束
[11:32:33.772] [TRACE] 帧 公告板
[11:32:33.772] [TRACE] 帧 格网
[11:32:33.772] [TRACE] 帧 开始
[11:32:33.773] [TRACE] 帧 格网趟
[11:32:33.773] [TRACE] 帧 场景趟
[11:32:33.773] [TRACE] 帧 高亮趟
[11:32:33.773] [TRACE] 帧 叠加趟
[11:32:33.773] [TRACE] 帧 光标趟
[11:32:33.773] [TRACE] 帧 结束
[11:32:33.779] [TRACE] 帧 公告板
[11:32:33.780] [TRACE] 帧 格网
[11:32:33.780] [TRACE] 帧 开始
[11:32:33.780] [TRACE] 帧 格网趟
[11:32:33.780] [TRACE] 帧 场景趟
[11:32:33.780] [TRACE] 帧 高亮趟
[11:32:33.780] [TRACE] 帧 叠加趟
[11:32:33.781] [TRACE] 帧 光标趟
[11:32:33.781] [TRACE] 帧 结束
[11:32:33.787] [TRACE] 帧 公告板
[11:32:33.787] [TRACE] 帧 格网
[11:32:33.787] [TRACE] 帧 开始
[11:32:33.787] [TRACE] 帧 格网趟
[11:32:33.787] [TRACE] 帧 场景趟
[11:32:33.788] [TRACE] 帧 高亮趟
[11:32:33.788] [TRACE] 帧 叠加趟
[11:32:33.788] [TRACE] 帧 光标趟
[11:32:33.788] [TRACE] 帧 结束
[11:32:33.793] [TRACE] 帧 公告板
[11:32:33.793] [TRACE] 帧 格网
[11:32:33.794] [TRACE] 帧 开始
[11:32:33.794] [TRACE] 帧 格网趟
[11:32:33.794] [TRACE] 帧 场景趟
[11:32:33.794] [TRACE] 帧 高亮趟
[11:32:33.794] [TRACE] 帧 叠加趟
[11:32:33.795] [TRACE] 帧 光标趟
[11:32:33.795] [TRACE] 帧 结束
[11:32:33.801] [TRACE] 帧 公告板
[11:32:33.801] [TRACE] 帧 格网
[11:32:33.801] [TRACE] 帧 开始
[11:32:33.801] [TRACE] 帧 格网趟
[11:32:33.802] [TRACE] 帧 场景趟
[11:32:33.802] [TRACE] 帧 高亮趟
[11:32:33.802] [TRACE] 帧 叠加趟
[11:32:33.802] [TRACE] 帧 光标趟
[11:32:33.802] [TRACE] 帧 结束
[11:32:33.807] [TRACE] 帧 公告板
[11:32:33.807] [TRACE] 帧 格网
[11:32:33.807] [TRACE] 帧 开始
[11:32:33.807] [TRACE] 帧 格网趟
[11:32:33.807] [TRACE] 帧 场景趟
[11:32:33.807] [TRACE] 帧 高亮趟
[11:32:33.808] [TRACE] 帧 叠加趟
[11:32:33.808] [TRACE] 帧 光标趟
[11:32:33.808] [TRACE] 帧 结束
[11:32:33.814] [TRACE] 帧 公告板
[11:32:33.814] [TRACE] 帧 格网
[11:32:33.814] [TRACE] 帧 开始
[11:32:33.814] [TRACE] 帧 格网趟
[11:32:33.814] [TRACE] 帧 场景趟
[11:32:33.814] [TRACE] 帧 高亮趟
[11:32:33.815] [TRACE] 帧 叠加趟
[11:32:33.815] [TRACE] 帧 光标趟
[11:32:33.815] [TRACE] 帧 结束
[11:32:33.822] [TRACE] 帧 公告板
[11:32:33.822] [TRACE] 帧 格网
[11:32:33.822] [TRACE] 帧 开始
[11:32:33.822] [TRACE] 帧 格网趟
[11:32:33.823] [TRACE] 帧 场景趟
[11:32:33.823] [TRACE] 帧 高亮趟
[11:32:33.823] [TRACE] 帧 叠加趟
[11:32:33.823] [TRACE] 帧 光标趟
[11:32:33.824] [TRACE] 帧 结束
[11:32:33.827] [TRACE] 帧 公告板
[11:32:33.828] [TRACE] 帧 格网
[11:32:33.828] [TRACE] 帧 开始
[11:32:33.828] [TRACE] 帧 格网趟
[11:32:33.828] [TRACE] 帧 场景趟
[11:32:33.828] [TRACE] 帧 高亮趟
[11:32:33.829] [TRACE] 帧 叠加趟
[11:32:33.829] [TRACE] 帧 光标趟
[11:32:33.829] [TRACE] 帧 结束
[11:32:33.835] [TRACE] 帧 公告板
[11:32:33.835] [TRACE] 帧 格网
[11:32:33.835] [TRACE] 帧 开始
[11:32:33.836] [TRACE] 帧 格网趟
[11:32:33.836] [TRACE] 帧 场景趟
[11:32:33.836] [TRACE] 帧 高亮趟
[11:32:33.836] [TRACE] 帧 叠加趟
[11:32:33.837] [TRACE] 帧 光标趟
[11:32:33.837] [TRACE] 帧 结束
[11:32:33.841] [TRACE] 帧 公告板
[11:32:33.841] [TRACE] 帧 格网
[11:32:33.842] [TRACE] 帧 开始
[11:32:33.842] [TRACE] 帧 格网趟
[11:32:33.842] [TRACE] 帧 场景趟
[11:32:33.842] [TRACE] 帧 高亮趟
[11:32:33.842] [TRACE] 帧 叠加趟
[11:32:33.842] [TRACE] 帧 光标趟
[11:32:33.843] [TRACE] 帧 结束
[11:32:33.849] [TRACE] 帧 公告板
[11:32:33.849] [TRACE] 帧 格网
[11:32:33.849] [TRACE] 帧 开始
[11:32:33.850] [TRACE] 帧 格网趟
[11:32:33.850] [TRACE] 帧 场景趟
[11:32:33.850] [TRACE] 帧 高亮趟
[11:32:33.850] [TRACE] 帧 叠加趟
[11:32:33.850] [TRACE] 帧 光标趟
[11:32:33.850] [TRACE] 帧 结束
[11:32:33.855] [TRACE] 帧 公告板
[11:32:33.855] [TRACE] 帧 格网
[11:32:33.856] [TRACE] 帧 开始
[11:32:33.856] [TRACE] 帧 格网趟
[11:32:33.856] [TRACE] 帧 场景趟
[11:32:33.856] [TRACE] 帧 高亮趟
[11:32:33.856] [TRACE] 帧 叠加趟
[11:32:33.856] [TRACE] 帧 光标趟
[11:32:33.856] [TRACE] 帧 结束
[11:32:33.863] [TRACE] 帧 公告板
[11:32:33.863] [TRACE] 帧 格网
[11:32:33.863] [TRACE] 帧 开始
[11:32:33.863] [TRACE] 帧 格网趟
[11:32:33.864] [TRACE] 帧 场景趟
[11:32:33.864] [TRACE] 帧 高亮趟
[11:32:33.864] [TRACE] 帧 叠加趟
[11:32:33.864] [TRACE] 帧 光标趟
[11:32:33.864] [TRACE] 帧 结束
[11:32:33.870] [TRACE] 帧 公告板
[11:32:33.873] [TRACE] 帧 格网
[11:32:33.873] [TRACE] 帧 开始
[11:32:33.873] [TRACE] 帧 格网趟
[11:32:33.874] [TRACE] 帧 场景趟
[11:32:33.874] [TRACE] 帧 高亮趟
[11:32:33.874] [TRACE] 帧 叠加趟
[11:32:33.874] [TRACE] 帧 光标趟
[11:32:33.874] [TRACE] 帧 结束
[11:32:33.876] [TRACE] 帧 公告板
[11:32:33.876] [TRACE] 帧 格网
[11:32:33.877] [TRACE] 帧 开始
[11:32:33.877] [TRACE] 帧 格网趟
[11:32:33.877] [TRACE] 帧 场景趟
[11:32:33.877] [TRACE] 帧 高亮趟
[11:32:33.877] [TRACE] 帧 叠加趟
[11:32:33.877] [TRACE] 帧 光标趟
[11:32:33.878] [TRACE] 帧 结束
[11:32:33.884] [TRACE] 帧 公告板
[11:32:33.885] [TRACE] 帧 格网
[11:32:33.885] [TRACE] 帧 开始
[11:32:33.885] [TRACE] 帧 格网趟
[11:32:33.885] [TRACE] 帧 场景趟
[11:32:33.885] [TRACE] 帧 高亮趟
[11:32:33.885] [TRACE] 帧 叠加趟
[11:32:33.886] [TRACE] 帧 光标趟
[11:32:33.886] [TRACE] 帧 结束
[11:32:33.890] [TRACE] 帧 公告板
[11:32:33.891] [TRACE] 帧 格网
[11:32:33.891] [TRACE] 帧 开始
[11:32:33.891] [TRACE] 帧 格网趟
[11:32:33.892] [TRACE] 帧 场景趟
[11:32:33.892] [TRACE] 帧 高亮趟
[11:32:33.892] [TRACE] 帧 叠加趟
[11:32:33.892] [TRACE] 帧 光标趟
[11:32:33.892] [TRACE] 帧 结束
[11:32:33.897] [TRACE] 帧 公告板
[11:32:33.897] [TRACE] 帧 格网
[11:32:33.898] [TRACE] 帧 开始
[11:32:33.898] [TRACE] 帧 格网趟
[11:32:33.898] [TRACE] 帧 场景趟
[11:32:33.898] [TRACE] 帧 高亮趟
[11:32:33.899] [TRACE] 帧 叠加趟
[11:32:33.899] [TRACE] 帧 光标趟
[11:32:33.899] [TRACE] 帧 结束
[11:32:33.906] [TRACE] 帧 公告板
[11:32:33.906] [TRACE] 帧 格网
[11:32:33.906] [TRACE] 帧 开始
[11:32:33.906] [TRACE] 帧 格网趟
[11:32:33.907] [TRACE] 帧 场景趟
[11:32:33.907] [TRACE] 帧 高亮趟
[11:32:33.907] [TRACE] 帧 叠加趟
[11:32:33.907] [TRACE] 帧 光标趟
[11:32:33.908] [TRACE] 帧 结束
[11:32:33.911] [TRACE] 帧 公告板
[11:32:33.911] [TRACE] 帧 格网
[11:32:33.911] [TRACE] 帧 开始
[11:32:33.912] [TRACE] 帧 格网趟
[11:32:33.912] [TRACE] 帧 场景趟
[11:32:33.912] [TRACE] 帧 高亮趟
[11:32:33.912] [TRACE] 帧 叠加趟
[11:32:33.913] [TRACE] 帧 光标趟
[11:32:33.913] [TRACE] 帧 结束
[11:32:33.919] [TRACE] 帧 公告板
[11:32:33.919] [TRACE] 帧 格网
[11:32:33.919] [TRACE] 帧 开始
[11:32:33.920] [TRACE] 帧 格网趟
[11:32:33.920] [TRACE] 帧 场景趟
[11:32:33.920] [TRACE] 帧 高亮趟
[11:32:33.920] [TRACE] 帧 叠加趟
[11:32:33.920] [TRACE] 帧 光标趟
[11:32:33.920] [TRACE] 帧 结束
[11:32:33.925] [TRACE] 帧 公告板
[11:32:33.925] [TRACE] 帧 格网
[11:32:33.925] [TRACE] 帧 开始
[11:32:33.925] [TRACE] 帧 格网趟
[11:32:33.926] [TRACE] 帧 场景趟
[11:32:33.926] [TRACE] 帧 高亮趟
[11:32:33.926] [TRACE] 帧 叠加趟
[11:32:33.926] [TRACE] 帧 光标趟
[11:32:33.927] [TRACE] 帧 结束
[11:32:33.933] [TRACE] 帧 公告板
[11:32:33.933] [TRACE] 帧 格网
[11:32:33.933] [TRACE] 帧 开始
[11:32:33.933] [TRACE] 帧 格网趟
[11:32:33.933] [TRACE] 帧 场景趟
[11:32:33.934] [TRACE] 帧 高亮趟
[11:32:33.934] [TRACE] 帧 叠加趟
[11:32:33.934] [TRACE] 帧 光标趟
[11:32:33.934] [TRACE] 帧 结束
[11:32:33.939] [TRACE] 帧 公告板
[11:32:33.939] [TRACE] 帧 格网
[11:32:33.939] [TRACE] 帧 开始
[11:32:33.939] [TRACE] 帧 格网趟
[11:32:33.939] [TRACE] 帧 场景趟
[11:32:33.940] [TRACE] 帧 高亮趟
[11:32:33.940] [TRACE] 帧 叠加趟
[11:32:33.940] [TRACE] 帧 光标趟
[11:32:33.940] [TRACE] 帧 结束
[11:32:33.946] [TRACE] 帧 公告板
[11:32:33.946] [TRACE] 帧 格网
[11:32:33.946] [TRACE] 帧 开始
[11:32:33.947] [TRACE] 帧 格网趟
[11:32:33.947] [TRACE] 帧 场景趟
[11:32:33.947] [TRACE] 帧 高亮趟
[11:32:33.947] [TRACE] 帧 叠加趟
[11:32:33.948] [TRACE] 帧 光标趟
[11:32:33.948] [TRACE] 帧 结束
[11:32:33.954] [TRACE] 帧 公告板
[11:32:33.954] [TRACE] 帧 格网
[11:32:33.954] [TRACE] 帧 开始
[11:32:33.954] [TRACE] 帧 格网趟
[11:32:33.955] [TRACE] 帧 场景趟
[11:32:33.955] [TRACE] 帧 高亮趟
[11:32:33.955] [TRACE] 帧 叠加趟
[11:32:33.955] [TRACE] 帧 光标趟
[11:32:33.955] [TRACE] 帧 结束
[11:32:33.960] [TRACE] 帧 公告板
[11:32:33.960] [TRACE] 帧 格网
[11:32:33.960] [TRACE] 帧 开始
[11:32:33.961] [TRACE] 帧 格网趟
[11:32:33.961] [TRACE] 帧 场景趟
[11:32:33.961] [TRACE] 帧 高亮趟
[11:32:33.961] [TRACE] 帧 叠加趟
[11:32:33.961] [TRACE] 帧 光标趟
[11:32:33.962] [TRACE] 帧 结束
[11:32:33.968] [TRACE] 帧 公告板
[11:32:33.968] [TRACE] 帧 格网
[11:32:33.968] [TRACE] 帧 开始
[11:32:33.968] [TRACE] 帧 格网趟
[11:32:33.969] [TRACE] 帧 场景趟
[11:32:33.969] [TRACE] 帧 高亮趟
[11:32:33.969] [TRACE] 帧 叠加趟
[11:32:33.969] [TRACE] 帧 光标趟
[11:32:33.970] [TRACE] 帧 结束
[11:32:33.974] [TRACE] 帧 公告板
[11:32:33.974] [TRACE] 帧 格网
[11:32:33.974] [TRACE] 帧 开始
[11:32:33.974] [TRACE] 帧 格网趟
[11:32:33.975] [TRACE] 帧 场景趟
[11:32:33.975] [TRACE] 帧 高亮趟
[11:32:33.975] [TRACE] 帧 叠加趟
[11:32:33.975] [TRACE] 帧 光标趟
[11:32:33.976] [TRACE] 帧 结束
[11:32:33.981] [TRACE] 帧 公告板
[11:32:33.981] [TRACE] 帧 格网
[11:32:33.981] [TRACE] 帧 开始
[11:32:33.982] [TRACE] 帧 格网趟
[11:32:33.982] [TRACE] 帧 场景趟
[11:32:33.982] [TRACE] 帧 高亮趟
[11:32:33.982] [TRACE] 帧 叠加趟
[11:32:33.983] [TRACE] 帧 光标趟
[11:32:33.983] [TRACE] 帧 结束
[11:32:33.989] [TRACE] 帧 公告板
[11:32:33.989] [TRACE] 帧 格网
[11:32:33.990] [TRACE] 帧 开始
[11:32:33.990] [TRACE] 帧 格网趟
[11:32:33.990] [TRACE] 帧 场景趟
[11:32:33.990] [TRACE] 帧 高亮趟
[11:32:33.990] [TRACE] 帧 叠加趟
[11:32:33.991] [TRACE] 帧 光标趟
[11:32:33.991] [TRACE] 帧 结束
[11:32:33.995] [TRACE] 帧 公告板
[11:32:33.995] [TRACE] 帧 格网
[11:32:33.996] [TRACE] 帧 开始
[11:32:33.996] [TRACE] 帧 格网趟
[11:32:33.996] [TRACE] 帧 场景趟
[11:32:33.996] [TRACE] 帧 高亮趟
[11:32:33.996] [TRACE] 帧 叠加趟
[11:32:33.996] [TRACE] 帧 光标趟
[11:32:33.996] [TRACE] 帧 结束
[11:32:34.003] [TRACE] 帧 公告板
[11:32:34.003] [TRACE] 帧 格网
[11:32:34.003] [TRACE] 帧 开始
[11:32:34.003] [TRACE] 帧 格网趟
[11:32:34.003] [TRACE] 帧 场景趟
[11:32:34.004] [TRACE] 帧 高亮趟
[11:32:34.004] [TRACE] 帧 叠加趟
[11:32:34.004] [TRACE] 帧 光标趟
[11:32:34.004] [TRACE] 帧 结束
[11:32:34.009] [TRACE] 帧 公告板
[11:32:34.009] [TRACE] 帧 格网
[11:32:34.009] [TRACE] 帧 开始
[11:32:34.009] [TRACE] 帧 格网趟
[11:32:34.010] [TRACE] 帧 场景趟
[11:32:34.010] [TRACE] 帧 高亮趟
[11:32:34.010] [TRACE] 帧 叠加趟
[11:32:34.010] [TRACE] 帧 光标趟
[11:32:34.010] [TRACE] 帧 结束
[11:32:34.016] [TRACE] 帧 公告板
[11:32:34.016] [TRACE] 帧 格网
[11:32:34.017] [TRACE] 帧 开始
[11:32:34.017] [TRACE] 帧 格网趟
[11:32:34.017] [TRACE] 帧 场景趟
[11:32:34.017] [TRACE] 帧 高亮趟
[11:32:34.018] [TRACE] 帧 叠加趟
[11:32:34.018] [TRACE] 帧 光标趟
[11:32:34.018] [TRACE] 帧 结束
[11:32:34.023] [TRACE] 帧 公告板
[11:32:34.023] [TRACE] 帧 格网
[11:32:34.023] [TRACE] 帧 开始
[11:32:34.023] [TRACE] 帧 格网趟
[11:32:34.023] [TRACE] 帧 场景趟
[11:32:34.024] [TRACE] 帧 高亮趟
[11:32:34.024] [TRACE] 帧 叠加趟
[11:32:34.024] [TRACE] 帧 光标趟
[11:32:34.024] [TRACE] 帧 结束
[11:32:34.030] [TRACE] 帧 公告板
[11:32:34.030] [TRACE] 帧 格网
[11:32:34.030] [TRACE] 帧 开始
[11:32:34.031] [TRACE] 帧 格网趟
[11:32:34.031] [TRACE] 帧 场景趟
[11:32:34.031] [TRACE] 帧 高亮趟
[11:32:34.031] [TRACE] 帧 叠加趟
[11:32:34.031] [TRACE] 帧 光标趟
[11:32:34.032] [TRACE] 帧 结束
[11:32:34.037] [TRACE] 帧 公告板
[11:32:34.037] [TRACE] 帧 格网
[11:32:34.038] [TRACE] 帧 开始
[11:32:34.038] [TRACE] 帧 格网趟
[11:32:34.038] [TRACE] 帧 场景趟
[11:32:34.039] [TRACE] 帧 高亮趟
[11:32:34.039] [TRACE] 帧 叠加趟
[11:32:34.039] [TRACE] 帧 光标趟
[11:32:34.039] [TRACE] 帧 结束
[11:32:34.043] [TRACE] 帧 公告板
[11:32:34.043] [TRACE] 帧 格网
[11:32:34.044] [TRACE] 帧 开始
[11:32:34.044] [TRACE] 帧 格网趟
[11:32:34.044] [TRACE] 帧 场景趟
[11:32:34.044] [TRACE] 帧 高亮趟
[11:32:34.044] [TRACE] 帧 叠加趟
[11:32:34.045] [TRACE] 帧 光标趟
[11:32:34.045] [TRACE] 帧 结束
[11:32:34.052] [TRACE] 帧 公告板
[11:32:34.052] [TRACE] 帧 格网
[11:32:34.052] [TRACE] 帧 开始
[11:32:34.053] [TRACE] 帧 格网趟
[11:32:34.053] [TRACE] 帧 场景趟
[11:32:34.053] [TRACE] 帧 高亮趟
[11:32:34.054] [TRACE] 帧 叠加趟
[11:32:34.054] [TRACE] 帧 光标趟
[11:32:34.054] [TRACE] 帧 结束
[11:32:34.057] [TRACE] 帧 公告板
[11:32:34.057] [TRACE] 帧 格网
[11:32:34.057] [TRACE] 帧 开始
[11:32:34.058] [TRACE] 帧 格网趟
[11:32:34.058] [TRACE] 帧 场景趟
[11:32:34.058] [TRACE] 帧 高亮趟
[11:32:34.058] [TRACE] 帧 叠加趟
[11:32:34.059] [TRACE] 帧 光标趟
[11:32:34.059] [TRACE] 帧 结束
[11:32:34.065] [TRACE] 帧 公告板
[11:32:34.065] [TRACE] 帧 格网
[11:32:34.065] [TRACE] 帧 开始
[11:32:34.066] [TRACE] 帧 格网趟
[11:32:34.066] [TRACE] 帧 场景趟
[11:32:34.066] [TRACE] 帧 高亮趟
[11:32:34.066] [TRACE] 帧 叠加趟
[11:32:34.066] [TRACE] 帧 光标趟
[11:32:34.066] [TRACE] 帧 结束
[11:32:34.072] [TRACE] 帧 公告板
[11:32:34.072] [TRACE] 帧 格网
[11:32:34.072] [TRACE] 帧 开始
[11:32:34.072] [TRACE] 帧 格网趟
[11:32:34.072] [TRACE] 帧 场景趟
[11:32:34.072] [TRACE] 帧 高亮趟
[11:32:34.073] [TRACE] 帧 叠加趟
[11:32:34.073] [TRACE] 帧 光标趟
[11:32:34.073] [TRACE] 帧 结束
[11:32:34.078] [TRACE] 帧 公告板
[11:32:34.078] [TRACE] 帧 格网
[11:32:34.078] [TRACE] 帧 开始
[11:32:34.079] [TRACE] 帧 格网趟
[11:32:34.079] [TRACE] 帧 场景趟
[11:32:34.079] [TRACE] 帧 高亮趟
[11:32:34.079] [TRACE] 帧 叠加趟
[11:32:34.080] [TRACE] 帧 光标趟
[11:32:34.080] [TRACE] 帧 结束
[11:32:34.086] [TRACE] 帧 公告板
[11:32:34.086] [TRACE] 帧 格网
[11:32:34.087] [TRACE] 帧 开始
[11:32:34.087] [TRACE] 帧 格网趟
[11:32:34.087] [TRACE] 帧 场景趟
[11:32:34.087] [TRACE] 帧 高亮趟
[11:32:34.087] [TRACE] 帧 叠加趟
[11:32:34.088] [TRACE] 帧 光标趟
[11:32:34.088] [TRACE] 帧 结束
[11:32:34.092] [TRACE] 帧 公告板
[11:32:34.092] [TRACE] 帧 格网
[11:32:34.092] [TRACE] 帧 开始
[11:32:34.093] [TRACE] 帧 格网趟
[11:32:34.093] [TRACE] 帧 场景趟
[11:32:34.093] [TRACE] 帧 高亮趟
[11:32:34.093] [TRACE] 帧 叠加趟
[11:32:34.093] [TRACE] 帧 光标趟
[11:32:34.094] [TRACE] 帧 结束
[11:32:34.100] [TRACE] 帧 公告板
[11:32:34.101] [TRACE] 帧 格网
[11:32:34.101] [TRACE] 帧 开始
[11:32:34.101] [TRACE] 帧 格网趟
[11:32:34.101] [TRACE] 帧 场景趟
[11:32:34.102] [TRACE] 帧 高亮趟
[11:32:34.102] [TRACE] 帧 叠加趟
[11:32:34.102] [TRACE] 帧 光标趟
[11:32:34.103] [TRACE] 帧 结束
[11:32:34.106] [TRACE] 帧 公告板
[11:32:34.106] [TRACE] 帧 格网
[11:32:34.106] [TRACE] 帧 开始
[11:32:34.106] [TRACE] 帧 格网趟
[11:32:34.107] [TRACE] 帧 场景趟
[11:32:34.107] [TRACE] 帧 高亮趟
[11:32:34.107] [TRACE] 帧 叠加趟
[11:32:34.107] [TRACE] 帧 光标趟
[11:32:34.108] [TRACE] 帧 结束
[11:32:34.113] [TRACE] 帧 公告板
[11:32:34.113] [TRACE] 帧 格网
[11:32:34.113] [TRACE] 帧 开始
[11:32:34.114] [TRACE] 帧 格网趟
[11:32:34.114] [TRACE] 帧 场景趟
[11:32:34.114] [TRACE] 帧 高亮趟
[11:32:34.114] [TRACE] 帧 叠加趟
[11:32:34.115] [TRACE] 帧 光标趟
[11:32:34.115] [TRACE] 帧 结束
[11:32:34.120] [TRACE] 帧 公告板
[11:32:34.121] [TRACE] 帧 格网
[11:32:34.121] [TRACE] 帧 开始
[11:32:34.121] [TRACE] 帧 格网趟
[11:32:34.121] [TRACE] 帧 场景趟
[11:32:34.122] [TRACE] 帧 高亮趟
[11:32:34.122] [TRACE] 帧 叠加趟
[11:32:34.122] [TRACE] 帧 光标趟
[11:32:34.123] [TRACE] 帧 结束
[11:32:34.126] [TRACE] 帧 公告板
[11:32:34.126] [TRACE] 帧 格网
[11:32:34.127] [TRACE] 帧 开始
[11:32:34.127] [TRACE] 帧 格网趟
[11:32:34.127] [TRACE] 帧 场景趟
[11:32:34.127] [TRACE] 帧 高亮趟
[11:32:34.127] [TRACE] 帧 叠加趟
[11:32:34.127] [TRACE] 帧 光标趟
[11:32:34.128] [TRACE] 帧 结束
[11:32:34.134] [TRACE] 帧 公告板
[11:32:34.134] [TRACE] 帧 格网
[11:32:34.135] [TRACE] 帧 开始
[11:32:34.135] [TRACE] 帧 格网趟
[11:32:34.135] [TRACE] 帧 场景趟
[11:32:34.135] [TRACE] 帧 高亮趟
[11:32:34.135] [TRACE] 帧 叠加趟
[11:32:34.136] [TRACE] 帧 光标趟
[11:32:34.136] [TRACE] 帧 结束
[11:32:34.140] [TRACE] 帧 公告板
[11:32:34.140] [TRACE] 帧 格网
[11:32:34.141] [TRACE] 帧 开始
[11:32:34.141] [TRACE] 帧 格网趟
[11:32:34.141] [TRACE] 帧 场景趟
[11:32:34.141] [TRACE] 帧 高亮趟
[11:32:34.141] [TRACE] 帧 叠加趟
[11:32:34.141] [TRACE] 帧 光标趟
[11:32:34.142] [TRACE] 帧 结束
[11:32:34.149] [TRACE] 帧 公告板
[11:32:34.149] [TRACE] 帧 格网
[11:32:34.149] [TRACE] 帧 开始
[11:32:34.149] [TRACE] 帧 格网趟
[11:32:34.149] [TRACE] 帧 场景趟
[11:32:34.149] [TRACE] 帧 高亮趟
[11:32:34.150] [TRACE] 帧 叠加趟
[11:32:34.150] [TRACE] 帧 光标趟
[11:32:34.150] [TRACE] 帧 结束
[11:32:34.154] [TRACE] 帧 公告板
[11:32:34.154] [TRACE] 帧 格网
[11:32:34.155] [TRACE] 帧 开始
[11:32:34.155] [TRACE] 帧 格网趟
[11:32:34.155] [TRACE] 帧 场景趟
[11:32:34.155] [TRACE] 帧 高亮趟
[11:32:34.156] [TRACE] 帧 叠加趟
[11:32:34.156] [TRACE] 帧 光标趟
[11:32:34.156] [TRACE] 帧 结束
[11:32:34.162] [TRACE] 帧 公告板
[11:32:34.162] [TRACE] 帧 格网
[11:32:34.162] [TRACE] 帧 开始
[11:32:34.162] [TRACE] 帧 格网趟
[11:32:34.163] [TRACE] 帧 场景趟
[11:32:34.163] [TRACE] 帧 高亮趟
[11:32:34.163] [TRACE] 帧 叠加趟
[11:32:34.163] [TRACE] 帧 光标趟
[11:32:34.164] [TRACE] 帧 结束
[11:32:34.169] [TRACE] 帧 公告板
[11:32:34.169] [TRACE] 帧 格网
[11:32:34.169] [TRACE] 帧 开始
[11:32:34.169] [TRACE] 帧 格网趟
[11:32:34.170] [TRACE] 帧 场景趟
[11:32:34.170] [TRACE] 帧 高亮趟
[11:32:34.170] [TRACE] 帧 叠加趟
[11:32:34.170] [TRACE] 帧 光标趟
[11:32:34.171] [TRACE] 帧 结束
[11:32:34.175] [TRACE] 帧 公告板
[11:32:34.175] [TRACE] 帧 格网
[11:32:34.176] [TRACE] 帧 开始
[11:32:34.176] [TRACE] 帧 格网趟
[11:32:34.176] [TRACE] 帧 场景趟
[11:32:34.176] [TRACE] 帧 高亮趟
[11:32:34.177] [TRACE] 帧 叠加趟
[11:32:34.177] [TRACE] 帧 光标趟
[11:32:34.177] [TRACE] 帧 结束
[11:32:34.183] [TRACE] 帧 公告板
[11:32:34.183] [TRACE] 帧 格网
[11:32:34.183] [TRACE] 帧 开始
[11:32:34.184] [TRACE] 帧 格网趟
[11:32:34.184] [TRACE] 帧 场景趟
[11:32:34.184] [TRACE] 帧 高亮趟
[11:32:34.184] [TRACE] 帧 叠加趟
[11:32:34.185] [TRACE] 帧 光标趟
[11:32:34.185] [TRACE] 帧 结束
[11:32:34.189] [TRACE] 帧 公告板
[11:32:34.189] [TRACE] 帧 格网
[11:32:34.189] [TRACE] 帧 开始
[11:32:34.189] [TRACE] 帧 格网趟
[11:32:34.190] [TRACE] 帧 场景趟
[11:32:34.190] [TRACE] 帧 高亮趟
[11:32:34.190] [TRACE] 帧 叠加趟
[11:32:34.190] [TRACE] 帧 光标趟
[11:32:34.191] [TRACE] 帧 结束
[11:32:34.196] [TRACE] 帧 公告板
[11:32:34.197] [TRACE] 帧 格网
[11:32:34.197] [TRACE] 帧 开始
[11:32:34.197] [TRACE] 帧 格网趟
[11:32:34.197] [TRACE] 帧 场景趟
[11:32:34.198] [TRACE] 帧 高亮趟
[11:32:34.198] [TRACE] 帧 叠加趟
[11:32:34.198] [TRACE] 帧 光标趟
[11:32:34.198] [TRACE] 帧 结束
[11:32:34.203] [TRACE] 帧 公告板
[11:32:34.204] [TRACE] 帧 格网
[11:32:34.204] [TRACE] 帧 开始
[11:32:34.204] [TRACE] 帧 格网趟
[11:32:34.204] [TRACE] 帧 场景趟
[11:32:34.205] [TRACE] 帧 高亮趟
[11:32:34.205] [TRACE] 帧 叠加趟
[11:32:34.205] [TRACE] 帧 光标趟
[11:32:34.205] [TRACE] 帧 结束
[11:32:34.210] [TRACE] 帧 公告板
[11:32:34.210] [TRACE] 帧 格网
[11:32:34.210] [TRACE] 帧 开始
[11:32:34.210] [TRACE] 帧 格网趟
[11:32:34.211] [TRACE] 帧 场景趟
[11:32:34.211] [TRACE] 帧 高亮趟
[11:32:34.211] [TRACE] 帧 叠加趟
[11:32:34.211] [TRACE] 帧 光标趟
[11:32:34.212] [TRACE] 帧 结束
[11:32:34.218] [TRACE] 帧 公告板
[11:32:34.218] [TRACE] 帧 格网
[11:32:34.218] [TRACE] 帧 开始
[11:32:34.218] [TRACE] 帧 格网趟
[11:32:34.218] [TRACE] 帧 场景趟
[11:32:34.219] [TRACE] 帧 高亮趟
[11:32:34.219] [TRACE] 帧 叠加趟
[11:32:34.219] [TRACE] 帧 光标趟
[11:32:34.220] [TRACE] 帧 结束
[11:32:34.224] [TRACE] 帧 公告板
[11:32:34.224] [TRACE] 帧 格网
[11:32:34.224] [TRACE] 帧 开始
[11:32:34.225] [TRACE] 帧 格网趟
[11:32:34.225] [TRACE] 帧 场景趟
[11:32:34.225] [TRACE] 帧 高亮趟
[11:32:34.225] [TRACE] 帧 叠加趟
[11:32:34.225] [TRACE] 帧 光标趟
[11:32:34.226] [TRACE] 帧 结束
[11:32:34.232] [TRACE] 帧 公告板
[11:32:34.232] [TRACE] 帧 格网
[11:32:34.232] [TRACE] 帧 开始
[11:32:34.232] [TRACE] 帧 格网趟
[11:32:34.233] [TRACE] 帧 场景趟
[11:32:34.233] [TRACE] 帧 高亮趟
[11:32:34.233] [TRACE] 帧 叠加趟
[11:32:34.233] [TRACE] 帧 光标趟
[11:32:34.234] [TRACE] 帧 结束
[11:32:34.238] [TRACE] 帧 公告板
[11:32:34.238] [TRACE] 帧 格网
[11:32:34.239] [TRACE] 帧 开始
[11:32:34.239] [TRACE] 帧 格网趟
[11:32:34.239] [TRACE] 帧 场景趟
[11:32:34.239] [TRACE] 帧 高亮趟
[11:32:34.239] [TRACE] 帧 叠加趟
[11:32:34.240] [TRACE] 帧 光标趟
[11:32:34.240] [TRACE] 帧 结束
[11:32:34.245] [TRACE] 帧 公告板
[11:32:34.245] [TRACE] 帧 格网
[11:32:34.245] [TRACE] 帧 开始
[11:32:34.245] [TRACE] 帧 格网趟
[11:32:34.245] [TRACE] 帧 场景趟
[11:32:34.246] [TRACE] 帧 高亮趟
[11:32:34.246] [TRACE] 帧 叠加趟
[11:32:34.246] [TRACE] 帧 光标趟
[11:32:34.246] [TRACE] 帧 结束
[11:32:34.252] [TRACE] 帧 公告板
[11:32:34.253] [TRACE] 帧 格网
[11:32:34.253] [TRACE] 帧 开始
[11:32:34.253] [TRACE] 帧 格网趟
[11:32:34.254] [TRACE] 帧 场景趟
[11:32:34.254] [TRACE] 帧 高亮趟
[11:32:34.254] [TRACE] 帧 叠加趟
[11:32:34.254] [TRACE] 帧 光标趟
[11:32:34.255] [TRACE] 帧 结束
[11:32:34.259] [TRACE] 帧 公告板
[11:32:34.259] [TRACE] 帧 格网
[11:32:34.259] [TRACE] 帧 开始
[11:32:34.259] [TRACE] 帧 格网趟
[11:32:34.259] [TRACE] 帧 场景趟
[11:32:34.260] [TRACE] 帧 高亮趟
[11:32:34.260] [TRACE] 帧 叠加趟
[11:32:34.260] [TRACE] 帧 光标趟
[11:32:34.260] [TRACE] 帧 结束
[11:32:34.267] [TRACE] 帧 公告板
[11:32:34.267] [TRACE] 帧 格网
[11:32:34.267] [TRACE] 帧 开始
[11:32:34.267] [TRACE] 帧 格网趟
[11:32:34.268] [TRACE] 帧 场景趟
[11:32:34.268] [TRACE] 帧 高亮趟
[11:32:34.268] [TRACE] 帧 叠加趟
[11:32:34.268] [TRACE] 帧 光标趟
[11:32:34.268] [TRACE] 帧 结束
[11:32:34.273] [TRACE] 帧 公告板
[11:32:34.273] [TRACE] 帧 格网
[11:32:34.273] [TRACE] 帧 开始
[11:32:34.274] [TRACE] 帧 格网趟
[11:32:34.274] [TRACE] 帧 场景趟
[11:32:34.274] [TRACE] 帧 高亮趟
[11:32:34.274] [TRACE] 帧 叠加趟
[11:32:34.274] [TRACE] 帧 光标趟
[11:32:34.275] [TRACE] 帧 结束
[11:32:34.279] [TRACE] 帧 公告板
[11:32:34.280] [TRACE] 帧 格网
[11:32:34.280] [TRACE] 帧 开始
[11:32:34.280] [TRACE] 帧 格网趟
[11:32:34.280] [TRACE] 帧 场景趟
[11:32:34.280] [TRACE] 帧 高亮趟
[11:32:34.280] [TRACE] 帧 叠加趟
[11:32:34.280] [TRACE] 帧 光标趟
[11:32:34.281] [TRACE] 帧 结束
[11:32:34.287] [TRACE] 帧 公告板
[11:32:34.288] [TRACE] 帧 格网
[11:32:34.288] [TRACE] 帧 开始
[11:32:34.288] [TRACE] 帧 格网趟
[11:32:34.288] [TRACE] 帧 场景趟
[11:32:34.289] [TRACE] 帧 高亮趟
[11:32:34.289] [TRACE] 帧 叠加趟
[11:32:34.289] [TRACE] 帧 光标趟
[11:32:34.289] [TRACE] 帧 结束
[11:32:34.293] [TRACE] 帧 公告板
[11:32:34.294] [TRACE] 帧 格网
[11:32:34.294] [TRACE] 帧 开始
[11:32:34.294] [TRACE] 帧 格网趟
[11:32:34.294] [TRACE] 帧 场景趟
[11:32:34.295] [TRACE] 帧 高亮趟
[11:32:34.295] [TRACE] 帧 叠加趟
[11:32:34.295] [TRACE] 帧 光标趟
[11:32:34.295] [TRACE] 帧 结束
[11:32:34.302] [TRACE] 帧 公告板
[11:32:34.302] [TRACE] 帧 格网
[11:32:34.302] [TRACE] 帧 开始
[11:32:34.302] [TRACE] 帧 格网趟
[11:32:34.303] [TRACE] 帧 场景趟
[11:32:34.303] [TRACE] 帧 高亮趟
[11:32:34.303] [TRACE] 帧 叠加趟
[11:32:34.303] [TRACE] 帧 光标趟
[11:32:34.303] [TRACE] 帧 结束
[11:32:34.308] [TRACE] 帧 公告板
[11:32:34.308] [TRACE] 帧 格网
[11:32:34.308] [TRACE] 帧 开始
[11:32:34.308] [TRACE] 帧 格网趟
[11:32:34.308] [TRACE] 帧 场景趟
[11:32:34.309] [TRACE] 帧 高亮趟
[11:32:34.309] [TRACE] 帧 叠加趟
[11:32:34.309] [TRACE] 帧 光标趟
[11:32:34.309] [TRACE] 帧 结束
[11:32:34.317] [TRACE] 帧 公告板
[11:32:34.317] [TRACE] 帧 格网
[11:32:34.317] [TRACE] 帧 开始
[11:32:34.317] [TRACE] 帧 格网趟
[11:32:34.317] [TRACE] 帧 场景趟
[11:32:34.318] [TRACE] 帧 高亮趟
[11:32:34.318] [TRACE] 帧 叠加趟
[11:32:34.318] [TRACE] 帧 光标趟
[11:32:34.318] [TRACE] 帧 结束
[11:32:34.329] [TRACE] 帧 公告板
[11:32:34.329] [TRACE] 帧 格网
[11:32:34.329] [TRACE] 帧 开始
[11:32:34.329] [TRACE] 帧 格网趟
[11:32:34.330] [TRACE] 帧 场景趟
[11:32:34.330] [TRACE] 帧 高亮趟
[11:32:34.330] [TRACE] 帧 叠加趟
[11:32:34.330] [TRACE] 帧 光标趟
[11:32:34.330] [TRACE] 帧 结束
[11:32:34.336] [TRACE] 帧 公告板
[11:32:34.337] [TRACE] 帧 格网
[11:32:34.337] [TRACE] 帧 开始
[11:32:34.337] [TRACE] 帧 格网趟
[11:32:34.337] [TRACE] 帧 场景趟
[11:32:34.337] [TRACE] 帧 高亮趟
[11:32:34.338] [TRACE] 帧 叠加趟
[11:32:34.338] [TRACE] 帧 光标趟
[11:32:34.338] [TRACE] 帧 结束
[11:32:34.342] [TRACE] 帧 公告板
[11:32:34.342] [TRACE] 帧 格网
[11:32:34.343] [TRACE] 帧 开始
[11:32:34.343] [TRACE] 帧 格网趟
[11:32:34.343] [TRACE] 帧 场景趟
[11:32:34.343] [TRACE] 帧 高亮趟
[11:32:34.343] [TRACE] 帧 叠加趟
[11:32:34.343] [TRACE] 帧 光标趟
[11:32:34.343] [TRACE] 帧 结束
[11:32:34.350] [TRACE] 帧 公告板
[11:32:34.350] [TRACE] 帧 格网
[11:32:34.350] [TRACE] 帧 开始
[11:32:34.351] [TRACE] 帧 格网趟
[11:32:34.351] [TRACE] 帧 场景趟
[11:32:34.351] [TRACE] 帧 高亮趟
[11:32:34.352] [TRACE] 帧 叠加趟
[11:32:34.352] [TRACE] 帧 光标趟
[11:32:34.352] [TRACE] 帧 结束
[11:32:34.357] [TRACE] 帧 公告板
[11:32:34.357] [TRACE] 帧 格网
[11:32:34.357] [TRACE] 帧 开始
[11:32:34.357] [TRACE] 帧 格网趟
[11:32:34.357] [TRACE] 帧 场景趟
[11:32:34.358] [TRACE] 帧 高亮趟
[11:32:34.358] [TRACE] 帧 叠加趟
[11:32:34.358] [TRACE] 帧 光标趟
[11:32:34.358] [TRACE] 帧 结束
[11:32:34.363] [TRACE] 帧 公告板
[11:32:34.364] [TRACE] 帧 格网
[11:32:34.364] [TRACE] 帧 开始
[11:32:34.364] [TRACE] 帧 格网趟
[11:32:34.365] [TRACE] 帧 场景趟
[11:32:34.365] [TRACE] 帧 高亮趟
[11:32:34.365] [TRACE] 帧 叠加趟
[11:32:34.365] [TRACE] 帧 光标趟
[11:32:34.365] [TRACE] 帧 结束
[11:32:34.371] [TRACE] 帧 公告板
[11:32:34.371] [TRACE] 帧 格网
[11:32:34.371] [TRACE] 帧 开始
[11:32:34.372] [TRACE] 帧 格网趟
[11:32:34.372] [TRACE] 帧 场景趟
[11:32:34.372] [TRACE] 帧 高亮趟
[11:32:34.372] [TRACE] 帧 叠加趟
[11:32:34.373] [TRACE] 帧 光标趟
[11:32:34.373] [TRACE] 帧 结束
[11:32:34.377] [TRACE] 帧 公告板
[11:32:34.377] [TRACE] 帧 格网
[11:32:34.377] [TRACE] 帧 开始
[11:32:34.377] [TRACE] 帧 格网趟
[11:32:34.378] [TRACE] 帧 场景趟
[11:32:34.378] [TRACE] 帧 高亮趟
[11:32:34.378] [TRACE] 帧 叠加趟
[11:32:34.379] [TRACE] 帧 光标趟
[11:32:34.379] [TRACE] 帧 结束
[11:32:34.385] [TRACE] 帧 公告板
[11:32:34.385] [TRACE] 帧 格网
[11:32:34.385] [TRACE] 帧 开始
[11:32:34.386] [TRACE] 帧 格网趟
[11:32:34.386] [TRACE] 帧 场景趟
[11:32:34.386] [TRACE] 帧 高亮趟
[11:32:34.386] [TRACE] 帧 叠加趟
[11:32:34.386] [TRACE] 帧 光标趟
[11:32:34.387] [TRACE] 帧 结束
[11:32:34.391] [TRACE] 帧 公告板
[11:32:34.391] [TRACE] 帧 格网
[11:32:34.391] [TRACE] 帧 开始
[11:32:34.391] [TRACE] 帧 格网趟
[11:32:34.391] [TRACE] 帧 场景趟
[11:32:34.392] [TRACE] 帧 高亮趟
[11:32:34.392] [TRACE] 帧 叠加趟
[11:32:34.392] [TRACE] 帧 光标趟
[11:32:34.392] [TRACE] 帧 结束
[11:32:34.399] [TRACE] 帧 公告板
[11:32:34.399] [TRACE] 帧 格网
[11:32:34.399] [TRACE] 帧 开始
[11:32:34.400] [TRACE] 帧 格网趟
[11:32:34.400] [TRACE] 帧 场景趟
[11:32:34.400] [TRACE] 帧 高亮趟
[11:32:34.400] [TRACE] 帧 叠加趟
[11:32:34.401] [TRACE] 帧 光标趟
[11:32:34.401] [TRACE] 帧 结束
[11:32:34.404] [TRACE] 帧 公告板
[11:32:34.404] [TRACE] 帧 格网
[11:32:34.405] [TRACE] 帧 开始
[11:32:34.405] [TRACE] 帧 格网趟
[11:32:34.405] [TRACE] 帧 场景趟
[11:32:34.405] [TRACE] 帧 高亮趟
[11:32:34.406] [TRACE] 帧 叠加趟
[11:32:34.406] [TRACE] 帧 光标趟
[11:32:34.406] [TRACE] 帧 结束
[11:32:34.412] [TRACE] 帧 公告板
[11:32:34.412] [TRACE] 帧 格网
[11:32:34.412] [TRACE] 帧 开始
[11:32:34.412] [TRACE] 帧 格网趟
[11:32:34.413] [TRACE] 帧 场景趟
[11:32:34.413] [TRACE] 帧 高亮趟
[11:32:34.413] [TRACE] 帧 叠加趟
[11:32:34.413] [TRACE] 帧 光标趟
[11:32:34.414] [TRACE] 帧 结束
[11:32:34.419] [TRACE] 帧 公告板
[11:32:34.419] [TRACE] 帧 格网
[11:32:34.420] [TRACE] 帧 开始
[11:32:34.420] [TRACE] 帧 格网趟
[11:32:34.420] [TRACE] 帧 场景趟
[11:32:34.420] [TRACE] 帧 高亮趟
[11:32:34.421] [TRACE] 帧 叠加趟
[11:32:34.421] [TRACE] 帧 光标趟
[11:32:34.421] [TRACE] 帧 结束
[11:32:34.426] [TRACE] 帧 公告板
[11:32:34.426] [TRACE] 帧 格网
[11:32:34.426] [TRACE] 帧 开始
[11:32:34.426] [TRACE] 帧 格网趟
[11:32:34.426] [TRACE] 帧 场景趟
[11:32:34.426] [TRACE] 帧 高亮趟
[11:32:34.427] [TRACE] 帧 叠加趟
[11:32:34.427] [TRACE] 帧 光标趟
[11:32:34.427] [TRACE] 帧 结束
[11:32:34.433] [TRACE] 帧 公告板
[11:32:34.434] [TRACE] 帧 格网
[11:32:34.434] [TRACE] 帧 开始
[11:32:34.434] [TRACE] 帧 格网趟
[11:32:34.434] [TRACE] 帧 场景趟
[11:32:34.435] [TRACE] 帧 高亮趟
[11:32:34.435] [TRACE] 帧 叠加趟
[11:32:34.435] [TRACE] 帧 光标趟
[11:32:34.435] [TRACE] 帧 结束
[11:32:34.439] [TRACE] 帧 公告板
[11:32:34.440] [TRACE] 帧 格网
[11:32:34.440] [TRACE] 帧 开始
[11:32:34.440] [TRACE] 帧 格网趟
[11:32:34.440] [TRACE] 帧 场景趟
[11:32:34.441] [TRACE] 帧 高亮趟
[11:32:34.441] [TRACE] 帧 叠加趟
[11:32:34.441] [TRACE] 帧 光标趟
[11:32:34.441] [TRACE] 帧 结束
[11:32:34.446] [TRACE] 帧 公告板
[11:32:34.446] [TRACE] 帧 格网
[11:32:34.447] [TRACE] 帧 开始
[11:32:34.447] [TRACE] 帧 格网趟
[11:32:34.447] [TRACE] 帧 场景趟
[11:32:34.447] [TRACE] 帧 高亮趟
[11:32:34.447] [TRACE] 帧 叠加趟
[11:32:34.447] [TRACE] 帧 光标趟
[11:32:34.447] [TRACE] 帧 结束
[11:32:34.454] [TRACE] 帧 公告板
[11:32:34.454] [TRACE] 帧 格网
[11:32:34.455] [TRACE] 帧 开始
[11:32:34.455] [TRACE] 帧 格网趟
[11:32:34.455] [TRACE] 帧 场景趟
[11:32:34.455] [TRACE] 帧 高亮趟
[11:32:34.455] [TRACE] 帧 叠加趟
[11:32:34.455] [TRACE] 帧 光标趟
[11:32:34.456] [TRACE] 帧 结束
[11:32:34.460] [TRACE] 帧 公告板
[11:32:34.460] [TRACE] 帧 格网
[11:32:34.460] [TRACE] 帧 开始
[11:32:34.461] [TRACE] 帧 格网趟
[11:32:34.461] [TRACE] 帧 场景趟
[11:32:34.461] [TRACE] 帧 高亮趟
[11:32:34.461] [TRACE] 帧 叠加趟
[11:32:34.462] [TRACE] 帧 光标趟
[11:32:34.462] [TRACE] 帧 结束
[11:32:34.468] [TRACE] 帧 公告板
[11:32:34.468] [TRACE] 帧 格网
[11:32:34.468] [TRACE] 帧 开始
[11:32:34.468] [TRACE] 帧 格网趟
[11:32:34.469] [TRACE] 帧 场景趟
[11:32:34.469] [TRACE] 帧 高亮趟
[11:32:34.469] [TRACE] 帧 叠加趟
[11:32:34.469] [TRACE] 帧 光标趟
[11:32:34.469] [TRACE] 帧 结束
[11:32:34.474] [TRACE] 帧 公告板
[11:32:34.474] [TRACE] 帧 格网
[11:32:34.474] [TRACE] 帧 开始
[11:32:34.475] [TRACE] 帧 格网趟
[11:32:34.475] [TRACE] 帧 场景趟
[11:32:34.475] [TRACE] 帧 高亮趟
[11:32:34.475] [TRACE] 帧 叠加趟
[11:32:34.476] [TRACE] 帧 光标趟
[11:32:34.476] [TRACE] 帧 结束
[11:32:34.482] [TRACE] 帧 公告板
[11:32:34.482] [TRACE] 帧 格网
[11:32:34.482] [TRACE] 帧 开始
[11:32:34.483] [TRACE] 帧 格网趟
[11:32:34.483] [TRACE] 帧 场景趟
[11:32:34.483] [TRACE] 帧 高亮趟
[11:32:34.484] [TRACE] 帧 叠加趟
[11:32:34.484] [TRACE] 帧 光标趟
[11:32:34.484] [TRACE] 帧 结束
[11:32:34.488] [TRACE] 帧 公告板
[11:32:34.488] [TRACE] 帧 格网
[11:32:34.488] [TRACE] 帧 开始
[11:32:34.488] [TRACE] 帧 格网趟
[11:32:34.489] [TRACE] 帧 场景趟
[11:32:34.489] [TRACE] 帧 高亮趟
[11:32:34.489] [TRACE] 帧 叠加趟
[11:32:34.490] [TRACE] 帧 光标趟
[11:32:34.490] [TRACE] 帧 结束
[11:32:34.495] [TRACE] 帧 公告板
[11:32:34.495] [TRACE] 帧 格网
[11:32:34.495] [TRACE] 帧 开始
[11:32:34.495] [TRACE] 帧 格网趟
[11:32:34.496] [TRACE] 帧 场景趟
[11:32:34.496] [TRACE] 帧 高亮趟
[11:32:34.496] [TRACE] 帧 叠加趟
[11:32:34.496] [TRACE] 帧 光标趟
[11:32:34.496] [TRACE] 帧 结束
[11:32:34.503] [TRACE] 帧 公告板
[11:32:34.503] [TRACE] 帧 格网
[11:32:34.503] [TRACE] 帧 开始
[11:32:34.504] [TRACE] 帧 格网趟
[11:32:34.504] [TRACE] 帧 场景趟
[11:32:34.504] [TRACE] 帧 高亮趟
[11:32:34.504] [TRACE] 帧 叠加趟
[11:32:34.505] [TRACE] 帧 光标趟
[11:32:34.505] [TRACE] 帧 结束
[11:32:34.509] [TRACE] 帧 公告板
[11:32:34.509] [TRACE] 帧 格网
[11:32:34.509] [TRACE] 帧 开始
[11:32:34.510] [TRACE] 帧 格网趟
[11:32:34.510] [TRACE] 帧 场景趟
[11:32:34.510] [TRACE] 帧 高亮趟
[11:32:34.510] [TRACE] 帧 叠加趟
[11:32:34.510] [TRACE] 帧 光标趟
[11:32:34.511] [TRACE] 帧 结束
[11:32:34.517] [TRACE] 帧 公告板
[11:32:34.517] [TRACE] 帧 格网
[11:32:34.517] [TRACE] 帧 开始
[11:32:34.517] [TRACE] 帧 格网趟
[11:32:34.517] [TRACE] 帧 场景趟
[11:32:34.518] [TRACE] 帧 高亮趟
[11:32:34.518] [TRACE] 帧 叠加趟
[11:32:34.518] [TRACE] 帧 光标趟
[11:32:34.518] [TRACE] 帧 结束
[11:32:34.523] [TRACE] 帧 公告板
[11:32:34.523] [TRACE] 帧 格网
[11:32:34.523] [TRACE] 帧 开始
[11:32:34.524] [TRACE] 帧 格网趟
[11:32:34.524] [TRACE] 帧 场景趟
[11:32:34.524] [TRACE] 帧 高亮趟
[11:32:34.524] [TRACE] 帧 叠加趟
[11:32:34.525] [TRACE] 帧 光标趟
[11:32:34.525] [TRACE] 帧 结束
[11:32:34.529] [TRACE] 帧 公告板
[11:32:34.530] [TRACE] 帧 格网
[11:32:34.530] [TRACE] 帧 开始
[11:32:34.530] [TRACE] 帧 格网趟
[11:32:34.530] [TRACE] 帧 场景趟
[11:32:34.530] [TRACE] 帧 高亮趟
[11:32:34.530] [TRACE] 帧 叠加趟
[11:32:34.531] [TRACE] 帧 光标趟
[11:32:34.531] [TRACE] 帧 结束
[11:32:34.537] [TRACE] 帧 公告板
[11:32:34.538] [TRACE] 帧 格网
[11:32:34.538] [TRACE] 帧 开始
[11:32:34.538] [TRACE] 帧 格网趟
[11:32:34.538] [TRACE] 帧 场景趟
[11:32:34.538] [TRACE] 帧 高亮趟
[11:32:34.539] [TRACE] 帧 叠加趟
[11:32:34.539] [TRACE] 帧 光标趟
[11:32:34.539] [TRACE] 帧 结束
[11:32:34.543] [TRACE] 帧 公告板
[11:32:34.543] [TRACE] 帧 格网
[11:32:34.544] [TRACE] 帧 开始
[11:32:34.544] [TRACE] 帧 格网趟
[11:32:34.544] [TRACE] 帧 场景趟
[11:32:34.544] [TRACE] 帧 高亮趟
[11:32:34.544] [TRACE] 帧 叠加趟
[11:32:34.545] [TRACE] 帧 光标趟
[11:32:34.545] [TRACE] 帧 结束
[11:32:34.551] [TRACE] 帧 公告板
[11:32:34.551] [TRACE] 帧 格网
[11:32:34.552] [TRACE] 帧 开始
[11:32:34.552] [TRACE] 帧 格网趟
[11:32:34.552] [TRACE] 帧 场景趟
[11:32:34.552] [TRACE] 帧 高亮趟
[11:32:34.552] [TRACE] 帧 叠加趟
[11:32:34.552] [TRACE] 帧 光标趟
[11:32:34.553] [TRACE] 帧 结束
[11:32:34.557] [TRACE] 帧 公告板
[11:32:34.558] [TRACE] 帧 格网
[11:32:34.558] [TRACE] 帧 开始
[11:32:34.558] [TRACE] 帧 格网趟
[11:32:34.558] [TRACE] 帧 场景趟
[11:32:34.558] [TRACE] 帧 高亮趟
[11:32:34.559] [TRACE] 帧 叠加趟
[11:32:34.559] [TRACE] 帧 光标趟
[11:32:34.559] [TRACE] 帧 结束
[11:32:34.566] [TRACE] 帧 公告板
[11:32:34.568] [TRACE] 帧 格网
[11:32:34.568] [TRACE] 帧 开始
[11:32:34.568] [TRACE] 帧 格网趟
[11:32:34.568] [TRACE] 帧 场景趟
[11:32:34.568] [TRACE] 帧 高亮趟
[11:32:34.568] [TRACE] 帧 叠加趟
[11:32:34.569] [TRACE] 帧 光标趟
[11:32:34.569] [TRACE] 帧 结束
[11:32:34.571] [TRACE] 帧 公告板
[11:32:34.571] [TRACE] 帧 格网
[11:32:34.571] [TRACE] 帧 开始
[11:32:34.572] [TRACE] 帧 格网趟
[11:32:34.572] [TRACE] 帧 场景趟
[11:32:34.572] [TRACE] 帧 高亮趟
[11:32:34.572] [TRACE] 帧 叠加趟
[11:32:34.572] [TRACE] 帧 光标趟
[11:32:34.572] [TRACE] 帧 结束
[11:32:34.578] [TRACE] 帧 公告板
[11:32:34.579] [TRACE] 帧 格网
[11:32:34.579] [TRACE] 帧 开始
[11:32:34.579] [TRACE] 帧 格网趟
[11:32:34.579] [TRACE] 帧 场景趟
[11:32:34.580] [TRACE] 帧 高亮趟
[11:32:34.580] [TRACE] 帧 叠加趟
[11:32:34.580] [TRACE] 帧 光标趟
[11:32:34.580] [TRACE] 帧 结束
[11:32:34.586] [TRACE] 帧 公告板
[11:32:34.586] [TRACE] 帧 格网
[11:32:34.586] [TRACE] 帧 开始
[11:32:34.587] [TRACE] 帧 格网趟
[11:32:34.587] [TRACE] 帧 场景趟
[11:32:34.587] [TRACE] 帧 高亮趟
[11:32:34.587] [TRACE] 帧 叠加趟
[11:32:34.588] [TRACE] 帧 光标趟
[11:32:34.588] [TRACE] 帧 结束
[11:32:34.592] [TRACE] 帧 公告板
[11:32:34.593] [TRACE] 帧 格网
[11:32:34.593] [TRACE] 帧 开始
[11:32:34.593] [TRACE] 帧 格网趟
[11:32:34.593] [TRACE] 帧 场景趟
[11:32:34.593] [TRACE] 帧 高亮趟
[11:32:34.594] [TRACE] 帧 叠加趟
[11:32:34.594] [TRACE] 帧 光标趟
[11:32:34.594] [TRACE] 帧 结束
[11:32:34.600] [TRACE] 帧 公告板
[11:32:34.600] [TRACE] 帧 格网
[11:32:34.600] [TRACE] 帧 开始
[11:32:34.601] [TRACE] 帧 格网趟
[11:32:34.601] [TRACE] 帧 场景趟
[11:32:34.601] [TRACE] 帧 高亮趟
[11:32:34.601] [TRACE] 帧 叠加趟
[11:32:34.601] [TRACE] 帧 光标趟
[11:32:34.602] [TRACE] 帧 结束
[11:32:34.607] [TRACE] 帧 公告板
[11:32:34.607] [TRACE] 帧 格网
[11:32:34.607] [TRACE] 帧 开始
[11:32:34.607] [TRACE] 帧 格网趟
[11:32:34.608] [TRACE] 帧 场景趟
[11:32:34.608] [TRACE] 帧 高亮趟
[11:32:34.608] [TRACE] 帧 叠加趟
[11:32:34.609] [TRACE] 帧 光标趟
[11:32:34.609] [TRACE] 帧 结束
[11:32:34.613] [TRACE] 帧 公告板
[11:32:34.613] [TRACE] 帧 格网
[11:32:34.614] [TRACE] 帧 开始
[11:32:34.614] [TRACE] 帧 格网趟
[11:32:34.614] [TRACE] 帧 场景趟
[11:32:34.614] [TRACE] 帧 高亮趟
[11:32:34.614] [TRACE] 帧 叠加趟
[11:32:34.614] [TRACE] 帧 光标趟
[11:32:34.615] [TRACE] 帧 结束
[11:32:34.621] [TRACE] 帧 公告板
[11:32:34.621] [TRACE] 帧 格网
[11:32:34.621] [TRACE] 帧 开始
[11:32:34.621] [TRACE] 帧 格网趟
[11:32:34.621] [TRACE] 帧 场景趟
[11:32:34.622] [TRACE] 帧 高亮趟
[11:32:34.622] [TRACE] 帧 叠加趟
[11:32:34.622] [TRACE] 帧 光标趟
[11:32:34.622] [TRACE] 帧 结束
[11:32:34.627] [TRACE] 帧 公告板
[11:32:34.627] [TRACE] 帧 格网
[11:32:34.628] [TRACE] 帧 开始
[11:32:34.628] [TRACE] 帧 格网趟
[11:32:34.628] [TRACE] 帧 场景趟
[11:32:34.628] [TRACE] 帧 高亮趟
[11:32:34.628] [TRACE] 帧 叠加趟
[11:32:34.629] [TRACE] 帧 光标趟
[11:32:34.629] [TRACE] 帧 结束
[11:32:34.635] [TRACE] 帧 公告板
[11:32:34.635] [TRACE] 帧 格网
[11:32:34.635] [TRACE] 帧 开始
[11:32:34.635] [TRACE] 帧 格网趟
[11:32:34.636] [TRACE] 帧 场景趟
[11:32:34.636] [TRACE] 帧 高亮趟
[11:32:34.636] [TRACE] 帧 叠加趟
[11:32:34.636] [TRACE] 帧 光标趟
[11:32:34.636] [TRACE] 帧 结束
[11:32:34.641] [TRACE] 帧 公告板
[11:32:34.642] [TRACE] 帧 格网
[11:32:34.642] [TRACE] 帧 开始
[11:32:34.642] [TRACE] 帧 格网趟
[11:32:34.642] [TRACE] 帧 场景趟
[11:32:34.643] [TRACE] 帧 高亮趟
[11:32:34.643] [TRACE] 帧 叠加趟
[11:32:34.643] [TRACE] 帧 光标趟
[11:32:34.643] [TRACE] 帧 结束
[11:32:34.649] [TRACE] 帧 公告板
[11:32:34.650] [TRACE] 帧 格网
[11:32:34.650] [TRACE] 帧 开始
[11:32:34.650] [TRACE] 帧 格网趟
[11:32:34.650] [TRACE] 帧 场景趟
[11:32:34.650] [TRACE] 帧 高亮趟
[11:32:34.651] [TRACE] 帧 叠加趟
[11:32:34.651] [TRACE] 帧 光标趟
[11:32:34.651] [TRACE] 帧 结束
[11:32:34.655] [TRACE] 帧 公告板
[11:32:34.655] [TRACE] 帧 格网
[11:32:34.655] [TRACE] 帧 开始
[11:32:34.655] [TRACE] 帧 格网趟
[11:32:34.656] [TRACE] 帧 场景趟
[11:32:34.656] [TRACE] 帧 高亮趟
[11:32:34.656] [TRACE] 帧 叠加趟
[11:32:34.656] [TRACE] 帧 光标趟
[11:32:34.656] [TRACE] 帧 结束
[11:32:34.662] [TRACE] 帧 公告板
[11:32:34.662] [TRACE] 帧 格网
[11:32:34.663] [TRACE] 帧 开始
[11:32:34.663] [TRACE] 帧 格网趟
[11:32:34.663] [TRACE] 帧 场景趟
[11:32:34.663] [TRACE] 帧 高亮趟
[11:32:34.664] [TRACE] 帧 叠加趟
[11:32:34.664] [TRACE] 帧 光标趟
[11:32:34.664] [TRACE] 帧 结束
[11:32:34.670] [TRACE] 帧 公告板
[11:32:34.671] [TRACE] 帧 格网
[11:32:34.671] [TRACE] 帧 开始
[11:32:34.671] [TRACE] 帧 格网趟
[11:32:34.671] [TRACE] 帧 场景趟
[11:32:34.672] [TRACE] 帧 高亮趟
[11:32:34.672] [TRACE] 帧 叠加趟
[11:32:34.672] [TRACE] 帧 光标趟
[11:32:34.672] [TRACE] 帧 结束
[11:32:34.676] [TRACE] 帧 公告板
[11:32:34.676] [TRACE] 帧 格网
[11:32:34.676] [TRACE] 帧 开始
[11:32:34.676] [TRACE] 帧 格网趟
[11:32:34.677] [TRACE] 帧 场景趟
[11:32:34.677] [TRACE] 帧 高亮趟
[11:32:34.677] [TRACE] 帧 叠加趟
[11:32:34.677] [TRACE] 帧 光标趟
[11:32:34.678] [TRACE] 帧 结束
[11:32:34.684] [TRACE] 帧 公告板
[11:32:34.684] [TRACE] 帧 格网
[11:32:34.684] [TRACE] 帧 开始
[11:32:34.685] [TRACE] 帧 格网趟
[11:32:34.685] [TRACE] 帧 场景趟
[11:32:34.685] [TRACE] 帧 高亮趟
[11:32:34.685] [TRACE] 帧 叠加趟
[11:32:34.686] [TRACE] 帧 光标趟
[11:32:34.686] [TRACE] 帧 结束
[11:32:34.690] [TRACE] 帧 公告板
[11:32:34.690] [TRACE] 帧 格网
[11:32:34.690] [TRACE] 帧 开始
[11:32:34.690] [TRACE] 帧 格网趟
[11:32:34.691] [TRACE] 帧 场景趟
[11:32:34.691] [TRACE] 帧 高亮趟
[11:32:34.691] [TRACE] 帧 叠加趟
[11:32:34.691] [TRACE] 帧 光标趟
[11:32:34.691] [TRACE] 帧 结束
[11:32:34.696] [TRACE] 帧 公告板
[11:32:34.697] [TRACE] 帧 格网
[11:32:34.697] [TRACE] 帧 开始
[11:32:34.697] [TRACE] 帧 格网趟
[11:32:34.697] [TRACE] 帧 场景趟
[11:32:34.698] [TRACE] 帧 高亮趟
[11:32:34.698] [TRACE] 帧 叠加趟
[11:32:34.698] [TRACE] 帧 光标趟
[11:32:34.698] [TRACE] 帧 结束
[11:32:34.705] [TRACE] 帧 公告板
[11:32:34.705] [TRACE] 帧 格网
[11:32:34.705] [TRACE] 帧 开始
[11:32:34.705] [TRACE] 帧 格网趟
[11:32:34.706] [TRACE] 帧 场景趟
[11:32:34.706] [TRACE] 帧 高亮趟
[11:32:34.706] [TRACE] 帧 叠加趟
[11:32:34.706] [TRACE] 帧 光标趟
[11:32:34.706] [TRACE] 帧 结束
[11:32:34.710] [TRACE] 帧 公告板
[11:32:34.710] [TRACE] 帧 格网
[11:32:34.711] [TRACE] 帧 开始
[11:32:34.711] [TRACE] 帧 格网趟
[11:32:34.711] [TRACE] 帧 场景趟
[11:32:34.711] [TRACE] 帧 高亮趟
[11:32:34.711] [TRACE] 帧 叠加趟
[11:32:34.712] [TRACE] 帧 光标趟
[11:32:34.712] [TRACE] 帧 结束
[11:32:34.718] [TRACE] 帧 公告板
[11:32:34.719] [TRACE] 帧 格网
[11:32:34.719] [TRACE] 帧 开始
[11:32:34.719] [TRACE] 帧 格网趟
[11:32:34.719] [TRACE] 帧 场景趟
[11:32:34.719] [TRACE] 帧 高亮趟
[11:32:34.720] [TRACE] 帧 叠加趟
[11:32:34.720] [TRACE] 帧 光标趟
[11:32:34.720] [TRACE] 帧 结束
[11:32:34.724] [TRACE] 帧 公告板
[11:32:34.725] [TRACE] 帧 格网
[11:32:34.725] [TRACE] 帧 开始
[11:32:34.725] [TRACE] 帧 格网趟
[11:32:34.725] [TRACE] 帧 场景趟
[11:32:34.725] [TRACE] 帧 高亮趟
[11:32:34.726] [TRACE] 帧 叠加趟
[11:32:34.726] [TRACE] 帧 光标趟
[11:32:34.726] [TRACE] 帧 结束
[11:32:34.732] [TRACE] 帧 公告板
[11:32:34.733] [TRACE] 帧 格网
[11:32:34.733] [TRACE] 帧 开始
[11:32:34.733] [TRACE] 帧 格网趟
[11:32:34.733] [TRACE] 帧 场景趟
[11:32:34.733] [TRACE] 帧 高亮趟
[11:32:34.734] [TRACE] 帧 叠加趟
[11:32:34.734] [TRACE] 帧 光标趟
[11:32:34.734] [TRACE] 帧 结束
[11:32:34.738] [TRACE] 帧 公告板
[11:32:34.738] [TRACE] 帧 格网
[11:32:34.739] [TRACE] 帧 开始
[11:32:34.739] [TRACE] 帧 格网趟
[11:32:34.739] [TRACE] 帧 场景趟
[11:32:34.740] [TRACE] 帧 高亮趟
[11:32:34.740] [TRACE] 帧 叠加趟
[11:32:34.740] [TRACE] 帧 光标趟
[11:32:34.740] [TRACE] 帧 结束
[11:32:34.745] [TRACE] 帧 公告板
[11:32:34.746] [TRACE] 帧 格网
[11:32:34.746] [TRACE] 帧 开始
[11:32:34.746] [TRACE] 帧 格网趟
[11:32:34.746] [TRACE] 帧 场景趟
[11:32:34.746] [TRACE] 帧 高亮趟
[11:32:34.747] [TRACE] 帧 叠加趟
[11:32:34.747] [TRACE] 帧 光标趟
[11:32:34.747] [TRACE] 帧 结束
[11:32:34.753] [TRACE] 帧 公告板
[11:32:34.753] [TRACE] 帧 格网
[11:32:34.753] [TRACE] 帧 开始
[11:32:34.754] [TRACE] 帧 格网趟
[11:32:34.754] [TRACE] 帧 场景趟
[11:32:34.754] [TRACE] 帧 高亮趟
[11:32:34.754] [TRACE] 帧 叠加趟
[11:32:34.754] [TRACE] 帧 光标趟
[11:32:34.755] [TRACE] 帧 结束
[11:32:34.759] [TRACE] 帧 公告板
[11:32:34.759] [TRACE] 帧 格网
[11:32:34.759] [TRACE] 帧 开始
[11:32:34.759] [TRACE] 帧 格网趟
[11:32:34.760] [TRACE] 帧 场景趟
[11:32:34.760] [TRACE] 帧 高亮趟
[11:32:34.760] [TRACE] 帧 叠加趟
[11:32:34.760] [TRACE] 帧 光标趟
[11:32:34.761] [TRACE] 帧 结束
[11:32:34.767] [TRACE] 帧 公告板
[11:32:34.768] [TRACE] 帧 格网
[11:32:34.768] [TRACE] 帧 开始
[11:32:34.768] [TRACE] 帧 格网趟
[11:32:34.768] [TRACE] 帧 场景趟
[11:32:34.768] [TRACE] 帧 高亮趟
[11:32:34.769] [TRACE] 帧 叠加趟
[11:32:34.769] [TRACE] 帧 光标趟
[11:32:34.769] [TRACE] 帧 结束
[11:32:34.773] [TRACE] 帧 公告板
[11:32:34.773] [TRACE] 帧 格网
[11:32:34.774] [TRACE] 帧 开始
[11:32:34.774] [TRACE] 帧 格网趟
[11:32:34.774] [TRACE] 帧 场景趟
[11:32:34.774] [TRACE] 帧 高亮趟
[11:32:34.775] [TRACE] 帧 叠加趟
[11:32:34.775] [TRACE] 帧 光标趟
[11:32:34.775] [TRACE] 帧 结束
[11:32:34.780] [TRACE] 帧 公告板
[11:32:34.780] [TRACE] 帧 格网
[11:32:34.781] [TRACE] 帧 开始
[11:32:34.781] [TRACE] 帧 格网趟
[11:32:34.781] [TRACE] 帧 场景趟
[11:32:34.781] [TRACE] 帧 高亮趟
[11:32:34.781] [TRACE] 帧 叠加趟
[11:32:34.781] [TRACE] 帧 光标趟
[11:32:34.782] [TRACE] 帧 结束
[11:32:34.788] [TRACE] 帧 公告板
[11:32:34.788] [TRACE] 帧 格网
[11:32:34.789] [TRACE] 帧 开始
[11:32:34.789] [TRACE] 帧 格网趟
[11:32:34.789] [TRACE] 帧 场景趟
[11:32:34.789] [TRACE] 帧 高亮趟
[11:32:34.790] [TRACE] 帧 叠加趟
[11:32:34.790] [TRACE] 帧 光标趟
[11:32:34.790] [TRACE] 帧 结束
[11:32:34.794] [TRACE] 帧 公告板
[11:32:34.794] [TRACE] 帧 格网
[11:32:34.794] [TRACE] 帧 开始
[11:32:34.794] [TRACE] 帧 格网趟
[11:32:34.794] [TRACE] 帧 场景趟
[11:32:34.795] [TRACE] 帧 高亮趟
[11:32:34.795] [TRACE] 帧 叠加趟
[11:32:34.795] [TRACE] 帧 光标趟
[11:32:34.795] [TRACE] 帧 结束
[11:32:34.802] [TRACE] 帧 公告板
[11:32:34.802] [TRACE] 帧 格网
[11:32:34.802] [TRACE] 帧 开始
[11:32:34.802] [TRACE] 帧 格网趟
[11:32:34.802] [TRACE] 帧 场景趟
[11:32:34.803] [TRACE] 帧 高亮趟
[11:32:34.803] [TRACE] 帧 叠加趟
[11:32:34.803] [TRACE] 帧 光标趟
[11:32:34.803] [TRACE] 帧 结束
[11:32:34.808] [TRACE] 帧 公告板
[11:32:34.808] [TRACE] 帧 格网
[11:32:34.809] [TRACE] 帧 开始
[11:32:34.809] [TRACE] 帧 格网趟
[11:32:34.809] [TRACE] 帧 场景趟
[11:32:34.809] [TRACE] 帧 高亮趟
[11:32:34.809] [TRACE] 帧 叠加趟
[11:32:34.809] [TRACE] 帧 光标趟
[11:32:34.810] [TRACE] 帧 结束
[11:32:34.816] [TRACE] 帧 公告板
[11:32:34.816] [TRACE] 帧 格网
[11:32:34.817] [TRACE] 帧 开始
[11:32:34.817] [TRACE] 帧 格网趟
[11:32:34.817] [TRACE] 帧 场景趟
[11:32:34.817] [TRACE] 帧 高亮趟
[11:32:34.817] [TRACE] 帧 叠加趟
[11:32:34.817] [TRACE] 帧 光标趟
[11:32:34.817] [TRACE] 帧 结束
[11:32:34.822] [TRACE] 帧 公告板
[11:32:34.822] [TRACE] 帧 格网
[11:32:34.822] [TRACE] 帧 开始
[11:32:34.823] [TRACE] 帧 格网趟
[11:32:34.823] [TRACE] 帧 场景趟
[11:32:34.823] [TRACE] 帧 高亮趟
[11:32:34.823] [TRACE] 帧 叠加趟
[11:32:34.824] [TRACE] 帧 光标趟
[11:32:34.824] [TRACE] 帧 结束
[11:32:34.829] [TRACE] 帧 公告板
[11:32:34.829] [TRACE] 帧 格网
[11:32:34.829] [TRACE] 帧 开始
[11:32:34.830] [TRACE] 帧 格网趟
[11:32:34.830] [TRACE] 帧 场景趟
[11:32:34.830] [TRACE] 帧 高亮趟
[11:32:34.830] [TRACE] 帧 叠加趟
[11:32:34.830] [TRACE] 帧 光标趟
[11:32:34.831] [TRACE] 帧 结束
[11:32:34.836] [TRACE] 帧 公告板
[11:32:34.837] [TRACE] 帧 格网
[11:32:34.837] [TRACE] 帧 开始
[11:32:34.837] [TRACE] 帧 格网趟
[11:32:34.837] [TRACE] 帧 场景趟
[11:32:34.838] [TRACE] 帧 高亮趟
[11:32:34.838] [TRACE] 帧 叠加趟
[11:32:34.838] [TRACE] 帧 光标趟
[11:32:34.838] [TRACE] 帧 结束
[11:32:34.843] [TRACE] 帧 公告板
[11:32:34.843] [TRACE] 帧 格网
[11:32:34.843] [TRACE] 帧 开始
[11:32:34.843] [TRACE] 帧 格网趟
[11:32:34.844] [TRACE] 帧 场景趟
[11:32:34.844] [TRACE] 帧 高亮趟
[11:32:34.844] [TRACE] 帧 叠加趟
[11:32:34.844] [TRACE] 帧 光标趟
[11:32:34.845] [TRACE] 帧 结束
[11:32:34.851] [TRACE] 帧 公告板
[11:32:34.852] [TRACE] 帧 格网
[11:32:34.852] [TRACE] 帧 开始
[11:32:34.852] [TRACE] 帧 格网趟
[11:32:34.852] [TRACE] 帧 场景趟
[11:32:34.852] [TRACE] 帧 高亮趟
[11:32:34.852] [TRACE] 帧 叠加趟
[11:32:34.853] [TRACE] 帧 光标趟
[11:32:34.853] [TRACE] 帧 结束
[11:32:34.857] [TRACE] 帧 公告板
[11:32:34.857] [TRACE] 帧 格网
[11:32:34.857] [TRACE] 帧 开始
[11:32:34.857] [TRACE] 帧 格网趟
[11:32:34.857] [TRACE] 帧 场景趟
[11:32:34.857] [TRACE] 帧 高亮趟
[11:32:34.858] [TRACE] 帧 叠加趟
[11:32:34.858] [TRACE] 帧 光标趟
[11:32:34.858] [TRACE] 帧 结束
[11:32:34.864] [TRACE] 帧 公告板
[11:32:34.864] [TRACE] 帧 格网
[11:32:34.864] [TRACE] 帧 开始
[11:32:34.864] [TRACE] 帧 格网趟
[11:32:34.864] [TRACE] 帧 场景趟
[11:32:34.865] [TRACE] 帧 高亮趟
[11:32:34.865] [TRACE] 帧 叠加趟
[11:32:34.865] [TRACE] 帧 光标趟
[11:32:34.865] [TRACE] 帧 结束
[11:32:34.872] [TRACE] 帧 公告板
[11:32:34.872] [TRACE] 帧 格网
[11:32:34.872] [TRACE] 帧 开始
[11:32:34.872] [TRACE] 帧 格网趟
[11:32:34.872] [TRACE] 帧 场景趟
[11:32:34.873] [TRACE] 帧 高亮趟
[11:32:34.873] [TRACE] 帧 叠加趟
[11:32:34.873] [TRACE] 帧 光标趟
[11:32:34.873] [TRACE] 帧 结束
[11:32:34.877] [TRACE] 帧 公告板
[11:32:34.878] [TRACE] 帧 格网
[11:32:34.878] [TRACE] 帧 开始
[11:32:34.878] [TRACE] 帧 格网趟
[11:32:34.878] [TRACE] 帧 场景趟
[11:32:34.878] [TRACE] 帧 高亮趟
[11:32:34.879] [TRACE] 帧 叠加趟
[11:32:34.879] [TRACE] 帧 光标趟
[11:32:34.879] [TRACE] 帧 结束
[11:32:34.885] [TRACE] 帧 公告板
[11:32:34.886] [TRACE] 帧 格网
[11:32:34.886] [TRACE] 帧 开始
[11:32:34.886] [TRACE] 帧 格网趟
[11:32:34.886] [TRACE] 帧 场景趟
[11:32:34.887] [TRACE] 帧 高亮趟
[11:32:34.887] [TRACE] 帧 叠加趟
[11:32:34.887] [TRACE] 帧 光标趟
[11:32:34.887] [TRACE] 帧 结束
[11:32:34.892] [TRACE] 帧 公告板
[11:32:34.892] [TRACE] 帧 格网
[11:32:34.892] [TRACE] 帧 开始
[11:32:34.892] [TRACE] 帧 格网趟
[11:32:34.892] [TRACE] 帧 场景趟
[11:32:34.893] [TRACE] 帧 高亮趟
[11:32:34.893] [TRACE] 帧 叠加趟
[11:32:34.893] [TRACE] 帧 光标趟
[11:32:34.893] [TRACE] 帧 结束
[11:32:34.899] [TRACE] 帧 公告板
[11:32:34.900] [TRACE] 帧 格网
[11:32:34.900] [TRACE] 帧 开始
[11:32:34.900] [TRACE] 帧 格网趟
[11:32:34.900] [TRACE] 帧 场景趟
[11:32:34.900] [TRACE] 帧 高亮趟
[11:32:34.901] [TRACE] 帧 叠加趟
[11:32:34.901] [TRACE] 帧 光标趟
[11:32:34.901] [TRACE] 帧 结束
[11:32:34.906] [TRACE] 帧 公告板
[11:32:34.906] [TRACE] 帧 格网
[11:32:34.906] [TRACE] 帧 开始
[11:32:34.906] [TRACE] 帧 格网趟
[11:32:34.906] [TRACE] 帧 场景趟
[11:32:34.906] [TRACE] 帧 高亮趟
[11:32:34.907] [TRACE] 帧 叠加趟
[11:32:34.907] [TRACE] 帧 光标趟
[11:32:34.907] [TRACE] 帧 结束
[11:32:34.913] [TRACE] 帧 公告板
[11:32:34.913] [TRACE] 帧 格网
[11:32:34.913] [TRACE] 帧 开始
[11:32:34.913] [TRACE] 帧 格网趟
[11:32:34.914] [TRACE] 帧 场景趟
[11:32:34.914] [TRACE] 帧 高亮趟
[11:32:34.914] [TRACE] 帧 叠加趟
[11:32:34.914] [TRACE] 帧 光标趟
[11:32:34.914] [TRACE] 帧 结束
[11:32:34.920] [TRACE] 帧 公告板
[11:32:34.920] [TRACE] 帧 格网
[11:32:34.920] [TRACE] 帧 开始
[11:32:34.921] [TRACE] 帧 格网趟
[11:32:34.921] [TRACE] 帧 场景趟
[11:32:34.921] [TRACE] 帧 高亮趟
[11:32:34.921] [TRACE] 帧 叠加趟
[11:32:34.921] [TRACE] 帧 光标趟
[11:32:34.922] [TRACE] 帧 结束
[11:32:34.926] [TRACE] 帧 公告板
[11:32:34.926] [TRACE] 帧 格网
[11:32:34.927] [TRACE] 帧 开始
[11:32:34.927] [TRACE] 帧 格网趟
[11:32:34.927] [TRACE] 帧 场景趟
[11:32:34.928] [TRACE] 帧 高亮趟
[11:32:34.928] [TRACE] 帧 叠加趟
[11:32:34.928] [TRACE] 帧 光标趟
[11:32:34.928] [TRACE] 帧 结束
[11:32:34.935] [TRACE] 帧 公告板
[11:32:34.935] [TRACE] 帧 格网
[11:32:34.935] [TRACE] 帧 开始
[11:32:34.935] [TRACE] 帧 格网趟
[11:32:34.935] [TRACE] 帧 场景趟
[11:32:34.936] [TRACE] 帧 高亮趟
[11:32:34.936] [TRACE] 帧 叠加趟
[11:32:34.936] [TRACE] 帧 光标趟
[11:32:34.936] [TRACE] 帧 结束
[11:32:34.940] [TRACE] 帧 公告板
[11:32:34.940] [TRACE] 帧 格网
[11:32:34.941] [TRACE] 帧 开始
[11:32:34.941] [TRACE] 帧 格网趟
[11:32:34.941] [TRACE] 帧 场景趟
[11:32:34.942] [TRACE] 帧 高亮趟
[11:32:34.942] [TRACE] 帧 叠加趟
[11:32:34.942] [TRACE] 帧 光标趟
[11:32:34.942] [TRACE] 帧 结束
[11:32:34.948] [TRACE] 帧 公告板
[11:32:34.949] [TRACE] 帧 格网
[11:32:34.949] [TRACE] 帧 开始
[11:32:34.949] [TRACE] 帧 格网趟
[11:32:34.949] [TRACE] 帧 场景趟
[11:32:34.949] [TRACE] 帧 高亮趟
[11:32:34.949] [TRACE] 帧 叠加趟
[11:32:34.949] [TRACE] 帧 光标趟
[11:32:34.949] [TRACE] 帧 结束
[11:32:34.956] [TRACE] 帧 公告板
[11:32:34.956] [TRACE] 帧 格网
[11:32:34.956] [TRACE] 帧 开始
[11:32:34.956] [TRACE] 帧 格网趟
[11:32:34.957] [TRACE] 帧 场景趟
[11:32:34.957] [TRACE] 帧 高亮趟
[11:32:34.957] [TRACE] 帧 叠加趟
[11:32:34.957] [TRACE] 帧 光标趟
[11:32:34.958] [TRACE] 帧 结束
[11:32:34.962] [TRACE] 帧 公告板
[11:32:34.962] [TRACE] 帧 格网
[11:32:34.962] [TRACE] 帧 开始
[11:32:34.962] [TRACE] 帧 格网趟
[11:32:34.963] [TRACE] 帧 场景趟
[11:32:34.963] [TRACE] 帧 高亮趟
[11:32:34.963] [TRACE] 帧 叠加趟
[11:32:34.963] [TRACE] 帧 光标趟
[11:32:34.963] [TRACE] 帧 结束
[11:32:34.969] [TRACE] 帧 公告板
[11:32:34.969] [TRACE] 帧 格网
[11:32:34.969] [TRACE] 帧 开始
[11:32:34.970] [TRACE] 帧 格网趟
[11:32:34.970] [TRACE] 帧 场景趟
[11:32:34.970] [TRACE] 帧 高亮趟
[11:32:34.970] [TRACE] 帧 叠加趟
[11:32:34.970] [TRACE] 帧 光标趟
[11:32:34.970] [TRACE] 帧 结束
[11:32:34.975] [TRACE] 帧 公告板
[11:32:34.975] [TRACE] 帧 格网
[11:32:34.976] [TRACE] 帧 开始
[11:32:34.976] [TRACE] 帧 格网趟
[11:32:34.976] [TRACE] 帧 场景趟
[11:32:34.976] [TRACE] 帧 高亮趟
[11:32:34.976] [TRACE] 帧 叠加趟
[11:32:34.977] [TRACE] 帧 光标趟
[11:32:34.977] [TRACE] 帧 结束
[11:32:34.983] [TRACE] 帧 公告板
[11:32:34.983] [TRACE] 帧 格网
[11:32:34.983] [TRACE] 帧 开始
[11:32:34.983] [TRACE] 帧 格网趟
[11:32:34.984] [TRACE] 帧 场景趟
[11:32:34.984] [TRACE] 帧 高亮趟
[11:32:34.984] [TRACE] 帧 叠加趟
[11:32:34.984] [TRACE] 帧 光标趟
[11:32:34.985] [TRACE] 帧 结束
[11:32:34.989] [TRACE] 帧 公告板
[11:32:34.989] [TRACE] 帧 格网
[11:32:34.989] [TRACE] 帧 开始
[11:32:34.990] [TRACE] 帧 格网趟
[11:32:34.990] [TRACE] 帧 场景趟
[11:32:34.990] [TRACE] 帧 高亮趟
[11:32:34.990] [TRACE] 帧 叠加趟
[11:32:34.991] [TRACE] 帧 光标趟
[11:32:34.991] [TRACE] 帧 结束
[11:32:34.996] [TRACE] 帧 公告板
[11:32:34.996] [TRACE] 帧 格网
[11:32:34.996] [TRACE] 帧 开始
[11:32:34.996] [TRACE] 帧 格网趟
[11:32:34.997] [TRACE] 帧 场景趟
[11:32:34.997] [TRACE] 帧 高亮趟
[11:32:34.997] [TRACE] 帧 叠加趟
[11:32:34.997] [TRACE] 帧 光标趟
[11:32:34.997] [TRACE] 帧 结束
[11:32:35.003] [TRACE] 帧 公告板
[11:32:35.003] [TRACE] 帧 格网
[11:32:35.004] [TRACE] 帧 开始
[11:32:35.004] [TRACE] 帧 格网趟
[11:32:35.004] [TRACE] 帧 场景趟
[11:32:35.004] [TRACE] 帧 高亮趟
[11:32:35.004] [TRACE] 帧 叠加趟
[11:32:35.005] [TRACE] 帧 光标趟
[11:32:35.005] [TRACE] 帧 结束
[11:32:35.010] [TRACE] 帧 公告板
[11:32:35.010] [TRACE] 帧 格网
[11:32:35.010] [TRACE] 帧 开始
[11:32:35.010] [TRACE] 帧 格网趟
[11:32:35.011] [TRACE] 帧 场景趟
[11:32:35.011] [TRACE] 帧 高亮趟
[11:32:35.011] [TRACE] 帧 叠加趟
[11:32:35.012] [TRACE] 帧 光标趟
[11:32:35.012] [TRACE] 帧 结束
[11:32:35.017] [TRACE] 帧 公告板
[11:32:35.018] [TRACE] 帧 格网
[11:32:35.018] [TRACE] 帧 开始
[11:32:35.018] [TRACE] 帧 格网趟
[11:32:35.018] [TRACE] 帧 场景趟
[11:32:35.019] [TRACE] 帧 高亮趟
[11:32:35.019] [TRACE] 帧 叠加趟
[11:32:35.019] [TRACE] 帧 光标趟
[11:32:35.019] [TRACE] 帧 结束
[11:32:35.024] [TRACE] 帧 公告板
[11:32:35.024] [TRACE] 帧 格网
[11:32:35.024] [TRACE] 帧 开始
[11:32:35.024] [TRACE] 帧 格网趟
[11:32:35.025] [TRACE] 帧 场景趟
[11:32:35.025] [TRACE] 帧 高亮趟
[11:32:35.025] [TRACE] 帧 叠加趟
[11:32:35.026] [TRACE] 帧 光标趟
[11:32:35.026] [TRACE] 帧 结束
[11:32:35.030] [TRACE] 帧 公告板
[11:32:35.031] [TRACE] 帧 格网
[11:32:35.031] [TRACE] 帧 开始
[11:32:35.031] [TRACE] 帧 格网趟
[11:32:35.032] [TRACE] 帧 场景趟
[11:32:35.032] [TRACE] 帧 高亮趟
[11:32:35.032] [TRACE] 帧 叠加趟
[11:32:35.032] [TRACE] 帧 光标趟
[11:32:35.032] [TRACE] 帧 结束
[11:32:35.039] [TRACE] 帧 公告板
[11:32:35.039] [TRACE] 帧 格网
[11:32:35.039] [TRACE] 帧 开始
[11:32:35.039] [TRACE] 帧 格网趟
[11:32:35.039] [TRACE] 帧 场景趟
[11:32:35.040] [TRACE] 帧 高亮趟
[11:32:35.040] [TRACE] 帧 叠加趟
[11:32:35.040] [TRACE] 帧 光标趟
[11:32:35.040] [TRACE] 帧 结束
[11:32:35.044] [TRACE] 帧 公告板
[11:32:35.044] [TRACE] 帧 格网
[11:32:35.045] [TRACE] 帧 开始
[11:32:35.045] [TRACE] 帧 格网趟
[11:32:35.045] [TRACE] 帧 场景趟
[11:32:35.046] [TRACE] 帧 高亮趟
[11:32:35.046] [TRACE] 帧 叠加趟
[11:32:35.046] [TRACE] 帧 光标趟
[11:32:35.046] [TRACE] 帧 结束
[11:32:35.052] [TRACE] 帧 公告板
[11:32:35.052] [TRACE] 帧 格网
[11:32:35.052] [TRACE] 帧 开始
[11:32:35.053] [TRACE] 帧 格网趟
[11:32:35.053] [TRACE] 帧 场景趟
[11:32:35.053] [TRACE] 帧 高亮趟
[11:32:35.053] [TRACE] 帧 叠加趟
[11:32:35.054] [TRACE] 帧 光标趟
[11:32:35.054] [TRACE] 帧 结束
[11:32:35.059] [TRACE] 帧 公告板
[11:32:35.059] [TRACE] 帧 格网
[11:32:35.059] [TRACE] 帧 开始
[11:32:35.059] [TRACE] 帧 格网趟
[11:32:35.059] [TRACE] 帧 场景趟
[11:32:35.060] [TRACE] 帧 高亮趟
[11:32:35.060] [TRACE] 帧 叠加趟
[11:32:35.060] [TRACE] 帧 光标趟
[11:32:35.060] [TRACE] 帧 结束
[11:32:35.066] [TRACE] 帧 公告板
[11:32:35.067] [TRACE] 帧 格网
[11:32:35.067] [TRACE] 帧 开始
[11:32:35.067] [TRACE] 帧 格网趟
[11:32:35.068] [TRACE] 帧 场景趟
[11:32:35.068] [TRACE] 帧 高亮趟
[11:32:35.068] [TRACE] 帧 叠加趟
[11:32:35.068] [TRACE] 帧 光标趟
[11:32:35.069] [TRACE] 帧 结束
[11:32:35.072] [TRACE] 帧 公告板
[11:32:35.072] [TRACE] 帧 格网
[11:32:35.072] [TRACE] 帧 开始
[11:32:35.073] [TRACE] 帧 格网趟
[11:32:35.073] [TRACE] 帧 场景趟
[11:32:35.073] [TRACE] 帧 高亮趟
[11:32:35.073] [TRACE] 帧 叠加趟
[11:32:35.073] [TRACE] 帧 光标趟
[11:32:35.074] [TRACE] 帧 结束
[11:32:35.079] [TRACE] 帧 公告板
[11:32:35.079] [TRACE] 帧 格网
[11:32:35.080] [TRACE] 帧 开始
[11:32:35.080] [TRACE] 帧 格网趟
[11:32:35.080] [TRACE] 帧 场景趟
[11:32:35.080] [TRACE] 帧 高亮趟
[11:32:35.080] [TRACE] 帧 叠加趟
[11:32:35.081] [TRACE] 帧 光标趟
[11:32:35.081] [TRACE] 帧 结束
[11:32:35.087] [TRACE] 帧 公告板
[11:32:35.087] [TRACE] 帧 格网
[11:32:35.087] [TRACE] 帧 开始
[11:32:35.087] [TRACE] 帧 格网趟
[11:32:35.087] [TRACE] 帧 场景趟
[11:32:35.088] [TRACE] 帧 高亮趟
[11:32:35.088] [TRACE] 帧 叠加趟
[11:32:35.088] [TRACE] 帧 光标趟
[11:32:35.088] [TRACE] 帧 结束
[11:32:35.093] [TRACE] 帧 公告板
[11:32:35.093] [TRACE] 帧 格网
[11:32:35.093] [TRACE] 帧 开始
[11:32:35.093] [TRACE] 帧 格网趟
[11:32:35.093] [TRACE] 帧 场景趟
[11:32:35.093] [TRACE] 帧 高亮趟
[11:32:35.093] [TRACE] 帧 叠加趟
[11:32:35.093] [TRACE] 帧 光标趟
[11:32:35.093] [TRACE] 帧 结束
[11:32:35.101] [TRACE] 帧 公告板
[11:32:35.101] [TRACE] 帧 格网
[11:32:35.101] [TRACE] 帧 开始
[11:32:35.102] [TRACE] 帧 格网趟
[11:32:35.102] [TRACE] 帧 场景趟
[11:32:35.102] [TRACE] 帧 高亮趟
[11:32:35.102] [TRACE] 帧 叠加趟
[11:32:35.103] [TRACE] 帧 光标趟
[11:32:35.103] [TRACE] 帧 结束
[11:32:35.107] [TRACE] 帧 公告板
[11:32:35.107] [TRACE] 帧 格网
[11:32:35.107] [TRACE] 帧 开始
[11:32:35.108] [TRACE] 帧 格网趟
[11:32:35.108] [TRACE] 帧 场景趟
[11:32:35.108] [TRACE] 帧 高亮趟
[11:32:35.108] [TRACE] 帧 叠加趟
[11:32:35.109] [TRACE] 帧 光标趟
[11:32:35.109] [TRACE] 帧 结束
[11:32:35.114] [TRACE] 帧 公告板
[11:32:35.114] [TRACE] 帧 格网
[11:32:35.114] [TRACE] 帧 开始
[11:32:35.115] [TRACE] 帧 格网趟
[11:32:35.115] [TRACE] 帧 场景趟
[11:32:35.115] [TRACE] 帧 高亮趟
[11:32:35.115] [TRACE] 帧 叠加趟
[11:32:35.116] [TRACE] 帧 光标趟
[11:32:35.116] [TRACE] 帧 结束
[11:32:35.121] [TRACE] 帧 公告板
[11:32:35.122] [TRACE] 帧 格网
[11:32:35.122] [TRACE] 帧 开始
[11:32:35.122] [TRACE] 帧 格网趟
[11:32:35.122] [TRACE] 帧 场景趟
[11:32:35.123] [TRACE] 帧 高亮趟
[11:32:35.123] [TRACE] 帧 叠加趟
[11:32:35.123] [TRACE] 帧 光标趟
[11:32:35.123] [TRACE] 帧 结束
[11:32:35.128] [TRACE] 帧 公告板
[11:32:35.129] [TRACE] 帧 格网
[11:32:35.129] [TRACE] 帧 开始
[11:32:35.129] [TRACE] 帧 格网趟
[11:32:35.129] [TRACE] 帧 场景趟
[11:32:35.130] [TRACE] 帧 高亮趟
[11:32:35.130] [TRACE] 帧 叠加趟
[11:32:35.130] [TRACE] 帧 光标趟
[11:32:35.130] [TRACE] 帧 结束
[11:32:35.135] [TRACE] 帧 公告板
[11:32:35.135] [TRACE] 帧 格网
[11:32:35.136] [TRACE] 帧 开始
[11:32:35.136] [TRACE] 帧 格网趟
[11:32:35.136] [TRACE] 帧 场景趟
[11:32:35.137] [TRACE] 帧 高亮趟
[11:32:35.137] [TRACE] 帧 叠加趟
[11:32:35.137] [TRACE] 帧 光标趟
[11:32:35.137] [TRACE] 帧 结束
[11:32:35.142] [TRACE] 帧 公告板
[11:32:35.142] [TRACE] 帧 格网
[11:32:35.142] [TRACE] 帧 开始
[11:32:35.143] [TRACE] 帧 格网趟
[11:32:35.143] [TRACE] 帧 场景趟
[11:32:35.143] [TRACE] 帧 高亮趟
[11:32:35.143] [TRACE] 帧 叠加趟
[11:32:35.144] [TRACE] 帧 光标趟
[11:32:35.144] [TRACE] 帧 结束
[11:32:35.149] [TRACE] 帧 公告板
[11:32:35.150] [TRACE] 帧 格网
[11:32:35.150] [TRACE] 帧 开始
[11:32:35.150] [TRACE] 帧 格网趟
[11:32:35.150] [TRACE] 帧 场景趟
[11:32:35.150] [TRACE] 帧 高亮趟
[11:32:35.150] [TRACE] 帧 叠加趟
[11:32:35.151] [TRACE] 帧 光标趟
[11:32:35.151] [TRACE] 帧 结束
[11:32:35.155] [TRACE] 帧 公告板
[11:32:35.155] [TRACE] 帧 格网
[11:32:35.156] [TRACE] 帧 开始
[11:32:35.156] [TRACE] 帧 格网趟
[11:32:35.156] [TRACE] 帧 场景趟
[11:32:35.156] [TRACE] 帧 高亮趟
[11:32:35.156] [TRACE] 帧 叠加趟
[11:32:35.157] [TRACE] 帧 光标趟
[11:32:35.157] [TRACE] 帧 结束
[11:32:35.163] [TRACE] 帧 公告板
[11:32:35.163] [TRACE] 帧 格网
[11:32:35.163] [TRACE] 帧 开始
[11:32:35.163] [TRACE] 帧 格网趟
[11:32:35.164] [TRACE] 帧 场景趟
[11:32:35.164] [TRACE] 帧 高亮趟
[11:32:35.164] [TRACE] 帧 叠加趟
[11:32:35.164] [TRACE] 帧 光标趟
[11:32:35.165] [TRACE] 帧 结束
[11:32:35.170] [TRACE] 帧 公告板
[11:32:35.171] [TRACE] 帧 格网
[11:32:35.171] [TRACE] 帧 开始
[11:32:35.171] [TRACE] 帧 格网趟
[11:32:35.171] [TRACE] 帧 场景趟
[11:32:35.172] [TRACE] 帧 高亮趟
[11:32:35.172] [TRACE] 帧 叠加趟
[11:32:35.172] [TRACE] 帧 光标趟
[11:32:35.172] [TRACE] 帧 结束
[11:32:35.176] [TRACE] 帧 公告板
[11:32:35.177] [TRACE] 帧 格网
[11:32:35.177] [TRACE] 帧 开始
[11:32:35.177] [TRACE] 帧 格网趟
[11:32:35.177] [TRACE] 帧 场景趟
[11:32:35.178] [TRACE] 帧 高亮趟
[11:32:35.178] [TRACE] 帧 叠加趟
[11:32:35.178] [TRACE] 帧 光标趟
[11:32:35.178] [TRACE] 帧 结束
[11:32:35.184] [TRACE] 帧 公告板
[11:32:35.185] [TRACE] 帧 格网
[11:32:35.185] [TRACE] 帧 开始
[11:32:35.185] [TRACE] 帧 格网趟
[11:32:35.185] [TRACE] 帧 场景趟
[11:32:35.186] [TRACE] 帧 高亮趟
[11:32:35.186] [TRACE] 帧 叠加趟
[11:32:35.186] [TRACE] 帧 光标趟
[11:32:35.186] [TRACE] 帧 结束
[11:32:35.191] [TRACE] 帧 公告板
[11:32:35.191] [TRACE] 帧 格网
[11:32:35.191] [TRACE] 帧 开始
[11:32:35.191] [TRACE] 帧 格网趟
[11:32:35.191] [TRACE] 帧 场景趟
[11:32:35.192] [TRACE] 帧 高亮趟
[11:32:35.192] [TRACE] 帧 叠加趟
[11:32:35.192] [TRACE] 帧 光标趟
[11:32:35.192] [TRACE] 帧 结束
[11:32:35.197] [TRACE] 帧 公告板
[11:32:35.198] [TRACE] 帧 格网
[11:32:35.198] [TRACE] 帧 开始
[11:32:35.198] [TRACE] 帧 格网趟
[11:32:35.198] [TRACE] 帧 场景趟
[11:32:35.198] [TRACE] 帧 高亮趟
[11:32:35.199] [TRACE] 帧 叠加趟
[11:32:35.199] [TRACE] 帧 光标趟
[11:32:35.199] [TRACE] 帧 结束
[11:32:35.205] [TRACE] 帧 公告板
[11:32:35.205] [TRACE] 帧 格网
[11:32:35.206] [TRACE] 帧 开始
[11:32:35.206] [TRACE] 帧 格网趟
[11:32:35.206] [TRACE] 帧 场景趟
[11:32:35.206] [TRACE] 帧 高亮趟
[11:32:35.207] [TRACE] 帧 叠加趟
[11:32:35.207] [TRACE] 帧 光标趟
[11:32:35.207] [TRACE] 帧 结束
[11:32:35.211] [TRACE] 帧 公告板
[11:32:35.211] [TRACE] 帧 格网
[11:32:35.211] [TRACE] 帧 开始
[11:32:35.211] [TRACE] 帧 格网趟
[11:32:35.212] [TRACE] 帧 场景趟
[11:32:35.212] [TRACE] 帧 高亮趟
[11:32:35.212] [TRACE] 帧 叠加趟
[11:32:35.212] [TRACE] 帧 光标趟
[11:32:35.213] [TRACE] 帧 结束
[11:32:35.219] [TRACE] 帧 公告板
[11:32:35.219] [TRACE] 帧 格网
[11:32:35.219] [TRACE] 帧 开始
[11:32:35.219] [TRACE] 帧 格网趟
[11:32:35.220] [TRACE] 帧 场景趟
[11:32:35.220] [TRACE] 帧 高亮趟
[11:32:35.220] [TRACE] 帧 叠加趟
[11:32:35.220] [TRACE] 帧 光标趟
[11:32:35.220] [TRACE] 帧 结束
[11:32:35.225] [TRACE] 帧 公告板
[11:32:35.225] [TRACE] 帧 格网
[11:32:35.226] [TRACE] 帧 开始
[11:32:35.226] [TRACE] 帧 格网趟
[11:32:35.226] [TRACE] 帧 场景趟
[11:32:35.226] [TRACE] 帧 高亮趟
[11:32:35.226] [TRACE] 帧 叠加趟
[11:32:35.226] [TRACE] 帧 光标趟
[11:32:35.227] [TRACE] 帧 结束
[11:32:35.233] [TRACE] 帧 公告板
[11:32:35.233] [TRACE] 帧 格网
[11:32:35.233] [TRACE] 帧 开始
[11:32:35.234] [TRACE] 帧 格网趟
[11:32:35.234] [TRACE] 帧 场景趟
[11:32:35.234] [TRACE] 帧 高亮趟
[11:32:35.235] [TRACE] 帧 叠加趟
[11:32:35.235] [TRACE] 帧 光标趟
[11:32:35.235] [TRACE] 帧 结束
[11:32:35.239] [TRACE] 帧 公告板
[11:32:35.239] [TRACE] 帧 格网
[11:32:35.239] [TRACE] 帧 开始
[11:32:35.239] [TRACE] 帧 格网趟
[11:32:35.240] [TRACE] 帧 场景趟
[11:32:35.240] [TRACE] 帧 高亮趟
[11:32:35.240] [TRACE] 帧 叠加趟
[11:32:35.240] [TRACE] 帧 光标趟
[11:32:35.240] [TRACE] 帧 结束
[11:32:35.246] [TRACE] 帧 公告板
[11:32:35.246] [TRACE] 帧 格网
[11:32:35.246] [TRACE] 帧 开始
[11:32:35.247] [TRACE] 帧 格网趟
[11:32:35.247] [TRACE] 帧 场景趟
[11:32:35.247] [TRACE] 帧 高亮趟
[11:32:35.248] [TRACE] 帧 叠加趟
[11:32:35.248] [TRACE] 帧 光标趟
[11:32:35.248] [TRACE] 帧 结束
[11:32:35.254] [TRACE] 帧 公告板
[11:32:35.254] [TRACE] 帧 格网
[11:32:35.254] [TRACE] 帧 开始
[11:32:35.254] [TRACE] 帧 格网趟
[11:32:35.254] [TRACE] 帧 场景趟
[11:32:35.255] [TRACE] 帧 高亮趟
[11:32:35.255] [TRACE] 帧 叠加趟
[11:32:35.255] [TRACE] 帧 光标趟
[11:32:35.255] [TRACE] 帧 结束
[11:32:35.260] [TRACE] 帧 公告板
[11:32:35.260] [TRACE] 帧 格网
[11:32:35.260] [TRACE] 帧 开始
[11:32:35.260] [TRACE] 帧 格网趟
[11:32:35.260] [TRACE] 帧 场景趟
[11:32:35.261] [TRACE] 帧 高亮趟
[11:32:35.261] [TRACE] 帧 叠加趟
[11:32:35.261] [TRACE] 帧 光标趟
[11:32:35.261] [TRACE] 帧 结束
[11:32:35.268] [TRACE] 帧 公告板
[11:32:35.268] [TRACE] 帧 格网
[11:32:35.268] [TRACE] 帧 开始
[11:32:35.269] [TRACE] 帧 格网趟
[11:32:35.269] [TRACE] 帧 场景趟
[11:32:35.269] [TRACE] 帧 高亮趟
[11:32:35.269] [TRACE] 帧 叠加趟
[11:32:35.269] [TRACE] 帧 光标趟
[11:32:35.269] [TRACE] 帧 结束
[11:32:35.274] [TRACE] 帧 公告板
[11:32:35.274] [TRACE] 帧 格网
[11:32:35.274] [TRACE] 帧 开始
[11:32:35.274] [TRACE] 帧 格网趟
[11:32:35.274] [TRACE] 帧 场景趟
[11:32:35.275] [TRACE] 帧 高亮趟
[11:32:35.275] [TRACE] 帧 叠加趟
[11:32:35.275] [TRACE] 帧 光标趟
[11:32:35.275] [TRACE] 帧 结束
[11:32:35.280] [TRACE] 帧 公告板
[11:32:35.281] [TRACE] 帧 格网
[11:32:35.281] [TRACE] 帧 开始
[11:32:35.281] [TRACE] 帧 格网趟
[11:32:35.281] [TRACE] 帧 场景趟
[11:32:35.282] [TRACE] 帧 高亮趟
[11:32:35.282] [TRACE] 帧 叠加趟
[11:32:35.282] [TRACE] 帧 光标趟
[11:32:35.282] [TRACE] 帧 结束
[11:32:35.288] [TRACE] 帧 公告板
[11:32:35.289] [TRACE] 帧 格网
[11:32:35.289] [TRACE] 帧 开始
[11:32:35.289] [TRACE] 帧 格网趟
[11:32:35.289] [TRACE] 帧 场景趟
[11:32:35.289] [TRACE] 帧 高亮趟
[11:32:35.290] [TRACE] 帧 叠加趟
[11:32:35.290] [TRACE] 帧 光标趟
[11:32:35.290] [TRACE] 帧 结束
[11:32:35.294] [TRACE] 帧 公告板
[11:32:35.294] [TRACE] 帧 格网
[11:32:35.295] [TRACE] 帧 开始
[11:32:35.295] [TRACE] 帧 格网趟
[11:32:35.295] [TRACE] 帧 场景趟
[11:32:35.295] [TRACE] 帧 高亮趟
[11:32:35.296] [TRACE] 帧 叠加趟
[11:32:35.296] [TRACE] 帧 光标趟
[11:32:35.296] [TRACE] 帧 结束
[11:32:35.303] [TRACE] 帧 公告板
[11:32:35.303] [TRACE] 帧 格网
[11:32:35.303] [TRACE] 帧 开始
[11:32:35.303] [TRACE] 帧 格网趟
[11:32:35.304] [TRACE] 帧 场景趟
[11:32:35.304] [TRACE] 帧 高亮趟
[11:32:35.304] [TRACE] 帧 叠加趟
[11:32:35.304] [TRACE] 帧 光标趟
[11:32:35.304] [TRACE] 帧 结束
[11:32:35.308] [TRACE] 帧 公告板
[11:32:35.309] [TRACE] 帧 格网
[11:32:35.309] [TRACE] 帧 开始
[11:32:35.309] [TRACE] 帧 格网趟
[11:32:35.309] [TRACE] 帧 场景趟
[11:32:35.310] [TRACE] 帧 高亮趟
[11:32:35.310] [TRACE] 帧 叠加趟
[11:32:35.310] [TRACE] 帧 光标趟
[11:32:35.310] [TRACE] 帧 结束
[11:32:35.316] [TRACE] 帧 公告板
[11:32:35.317] [TRACE] 帧 格网
[11:32:35.317] [TRACE] 帧 开始
[11:32:35.317] [TRACE] 帧 格网趟
[11:32:35.317] [TRACE] 帧 场景趟
[11:32:35.317] [TRACE] 帧 高亮趟
[11:32:35.318] [TRACE] 帧 叠加趟
[11:32:35.318] [TRACE] 帧 光标趟
[11:32:35.318] [TRACE] 帧 结束
[11:32:35.322] [TRACE] 帧 公告板
[11:32:35.322] [TRACE] 帧 格网
[11:32:35.323] [TRACE] 帧 开始
[11:32:35.323] [TRACE] 帧 格网趟
[11:32:35.323] [TRACE] 帧 场景趟
[11:32:35.323] [TRACE] 帧 高亮趟
[11:32:35.324] [TRACE] 帧 叠加趟
[11:32:35.324] [TRACE] 帧 光标趟
[11:32:35.324] [TRACE] 帧 结束
[11:32:35.329] [TRACE] 帧 公告板
[11:32:35.330] [TRACE] 帧 格网
[11:32:35.330] [TRACE] 帧 开始
[11:32:35.330] [TRACE] 帧 格网趟
[11:32:35.331] [TRACE] 帧 场景趟
[11:32:35.331] [TRACE] 帧 高亮趟
[11:32:35.331] [TRACE] 帧 叠加趟
[11:32:35.331] [TRACE] 帧 光标趟
[11:32:35.331] [TRACE] 帧 结束
[11:32:35.337] [TRACE] 帧 公告板
[11:32:35.337] [TRACE] 帧 格网
[11:32:35.337] [TRACE] 帧 开始
[11:32:35.338] [TRACE] 帧 格网趟
[11:32:35.338] [TRACE] 帧 场景趟
[11:32:35.338] [TRACE] 帧 高亮趟
[11:32:35.338] [TRACE] 帧 叠加趟
[11:32:35.339] [TRACE] 帧 光标趟
[11:32:35.339] [TRACE] 帧 结束
[11:32:35.343] [TRACE] 帧 公告板
[11:32:35.343] [TRACE] 帧 格网
[11:32:35.343] [TRACE] 帧 开始
[11:32:35.344] [TRACE] 帧 格网趟
[11:32:35.344] [TRACE] 帧 场景趟
[11:32:35.344] [TRACE] 帧 高亮趟
[11:32:35.344] [TRACE] 帧 叠加趟
[11:32:35.345] [TRACE] 帧 光标趟
[11:32:35.345] [TRACE] 帧 结束
[11:32:35.351] [TRACE] 帧 公告板
[11:32:35.352] [TRACE] 帧 格网
[11:32:35.352] [TRACE] 帧 开始
[11:32:35.352] [TRACE] 帧 格网趟
[11:32:35.352] [TRACE] 帧 场景趟
[11:32:35.353] [TRACE] 帧 高亮趟
[11:32:35.353] [TRACE] 帧 叠加趟
[11:32:35.353] [TRACE] 帧 光标趟
[11:32:35.353] [TRACE] 帧 结束
[11:32:35.357] [TRACE] 帧 公告板
[11:32:35.357] [TRACE] 帧 格网
[11:32:35.358] [TRACE] 帧 开始
[11:32:35.358] [TRACE] 帧 格网趟
[11:32:35.358] [TRACE] 帧 场景趟
[11:32:35.358] [TRACE] 帧 高亮趟
[11:32:35.358] [TRACE] 帧 叠加趟
[11:32:35.358] [TRACE] 帧 光标趟
[11:32:35.358] [TRACE] 帧 结束
[11:32:35.364] [TRACE] 帧 公告板
[11:32:35.364] [TRACE] 帧 格网
[11:32:35.364] [TRACE] 帧 开始
[11:32:35.364] [TRACE] 帧 格网趟
[11:32:35.365] [TRACE] 帧 场景趟
[11:32:35.365] [TRACE] 帧 高亮趟
[11:32:35.365] [TRACE] 帧 叠加趟
[11:32:35.365] [TRACE] 帧 光标趟
[11:32:35.365] [TRACE] 帧 结束
[11:32:35.372] [TRACE] 帧 公告板
[11:32:35.372] [TRACE] 帧 格网
[11:32:35.372] [TRACE] 帧 开始
[11:32:35.373] [TRACE] 帧 格网趟
[11:32:35.373] [TRACE] 帧 场景趟
[11:32:35.373] [TRACE] 帧 高亮趟
[11:32:35.373] [TRACE] 帧 叠加趟
[11:32:35.373] [TRACE] 帧 光标趟
[11:32:35.374] [TRACE] 帧 结束
[11:32:35.378] [TRACE] 帧 公告板
[11:32:35.378] [TRACE] 帧 格网
[11:32:35.378] [TRACE] 帧 开始
[11:32:35.378] [TRACE] 帧 格网趟
[11:32:35.379] [TRACE] 帧 场景趟
[11:32:35.379] [TRACE] 帧 高亮趟
[11:32:35.379] [TRACE] 帧 叠加趟
[11:32:35.379] [TRACE] 帧 光标趟
[11:32:35.379] [TRACE] 帧 结束
[11:32:35.385] [TRACE] 帧 公告板
[11:32:35.386] [TRACE] 帧 格网
[11:32:35.386] [TRACE] 帧 开始
[11:32:35.386] [TRACE] 帧 格网趟
[11:32:35.386] [TRACE] 帧 场景趟
[11:32:35.387] [TRACE] 帧 高亮趟
[11:32:35.387] [TRACE] 帧 叠加趟
[11:32:35.387] [TRACE] 帧 光标趟
[11:32:35.387] [TRACE] 帧 结束
[11:32:35.392] [TRACE] 帧 公告板
[11:32:35.392] [TRACE] 帧 格网
[11:32:35.393] [TRACE] 帧 开始
[11:32:35.393] [TRACE] 帧 格网趟
[11:32:35.393] [TRACE] 帧 场景趟
[11:32:35.393] [TRACE] 帧 高亮趟
[11:32:35.394] [TRACE] 帧 叠加趟
[11:32:35.394] [TRACE] 帧 光标趟
[11:32:35.394] [TRACE] 帧 结束
[11:32:35.400] [TRACE] 帧 公告板
[11:32:35.400] [TRACE] 帧 格网
[11:32:35.400] [TRACE] 帧 开始
[11:32:35.400] [TRACE] 帧 格网趟
[11:32:35.400] [TRACE] 帧 场景趟
[11:32:35.401] [TRACE] 帧 高亮趟
[11:32:35.401] [TRACE] 帧 叠加趟
[11:32:35.401] [TRACE] 帧 光标趟
[11:32:35.401] [TRACE] 帧 结束
[11:32:35.405] [TRACE] 帧 公告板
[11:32:35.406] [TRACE] 帧 格网
[11:32:35.406] [TRACE] 帧 开始
[11:32:35.406] [TRACE] 帧 格网趟
[11:32:35.406] [TRACE] 帧 场景趟
[11:32:35.406] [TRACE] 帧 高亮趟
[11:32:35.407] [TRACE] 帧 叠加趟
[11:32:35.407] [TRACE] 帧 光标趟
[11:32:35.407] [TRACE] 帧 结束
[11:32:35.413] [TRACE] 帧 公告板
[11:32:35.413] [TRACE] 帧 格网
[11:32:35.413] [TRACE] 帧 开始
[11:32:35.413] [TRACE] 帧 格网趟
[11:32:35.414] [TRACE] 帧 场景趟
[11:32:35.414] [TRACE] 帧 高亮趟
[11:32:35.414] [TRACE] 帧 叠加趟
[11:32:35.414] [TRACE] 帧 光标趟
[11:32:35.414] [TRACE] 帧 结束
[11:32:35.420] [TRACE] 帧 公告板
[11:32:35.420] [TRACE] 帧 格网
[11:32:35.421] [TRACE] 帧 开始
[11:32:35.421] [TRACE] 帧 格网趟
[11:32:35.421] [TRACE] 帧 场景趟
[11:32:35.421] [TRACE] 帧 高亮趟
[11:32:35.422] [TRACE] 帧 叠加趟
[11:32:35.422] [TRACE] 帧 光标趟
[11:32:35.422] [TRACE] 帧 结束
[11:32:35.427] [TRACE] 帧 公告板
[11:32:35.427] [TRACE] 帧 格网
[11:32:35.427] [TRACE] 帧 开始
[11:32:35.427] [TRACE] 帧 格网趟
[11:32:35.428] [TRACE] 帧 场景趟
[11:32:35.428] [TRACE] 帧 高亮趟
[11:32:35.428] [TRACE] 帧 叠加趟
[11:32:35.428] [TRACE] 帧 光标趟
[11:32:35.428] [TRACE] 帧 结束
[11:32:35.435] [TRACE] 帧 公告板
[11:32:35.435] [TRACE] 帧 格网
[11:32:35.435] [TRACE] 帧 开始
[11:32:35.435] [TRACE] 帧 格网趟
[11:32:35.436] [TRACE] 帧 场景趟
[11:32:35.436] [TRACE] 帧 高亮趟
[11:32:35.436] [TRACE] 帧 叠加趟
[11:32:35.436] [TRACE] 帧 光标趟
[11:32:35.436] [TRACE] 帧 结束
[11:32:35.440] [TRACE] 帧 公告板
[11:32:35.441] [TRACE] 帧 格网
[11:32:35.441] [TRACE] 帧 开始
[11:32:35.441] [TRACE] 帧 格网趟
[11:32:35.441] [TRACE] 帧 场景趟
[11:32:35.441] [TRACE] 帧 高亮趟
[11:32:35.442] [TRACE] 帧 叠加趟
[11:32:35.442] [TRACE] 帧 光标趟
[11:32:35.442] [TRACE] 帧 结束
[11:32:35.448] [TRACE] 帧 公告板
[11:32:35.448] [TRACE] 帧 格网
[11:32:35.448] [TRACE] 帧 开始
[11:32:35.448] [TRACE] 帧 格网趟
[11:32:35.449] [TRACE] 帧 场景趟
[11:32:35.449] [TRACE] 帧 高亮趟
[11:32:35.449] [TRACE] 帧 叠加趟
[11:32:35.449] [TRACE] 帧 光标趟
[11:32:35.450] [TRACE] 帧 结束
[11:32:35.454] [TRACE] 帧 公告板
[11:32:35.455] [TRACE] 帧 格网
[11:32:35.455] [TRACE] 帧 开始
[11:32:35.455] [TRACE] 帧 格网趟
[11:32:35.455] [TRACE] 帧 场景趟
[11:32:35.455] [TRACE] 帧 高亮趟
[11:32:35.456] [TRACE] 帧 叠加趟
[11:32:35.456] [TRACE] 帧 光标趟
[11:32:35.456] [TRACE] 帧 结束
[11:32:35.461] [TRACE] 帧 公告板
[11:32:35.461] [TRACE] 帧 格网
[11:32:35.461] [TRACE] 帧 开始
[11:32:35.461] [TRACE] 帧 格网趟
[11:32:35.462] [TRACE] 帧 场景趟
[11:32:35.462] [TRACE] 帧 高亮趟
[11:32:35.462] [TRACE] 帧 叠加趟
[11:32:35.462] [TRACE] 帧 光标趟
[11:32:35.462] [TRACE] 帧 结束
[11:32:35.469] [TRACE] 帧 公告板
[11:32:35.469] [TRACE] 帧 格网
[11:32:35.469] [TRACE] 帧 开始
[11:32:35.469] [TRACE] 帧 格网趟
[11:32:35.470] [TRACE] 帧 场景趟
[11:32:35.470] [TRACE] 帧 高亮趟
[11:32:35.470] [TRACE] 帧 叠加趟
[11:32:35.470] [TRACE] 帧 光标趟
[11:32:35.471] [TRACE] 帧 结束
[11:32:35.475] [TRACE] 帧 公告板
[11:32:35.476] [TRACE] 帧 格网
[11:32:35.476] [TRACE] 帧 开始
[11:32:35.476] [TRACE] 帧 格网趟
[11:32:35.476] [TRACE] 帧 场景趟
[11:32:35.476] [TRACE] 帧 高亮趟
[11:32:35.477] [TRACE] 帧 叠加趟
[11:32:35.477] [TRACE] 帧 光标趟
[11:32:35.477] [TRACE] 帧 结束
[11:32:35.483] [TRACE] 帧 公告板
[11:32:35.483] [TRACE] 帧 格网
[11:32:35.483] [TRACE] 帧 开始
[11:32:35.484] [TRACE] 帧 格网趟
[11:32:35.484] [TRACE] 帧 场景趟
[11:32:35.484] [TRACE] 帧 高亮趟
[11:32:35.484] [TRACE] 帧 叠加趟
[11:32:35.484] [TRACE] 帧 光标趟
[11:32:35.485] [TRACE] 帧 结束
[11:32:35.489] [TRACE] 帧 公告板
[11:32:35.489] [TRACE] 帧 格网
[11:32:35.489] [TRACE] 帧 开始
[11:32:35.489] [TRACE] 帧 格网趟
[11:32:35.489] [TRACE] 帧 场景趟
[11:32:35.490] [TRACE] 帧 高亮趟
[11:32:35.490] [TRACE] 帧 叠加趟
[11:32:35.490] [TRACE] 帧 光标趟
[11:32:35.490] [TRACE] 帧 结束
[11:32:35.497] [TRACE] 帧 公告板
[11:32:35.497] [TRACE] 帧 格网
[11:32:35.497] [TRACE] 帧 开始
[11:32:35.497] [TRACE] 帧 格网趟
[11:32:35.497] [TRACE] 帧 场景趟
[11:32:35.497] [TRACE] 帧 高亮趟
[11:32:35.498] [TRACE] 帧 叠加趟
[11:32:35.498] [TRACE] 帧 光标趟
[11:32:35.498] [TRACE] 帧 结束
[11:32:35.504] [TRACE] 帧 公告板
[11:32:35.504] [TRACE] 帧 格网
[11:32:35.504] [TRACE] 帧 开始
[11:32:35.504] [TRACE] 帧 格网趟
[11:32:35.504] [TRACE] 帧 场景趟
[11:32:35.504] [TRACE] 帧 高亮趟
[11:32:35.505] [TRACE] 帧 叠加趟
[11:32:35.505] [TRACE] 帧 光标趟
[11:32:35.505] [TRACE] 帧 结束
[11:32:35.510] [TRACE] 帧 公告板
[11:32:35.510] [TRACE] 帧 格网
[11:32:35.510] [TRACE] 帧 开始
[11:32:35.510] [TRACE] 帧 格网趟
[11:32:35.511] [TRACE] 帧 场景趟
[11:32:35.511] [TRACE] 帧 高亮趟
[11:32:35.511] [TRACE] 帧 叠加趟
[11:32:35.511] [TRACE] 帧 光标趟
[11:32:35.511] [TRACE] 帧 结束
[11:32:35.518] [TRACE] 帧 公告板
[11:32:35.518] [TRACE] 帧 格网
[11:32:35.518] [TRACE] 帧 开始
[11:32:35.519] [TRACE] 帧 格网趟
[11:32:35.519] [TRACE] 帧 场景趟
[11:32:35.519] [TRACE] 帧 高亮趟
[11:32:35.519] [TRACE] 帧 叠加趟
[11:32:35.519] [TRACE] 帧 光标趟
[11:32:35.519] [TRACE] 帧 结束
[11:32:35.524] [TRACE] 帧 公告板
[11:32:35.524] [TRACE] 帧 格网
[11:32:35.524] [TRACE] 帧 开始
[11:32:35.524] [TRACE] 帧 格网趟
[11:32:35.525] [TRACE] 帧 场景趟
[11:32:35.525] [TRACE] 帧 高亮趟
[11:32:35.525] [TRACE] 帧 叠加趟
[11:32:35.525] [TRACE] 帧 光标趟
[11:32:35.525] [TRACE] 帧 结束
[11:32:35.531] [TRACE] 帧 公告板
[11:32:35.532] [TRACE] 帧 格网
[11:32:35.532] [TRACE] 帧 开始
[11:32:35.532] [TRACE] 帧 格网趟
[11:32:35.532] [TRACE] 帧 场景趟
[11:32:35.532] [TRACE] 帧 高亮趟
[11:32:35.533] [TRACE] 帧 叠加趟
[11:32:35.533] [TRACE] 帧 光标趟
[11:32:35.533] [TRACE] 帧 结束
[11:32:35.538] [TRACE] 帧 公告板
[11:32:35.538] [TRACE] 帧 格网
[11:32:35.538] [TRACE] 帧 开始
[11:32:35.538] [TRACE] 帧 格网趟
[11:32:35.538] [TRACE] 帧 场景趟
[11:32:35.539] [TRACE] 帧 高亮趟
[11:32:35.539] [TRACE] 帧 叠加趟
[11:32:35.539] [TRACE] 帧 光标趟
[11:32:35.539] [TRACE] 帧 结束
[11:32:35.545] [TRACE] 帧 公告板
[11:32:35.545] [TRACE] 帧 格网
[11:32:35.545] [TRACE] 帧 开始
[11:32:35.545] [TRACE] 帧 格网趟
[11:32:35.545] [TRACE] 帧 场景趟
[11:32:35.545] [TRACE] 帧 高亮趟
[11:32:35.545] [TRACE] 帧 叠加趟
[11:32:35.546] [TRACE] 帧 光标趟
[11:32:35.546] [TRACE] 帧 结束
[11:32:35.553] [TRACE] 帧 公告板
[11:32:35.553] [TRACE] 帧 格网
[11:32:35.553] [TRACE] 帧 开始
[11:32:35.554] [TRACE] 帧 格网趟
[11:32:35.554] [TRACE] 帧 场景趟
[11:32:35.554] [TRACE] 帧 高亮趟
[11:32:35.554] [TRACE] 帧 叠加趟
[11:32:35.554] [TRACE] 帧 光标趟
[11:32:35.554] [TRACE] 帧 结束
[11:32:35.559] [TRACE] 帧 公告板
[11:32:35.559] [TRACE] 帧 格网
[11:32:35.559] [TRACE] 帧 开始
[11:32:35.559] [TRACE] 帧 格网趟
[11:32:35.560] [TRACE] 帧 场景趟
[11:32:35.560] [TRACE] 帧 高亮趟
[11:32:35.560] [TRACE] 帧 叠加趟
[11:32:35.560] [TRACE] 帧 光标趟
[11:32:35.560] [TRACE] 帧 结束
[11:32:35.567] [TRACE] 帧 公告板
[11:32:35.567] [TRACE] 帧 格网
[11:32:35.567] [TRACE] 帧 开始
[11:32:35.567] [TRACE] 帧 格网趟
[11:32:35.567] [TRACE] 帧 场景趟
[11:32:35.568] [TRACE] 帧 高亮趟
[11:32:35.568] [TRACE] 帧 叠加趟
[11:32:35.568] [TRACE] 帧 光标趟
[11:32:35.568] [TRACE] 帧 结束
[11:32:35.572] [TRACE] 帧 公告板
[11:32:35.573] [TRACE] 帧 格网
[11:32:35.573] [TRACE] 帧 开始
[11:32:35.573] [TRACE] 帧 格网趟
[11:32:35.573] [TRACE] 帧 场景趟
[11:32:35.573] [TRACE] 帧 高亮趟
[11:32:35.574] [TRACE] 帧 叠加趟
[11:32:35.574] [TRACE] 帧 光标趟
[11:32:35.574] [TRACE] 帧 结束
[11:32:35.579] [TRACE] 帧 公告板
[11:32:35.580] [TRACE] 帧 格网
[11:32:35.580] [TRACE] 帧 开始
[11:32:35.580] [TRACE] 帧 格网趟
[11:32:35.580] [TRACE] 帧 场景趟
[11:32:35.580] [TRACE] 帧 高亮趟
[11:32:35.581] [TRACE] 帧 叠加趟
[11:32:35.581] [TRACE] 帧 光标趟
[11:32:35.581] [TRACE] 帧 结束
[11:32:35.587] [TRACE] 帧 公告板
[11:32:35.587] [TRACE] 帧 格网
[11:32:35.587] [TRACE] 帧 开始
[11:32:35.587] [TRACE] 帧 格网趟
[11:32:35.588] [TRACE] 帧 场景趟
[11:32:35.588] [TRACE] 帧 高亮趟
[11:32:35.588] [TRACE] 帧 叠加趟
[11:32:35.588] [TRACE] 帧 光标趟
[11:32:35.588] [TRACE] 帧 结束
[11:32:35.593] [TRACE] 帧 公告板
[11:32:35.594] [TRACE] 帧 格网
[11:32:35.594] [TRACE] 帧 开始
[11:32:35.594] [TRACE] 帧 格网趟
[11:32:35.594] [TRACE] 帧 场景趟
[11:32:35.594] [TRACE] 帧 高亮趟
[11:32:35.594] [TRACE] 帧 叠加趟
[11:32:35.595] [TRACE] 帧 光标趟
[11:32:35.595] [TRACE] 帧 结束
[11:32:35.601] [TRACE] 帧 公告板
[11:32:35.602] [TRACE] 帧 格网
[11:32:35.602] [TRACE] 帧 开始
[11:32:35.602] [TRACE] 帧 格网趟
[11:32:35.602] [TRACE] 帧 场景趟
[11:32:35.602] [TRACE] 帧 高亮趟
[11:32:35.602] [TRACE] 帧 叠加趟
[11:32:35.602] [TRACE] 帧 光标趟
[11:32:35.602] [TRACE] 帧 结束
[11:32:35.607] [TRACE] 帧 公告板
[11:32:35.608] [TRACE] 帧 格网
[11:32:35.608] [TRACE] 帧 开始
[11:32:35.608] [TRACE] 帧 格网趟
[11:32:35.608] [TRACE] 帧 场景趟
[11:32:35.608] [TRACE] 帧 高亮趟
[11:32:35.608] [TRACE] 帧 叠加趟
[11:32:35.609] [TRACE] 帧 光标趟
[11:32:35.609] [TRACE] 帧 结束
[11:32:35.615] [TRACE] 帧 公告板
[11:32:35.615] [TRACE] 帧 格网
[11:32:35.615] [TRACE] 帧 开始
[11:32:35.615] [TRACE] 帧 格网趟
[11:32:35.616] [TRACE] 帧 场景趟
[11:32:35.616] [TRACE] 帧 高亮趟
[11:32:35.616] [TRACE] 帧 叠加趟
[11:32:35.616] [TRACE] 帧 光标趟
[11:32:35.616] [TRACE] 帧 结束
[11:32:35.621] [TRACE] 帧 公告板
[11:32:35.621] [TRACE] 帧 格网
[11:32:35.622] [TRACE] 帧 开始
[11:32:35.622] [TRACE] 帧 格网趟
[11:32:35.622] [TRACE] 帧 场景趟
[11:32:35.622] [TRACE] 帧 高亮趟
[11:32:35.622] [TRACE] 帧 叠加趟
[11:32:35.622] [TRACE] 帧 光标趟
[11:32:35.622] [TRACE] 帧 结束
[11:32:35.628] [TRACE] 帧 公告板
[11:32:35.628] [TRACE] 帧 格网
[11:32:35.628] [TRACE] 帧 开始
[11:32:35.628] [TRACE] 帧 格网趟
[11:32:35.628] [TRACE] 帧 场景趟
[11:32:35.629] [TRACE] 帧 高亮趟
[11:32:35.629] [TRACE] 帧 叠加趟
[11:32:35.629] [TRACE] 帧 光标趟
[11:32:35.629] [TRACE] 帧 结束
[11:32:35.636] [TRACE] 帧 公告板
[11:32:35.636] [TRACE] 帧 格网
[11:32:35.636] [TRACE] 帧 开始
[11:32:35.636] [TRACE] 帧 格网趟
[11:32:35.636] [TRACE] 帧 场景趟
[11:32:35.636] [TRACE] 帧 高亮趟
[11:32:35.636] [TRACE] 帧 叠加趟
[11:32:35.637] [TRACE] 帧 光标趟
[11:32:35.637] [TRACE] 帧 结束
[11:32:35.642] [TRACE] 帧 公告板
[11:32:35.643] [TRACE] 帧 格网
[11:32:35.643] [TRACE] 帧 开始
[11:32:35.643] [TRACE] 帧 格网趟
[11:32:35.643] [TRACE] 帧 场景趟
[11:32:35.643] [TRACE] 帧 高亮趟
[11:32:35.644] [TRACE] 帧 叠加趟
[11:32:35.644] [TRACE] 帧 光标趟
[11:32:35.644] [TRACE] 帧 结束
[11:32:35.650] [TRACE] 帧 公告板
[11:32:35.650] [TRACE] 帧 格网
[11:32:35.650] [TRACE] 帧 开始
[11:32:35.650] [TRACE] 帧 格网趟
[11:32:35.651] [TRACE] 帧 场景趟
[11:32:35.651] [TRACE] 帧 高亮趟
[11:32:35.651] [TRACE] 帧 叠加趟
[11:32:35.651] [TRACE] 帧 光标趟
[11:32:35.651] [TRACE] 帧 结束
[11:32:35.656] [TRACE] 帧 公告板
[11:32:35.656] [TRACE] 帧 格网
[11:32:35.656] [TRACE] 帧 开始
[11:32:35.656] [TRACE] 帧 格网趟
[11:32:35.657] [TRACE] 帧 场景趟
[11:32:35.657] [TRACE] 帧 高亮趟
[11:32:35.657] [TRACE] 帧 叠加趟
[11:32:35.657] [TRACE] 帧 光标趟
[11:32:35.657] [TRACE] 帧 结束
[11:32:35.663] [TRACE] 帧 公告板
[11:32:35.663] [TRACE] 帧 格网
[11:32:35.663] [TRACE] 帧 开始
[11:32:35.663] [TRACE] 帧 格网趟
[11:32:35.663] [TRACE] 帧 场景趟
[11:32:35.664] [TRACE] 帧 高亮趟
[11:32:35.664] [TRACE] 帧 叠加趟
[11:32:35.664] [TRACE] 帧 光标趟
[11:32:35.664] [TRACE] 帧 结束
[11:32:35.670] [TRACE] 帧 公告板
[11:32:35.671] [TRACE] 帧 格网
[11:32:35.671] [TRACE] 帧 开始
[11:32:35.671] [TRACE] 帧 格网趟
[11:32:35.671] [TRACE] 帧 场景趟
[11:32:35.671] [TRACE] 帧 高亮趟
[11:32:35.671] [TRACE] 帧 叠加趟
[11:32:35.671] [TRACE] 帧 光标趟
[11:32:35.672] [TRACE] 帧 结束
[11:32:35.677] [TRACE] 帧 公告板
[11:32:35.677] [TRACE] 帧 格网
[11:32:35.677] [TRACE] 帧 开始
[11:32:35.677] [TRACE] 帧 格网趟
[11:32:35.677] [TRACE] 帧 场景趟
[11:32:35.678] [TRACE] 帧 高亮趟
[11:32:35.678] [TRACE] 帧 叠加趟
[11:32:35.678] [TRACE] 帧 光标趟
[11:32:35.678] [TRACE] 帧 结束
[11:32:35.684] [TRACE] 帧 公告板
[11:32:35.685] [TRACE] 帧 格网
[11:32:35.685] [TRACE] 帧 开始
[11:32:35.685] [TRACE] 帧 格网趟
[11:32:35.685] [TRACE] 帧 场景趟
[11:32:35.685] [TRACE] 帧 高亮趟
[11:32:35.685] [TRACE] 帧 叠加趟
[11:32:35.685] [TRACE] 帧 光标趟
[11:32:35.686] [TRACE] 帧 结束
[11:32:35.691] [TRACE] 帧 公告板
[11:32:35.691] [TRACE] 帧 格网
[11:32:35.691] [TRACE] 帧 开始
[11:32:35.691] [TRACE] 帧 格网趟
[11:32:35.691] [TRACE] 帧 场景趟
[11:32:35.692] [TRACE] 帧 高亮趟
[11:32:35.692] [TRACE] 帧 叠加趟
[11:32:35.692] [TRACE] 帧 光标趟
[11:32:35.692] [TRACE] 帧 结束
[11:32:35.698] [TRACE] 帧 公告板
[11:32:35.698] [TRACE] 帧 格网
[11:32:35.699] [TRACE] 帧 开始
[11:32:35.699] [TRACE] 帧 格网趟
[11:32:35.699] [TRACE] 帧 场景趟
[11:32:35.699] [TRACE] 帧 高亮趟
[11:32:35.699] [TRACE] 帧 叠加趟
[11:32:35.699] [TRACE] 帧 光标趟
[11:32:35.699] [TRACE] 帧 结束
[11:32:35.704] [TRACE] 帧 公告板
[11:32:35.704] [TRACE] 帧 格网
[11:32:35.705] [TRACE] 帧 开始
[11:32:35.705] [TRACE] 帧 格网趟
[11:32:35.705] [TRACE] 帧 场景趟
[11:32:35.705] [TRACE] 帧 高亮趟
[11:32:35.705] [TRACE] 帧 叠加趟
[11:32:35.705] [TRACE] 帧 光标趟
[11:32:35.705] [TRACE] 帧 结束
[11:32:35.712] [TRACE] 帧 公告板
[11:32:35.712] [TRACE] 帧 格网
[11:32:35.712] [TRACE] 帧 开始
[11:32:35.712] [TRACE] 帧 格网趟
[11:32:35.712] [TRACE] 帧 场景趟
[11:32:35.713] [TRACE] 帧 高亮趟
[11:32:35.713] [TRACE] 帧 叠加趟
[11:32:35.713] [TRACE] 帧 光标趟
[11:32:35.713] [TRACE] 帧 结束
[11:32:35.719] [TRACE] 帧 公告板
[11:32:35.720] [TRACE] 帧 格网
[11:32:35.720] [TRACE] 帧 开始
[11:32:35.720] [TRACE] 帧 格网趟
[11:32:35.720] [TRACE] 帧 场景趟
[11:32:35.720] [TRACE] 帧 高亮趟
[11:32:35.720] [TRACE] 帧 叠加趟
[11:32:35.721] [TRACE] 帧 光标趟
[11:32:35.721] [TRACE] 帧 结束
[11:32:35.725] [TRACE] 帧 公告板
[11:32:35.726] [TRACE] 帧 格网
[11:32:35.726] [TRACE] 帧 开始
[11:32:35.726] [TRACE] 帧 格网趟
[11:32:35.726] [TRACE] 帧 场景趟
[11:32:35.726] [TRACE] 帧 高亮趟
[11:32:35.726] [TRACE] 帧 叠加趟
[11:32:35.727] [TRACE] 帧 光标趟
[11:32:35.727] [TRACE] 帧 结束
[11:32:35.733] [TRACE] 帧 公告板
[11:32:35.734] [TRACE] 帧 格网
[11:32:35.734] [TRACE] 帧 开始
[11:32:35.734] [TRACE] 帧 格网趟
[11:32:35.734] [TRACE] 帧 场景趟
[11:32:35.734] [TRACE] 帧 高亮趟
[11:32:35.734] [TRACE] 帧 叠加趟
[11:32:35.735] [TRACE] 帧 光标趟
[11:32:35.735] [TRACE] 帧 结束
[11:32:35.739] [TRACE] 帧 公告板
[11:32:35.740] [TRACE] 帧 格网
[11:32:35.740] [TRACE] 帧 开始
[11:32:35.740] [TRACE] 帧 格网趟
[11:32:35.740] [TRACE] 帧 场景趟
[11:32:35.740] [TRACE] 帧 高亮趟
[11:32:35.740] [TRACE] 帧 叠加趟
[11:32:35.740] [TRACE] 帧 光标趟
[11:32:35.741] [TRACE] 帧 结束
[11:32:35.746] [TRACE] 帧 公告板
[11:32:35.747] [TRACE] 帧 格网
[11:32:35.747] [TRACE] 帧 开始
[11:32:35.747] [TRACE] 帧 格网趟
[11:32:35.747] [TRACE] 帧 场景趟
[11:32:35.747] [TRACE] 帧 高亮趟
[11:32:35.748] [TRACE] 帧 叠加趟
[11:32:35.748] [TRACE] 帧 光标趟
[11:32:35.748] [TRACE] 帧 结束
[11:32:35.754] [TRACE] 帧 公告板
[11:32:35.754] [TRACE] 帧 格网
[11:32:35.755] [TRACE] 帧 开始
[11:32:35.755] [TRACE] 帧 格网趟
[11:32:35.755] [TRACE] 帧 场景趟
[11:32:35.755] [TRACE] 帧 高亮趟
[11:32:35.756] [TRACE] 帧 叠加趟
[11:32:35.756] [TRACE] 帧 光标趟
[11:32:35.756] [TRACE] 帧 结束
[11:32:35.760] [TRACE] 帧 公告板
[11:32:35.761] [TRACE] 帧 格网
[11:32:35.761] [TRACE] 帧 开始
[11:32:35.761] [TRACE] 帧 格网趟
[11:32:35.761] [TRACE] 帧 场景趟
[11:32:35.762] [TRACE] 帧 高亮趟
[11:32:35.762] [TRACE] 帧 叠加趟
[11:32:35.762] [TRACE] 帧 光标趟
[11:32:35.762] [TRACE] 帧 结束
[11:32:35.768] [TRACE] 帧 公告板
[11:32:35.768] [TRACE] 帧 格网
[11:32:35.768] [TRACE] 帧 开始
[11:32:35.769] [TRACE] 帧 格网趟
[11:32:35.769] [TRACE] 帧 场景趟
[11:32:35.769] [TRACE] 帧 高亮趟
[11:32:35.769] [TRACE] 帧 叠加趟
[11:32:35.770] [TRACE] 帧 光标趟
[11:32:35.770] [TRACE] 帧 结束
[11:32:35.775] [TRACE] 帧 公告板
[11:32:35.775] [TRACE] 帧 格网
[11:32:35.775] [TRACE] 帧 开始
[11:32:35.775] [TRACE] 帧 格网趟
[11:32:35.775] [TRACE] 帧 场景趟
[11:32:35.776] [TRACE] 帧 高亮趟
[11:32:35.776] [TRACE] 帧 叠加趟
[11:32:35.776] [TRACE] 帧 光标趟
[11:32:35.776] [TRACE] 帧 结束
[11:32:35.782] [TRACE] 帧 公告板
[11:32:35.782] [TRACE] 帧 格网
[11:32:35.783] [TRACE] 帧 开始
[11:32:35.783] [TRACE] 帧 格网趟
[11:32:35.783] [TRACE] 帧 场景趟
[11:32:35.783] [TRACE] 帧 高亮趟
[11:32:35.783] [TRACE] 帧 叠加趟
[11:32:35.783] [TRACE] 帧 光标趟
[11:32:35.784] [TRACE] 帧 结束
[11:32:35.788] [TRACE] 帧 公告板
[11:32:35.789] [TRACE] 帧 格网
[11:32:35.789] [TRACE] 帧 开始
[11:32:35.789] [TRACE] 帧 格网趟
[11:32:35.789] [TRACE] 帧 场景趟
[11:32:35.789] [TRACE] 帧 高亮趟
[11:32:35.790] [TRACE] 帧 叠加趟
[11:32:35.790] [TRACE] 帧 光标趟
[11:32:35.790] [TRACE] 帧 结束
[11:32:35.795] [TRACE] 帧 公告板
[11:32:35.795] [TRACE] 帧 格网
[11:32:35.795] [TRACE] 帧 开始
[11:32:35.796] [TRACE] 帧 格网趟
[11:32:35.796] [TRACE] 帧 场景趟
[11:32:35.796] [TRACE] 帧 高亮趟
[11:32:35.796] [TRACE] 帧 叠加趟
[11:32:35.796] [TRACE] 帧 光标趟
[11:32:35.797] [TRACE] 帧 结束
[11:32:35.802] [TRACE] 帧 公告板
[11:32:35.803] [TRACE] 帧 格网
[11:32:35.803] [TRACE] 帧 开始
[11:32:35.803] [TRACE] 帧 格网趟
[11:32:35.803] [TRACE] 帧 场景趟
[11:32:35.803] [TRACE] 帧 高亮趟
[11:32:35.803] [TRACE] 帧 叠加趟
[11:32:35.804] [TRACE] 帧 光标趟
[11:32:35.804] [TRACE] 帧 结束
[11:32:35.809] [TRACE] 帧 公告板
[11:32:35.809] [TRACE] 帧 格网
[11:32:35.809] [TRACE] 帧 开始
[11:32:35.810] [TRACE] 帧 格网趟
[11:32:35.810] [TRACE] 帧 场景趟
[11:32:35.810] [TRACE] 帧 高亮趟
[11:32:35.810] [TRACE] 帧 叠加趟
[11:32:35.810] [TRACE] 帧 光标趟
[11:32:35.810] [TRACE] 帧 结束
[11:32:35.817] [TRACE] 帧 公告板
[11:32:35.817] [TRACE] 帧 格网
[11:32:35.818] [TRACE] 帧 开始
[11:32:35.818] [TRACE] 帧 格网趟
[11:32:35.818] [TRACE] 帧 场景趟
[11:32:35.818] [TRACE] 帧 高亮趟
[11:32:35.819] [TRACE] 帧 叠加趟
[11:32:35.819] [TRACE] 帧 光标趟
[11:32:35.819] [TRACE] 帧 结束
[11:32:35.822] [TRACE] 帧 公告板
[11:32:35.823] [TRACE] 帧 格网
[11:32:35.823] [TRACE] 帧 开始
[11:32:35.823] [TRACE] 帧 格网趟
[11:32:35.824] [TRACE] 帧 场景趟
[11:32:35.824] [TRACE] 帧 高亮趟
[11:32:35.824] [TRACE] 帧 叠加趟
[11:32:35.824] [TRACE] 帧 光标趟
[11:32:35.824] [TRACE] 帧 结束
[11:32:35.829] [TRACE] 帧 公告板
[11:32:35.830] [TRACE] 帧 格网
[11:32:35.830] [TRACE] 帧 开始
[11:32:35.830] [TRACE] 帧 格网趟
[11:32:35.830] [TRACE] 帧 场景趟
[11:32:35.831] [TRACE] 帧 高亮趟
[11:32:35.831] [TRACE] 帧 叠加趟
[11:32:35.831] [TRACE] 帧 光标趟
[11:32:35.831] [TRACE] 帧 结束
[11:32:35.837] [TRACE] 帧 公告板
[11:32:35.837] [TRACE] 帧 格网
[11:32:35.838] [TRACE] 帧 开始
[11:32:35.838] [TRACE] 帧 格网趟
[11:32:35.838] [TRACE] 帧 场景趟
[11:32:35.838] [TRACE] 帧 高亮趟
[11:32:35.839] [TRACE] 帧 叠加趟
[11:32:35.839] [TRACE] 帧 光标趟
[11:32:35.839] [TRACE] 帧 结束
[11:32:35.843] [TRACE] 帧 公告板
[11:32:35.844] [TRACE] 帧 格网
[11:32:35.844] [TRACE] 帧 开始
[11:32:35.844] [TRACE] 帧 格网趟
[11:32:35.845] [TRACE] 帧 场景趟
[11:32:35.845] [TRACE] 帧 高亮趟
[11:32:35.845] [TRACE] 帧 叠加趟
[11:32:35.845] [TRACE] 帧 光标趟
[11:32:35.845] [TRACE] 帧 结束
[11:32:35.852] [TRACE] 帧 公告板
[11:32:35.852] [TRACE] 帧 格网
[11:32:35.852] [TRACE] 帧 开始
[11:32:35.852] [TRACE] 帧 格网趟
[11:32:35.852] [TRACE] 帧 场景趟
[11:32:35.853] [TRACE] 帧 高亮趟
[11:32:35.853] [TRACE] 帧 叠加趟
[11:32:35.853] [TRACE] 帧 光标趟
[11:32:35.853] [TRACE] 帧 结束
[11:32:35.858] [TRACE] 帧 公告板
[11:32:35.858] [TRACE] 帧 格网
[11:32:35.858] [TRACE] 帧 开始
[11:32:35.859] [TRACE] 帧 格网趟
[11:32:35.859] [TRACE] 帧 场景趟
[11:32:35.859] [TRACE] 帧 高亮趟
[11:32:35.859] [TRACE] 帧 叠加趟
[11:32:35.859] [TRACE] 帧 光标趟
[11:32:35.860] [TRACE] 帧 结束
[11:32:35.865] [TRACE] 帧 公告板
[11:32:35.865] [TRACE] 帧 格网
[11:32:35.865] [TRACE] 帧 开始
[11:32:35.866] [TRACE] 帧 格网趟
[11:32:35.866] [TRACE] 帧 场景趟
[11:32:35.866] [TRACE] 帧 高亮趟
[11:32:35.866] [TRACE] 帧 叠加趟
[11:32:35.866] [TRACE] 帧 光标趟
[11:32:35.866] [TRACE] 帧 结束
[11:32:35.871] [TRACE] 帧 公告板
[11:32:35.871] [TRACE] 帧 格网
[11:32:35.871] [TRACE] 帧 开始
[11:32:35.872] [TRACE] 帧 格网趟
[11:32:35.872] [TRACE] 帧 场景趟
[11:32:35.872] [TRACE] 帧 高亮趟
[11:32:35.872] [TRACE] 帧 叠加趟
[11:32:35.872] [TRACE] 帧 光标趟
[11:32:35.873] [TRACE] 帧 结束
[11:32:35.878] [TRACE] 帧 公告板
[11:32:35.878] [TRACE] 帧 格网
[11:32:35.879] [TRACE] 帧 开始
[11:32:35.879] [TRACE] 帧 格网趟
[11:32:35.879] [TRACE] 帧 场景趟
[11:32:35.879] [TRACE] 帧 高亮趟
[11:32:35.879] [TRACE] 帧 叠加趟
[11:32:35.880] [TRACE] 帧 光标趟
[11:32:35.880] [TRACE] 帧 结束
[11:32:35.886] [TRACE] 帧 公告板
[11:32:35.886] [TRACE] 帧 格网
[11:32:35.886] [TRACE] 帧 开始
[11:32:35.887] [TRACE] 帧 格网趟
[11:32:35.887] [TRACE] 帧 场景趟
[11:32:35.887] [TRACE] 帧 高亮趟
[11:32:35.887] [TRACE] 帧 叠加趟
[11:32:35.887] [TRACE] 帧 光标趟
[11:32:35.887] [TRACE] 帧 结束
[11:32:35.892] [TRACE] 帧 公告板
[11:32:35.893] [TRACE] 帧 格网
[11:32:35.893] [TRACE] 帧 开始
[11:32:35.893] [TRACE] 帧 格网趟
[11:32:35.893] [TRACE] 帧 场景趟
[11:32:35.894] [TRACE] 帧 高亮趟
[11:32:35.894] [TRACE] 帧 叠加趟
[11:32:35.894] [TRACE] 帧 光标趟
[11:32:35.894] [TRACE] 帧 结束
[11:32:35.900] [TRACE] 帧 公告板
[11:32:35.901] [TRACE] 帧 格网
[11:32:35.901] [TRACE] 帧 开始
[11:32:35.901] [TRACE] 帧 格网趟
[11:32:35.902] [TRACE] 帧 场景趟
[11:32:35.902] [TRACE] 帧 高亮趟
[11:32:35.902] [TRACE] 帧 叠加趟
[11:32:35.902] [TRACE] 帧 光标趟
[11:32:35.902] [TRACE] 帧 结束
[11:32:35.906] [TRACE] 帧 公告板
[11:32:35.907] [TRACE] 帧 格网
[11:32:35.907] [TRACE] 帧 开始
[11:32:35.907] [TRACE] 帧 格网趟
[11:32:35.907] [TRACE] 帧 场景趟
[11:32:35.907] [TRACE] 帧 高亮趟
[11:32:35.907] [TRACE] 帧 叠加趟
[11:32:35.908] [TRACE] 帧 光标趟
[11:32:35.908] [TRACE] 帧 结束
[11:32:35.913] [TRACE] 帧 公告板
[11:32:35.913] [TRACE] 帧 格网
[11:32:35.914] [TRACE] 帧 开始
[11:32:35.914] [TRACE] 帧 格网趟
[11:32:35.914] [TRACE] 帧 场景趟
[11:32:35.914] [TRACE] 帧 高亮趟
[11:32:35.914] [TRACE] 帧 叠加趟
[11:32:35.914] [TRACE] 帧 光标趟
[11:32:35.914] [TRACE] 帧 结束
[11:32:35.921] [TRACE] 帧 公告板
[11:32:35.921] [TRACE] 帧 格网
[11:32:35.921] [TRACE] 帧 开始
[11:32:35.921] [TRACE] 帧 格网趟
[11:32:35.921] [TRACE] 帧 场景趟
[11:32:35.921] [TRACE] 帧 高亮趟
[11:32:35.922] [TRACE] 帧 叠加趟
[11:32:35.922] [TRACE] 帧 光标趟
[11:32:35.922] [TRACE] 帧 结束
[11:32:35.927] [TRACE] 帧 公告板
[11:32:35.934] [TRACE] 帧 格网
[11:32:35.934] [TRACE] 帧 开始
[11:32:35.934] [TRACE] 帧 格网趟
[11:32:35.934] [TRACE] 帧 场景趟
[11:32:35.935] [TRACE] 帧 高亮趟
[11:32:35.935] [TRACE] 帧 叠加趟
[11:32:35.935] [TRACE] 帧 光标趟
[11:32:35.935] [TRACE] 帧 结束
[11:32:35.941] [TRACE] 帧 公告板
[11:32:35.941] [TRACE] 帧 格网
[11:32:35.942] [TRACE] 帧 开始
[11:32:35.942] [TRACE] 帧 格网趟
[11:32:35.942] [TRACE] 帧 场景趟
[11:32:35.942] [TRACE] 帧 高亮趟
[11:32:35.942] [TRACE] 帧 叠加趟
[11:32:35.942] [TRACE] 帧 光标趟
[11:32:35.942] [TRACE] 帧 结束
[11:32:35.948] [TRACE] 帧 公告板
[11:32:35.949] [TRACE] 帧 格网
[11:32:35.949] [TRACE] 帧 开始
[11:32:35.949] [TRACE] 帧 格网趟
[11:32:35.949] [TRACE] 帧 场景趟
[11:32:35.950] [TRACE] 帧 高亮趟
[11:32:35.950] [TRACE] 帧 叠加趟
[11:32:35.950] [TRACE] 帧 光标趟
[11:32:35.950] [TRACE] 帧 结束
[11:32:35.955] [TRACE] 帧 公告板
[11:32:35.955] [TRACE] 帧 格网
[11:32:35.955] [TRACE] 帧 开始
[11:32:35.955] [TRACE] 帧 格网趟
[11:32:35.955] [TRACE] 帧 场景趟
[11:32:35.956] [TRACE] 帧 高亮趟
[11:32:35.956] [TRACE] 帧 叠加趟
[11:32:35.956] [TRACE] 帧 光标趟
[11:32:35.956] [TRACE] 帧 结束
[11:32:35.962] [TRACE] 帧 公告板
[11:32:35.962] [TRACE] 帧 格网
[11:32:35.962] [TRACE] 帧 开始
[11:32:35.962] [TRACE] 帧 格网趟
[11:32:35.963] [TRACE] 帧 场景趟
[11:32:35.963] [TRACE] 帧 高亮趟
[11:32:35.963] [TRACE] 帧 叠加趟
[11:32:35.963] [TRACE] 帧 光标趟
[11:32:35.963] [TRACE] 帧 结束
[11:32:35.969] [TRACE] 帧 公告板
[11:32:35.970] [TRACE] 帧 格网
[11:32:35.970] [TRACE] 帧 开始
[11:32:35.970] [TRACE] 帧 格网趟
[11:32:35.970] [TRACE] 帧 场景趟
[11:32:35.970] [TRACE] 帧 高亮趟
[11:32:35.970] [TRACE] 帧 叠加趟
[11:32:35.970] [TRACE] 帧 光标趟
[11:32:35.970] [TRACE] 帧 结束
[11:32:35.975] [TRACE] 帧 公告板
[11:32:35.976] [TRACE] 帧 格网
[11:32:35.976] [TRACE] 帧 开始
[11:32:35.976] [TRACE] 帧 格网趟
[11:32:35.976] [TRACE] 帧 场景趟
[11:32:35.976] [TRACE] 帧 高亮趟
[11:32:35.977] [TRACE] 帧 叠加趟
[11:32:35.977] [TRACE] 帧 光标趟
[11:32:35.977] [TRACE] 帧 结束
[11:32:35.984] [TRACE] 帧 公告板
[11:32:35.984] [TRACE] 帧 格网
[11:32:35.984] [TRACE] 帧 开始
[11:32:35.984] [TRACE] 帧 格网趟
[11:32:35.984] [TRACE] 帧 场景趟
[11:32:35.984] [TRACE] 帧 高亮趟
[11:32:35.984] [TRACE] 帧 叠加趟
[11:32:35.985] [TRACE] 帧 光标趟
[11:32:35.985] [TRACE] 帧 结束
[11:32:35.990] [TRACE] 帧 公告板
[11:32:35.990] [TRACE] 帧 格网
[11:32:35.990] [TRACE] 帧 开始
[11:32:35.990] [TRACE] 帧 格网趟
[11:32:35.991] [TRACE] 帧 场景趟
[11:32:35.991] [TRACE] 帧 高亮趟
[11:32:35.991] [TRACE] 帧 叠加趟
[11:32:35.991] [TRACE] 帧 光标趟
[11:32:35.991] [TRACE] 帧 结束
[11:32:35.997] [TRACE] 帧 公告板
[11:32:35.997] [TRACE] 帧 格网
[11:32:35.997] [TRACE] 帧 开始
[11:32:35.997] [TRACE] 帧 格网趟
[11:32:35.997] [TRACE] 帧 场景趟
[11:32:35.998] [TRACE] 帧 高亮趟
[11:32:35.998] [TRACE] 帧 叠加趟
[11:32:35.998] [TRACE] 帧 光标趟
[11:32:35.998] [TRACE] 帧 结束
[11:32:36.004] [TRACE] 帧 公告板
[11:32:36.005] [TRACE] 帧 格网
[11:32:36.005] [TRACE] 帧 开始
[11:32:36.005] [TRACE] 帧 格网趟
[11:32:36.005] [TRACE] 帧 场景趟
[11:32:36.005] [TRACE] 帧 高亮趟
[11:32:36.005] [TRACE] 帧 叠加趟
[11:32:36.005] [TRACE] 帧 光标趟
[11:32:36.006] [TRACE] 帧 结束
[11:32:36.010] [TRACE] 帧 公告板
[11:32:36.011] [TRACE] 帧 格网
[11:32:36.011] [TRACE] 帧 开始
[11:32:36.011] [TRACE] 帧 格网趟
[11:32:36.011] [TRACE] 帧 场景趟
[11:32:36.011] [TRACE] 帧 高亮趟
[11:32:36.012] [TRACE] 帧 叠加趟
[11:32:36.012] [TRACE] 帧 光标趟
[11:32:36.012] [TRACE] 帧 结束
[11:32:36.018] [TRACE] 帧 公告板
[11:32:36.018] [TRACE] 帧 格网
[11:32:36.019] [TRACE] 帧 开始
[11:32:36.019] [TRACE] 帧 格网趟
[11:32:36.019] [TRACE] 帧 场景趟
[11:32:36.019] [TRACE] 帧 高亮趟
[11:32:36.019] [TRACE] 帧 叠加趟
[11:32:36.019] [TRACE] 帧 光标趟
[11:32:36.019] [TRACE] 帧 结束
[11:32:36.024] [TRACE] 帧 公告板
[11:32:36.025] [TRACE] 帧 格网
[11:32:36.025] [TRACE] 帧 开始
[11:32:36.025] [TRACE] 帧 格网趟
[11:32:36.025] [TRACE] 帧 场景趟
[11:32:36.025] [TRACE] 帧 高亮趟
[11:32:36.026] [TRACE] 帧 叠加趟
[11:32:36.026] [TRACE] 帧 光标趟
[11:32:36.026] [TRACE] 帧 结束
[11:32:36.032] [TRACE] 帧 公告板
[11:32:36.032] [TRACE] 帧 格网
[11:32:36.032] [TRACE] 帧 开始
[11:32:36.032] [TRACE] 帧 格网趟
[11:32:36.032] [TRACE] 帧 场景趟
[11:32:36.033] [TRACE] 帧 高亮趟
[11:32:36.033] [TRACE] 帧 叠加趟
[11:32:36.033] [TRACE] 帧 光标趟
[11:32:36.033] [TRACE] 帧 结束
[11:32:36.038] [TRACE] 帧 公告板
[11:32:36.039] [TRACE] 帧 格网
[11:32:36.039] [TRACE] 帧 开始
[11:32:36.039] [TRACE] 帧 格网趟
[11:32:36.039] [TRACE] 帧 场景趟
[11:32:36.039] [TRACE] 帧 高亮趟
[11:32:36.039] [TRACE] 帧 叠加趟
[11:32:36.040] [TRACE] 帧 光标趟
[11:32:36.040] [TRACE] 帧 结束
[11:32:36.045] [TRACE] 帧 公告板
[11:32:36.045] [TRACE] 帧 格网
[11:32:36.045] [TRACE] 帧 开始
[11:32:36.045] [TRACE] 帧 格网趟
[11:32:36.046] [TRACE] 帧 场景趟
[11:32:36.046] [TRACE] 帧 高亮趟
[11:32:36.046] [TRACE] 帧 叠加趟
[11:32:36.046] [TRACE] 帧 光标趟
[11:32:36.046] [TRACE] 帧 结束
[11:32:36.053] [TRACE] 帧 公告板
[11:32:36.053] [TRACE] 帧 格网
[11:32:36.053] [TRACE] 帧 开始
[11:32:36.053] [TRACE] 帧 格网趟
[11:32:36.054] [TRACE] 帧 场景趟
[11:32:36.054] [TRACE] 帧 高亮趟
[11:32:36.054] [TRACE] 帧 叠加趟
[11:32:36.054] [TRACE] 帧 光标趟
[11:32:36.054] [TRACE] 帧 结束
[11:32:36.059] [TRACE] 帧 公告板
[11:32:36.059] [TRACE] 帧 格网
[11:32:36.059] [TRACE] 帧 开始
[11:32:36.059] [TRACE] 帧 格网趟
[11:32:36.059] [TRACE] 帧 场景趟
[11:32:36.059] [TRACE] 帧 高亮趟
[11:32:36.060] [TRACE] 帧 叠加趟
[11:32:36.060] [TRACE] 帧 光标趟
[11:32:36.060] [TRACE] 帧 结束
[11:32:36.067] [TRACE] 帧 公告板
[11:32:36.067] [TRACE] 帧 格网
[11:32:36.068] [TRACE] 帧 开始
[11:32:36.068] [TRACE] 帧 格网趟
[11:32:36.068] [TRACE] 帧 场景趟
[11:32:36.068] [TRACE] 帧 高亮趟
[11:32:36.068] [TRACE] 帧 叠加趟
[11:32:36.068] [TRACE] 帧 光标趟
[11:32:36.068] [TRACE] 帧 结束
[11:32:36.073] [TRACE] 帧 公告板
[11:32:36.073] [TRACE] 帧 格网
[11:32:36.073] [TRACE] 帧 开始
[11:32:36.073] [TRACE] 帧 格网趟
[11:32:36.073] [TRACE] 帧 场景趟
[11:32:36.074] [TRACE] 帧 高亮趟
[11:32:36.074] [TRACE] 帧 叠加趟
[11:32:36.074] [TRACE] 帧 光标趟
[11:32:36.074] [TRACE] 帧 结束
[11:32:36.080] [TRACE] 帧 公告板
[11:32:36.080] [TRACE] 帧 格网
[11:32:36.080] [TRACE] 帧 开始
[11:32:36.080] [TRACE] 帧 格网趟
[11:32:36.080] [TRACE] 帧 场景趟
[11:32:36.080] [TRACE] 帧 高亮趟
[11:32:36.081] [TRACE] 帧 叠加趟
[11:32:36.081] [TRACE] 帧 光标趟
[11:32:36.081] [TRACE] 帧 结束
[11:32:36.087] [TRACE] 帧 公告板
[11:32:36.088] [TRACE] 帧 格网
[11:32:36.088] [TRACE] 帧 开始
[11:32:36.088] [TRACE] 帧 格网趟
[11:32:36.088] [TRACE] 帧 场景趟
[11:32:36.088] [TRACE] 帧 高亮趟
[11:32:36.088] [TRACE] 帧 叠加趟
[11:32:36.088] [TRACE] 帧 光标趟
[11:32:36.089] [TRACE] 帧 结束
[11:32:36.094] [TRACE] 帧 公告板
[11:32:36.094] [TRACE] 帧 格网
[11:32:36.094] [TRACE] 帧 开始
[11:32:36.094] [TRACE] 帧 格网趟
[11:32:36.094] [TRACE] 帧 场景趟
[11:32:36.095] [TRACE] 帧 高亮趟
[11:32:36.095] [TRACE] 帧 叠加趟
[11:32:36.095] [TRACE] 帧 光标趟
[11:32:36.095] [TRACE] 帧 结束
[11:32:36.102] [TRACE] 帧 公告板
[11:32:36.102] [TRACE] 帧 格网
[11:32:36.102] [TRACE] 帧 开始
[11:32:36.102] [TRACE] 帧 格网趟
[11:32:36.102] [TRACE] 帧 场景趟
[11:32:36.103] [TRACE] 帧 高亮趟
[11:32:36.103] [TRACE] 帧 叠加趟
[11:32:36.103] [TRACE] 帧 光标趟
[11:32:36.103] [TRACE] 帧 结束
[11:32:36.108] [TRACE] 帧 公告板
[11:32:36.108] [TRACE] 帧 格网
[11:32:36.108] [TRACE] 帧 开始
[11:32:36.108] [TRACE] 帧 格网趟
[11:32:36.108] [TRACE] 帧 场景趟
[11:32:36.108] [TRACE] 帧 高亮趟
[11:32:36.109] [TRACE] 帧 叠加趟
[11:32:36.109] [TRACE] 帧 光标趟
[11:32:36.109] [TRACE] 帧 结束
[11:32:36.116] [TRACE] 帧 公告板
[11:32:36.116] [TRACE] 帧 格网
[11:32:36.116] [TRACE] 帧 开始
[11:32:36.116] [TRACE] 帧 格网趟
[11:32:36.116] [TRACE] 帧 场景趟
[11:32:36.117] [TRACE] 帧 高亮趟
[11:32:36.117] [TRACE] 帧 叠加趟
[11:32:36.117] [TRACE] 帧 光标趟
[11:32:36.117] [TRACE] 帧 结束
[11:32:36.121] [TRACE] 帧 公告板
[11:32:36.122] [TRACE] 帧 格网
[11:32:36.122] [TRACE] 帧 开始
[11:32:36.122] [TRACE] 帧 格网趟
[11:32:36.122] [TRACE] 帧 场景趟
[11:32:36.122] [TRACE] 帧 高亮趟
[11:32:36.122] [TRACE] 帧 叠加趟
[11:32:36.122] [TRACE] 帧 光标趟
[11:32:36.122] [TRACE] 帧 结束
[11:32:36.128] [TRACE] 帧 公告板
[11:32:36.129] [TRACE] 帧 格网
[11:32:36.129] [TRACE] 帧 开始
[11:32:36.129] [TRACE] 帧 格网趟
[11:32:36.129] [TRACE] 帧 场景趟
[11:32:36.129] [TRACE] 帧 高亮趟
[11:32:36.129] [TRACE] 帧 叠加趟
[11:32:36.130] [TRACE] 帧 光标趟
[11:32:36.130] [TRACE] 帧 结束
[11:32:36.136] [TRACE] 帧 公告板
[11:32:36.137] [TRACE] 帧 格网
[11:32:36.137] [TRACE] 帧 开始
[11:32:36.137] [TRACE] 帧 格网趟
[11:32:36.137] [TRACE] 帧 场景趟
[11:32:36.137] [TRACE] 帧 高亮趟
[11:32:36.137] [TRACE] 帧 叠加趟
[11:32:36.138] [TRACE] 帧 光标趟
[11:32:36.138] [TRACE] 帧 结束
[11:32:36.142] [TRACE] 帧 公告板
[11:32:36.143] [TRACE] 帧 格网
[11:32:36.143] [TRACE] 帧 开始
[11:32:36.143] [TRACE] 帧 格网趟
[11:32:36.143] [TRACE] 帧 场景趟
[11:32:36.143] [TRACE] 帧 高亮趟
[11:32:36.143] [TRACE] 帧 叠加趟
[11:32:36.143] [TRACE] 帧 光标趟
[11:32:36.144] [TRACE] 帧 结束
[11:32:36.150] [TRACE] 帧 公告板
[11:32:36.151] [TRACE] 帧 格网
[11:32:36.151] [TRACE] 帧 开始
[11:32:36.151] [TRACE] 帧 格网趟
[11:32:36.151] [TRACE] 帧 场景趟
[11:32:36.152] [TRACE] 帧 高亮趟
[11:32:36.152] [TRACE] 帧 叠加趟
[11:32:36.152] [TRACE] 帧 光标趟
[11:32:36.152] [TRACE] 帧 结束
[11:32:36.156] [TRACE] 帧 公告板
[11:32:36.156] [TRACE] 帧 格网
[11:32:36.156] [TRACE] 帧 开始
[11:32:36.157] [TRACE] 帧 格网趟
[11:32:36.157] [TRACE] 帧 场景趟
[11:32:36.157] [TRACE] 帧 高亮趟
[11:32:36.157] [TRACE] 帧 叠加趟
[11:32:36.157] [TRACE] 帧 光标趟
[11:32:36.158] [TRACE] 帧 结束
[11:32:36.163] [TRACE] 帧 公告板
[11:32:36.163] [TRACE] 帧 格网
[11:32:36.164] [TRACE] 帧 开始
[11:32:36.164] [TRACE] 帧 格网趟
[11:32:36.164] [TRACE] 帧 场景趟
[11:32:36.164] [TRACE] 帧 高亮趟
[11:32:36.164] [TRACE] 帧 叠加趟
[11:32:36.164] [TRACE] 帧 光标趟
[11:32:36.164] [TRACE] 帧 结束
[11:32:36.171] [TRACE] 帧 公告板
[11:32:36.171] [TRACE] 帧 格网
[11:32:36.171] [TRACE] 帧 开始
[11:32:36.171] [TRACE] 帧 格网趟
[11:32:36.171] [TRACE] 帧 场景趟
[11:32:36.172] [TRACE] 帧 高亮趟
[11:32:36.172] [TRACE] 帧 叠加趟
[11:32:36.172] [TRACE] 帧 光标趟
[11:32:36.172] [TRACE] 帧 结束
[11:32:36.177] [TRACE] 帧 公告板
[11:32:36.177] [TRACE] 帧 格网
[11:32:36.177] [TRACE] 帧 开始
[11:32:36.178] [TRACE] 帧 格网趟
[11:32:36.178] [TRACE] 帧 场景趟
[11:32:36.178] [TRACE] 帧 高亮趟
[11:32:36.178] [TRACE] 帧 叠加趟
[11:32:36.178] [TRACE] 帧 光标趟
[11:32:36.178] [TRACE] 帧 结束
[11:32:36.185] [TRACE] 帧 公告板
[11:32:36.185] [TRACE] 帧 格网
[11:32:36.185] [TRACE] 帧 开始
[11:32:36.185] [TRACE] 帧 格网趟
[11:32:36.185] [TRACE] 帧 场景趟
[11:32:36.186] [TRACE] 帧 高亮趟
[11:32:36.186] [TRACE] 帧 叠加趟
[11:32:36.186] [TRACE] 帧 光标趟
[11:32:36.186] [TRACE] 帧 结束
[11:32:36.191] [TRACE] 帧 公告板
[11:32:36.191] [TRACE] 帧 格网
[11:32:36.192] [TRACE] 帧 开始
[11:32:36.192] [TRACE] 帧 格网趟
[11:32:36.192] [TRACE] 帧 场景趟
[11:32:36.192] [TRACE] 帧 高亮趟
[11:32:36.192] [TRACE] 帧 叠加趟
[11:32:36.192] [TRACE] 帧 光标趟
[11:32:36.193] [TRACE] 帧 结束
[11:32:36.199] [TRACE] 帧 公告板
[11:32:36.199] [TRACE] 帧 格网
[11:32:36.199] [TRACE] 帧 开始
[11:32:36.199] [TRACE] 帧 格网趟
[11:32:36.199] [TRACE] 帧 场景趟
[11:32:36.200] [TRACE] 帧 高亮趟
[11:32:36.200] [TRACE] 帧 叠加趟
[11:32:36.200] [TRACE] 帧 光标趟
[11:32:36.200] [TRACE] 帧 结束
[11:32:36.205] [TRACE] 帧 公告板
[11:32:36.205] [TRACE] 帧 格网
[11:32:36.205] [TRACE] 帧 开始
[11:32:36.205] [TRACE] 帧 格网趟
[11:32:36.206] [TRACE] 帧 场景趟
[11:32:36.206] [TRACE] 帧 高亮趟
[11:32:36.206] [TRACE] 帧 叠加趟
[11:32:36.206] [TRACE] 帧 光标趟
[11:32:36.206] [TRACE] 帧 结束
[11:32:36.212] [TRACE] 帧 公告板
[11:32:36.212] [TRACE] 帧 格网
[11:32:36.212] [TRACE] 帧 开始
[11:32:36.212] [TRACE] 帧 格网趟
[11:32:36.212] [TRACE] 帧 场景趟
[11:32:36.212] [TRACE] 帧 高亮趟
[11:32:36.212] [TRACE] 帧 叠加趟
[11:32:36.212] [TRACE] 帧 光标趟
[11:32:36.213] [TRACE] 帧 结束
[11:32:36.220] [TRACE] 帧 公告板
[11:32:36.220] [TRACE] 帧 格网
[11:32:36.220] [TRACE] 帧 开始
[11:32:36.220] [TRACE] 帧 格网趟
[11:32:36.220] [TRACE] 帧 场景趟
[11:32:36.221] [TRACE] 帧 高亮趟
[11:32:36.221] [TRACE] 帧 叠加趟
[11:32:36.221] [TRACE] 帧 光标趟
[11:32:36.221] [TRACE] 帧 结束
[11:32:36.226] [TRACE] 帧 公告板
[11:32:36.226] [TRACE] 帧 格网
[11:32:36.226] [TRACE] 帧 开始
[11:32:36.226] [TRACE] 帧 格网趟
[11:32:36.226] [TRACE] 帧 场景趟
[11:32:36.226] [TRACE] 帧 高亮趟
[11:32:36.226] [TRACE] 帧 叠加趟
[11:32:36.227] [TRACE] 帧 光标趟
[11:32:36.227] [TRACE] 帧 结束
[11:32:36.234] [TRACE] 帧 公告板
[11:32:36.234] [TRACE] 帧 格网
[11:32:36.234] [TRACE] 帧 开始
[11:32:36.234] [TRACE] 帧 格网趟
[11:32:36.234] [TRACE] 帧 场景趟
[11:32:36.234] [TRACE] 帧 高亮趟
[11:32:36.234] [TRACE] 帧 叠加趟
[11:32:36.235] [TRACE] 帧 光标趟
[11:32:36.235] [TRACE] 帧 结束
[11:32:36.239] [TRACE] 帧 公告板
[11:32:36.239] [TRACE] 帧 格网
[11:32:36.240] [TRACE] 帧 开始
[11:32:36.240] [TRACE] 帧 格网趟
[11:32:36.240] [TRACE] 帧 场景趟
[11:32:36.240] [TRACE] 帧 高亮趟
[11:32:36.240] [TRACE] 帧 叠加趟
[11:32:36.240] [TRACE] 帧 光标趟
[11:32:36.240] [TRACE] 帧 结束
[11:32:36.246] [TRACE] 帧 公告板
[11:32:36.246] [TRACE] 帧 格网
[11:32:36.247] [TRACE] 帧 开始
[11:32:36.247] [TRACE] 帧 格网趟
[11:32:36.247] [TRACE] 帧 场景趟
[11:32:36.247] [TRACE] 帧 高亮趟
[11:32:36.247] [TRACE] 帧 叠加趟
[11:32:36.247] [TRACE] 帧 光标趟
[11:32:36.247] [TRACE] 帧 结束
[11:32:36.254] [TRACE] 帧 公告板
[11:32:36.254] [TRACE] 帧 格网
[11:32:36.254] [TRACE] 帧 开始
[11:32:36.255] [TRACE] 帧 格网趟
[11:32:36.255] [TRACE] 帧 场景趟
[11:32:36.255] [TRACE] 帧 高亮趟
[11:32:36.255] [TRACE] 帧 叠加趟
[11:32:36.255] [TRACE] 帧 光标趟
[11:32:36.255] [TRACE] 帧 结束
[11:32:36.260] [TRACE] 帧 公告板
[11:32:36.260] [TRACE] 帧 格网
[11:32:36.260] [TRACE] 帧 开始
[11:32:36.260] [TRACE] 帧 格网趟
[11:32:36.261] [TRACE] 帧 场景趟
[11:32:36.261] [TRACE] 帧 高亮趟
[11:32:36.261] [TRACE] 帧 叠加趟
[11:32:36.261] [TRACE] 帧 光标趟
[11:32:36.261] [TRACE] 帧 结束
[11:32:36.268] [TRACE] 帧 公告板
[11:32:36.268] [TRACE] 帧 格网
[11:32:36.268] [TRACE] 帧 开始
[11:32:36.268] [TRACE] 帧 格网趟
[11:32:36.268] [TRACE] 帧 场景趟
[11:32:36.269] [TRACE] 帧 高亮趟
[11:32:36.269] [TRACE] 帧 叠加趟
[11:32:36.269] [TRACE] 帧 光标趟
[11:32:36.269] [TRACE] 帧 结束
[11:32:36.274] [TRACE] 帧 公告板
[11:32:36.275] [TRACE] 帧 格网
[11:32:36.275] [TRACE] 帧 开始
[11:32:36.275] [TRACE] 帧 格网趟
[11:32:36.275] [TRACE] 帧 场景趟
[11:32:36.275] [TRACE] 帧 高亮趟
[11:32:36.275] [TRACE] 帧 叠加趟
[11:32:36.275] [TRACE] 帧 光标趟
[11:32:36.275] [TRACE] 帧 结束
[11:32:36.282] [TRACE] 帧 公告板
[11:32:36.282] [TRACE] 帧 格网
[11:32:36.282] [TRACE] 帧 开始
[11:32:36.282] [TRACE] 帧 格网趟
[11:32:36.282] [TRACE] 帧 场景趟
[11:32:36.282] [TRACE] 帧 高亮趟
[11:32:36.283] [TRACE] 帧 叠加趟
[11:32:36.283] [TRACE] 帧 光标趟
[11:32:36.283] [TRACE] 帧 结束
[11:32:36.288] [TRACE] 帧 公告板
[11:32:36.288] [TRACE] 帧 格网
[11:32:36.288] [TRACE] 帧 开始
[11:32:36.288] [TRACE] 帧 格网趟
[11:32:36.289] [TRACE] 帧 场景趟
[11:32:36.289] [TRACE] 帧 高亮趟
[11:32:36.289] [TRACE] 帧 叠加趟
[11:32:36.289] [TRACE] 帧 光标趟
[11:32:36.289] [TRACE] 帧 结束
[11:32:36.295] [TRACE] 帧 公告板
[11:32:36.295] [TRACE] 帧 格网
[11:32:36.296] [TRACE] 帧 开始
[11:32:36.296] [TRACE] 帧 格网趟
[11:32:36.296] [TRACE] 帧 场景趟
[11:32:36.296] [TRACE] 帧 高亮趟
[11:32:36.296] [TRACE] 帧 叠加趟
[11:32:36.296] [TRACE] 帧 光标趟
[11:32:36.296] [TRACE] 帧 结束
[11:32:36.303] [TRACE] 帧 公告板
[11:32:36.303] [TRACE] 帧 格网
[11:32:36.303] [TRACE] 帧 开始
[11:32:36.303] [TRACE] 帧 格网趟
[11:32:36.303] [TRACE] 帧 场景趟
[11:32:36.304] [TRACE] 帧 高亮趟
[11:32:36.304] [TRACE] 帧 叠加趟
[11:32:36.304] [TRACE] 帧 光标趟
[11:32:36.304] [TRACE] 帧 结束
[11:32:36.309] [TRACE] 帧 公告板
[11:32:36.309] [TRACE] 帧 格网
[11:32:36.309] [TRACE] 帧 开始
[11:32:36.309] [TRACE] 帧 格网趟
[11:32:36.310] [TRACE] 帧 场景趟
[11:32:36.310] [TRACE] 帧 高亮趟
[11:32:36.310] [TRACE] 帧 叠加趟
[11:32:36.310] [TRACE] 帧 光标趟
[11:32:36.310] [TRACE] 帧 结束
[11:32:36.317] [TRACE] 帧 公告板
[11:32:36.317] [TRACE] 帧 格网
[11:32:36.317] [TRACE] 帧 开始
[11:32:36.318] [TRACE] 帧 格网趟
[11:32:36.318] [TRACE] 帧 场景趟
[11:32:36.318] [TRACE] 帧 高亮趟
[11:32:36.318] [TRACE] 帧 叠加趟
[11:32:36.318] [TRACE] 帧 光标趟
[11:32:36.318] [TRACE] 帧 结束
[11:32:36.323] [TRACE] 帧 公告板
[11:32:36.323] [TRACE] 帧 格网
[11:32:36.323] [TRACE] 帧 开始
[11:32:36.323] [TRACE] 帧 格网趟
[11:32:36.323] [TRACE] 帧 场景趟
[11:32:36.323] [TRACE] 帧 高亮趟
[11:32:36.324] [TRACE] 帧 叠加趟
[11:32:36.324] [TRACE] 帧 光标趟
[11:32:36.324] [TRACE] 帧 结束
[11:32:36.330] [TRACE] 帧 公告板
[11:32:36.330] [TRACE] 帧 格网
[11:32:36.330] [TRACE] 帧 开始
[11:32:36.331] [TRACE] 帧 格网趟
[11:32:36.331] [TRACE] 帧 场景趟
[11:32:36.331] [TRACE] 帧 高亮趟
[11:32:36.331] [TRACE] 帧 叠加趟
[11:32:36.331] [TRACE] 帧 光标趟
[11:32:36.331] [TRACE] 帧 结束
[11:32:36.338] [TRACE] 帧 公告板
[11:32:36.338] [TRACE] 帧 格网
[11:32:36.338] [TRACE] 帧 开始
[11:32:36.338] [TRACE] 帧 格网趟
[11:32:36.338] [TRACE] 帧 场景趟
[11:32:36.339] [TRACE] 帧 高亮趟
[11:32:36.339] [TRACE] 帧 叠加趟
[11:32:36.339] [TRACE] 帧 光标趟
[11:32:36.339] [TRACE] 帧 结束
[11:32:36.344] [TRACE] 帧 公告板
[11:32:36.344] [TRACE] 帧 格网
[11:32:36.344] [TRACE] 帧 开始
[11:32:36.344] [TRACE] 帧 格网趟
[11:32:36.344] [TRACE] 帧 场景趟
[11:32:36.344] [TRACE] 帧 高亮趟
[11:32:36.345] [TRACE] 帧 叠加趟
[11:32:36.345] [TRACE] 帧 光标趟
[11:32:36.345] [TRACE] 帧 结束
[11:32:36.351] [TRACE] 帧 公告板
[11:32:36.352] [TRACE] 帧 格网
[11:32:36.352] [TRACE] 帧 开始
[11:32:36.352] [TRACE] 帧 格网趟
[11:32:36.352] [TRACE] 帧 场景趟
[11:32:36.352] [TRACE] 帧 高亮趟
[11:32:36.352] [TRACE] 帧 叠加趟
[11:32:36.352] [TRACE] 帧 光标趟
[11:32:36.352] [TRACE] 帧 结束
[11:32:36.358] [TRACE] 帧 公告板
[11:32:36.358] [TRACE] 帧 格网
[11:32:36.359] [TRACE] 帧 开始
[11:32:36.359] [TRACE] 帧 格网趟
[11:32:36.359] [TRACE] 帧 场景趟
[11:32:36.359] [TRACE] 帧 高亮趟
[11:32:36.359] [TRACE] 帧 叠加趟
[11:32:36.359] [TRACE] 帧 光标趟
[11:32:36.360] [TRACE] 帧 结束
[11:32:36.365] [TRACE] 帧 公告板
[11:32:36.365] [TRACE] 帧 格网
[11:32:36.366] [TRACE] 帧 开始
[11:32:36.366] [TRACE] 帧 格网趟
[11:32:36.366] [TRACE] 帧 场景趟
[11:32:36.366] [TRACE] 帧 高亮趟
[11:32:36.366] [TRACE] 帧 叠加趟
[11:32:36.366] [TRACE] 帧 光标趟
[11:32:36.367] [TRACE] 帧 结束
[11:32:36.372] [TRACE] 帧 公告板
[11:32:36.372] [TRACE] 帧 格网
[11:32:36.372] [TRACE] 帧 开始
[11:32:36.372] [TRACE] 帧 格网趟
[11:32:36.372] [TRACE] 帧 场景趟
[11:32:36.372] [TRACE] 帧 高亮趟
[11:32:36.373] [TRACE] 帧 叠加趟
[11:32:36.373] [TRACE] 帧 光标趟
[11:32:36.373] [TRACE] 帧 结束
[11:32:36.378] [TRACE] 帧 公告板
[11:32:36.379] [TRACE] 帧 格网
[11:32:36.379] [TRACE] 帧 开始
[11:32:36.379] [TRACE] 帧 格网趟
[11:32:36.379] [TRACE] 帧 场景趟
[11:32:36.379] [TRACE] 帧 高亮趟
[11:32:36.379] [TRACE] 帧 叠加趟
[11:32:36.379] [TRACE] 帧 光标趟
[11:32:36.380] [TRACE] 帧 结束
[11:32:36.386] [TRACE] 帧 公告板
[11:32:36.386] [TRACE] 帧 格网
[11:32:36.387] [TRACE] 帧 开始
[11:32:36.387] [TRACE] 帧 格网趟
[11:32:36.387] [TRACE] 帧 场景趟
[11:32:36.387] [TRACE] 帧 高亮趟
[11:32:36.387] [TRACE] 帧 叠加趟
[11:32:36.387] [TRACE] 帧 光标趟
[11:32:36.387] [TRACE] 帧 结束
[11:32:36.392] [TRACE] 帧 公告板
[11:32:36.393] [TRACE] 帧 格网
[11:32:36.393] [TRACE] 帧 开始
[11:32:36.393] [TRACE] 帧 格网趟
[11:32:36.393] [TRACE] 帧 场景趟
[11:32:36.393] [TRACE] 帧 高亮趟
[11:32:36.394] [TRACE] 帧 叠加趟
[11:32:36.394] [TRACE] 帧 光标趟
[11:32:36.394] [TRACE] 帧 结束
[11:32:36.400] [TRACE] 帧 公告板
[11:32:36.400] [TRACE] 帧 格网
[11:32:36.401] [TRACE] 帧 开始
[11:32:36.401] [TRACE] 帧 格网趟
[11:32:36.401] [TRACE] 帧 场景趟
[11:32:36.401] [TRACE] 帧 高亮趟
[11:32:36.401] [TRACE] 帧 叠加趟
[11:32:36.401] [TRACE] 帧 光标趟
[11:32:36.402] [TRACE] 帧 结束
[11:32:36.406] [TRACE] 帧 公告板
[11:32:36.407] [TRACE] 帧 格网
[11:32:36.407] [TRACE] 帧 开始
[11:32:36.407] [TRACE] 帧 格网趟
[11:32:36.407] [TRACE] 帧 场景趟
[11:32:36.407] [TRACE] 帧 高亮趟
[11:32:36.407] [TRACE] 帧 叠加趟
[11:32:36.407] [TRACE] 帧 光标趟
[11:32:36.408] [TRACE] 帧 结束
[11:32:36.413] [TRACE] 帧 公告板
[11:32:36.413] [TRACE] 帧 格网
[11:32:36.414] [TRACE] 帧 开始
[11:32:36.414] [TRACE] 帧 格网趟
[11:32:36.414] [TRACE] 帧 场景趟
[11:32:36.414] [TRACE] 帧 高亮趟
[11:32:36.414] [TRACE] 帧 叠加趟
[11:32:36.414] [TRACE] 帧 光标趟
[11:32:36.414] [TRACE] 帧 结束
[11:32:36.421] [TRACE] 帧 公告板
[11:32:36.421] [TRACE] 帧 格网
[11:32:36.421] [TRACE] 帧 开始
[11:32:36.421] [TRACE] 帧 格网趟
[11:32:36.422] [TRACE] 帧 场景趟
[11:32:36.422] [TRACE] 帧 高亮趟
[11:32:36.422] [TRACE] 帧 叠加趟
[11:32:36.422] [TRACE] 帧 光标趟
[11:32:36.422] [TRACE] 帧 结束
[11:32:36.427] [TRACE] 帧 公告板
[11:32:36.427] [TRACE] 帧 格网
[11:32:36.427] [TRACE] 帧 开始
[11:32:36.428] [TRACE] 帧 格网趟
[11:32:36.428] [TRACE] 帧 场景趟
[11:32:36.428] [TRACE] 帧 高亮趟
[11:32:36.428] [TRACE] 帧 叠加趟
[11:32:36.428] [TRACE] 帧 光标趟
[11:32:36.428] [TRACE] 帧 结束
[11:32:36.435] [TRACE] 帧 公告板
[11:32:36.435] [TRACE] 帧 格网
[11:32:36.436] [TRACE] 帧 开始
[11:32:36.436] [TRACE] 帧 格网趟
[11:32:36.436] [TRACE] 帧 场景趟
[11:32:36.436] [TRACE] 帧 高亮趟
[11:32:36.436] [TRACE] 帧 叠加趟
[11:32:36.436] [TRACE] 帧 光标趟
[11:32:36.436] [TRACE] 帧 结束
[11:32:36.441] [TRACE] 帧 公告板
[11:32:36.442] [TRACE] 帧 格网
[11:32:36.442] [TRACE] 帧 开始
[11:32:36.442] [TRACE] 帧 格网趟
[11:32:36.442] [TRACE] 帧 场景趟
[11:32:36.442] [TRACE] 帧 高亮趟
[11:32:36.442] [TRACE] 帧 叠加趟
[11:32:36.443] [TRACE] 帧 光标趟
[11:32:36.443] [TRACE] 帧 结束
[11:32:36.449] [TRACE] 帧 公告板
[11:32:36.449] [TRACE] 帧 格网
[11:32:36.449] [TRACE] 帧 开始
[11:32:36.449] [TRACE] 帧 格网趟
[11:32:36.449] [TRACE] 帧 场景趟
[11:32:36.449] [TRACE] 帧 高亮趟
[11:32:36.450] [TRACE] 帧 叠加趟
[11:32:36.450] [TRACE] 帧 光标趟
[11:32:36.450] [TRACE] 帧 结束
[11:32:36.455] [TRACE] 帧 公告板
[11:32:36.455] [TRACE] 帧 格网
[11:32:36.455] [TRACE] 帧 开始
[11:32:36.455] [TRACE] 帧 格网趟
[11:32:36.455] [TRACE] 帧 场景趟
[11:32:36.456] [TRACE] 帧 高亮趟
[11:32:36.456] [TRACE] 帧 叠加趟
[11:32:36.456] [TRACE] 帧 光标趟
[11:32:36.456] [TRACE] 帧 结束
[11:32:36.462] [TRACE] 帧 公告板
[11:32:36.462] [TRACE] 帧 格网
[11:32:36.462] [TRACE] 帧 开始
[11:32:36.462] [TRACE] 帧 格网趟
[11:32:36.462] [TRACE] 帧 场景趟
[11:32:36.462] [TRACE] 帧 高亮趟
[11:32:36.462] [TRACE] 帧 叠加趟
[11:32:36.463] [TRACE] 帧 光标趟
[11:32:36.463] [TRACE] 帧 结束
[11:32:36.470] [TRACE] 帧 公告板
[11:32:36.470] [TRACE] 帧 格网
[11:32:36.470] [TRACE] 帧 开始
[11:32:36.470] [TRACE] 帧 格网趟
[11:32:36.470] [TRACE] 帧 场景趟
[11:32:36.470] [TRACE] 帧 高亮趟
[11:32:36.471] [TRACE] 帧 叠加趟
[11:32:36.471] [TRACE] 帧 光标趟
[11:32:36.471] [TRACE] 帧 结束
[11:32:36.476] [TRACE] 帧 公告板
[11:32:36.476] [TRACE] 帧 格网
[11:32:36.476] [TRACE] 帧 开始
[11:32:36.476] [TRACE] 帧 格网趟
[11:32:36.476] [TRACE] 帧 场景趟
[11:32:36.476] [TRACE] 帧 高亮趟
[11:32:36.477] [TRACE] 帧 叠加趟
[11:32:36.477] [TRACE] 帧 光标趟
[11:32:36.477] [TRACE] 帧 结束
[11:32:36.484] [TRACE] 帧 公告板
[11:32:36.484] [TRACE] 帧 格网
[11:32:36.484] [TRACE] 帧 开始
[11:32:36.484] [TRACE] 帧 格网趟
[11:32:36.485] [TRACE] 帧 场景趟
[11:32:36.485] [TRACE] 帧 高亮趟
[11:32:36.485] [TRACE] 帧 叠加趟
[11:32:36.485] [TRACE] 帧 光标趟
[11:32:36.485] [TRACE] 帧 结束
[11:32:36.489] [TRACE] 帧 公告板
[11:32:36.490] [TRACE] 帧 格网
[11:32:36.490] [TRACE] 帧 开始
[11:32:36.490] [TRACE] 帧 格网趟
[11:32:36.490] [TRACE] 帧 场景趟
[11:32:36.490] [TRACE] 帧 高亮趟
[11:32:36.490] [TRACE] 帧 叠加趟
[11:32:36.491] [TRACE] 帧 光标趟
[11:32:36.491] [TRACE] 帧 结束
[11:32:36.497] [TRACE] 帧 公告板
[11:32:36.497] [TRACE] 帧 格网
[11:32:36.497] [TRACE] 帧 开始
[11:32:36.497] [TRACE] 帧 格网趟
[11:32:36.497] [TRACE] 帧 场景趟
[11:32:36.498] [TRACE] 帧 高亮趟
[11:32:36.498] [TRACE] 帧 叠加趟
[11:32:36.498] [TRACE] 帧 光标趟
[11:32:36.498] [TRACE] 帧 结束
[11:32:36.504] [TRACE] 帧 公告板
[11:32:36.505] [TRACE] 帧 格网
[11:32:36.505] [TRACE] 帧 开始
[11:32:36.505] [TRACE] 帧 格网趟
[11:32:36.505] [TRACE] 帧 场景趟
[11:32:36.505] [TRACE] 帧 高亮趟
[11:32:36.505] [TRACE] 帧 叠加趟
[11:32:36.505] [TRACE] 帧 光标趟
[11:32:36.505] [TRACE] 帧 结束
[11:32:36.510] [TRACE] 帧 公告板
[11:32:36.510] [TRACE] 帧 格网
[11:32:36.511] [TRACE] 帧 开始
[11:32:36.511] [TRACE] 帧 格网趟
[11:32:36.511] [TRACE] 帧 场景趟
[11:32:36.511] [TRACE] 帧 高亮趟
[11:32:36.511] [TRACE] 帧 叠加趟
[11:32:36.511] [TRACE] 帧 光标趟
[11:32:36.511] [TRACE] 帧 结束
[11:32:36.518] [TRACE] 帧 公告板
[11:32:36.518] [TRACE] 帧 格网
[11:32:36.519] [TRACE] 帧 开始
[11:32:36.519] [TRACE] 帧 格网趟
[11:32:36.519] [TRACE] 帧 场景趟
[11:32:36.519] [TRACE] 帧 高亮趟
[11:32:36.519] [TRACE] 帧 叠加趟
[11:32:36.519] [TRACE] 帧 光标趟
[11:32:36.519] [TRACE] 帧 结束
[11:32:36.525] [TRACE] 帧 公告板
[11:32:36.525] [TRACE] 帧 格网
[11:32:36.526] [TRACE] 帧 开始
[11:32:36.526] [TRACE] 帧 格网趟
[11:32:36.526] [TRACE] 帧 场景趟
[11:32:36.526] [TRACE] 帧 高亮趟
[11:32:36.526] [TRACE] 帧 叠加趟
[11:32:36.526] [TRACE] 帧 光标趟
[11:32:36.526] [TRACE] 帧 结束
[11:32:36.532] [TRACE] 帧 公告板
[11:32:36.532] [TRACE] 帧 格网
[11:32:36.532] [TRACE] 帧 开始
[11:32:36.532] [TRACE] 帧 格网趟
[11:32:36.533] [TRACE] 帧 场景趟
[11:32:36.533] [TRACE] 帧 高亮趟
[11:32:36.533] [TRACE] 帧 叠加趟
[11:32:36.533] [TRACE] 帧 光标趟
[11:32:36.533] [TRACE] 帧 结束
[11:32:36.538] [TRACE] 帧 公告板
[11:32:36.539] [TRACE] 帧 格网
[11:32:36.539] [TRACE] 帧 开始
[11:32:36.539] [TRACE] 帧 格网趟
[11:32:36.539] [TRACE] 帧 场景趟
[11:32:36.539] [TRACE] 帧 高亮趟
[11:32:36.540] [TRACE] 帧 叠加趟
[11:32:36.540] [TRACE] 帧 光标趟
[11:32:36.540] [TRACE] 帧 结束
[11:32:36.546] [TRACE] 帧 公告板
[11:32:36.546] [TRACE] 帧 格网
[11:32:36.546] [TRACE] 帧 开始
[11:32:36.546] [TRACE] 帧 格网趟
[11:32:36.546] [TRACE] 帧 场景趟
[11:32:36.546] [TRACE] 帧 高亮趟
[11:32:36.547] [TRACE] 帧 叠加趟
[11:32:36.547] [TRACE] 帧 光标趟
[11:32:36.547] [TRACE] 帧 结束
[11:32:36.554] [TRACE] 帧 公告板
[11:32:36.554] [TRACE] 帧 格网
[11:32:36.554] [TRACE] 帧 开始
[11:32:36.554] [TRACE] 帧 格网趟
[11:32:36.555] [TRACE] 帧 场景趟
[11:32:36.555] [TRACE] 帧 高亮趟
[11:32:36.555] [TRACE] 帧 叠加趟
[11:32:36.555] [TRACE] 帧 光标趟
[11:32:36.555] [TRACE] 帧 结束
[11:32:36.559] [TRACE] 帧 公告板
[11:32:36.560] [TRACE] 帧 格网
[11:32:36.560] [TRACE] 帧 开始
[11:32:36.560] [TRACE] 帧 格网趟
[11:32:36.560] [TRACE] 帧 场景趟
[11:32:36.560] [TRACE] 帧 高亮趟
[11:32:36.560] [TRACE] 帧 叠加趟
[11:32:36.561] [TRACE] 帧 光标趟
[11:32:36.561] [TRACE] 帧 结束
[11:32:36.568] [TRACE] 帧 公告板
[11:32:36.568] [TRACE] 帧 格网
[11:32:36.568] [TRACE] 帧 开始
[11:32:36.568] [TRACE] 帧 格网趟
[11:32:36.568] [TRACE] 帧 场景趟
[11:32:36.569] [TRACE] 帧 高亮趟
[11:32:36.569] [TRACE] 帧 叠加趟
[11:32:36.569] [TRACE] 帧 光标趟
[11:32:36.569] [TRACE] 帧 结束
[11:32:36.573] [TRACE] 帧 公告板
[11:32:36.573] [TRACE] 帧 格网
[11:32:36.574] [TRACE] 帧 开始
[11:32:36.574] [TRACE] 帧 格网趟
[11:32:36.574] [TRACE] 帧 场景趟
[11:32:36.574] [TRACE] 帧 高亮趟
[11:32:36.574] [TRACE] 帧 叠加趟
[11:32:36.574] [TRACE] 帧 光标趟
[11:32:36.575] [TRACE] 帧 结束
[11:32:36.580] [TRACE] 帧 公告板
[11:32:36.580] [TRACE] 帧 格网
[11:32:36.580] [TRACE] 帧 开始
[11:32:36.581] [TRACE] 帧 格网趟
[11:32:36.581] [TRACE] 帧 场景趟
[11:32:36.581] [TRACE] 帧 高亮趟
[11:32:36.581] [TRACE] 帧 叠加趟
[11:32:36.581] [TRACE] 帧 光标趟
[11:32:36.581] [TRACE] 帧 结束
[11:32:36.588] [TRACE] 帧 公告板
[11:32:36.588] [TRACE] 帧 格网
[11:32:36.588] [TRACE] 帧 开始
[11:32:36.588] [TRACE] 帧 格网趟
[11:32:36.589] [TRACE] 帧 场景趟
[11:32:36.589] [TRACE] 帧 高亮趟
[11:32:36.589] [TRACE] 帧 叠加趟
[11:32:36.589] [TRACE] 帧 光标趟
[11:32:36.589] [TRACE] 帧 结束
[11:32:36.594] [TRACE] 帧 公告板
[11:32:36.595] [TRACE] 帧 格网
[11:32:36.595] [TRACE] 帧 开始
[11:32:36.595] [TRACE] 帧 格网趟
[11:32:36.596] [TRACE] 帧 场景趟
[11:32:36.596] [TRACE] 帧 高亮趟
[11:32:36.596] [TRACE] 帧 叠加趟
[11:32:36.596] [TRACE] 帧 光标趟
[11:32:36.596] [TRACE] 帧 结束
[11:32:36.602] [TRACE] 帧 公告板
[11:32:36.602] [TRACE] 帧 格网
[11:32:36.603] [TRACE] 帧 开始
[11:32:36.603] [TRACE] 帧 格网趟
[11:32:36.603] [TRACE] 帧 场景趟
[11:32:36.603] [TRACE] 帧 高亮趟
[11:32:36.603] [TRACE] 帧 叠加趟
[11:32:36.603] [TRACE] 帧 光标趟
[11:32:36.603] [TRACE] 帧 结束
[11:32:36.608] [TRACE] 帧 公告板
[11:32:36.609] [TRACE] 帧 格网
[11:32:36.609] [TRACE] 帧 开始
[11:32:36.609] [TRACE] 帧 格网趟
[11:32:36.609] [TRACE] 帧 场景趟
[11:32:36.609] [TRACE] 帧 高亮趟
[11:32:36.609] [TRACE] 帧 叠加趟
[11:32:36.609] [TRACE] 帧 光标趟
[11:32:36.609] [TRACE] 帧 结束
[11:32:36.616] [TRACE] 帧 公告板
[11:32:36.616] [TRACE] 帧 格网
[11:32:36.616] [TRACE] 帧 开始
[11:32:36.616] [TRACE] 帧 格网趟
[11:32:36.617] [TRACE] 帧 场景趟
[11:32:36.617] [TRACE] 帧 高亮趟
[11:32:36.617] [TRACE] 帧 叠加趟
[11:32:36.617] [TRACE] 帧 光标趟
[11:32:36.617] [TRACE] 帧 结束
[11:32:36.622] [TRACE] 帧 公告板
[11:32:36.622] [TRACE] 帧 格网
[11:32:36.622] [TRACE] 帧 开始
[11:32:36.622] [TRACE] 帧 格网趟
[11:32:36.623] [TRACE] 帧 场景趟
[11:32:36.623] [TRACE] 帧 高亮趟
[11:32:36.623] [TRACE] 帧 叠加趟
[11:32:36.623] [TRACE] 帧 光标趟
[11:32:36.624] [TRACE] 帧 结束
[11:32:36.629] [TRACE] 帧 公告板
[11:32:36.629] [TRACE] 帧 格网
[11:32:36.629] [TRACE] 帧 开始
[11:32:36.629] [TRACE] 帧 格网趟
[11:32:36.629] [TRACE] 帧 场景趟
[11:32:36.629] [TRACE] 帧 高亮趟
[11:32:36.630] [TRACE] 帧 叠加趟
[11:32:36.630] [TRACE] 帧 光标趟
[11:32:36.630] [TRACE] 帧 结束
[11:32:36.636] [TRACE] 帧 公告板
[11:32:36.637] [TRACE] 帧 格网
[11:32:36.637] [TRACE] 帧 开始
[11:32:36.637] [TRACE] 帧 格网趟
[11:32:36.637] [TRACE] 帧 场景趟
[11:32:36.638] [TRACE] 帧 高亮趟
[11:32:36.638] [TRACE] 帧 叠加趟
[11:32:36.638] [TRACE] 帧 光标趟
[11:32:36.638] [TRACE] 帧 结束
[11:32:36.642] [TRACE] 帧 公告板
[11:32:36.643] [TRACE] 帧 格网
[11:32:36.643] [TRACE] 帧 开始
[11:32:36.643] [TRACE] 帧 格网趟
[11:32:36.643] [TRACE] 帧 场景趟
[11:32:36.643] [TRACE] 帧 高亮趟
[11:32:36.644] [TRACE] 帧 叠加趟
[11:32:36.644] [TRACE] 帧 光标趟
[11:32:36.644] [TRACE] 帧 结束
[11:32:36.651] [TRACE] 帧 公告板
[11:32:36.651] [TRACE] 帧 格网
[11:32:36.651] [TRACE] 帧 开始
[11:32:36.651] [TRACE] 帧 格网趟
[11:32:36.652] [TRACE] 帧 场景趟
[11:32:36.652] [TRACE] 帧 高亮趟
[11:32:36.652] [TRACE] 帧 叠加趟
[11:32:36.652] [TRACE] 帧 光标趟
[11:32:36.652] [TRACE] 帧 结束
[11:32:36.656] [TRACE] 帧 公告板
[11:32:36.656] [TRACE] 帧 格网
[11:32:36.657] [TRACE] 帧 开始
[11:32:36.657] [TRACE] 帧 格网趟
[11:32:36.657] [TRACE] 帧 场景趟
[11:32:36.657] [TRACE] 帧 高亮趟
[11:32:36.657] [TRACE] 帧 叠加趟
[11:32:36.658] [TRACE] 帧 光标趟
[11:32:36.658] [TRACE] 帧 结束
[11:32:36.664] [TRACE] 帧 公告板
[11:32:36.664] [TRACE] 帧 格网
[11:32:36.664] [TRACE] 帧 开始
[11:32:36.664] [TRACE] 帧 格网趟
[11:32:36.664] [TRACE] 帧 场景趟
[11:32:36.664] [TRACE] 帧 高亮趟
[11:32:36.665] [TRACE] 帧 叠加趟
[11:32:36.665] [TRACE] 帧 光标趟
[11:32:36.665] [TRACE] 帧 结束
[11:32:36.671] [TRACE] 帧 公告板
[11:32:36.671] [TRACE] 帧 格网
[11:32:36.671] [TRACE] 帧 开始
[11:32:36.672] [TRACE] 帧 格网趟
[11:32:36.672] [TRACE] 帧 场景趟
[11:32:36.672] [TRACE] 帧 高亮趟
[11:32:36.672] [TRACE] 帧 叠加趟
[11:32:36.672] [TRACE] 帧 光标趟
[11:32:36.673] [TRACE] 帧 结束
[11:32:36.677] [TRACE] 帧 公告板
[11:32:36.678] [TRACE] 帧 格网
[11:32:36.678] [TRACE] 帧 开始
[11:32:36.678] [TRACE] 帧 格网趟
[11:32:36.678] [TRACE] 帧 场景趟
[11:32:36.679] [TRACE] 帧 高亮趟
[11:32:36.679] [TRACE] 帧 叠加趟
[11:32:36.679] [TRACE] 帧 光标趟
[11:32:36.679] [TRACE] 帧 结束
[11:32:36.685] [TRACE] 帧 公告板
[11:32:36.685] [TRACE] 帧 格网
[11:32:36.685] [TRACE] 帧 开始
[11:32:36.685] [TRACE] 帧 格网趟
[11:32:36.686] [TRACE] 帧 场景趟
[11:32:36.686] [TRACE] 帧 高亮趟
[11:32:36.686] [TRACE] 帧 叠加趟
[11:32:36.686] [TRACE] 帧 光标趟
[11:32:36.686] [TRACE] 帧 结束
[11:32:36.691] [TRACE] 帧 公告板
[11:32:36.692] [TRACE] 帧 格网
[11:32:36.692] [TRACE] 帧 开始
[11:32:36.692] [TRACE] 帧 格网趟
[11:32:36.692] [TRACE] 帧 场景趟
[11:32:36.692] [TRACE] 帧 高亮趟
[11:32:36.692] [TRACE] 帧 叠加趟
[11:32:36.692] [TRACE] 帧 光标趟
[11:32:36.693] [TRACE] 帧 结束
[11:32:36.699] [TRACE] 帧 公告板
[11:32:36.699] [TRACE] 帧 格网
[11:32:36.699] [TRACE] 帧 开始
[11:32:36.700] [TRACE] 帧 格网趟
[11:32:36.700] [TRACE] 帧 场景趟
[11:32:36.700] [TRACE] 帧 高亮趟
[11:32:36.700] [TRACE] 帧 叠加趟
[11:32:36.700] [TRACE] 帧 光标趟
[11:32:36.700] [TRACE] 帧 结束
[11:32:36.705] [TRACE] 帧 公告板
[11:32:36.705] [TRACE] 帧 格网
[11:32:36.705] [TRACE] 帧 开始
[11:32:36.705] [TRACE] 帧 格网趟
[11:32:36.705] [TRACE] 帧 场景趟
[11:32:36.706] [TRACE] 帧 高亮趟
[11:32:36.706] [TRACE] 帧 叠加趟
[11:32:36.706] [TRACE] 帧 光标趟
[11:32:36.706] [TRACE] 帧 结束
[11:32:36.712] [TRACE] 帧 公告板
[11:32:36.712] [TRACE] 帧 格网
[11:32:36.712] [TRACE] 帧 开始
[11:32:36.713] [TRACE] 帧 格网趟
[11:32:36.713] [TRACE] 帧 场景趟
[11:32:36.713] [TRACE] 帧 高亮趟
[11:32:36.713] [TRACE] 帧 叠加趟
[11:32:36.713] [TRACE] 帧 光标趟
[11:32:36.713] [TRACE] 帧 结束
[11:32:36.720] [TRACE] 帧 公告板
[11:32:36.720] [TRACE] 帧 格网
[11:32:36.720] [TRACE] 帧 开始
[11:32:36.720] [TRACE] 帧 格网趟
[11:32:36.720] [TRACE] 帧 场景趟
[11:32:36.720] [TRACE] 帧 高亮趟
[11:32:36.720] [TRACE] 帧 叠加趟
[11:32:36.721] [TRACE] 帧 光标趟
[11:32:36.721] [TRACE] 帧 结束
[11:32:36.726] [TRACE] 帧 公告板
[11:32:36.726] [TRACE] 帧 格网
[11:32:36.726] [TRACE] 帧 开始
[11:32:36.727] [TRACE] 帧 格网趟
[11:32:36.727] [TRACE] 帧 场景趟
[11:32:36.727] [TRACE] 帧 高亮趟
[11:32:36.727] [TRACE] 帧 叠加趟
[11:32:36.727] [TRACE] 帧 光标趟
[11:32:36.727] [TRACE] 帧 结束
[11:32:36.734] [TRACE] 帧 公告板
[11:32:36.734] [TRACE] 帧 格网
[11:32:36.735] [TRACE] 帧 开始
[11:32:36.735] [TRACE] 帧 格网趟
[11:32:36.735] [TRACE] 帧 场景趟
[11:32:36.735] [TRACE] 帧 高亮趟
[11:32:36.735] [TRACE] 帧 叠加趟
[11:32:36.735] [TRACE] 帧 光标趟
[11:32:36.735] [TRACE] 帧 结束
[11:32:36.740] [TRACE] 帧 公告板
[11:32:36.740] [TRACE] 帧 格网
[11:32:36.740] [TRACE] 帧 开始
[11:32:36.740] [TRACE] 帧 格网趟
[11:32:36.741] [TRACE] 帧 场景趟
[11:32:36.741] [TRACE] 帧 高亮趟
[11:32:36.741] [TRACE] 帧 叠加趟
[11:32:36.741] [TRACE] 帧 光标趟
[11:32:36.741] [TRACE] 帧 结束
[11:32:36.748] [TRACE] 帧 公告板
[11:32:36.748] [TRACE] 帧 格网
[11:32:36.748] [TRACE] 帧 开始
[11:32:36.748] [TRACE] 帧 格网趟
[11:32:36.748] [TRACE] 帧 场景趟
[11:32:36.748] [TRACE] 帧 高亮趟
[11:32:36.748] [TRACE] 帧 叠加趟
[11:32:36.749] [TRACE] 帧 光标趟
[11:32:36.749] [TRACE] 帧 结束
[11:32:36.754] [TRACE] 帧 公告板
[11:32:36.754] [TRACE] 帧 格网
[11:32:36.754] [TRACE] 帧 开始
[11:32:36.754] [TRACE] 帧 格网趟
[11:32:36.754] [TRACE] 帧 场景趟
[11:32:36.755] [TRACE] 帧 高亮趟
[11:32:36.755] [TRACE] 帧 叠加趟
[11:32:36.755] [TRACE] 帧 光标趟
[11:32:36.755] [TRACE] 帧 结束
[11:32:36.761] [TRACE] 帧 公告板
[11:32:36.761] [TRACE] 帧 格网
[11:32:36.761] [TRACE] 帧 开始
[11:32:36.761] [TRACE] 帧 格网趟
[11:32:36.761] [TRACE] 帧 场景趟
[11:32:36.762] [TRACE] 帧 高亮趟
[11:32:36.762] [TRACE] 帧 叠加趟
[11:32:36.762] [TRACE] 帧 光标趟
[11:32:36.762] [TRACE] 帧 结束
[11:32:36.769] [TRACE] 帧 公告板
[11:32:36.769] [TRACE] 帧 格网
[11:32:36.769] [TRACE] 帧 开始
[11:32:36.769] [TRACE] 帧 格网趟
[11:32:36.769] [TRACE] 帧 场景趟
[11:32:36.769] [TRACE] 帧 高亮趟
[11:32:36.769] [TRACE] 帧 叠加趟
[11:32:36.769] [TRACE] 帧 光标趟
[11:32:36.770] [TRACE] 帧 结束
[11:32:36.775] [TRACE] 帧 公告板
[11:32:36.775] [TRACE] 帧 格网
[11:32:36.776] [TRACE] 帧 开始
[11:32:36.776] [TRACE] 帧 格网趟
[11:32:36.776] [TRACE] 帧 场景趟
[11:32:36.776] [TRACE] 帧 高亮趟
[11:32:36.776] [TRACE] 帧 叠加趟
[11:32:36.776] [TRACE] 帧 光标趟
[11:32:36.776] [TRACE] 帧 结束
[11:32:36.782] [TRACE] 帧 公告板
[11:32:36.783] [TRACE] 帧 格网
[11:32:36.783] [TRACE] 帧 开始
[11:32:36.783] [TRACE] 帧 格网趟
[11:32:36.783] [TRACE] 帧 场景趟
[11:32:36.783] [TRACE] 帧 高亮趟
[11:32:36.783] [TRACE] 帧 叠加趟
[11:32:36.784] [TRACE] 帧 光标趟
[11:32:36.784] [TRACE] 帧 结束
[11:32:36.789] [TRACE] 帧 公告板
[11:32:36.789] [TRACE] 帧 格网
[11:32:36.789] [TRACE] 帧 开始
[11:32:36.789] [TRACE] 帧 格网趟
[11:32:36.789] [TRACE] 帧 场景趟
[11:32:36.789] [TRACE] 帧 高亮趟
[11:32:36.790] [TRACE] 帧 叠加趟
[11:32:36.790] [TRACE] 帧 光标趟
[11:32:36.790] [TRACE] 帧 结束
[11:32:36.796] [TRACE] 帧 公告板
[11:32:36.796] [TRACE] 帧 格网
[11:32:36.796] [TRACE] 帧 开始
[11:32:36.797] [TRACE] 帧 格网趟
[11:32:36.797] [TRACE] 帧 场景趟
[11:32:36.797] [TRACE] 帧 高亮趟
[11:32:36.797] [TRACE] 帧 叠加趟
[11:32:36.797] [TRACE] 帧 光标趟
[11:32:36.797] [TRACE] 帧 结束
[11:32:36.803] [TRACE] 帧 公告板
[11:32:36.804] [TRACE] 帧 格网
[11:32:36.804] [TRACE] 帧 开始
[11:32:36.804] [TRACE] 帧 格网趟
[11:32:36.804] [TRACE] 帧 场景趟
[11:32:36.804] [TRACE] 帧 高亮趟
[11:32:36.804] [TRACE] 帧 叠加趟
[11:32:36.805] [TRACE] 帧 光标趟
[11:32:36.805] [TRACE] 帧 结束
[11:32:36.810] [TRACE] 帧 公告板
[11:32:36.810] [TRACE] 帧 格网
[11:32:36.810] [TRACE] 帧 开始
[11:32:36.810] [TRACE] 帧 格网趟
[11:32:36.810] [TRACE] 帧 场景趟
[11:32:36.810] [TRACE] 帧 高亮趟
[11:32:36.810] [TRACE] 帧 叠加趟
[11:32:36.811] [TRACE] 帧 光标趟
[11:32:36.811] [TRACE] 帧 结束
[11:32:36.818] [TRACE] 帧 公告板
[11:32:36.818] [TRACE] 帧 格网
[11:32:36.818] [TRACE] 帧 开始
[11:32:36.819] [TRACE] 帧 格网趟
[11:32:36.819] [TRACE] 帧 场景趟
[11:32:36.819] [TRACE] 帧 高亮趟
[11:32:36.819] [TRACE] 帧 叠加趟
[11:32:36.819] [TRACE] 帧 光标趟
[11:32:36.819] [TRACE] 帧 结束
[11:32:36.823] [TRACE] 帧 公告板
[11:32:36.824] [TRACE] 帧 格网
[11:32:36.824] [TRACE] 帧 开始
[11:32:36.824] [TRACE] 帧 格网趟
[11:32:36.824] [TRACE] 帧 场景趟
[11:32:36.824] [TRACE] 帧 高亮趟
[11:32:36.824] [TRACE] 帧 叠加趟
[11:32:36.824] [TRACE] 帧 光标趟
[11:32:36.825] [TRACE] 帧 结束
[11:32:36.832] [TRACE] 帧 公告板
[11:32:36.832] [TRACE] 帧 格网
[11:32:36.832] [TRACE] 帧 开始
[11:32:36.833] [TRACE] 帧 格网趟
[11:32:36.833] [TRACE] 帧 场景趟
[11:32:36.833] [TRACE] 帧 高亮趟
[11:32:36.833] [TRACE] 帧 叠加趟
[11:32:36.833] [TRACE] 帧 光标趟
[11:32:36.833] [TRACE] 帧 结束
[11:32:36.837] [TRACE] 帧 公告板
[11:32:36.838] [TRACE] 帧 格网
[11:32:36.838] [TRACE] 帧 开始
[11:32:36.838] [TRACE] 帧 格网趟
[11:32:36.838] [TRACE] 帧 场景趟
[11:32:36.838] [TRACE] 帧 高亮趟
[11:32:36.838] [TRACE] 帧 叠加趟
[11:32:36.839] [TRACE] 帧 光标趟
[11:32:36.839] [TRACE] 帧 结束
[11:32:36.845] [TRACE] 帧 公告板
[11:32:36.845] [TRACE] 帧 格网
[11:32:36.845] [TRACE] 帧 开始
[11:32:36.845] [TRACE] 帧 格网趟
[11:32:36.845] [TRACE] 帧 场景趟
[11:32:36.846] [TRACE] 帧 高亮趟
[11:32:36.846] [TRACE] 帧 叠加趟
[11:32:36.846] [TRACE] 帧 光标趟
[11:32:36.846] [TRACE] 帧 结束
[11:32:36.852] [TRACE] 帧 公告板
[11:32:36.853] [TRACE] 帧 格网
[11:32:36.853] [TRACE] 帧 开始
[11:32:36.853] [TRACE] 帧 格网趟
[11:32:36.853] [TRACE] 帧 场景趟
[11:32:36.853] [TRACE] 帧 高亮趟
[11:32:36.854] [TRACE] 帧 叠加趟
[11:32:36.854] [TRACE] 帧 光标趟
[11:32:36.854] [TRACE] 帧 结束
[11:32:36.859] [TRACE] 帧 公告板
[11:32:36.859] [TRACE] 帧 格网
[11:32:36.859] [TRACE] 帧 开始
[11:32:36.859] [TRACE] 帧 格网趟
[11:32:36.860] [TRACE] 帧 场景趟
[11:32:36.860] [TRACE] 帧 高亮趟
[11:32:36.860] [TRACE] 帧 叠加趟
[11:32:36.860] [TRACE] 帧 光标趟
[11:32:36.860] [TRACE] 帧 结束
[11:32:36.866] [TRACE] 帧 公告板
[11:32:36.866] [TRACE] 帧 格网
[11:32:36.867] [TRACE] 帧 开始
[11:32:36.867] [TRACE] 帧 格网趟
[11:32:36.867] [TRACE] 帧 场景趟
[11:32:36.867] [TRACE] 帧 高亮趟
[11:32:36.867] [TRACE] 帧 叠加趟
[11:32:36.867] [TRACE] 帧 光标趟
[11:32:36.868] [TRACE] 帧 结束
[11:32:36.872] [TRACE] 帧 公告板
[11:32:36.872] [TRACE] 帧 格网
[11:32:36.872] [TRACE] 帧 开始
[11:32:36.873] [TRACE] 帧 格网趟
[11:32:36.873] [TRACE] 帧 场景趟
[11:32:36.873] [TRACE] 帧 高亮趟
[11:32:36.873] [TRACE] 帧 叠加趟
[11:32:36.873] [TRACE] 帧 光标趟
[11:32:36.873] [TRACE] 帧 结束
[11:32:36.879] [TRACE] 帧 公告板
[11:32:36.880] [TRACE] 帧 格网
[11:32:36.880] [TRACE] 帧 开始
[11:32:36.880] [TRACE] 帧 格网趟
[11:32:36.880] [TRACE] 帧 场景趟
[11:32:36.880] [TRACE] 帧 高亮趟
[11:32:36.880] [TRACE] 帧 叠加趟
[11:32:36.881] [TRACE] 帧 光标趟
[11:32:36.881] [TRACE] 帧 结束
[11:32:36.887] [TRACE] 帧 公告板
[11:32:36.887] [TRACE] 帧 格网
[11:32:36.887] [TRACE] 帧 开始
[11:32:36.888] [TRACE] 帧 格网趟
[11:32:36.888] [TRACE] 帧 场景趟
[11:32:36.888] [TRACE] 帧 高亮趟
[11:32:36.888] [TRACE] 帧 叠加趟
[11:32:36.888] [TRACE] 帧 光标趟
[11:32:36.888] [TRACE] 帧 结束
[11:32:36.893] [TRACE] 帧 公告板
[11:32:36.893] [TRACE] 帧 格网
[11:32:36.893] [TRACE] 帧 开始
[11:32:36.894] [TRACE] 帧 格网趟
[11:32:36.894] [TRACE] 帧 场景趟
[11:32:36.894] [TRACE] 帧 高亮趟
[11:32:36.894] [TRACE] 帧 叠加趟
[11:32:36.895] [TRACE] 帧 光标趟
[11:32:36.895] [TRACE] 帧 结束
[11:32:36.901] [TRACE] 帧 公告板
[11:32:36.902] [TRACE] 帧 格网
[11:32:36.902] [TRACE] 帧 开始
[11:32:36.902] [TRACE] 帧 格网趟
[11:32:36.902] [TRACE] 帧 场景趟
[11:32:36.902] [TRACE] 帧 高亮趟
[11:32:36.903] [TRACE] 帧 叠加趟
[11:32:36.903] [TRACE] 帧 光标趟
[11:32:36.903] [TRACE] 帧 结束
[11:32:36.907] [TRACE] 帧 公告板
[11:32:36.907] [TRACE] 帧 格网
[11:32:36.907] [TRACE] 帧 开始
[11:32:36.908] [TRACE] 帧 格网趟
[11:32:36.908] [TRACE] 帧 场景趟
[11:32:36.908] [TRACE] 帧 高亮趟
[11:32:36.908] [TRACE] 帧 叠加趟
[11:32:36.908] [TRACE] 帧 光标趟
[11:32:36.908] [TRACE] 帧 结束
[11:32:36.915] [TRACE] 帧 公告板
[11:32:36.915] [TRACE] 帧 格网
[11:32:36.915] [TRACE] 帧 开始
[11:32:36.915] [TRACE] 帧 格网趟
[11:32:36.915] [TRACE] 帧 场景趟
[11:32:36.916] [TRACE] 帧 高亮趟
[11:32:36.916] [TRACE] 帧 叠加趟
[11:32:36.916] [TRACE] 帧 光标趟
[11:32:36.916] [TRACE] 帧 结束
[11:32:36.921] [TRACE] 帧 公告板
[11:32:36.921] [TRACE] 帧 格网
[11:32:36.921] [TRACE] 帧 开始
[11:32:36.921] [TRACE] 帧 格网趟
[11:32:36.921] [TRACE] 帧 场景趟
[11:32:36.922] [TRACE] 帧 高亮趟
[11:32:36.922] [TRACE] 帧 叠加趟
[11:32:36.922] [TRACE] 帧 光标趟
[11:32:36.922] [TRACE] 帧 结束
[11:32:36.928] [TRACE] 帧 公告板
[11:32:36.928] [TRACE] 帧 格网
[11:32:36.928] [TRACE] 帧 开始
[11:32:36.928] [TRACE] 帧 格网趟
[11:32:36.928] [TRACE] 帧 场景趟
[11:32:36.928] [TRACE] 帧 高亮趟
[11:32:36.928] [TRACE] 帧 叠加趟
[11:32:36.929] [TRACE] 帧 光标趟
[11:32:36.929] [TRACE] 帧 结束
[11:32:36.935] [TRACE] 帧 公告板
[11:32:36.936] [TRACE] 帧 格网
[11:32:36.936] [TRACE] 帧 开始
[11:32:36.936] [TRACE] 帧 格网趟
[11:32:36.936] [TRACE] 帧 场景趟
[11:32:36.936] [TRACE] 帧 高亮趟
[11:32:36.936] [TRACE] 帧 叠加趟
[11:32:36.936] [TRACE] 帧 光标趟
[11:32:36.936] [TRACE] 帧 结束
[11:32:36.942] [TRACE] 帧 公告板
[11:32:36.942] [TRACE] 帧 格网
[11:32:36.942] [TRACE] 帧 开始
[11:32:36.942] [TRACE] 帧 格网趟
[11:32:36.943] [TRACE] 帧 场景趟
[11:32:36.943] [TRACE] 帧 高亮趟
[11:32:36.943] [TRACE] 帧 叠加趟
[11:32:36.943] [TRACE] 帧 光标趟
[11:32:36.943] [TRACE] 帧 结束
[11:32:36.949] [TRACE] 帧 公告板
[11:32:36.949] [TRACE] 帧 格网
[11:32:36.950] [TRACE] 帧 开始
[11:32:36.950] [TRACE] 帧 格网趟
[11:32:36.950] [TRACE] 帧 场景趟
[11:32:36.950] [TRACE] 帧 高亮趟
[11:32:36.950] [TRACE] 帧 叠加趟
[11:32:36.950] [TRACE] 帧 光标趟
[11:32:36.950] [TRACE] 帧 结束
[11:32:36.956] [TRACE] 帧 公告板
[11:32:36.956] [TRACE] 帧 格网
[11:32:36.956] [TRACE] 帧 开始
[11:32:36.956] [TRACE] 帧 格网趟
[11:32:36.956] [TRACE] 帧 场景趟
[11:32:36.956] [TRACE] 帧 高亮趟
[11:32:36.956] [TRACE] 帧 叠加趟
[11:32:36.957] [TRACE] 帧 光标趟
[11:32:36.957] [TRACE] 帧 结束
[11:32:36.962] [TRACE] 帧 公告板
[11:32:36.963] [TRACE] 帧 格网
[11:32:36.963] [TRACE] 帧 开始
[11:32:36.963] [TRACE] 帧 格网趟
[11:32:36.963] [TRACE] 帧 场景趟
[11:32:36.963] [TRACE] 帧 高亮趟
[11:32:36.964] [TRACE] 帧 叠加趟
[11:32:36.964] [TRACE] 帧 光标趟
[11:32:36.964] [TRACE] 帧 结束
[11:32:36.970] [TRACE] 帧 公告板
[11:32:36.971] [TRACE] 帧 格网
[11:32:36.971] [TRACE] 帧 开始
[11:32:36.971] [TRACE] 帧 格网趟
[11:32:36.972] [TRACE] 帧 场景趟
[11:32:36.972] [TRACE] 帧 高亮趟
[11:32:36.972] [TRACE] 帧 叠加趟
[11:32:36.972] [TRACE] 帧 光标趟
[11:32:36.972] [TRACE] 帧 结束
[11:32:36.977] [TRACE] 帧 公告板
[11:32:36.977] [TRACE] 帧 格网
[11:32:36.977] [TRACE] 帧 开始
[11:32:36.977] [TRACE] 帧 格网趟
[11:32:36.977] [TRACE] 帧 场景趟
[11:32:36.978] [TRACE] 帧 高亮趟
[11:32:36.978] [TRACE] 帧 叠加趟
[11:32:36.978] [TRACE] 帧 光标趟
[11:32:36.978] [TRACE] 帧 结束
[11:32:36.985] [TRACE] 帧 公告板
[11:32:36.985] [TRACE] 帧 格网
[11:32:36.985] [TRACE] 帧 开始
[11:32:36.985] [TRACE] 帧 格网趟
[11:32:36.986] [TRACE] 帧 场景趟
[11:32:36.986] [TRACE] 帧 高亮趟
[11:32:36.986] [TRACE] 帧 叠加趟
[11:32:36.986] [TRACE] 帧 光标趟
[11:32:36.986] [TRACE] 帧 结束
[11:32:36.990] [TRACE] 帧 公告板
[11:32:36.991] [TRACE] 帧 格网
[11:32:36.991] [TRACE] 帧 开始
[11:32:36.991] [TRACE] 帧 格网趟
[11:32:36.991] [TRACE] 帧 场景趟
[11:32:36.991] [TRACE] 帧 高亮趟
[11:32:36.992] [TRACE] 帧 叠加趟
[11:32:36.992] [TRACE] 帧 光标趟
[11:32:36.992] [TRACE] 帧 结束
[11:32:36.998] [TRACE] 帧 公告板
[11:32:36.999] [TRACE] 帧 格网
[11:32:36.999] [TRACE] 帧 开始
[11:32:36.999] [TRACE] 帧 格网趟
[11:32:36.999] [TRACE] 帧 场景趟
[11:32:36.999] [TRACE] 帧 高亮趟
[11:32:37.000] [TRACE] 帧 叠加趟
[11:32:37.000] [TRACE] 帧 光标趟
[11:32:37.000] [TRACE] 帧 结束
[11:32:37.005] [TRACE] 帧 公告板
[11:32:37.005] [TRACE] 帧 格网
[11:32:37.005] [TRACE] 帧 开始
[11:32:37.005] [TRACE] 帧 格网趟
[11:32:37.005] [TRACE] 帧 场景趟
[11:32:37.006] [TRACE] 帧 高亮趟
[11:32:37.006] [TRACE] 帧 叠加趟
[11:32:37.006] [TRACE] 帧 光标趟
[11:32:37.006] [TRACE] 帧 结束
[11:32:37.011] [TRACE] 帧 公告板
[11:32:37.012] [TRACE] 帧 格网
[11:32:37.012] [TRACE] 帧 开始
[11:32:37.012] [TRACE] 帧 格网趟
[11:32:37.012] [TRACE] 帧 场景趟
[11:32:37.012] [TRACE] 帧 高亮趟
[11:32:37.013] [TRACE] 帧 叠加趟
[11:32:37.013] [TRACE] 帧 光标趟
[11:32:37.013] [TRACE] 帧 结束
[11:32:37.019] [TRACE] 帧 公告板
[11:32:37.020] [TRACE] 帧 格网
[11:32:37.020] [TRACE] 帧 开始
[11:32:37.020] [TRACE] 帧 格网趟
[11:32:37.020] [TRACE] 帧 场景趟
[11:32:37.020] [TRACE] 帧 高亮趟
[11:32:37.020] [TRACE] 帧 叠加趟
[11:32:37.020] [TRACE] 帧 光标趟
[11:32:37.021] [TRACE] 帧 结束
[11:32:37.026] [TRACE] 帧 公告板
[11:32:37.026] [TRACE] 帧 格网
[11:32:37.026] [TRACE] 帧 开始
[11:32:37.026] [TRACE] 帧 格网趟
[11:32:37.026] [TRACE] 帧 场景趟
[11:32:37.026] [TRACE] 帧 高亮趟
[11:32:37.026] [TRACE] 帧 叠加趟
[11:32:37.027] [TRACE] 帧 光标趟
[11:32:37.027] [TRACE] 帧 结束
[11:32:37.033] [TRACE] 帧 公告板
[11:32:37.033] [TRACE] 帧 格网
[11:32:37.033] [TRACE] 帧 开始
[11:32:37.033] [TRACE] 帧 格网趟
[11:32:37.034] [TRACE] 帧 场景趟
[11:32:37.034] [TRACE] 帧 高亮趟
[11:32:37.034] [TRACE] 帧 叠加趟
[11:32:37.034] [TRACE] 帧 光标趟
[11:32:37.034] [TRACE] 帧 结束
[11:32:37.039] [TRACE] 帧 公告板
[11:32:37.039] [TRACE] 帧 格网
[11:32:37.040] [TRACE] 帧 开始
[11:32:37.040] [TRACE] 帧 格网趟
[11:32:37.040] [TRACE] 帧 场景趟
[11:32:37.040] [TRACE] 帧 高亮趟
[11:32:37.040] [TRACE] 帧 叠加趟
[11:32:37.041] [TRACE] 帧 光标趟
[11:32:37.041] [TRACE] 帧 结束
[11:32:37.046] [TRACE] 帧 公告板
[11:32:37.046] [TRACE] 帧 格网
[11:32:37.046] [TRACE] 帧 开始
[11:32:37.046] [TRACE] 帧 格网趟
[11:32:37.047] [TRACE] 帧 场景趟
[11:32:37.047] [TRACE] 帧 高亮趟
[11:32:37.047] [TRACE] 帧 叠加趟
[11:32:37.047] [TRACE] 帧 光标趟
[11:32:37.047] [TRACE] 帧 结束
[11:32:37.054] [TRACE] 帧 公告板
[11:32:37.055] [TRACE] 帧 格网
[11:32:37.055] [TRACE] 帧 开始
[11:32:37.055] [TRACE] 帧 格网趟
[11:32:37.055] [TRACE] 帧 场景趟
[11:32:37.055] [TRACE] 帧 高亮趟
[11:32:37.055] [TRACE] 帧 叠加趟
[11:32:37.055] [TRACE] 帧 光标趟
[11:32:37.056] [TRACE] 帧 结束
[11:32:37.060] [TRACE] 帧 公告板
[11:32:37.060] [TRACE] 帧 格网
[11:32:37.061] [TRACE] 帧 开始
[11:32:37.061] [TRACE] 帧 格网趟
[11:32:37.061] [TRACE] 帧 场景趟
[11:32:37.061] [TRACE] 帧 高亮趟
[11:32:37.061] [TRACE] 帧 叠加趟
[11:32:37.061] [TRACE] 帧 光标趟
[11:32:37.061] [TRACE] 帧 结束
[11:32:37.068] [TRACE] 帧 公告板
[11:32:37.069] [TRACE] 帧 格网
[11:32:37.069] [TRACE] 帧 开始
[11:32:37.069] [TRACE] 帧 格网趟
[11:32:37.069] [TRACE] 帧 场景趟
[11:32:37.069] [TRACE] 帧 高亮趟
[11:32:37.069] [TRACE] 帧 叠加趟
[11:32:37.069] [TRACE] 帧 光标趟
[11:32:37.070] [TRACE] 帧 结束
[11:32:37.074] [TRACE] 帧 公告板
[11:32:37.074] [TRACE] 帧 格网
[11:32:37.074] [TRACE] 帧 开始
[11:32:37.074] [TRACE] 帧 格网趟
[11:32:37.075] [TRACE] 帧 场景趟
[11:32:37.075] [TRACE] 帧 高亮趟
[11:32:37.075] [TRACE] 帧 叠加趟
[11:32:37.075] [TRACE] 帧 光标趟
[11:32:37.075] [TRACE] 帧 结束
[11:32:37.081] [TRACE] 帧 公告板
[11:32:37.082] [TRACE] 帧 格网
[11:32:37.082] [TRACE] 帧 开始
[11:32:37.082] [TRACE] 帧 格网趟
[11:32:37.082] [TRACE] 帧 场景趟
[11:32:37.082] [TRACE] 帧 高亮趟
[11:32:37.082] [TRACE] 帧 叠加趟
[11:32:37.083] [TRACE] 帧 光标趟
[11:32:37.083] [TRACE] 帧 结束
[11:32:37.088] [TRACE] 帧 公告板
[11:32:37.088] [TRACE] 帧 格网
[11:32:37.088] [TRACE] 帧 开始
[11:32:37.088] [TRACE] 帧 格网趟
[11:32:37.089] [TRACE] 帧 场景趟
[11:32:37.089] [TRACE] 帧 高亮趟
[11:32:37.089] [TRACE] 帧 叠加趟
[11:32:37.089] [TRACE] 帧 光标趟
[11:32:37.089] [TRACE] 帧 结束
[11:32:37.095] [TRACE] 帧 公告板
[11:32:37.095] [TRACE] 帧 格网
[11:32:37.095] [TRACE] 帧 开始
[11:32:37.096] [TRACE] 帧 格网趟
[11:32:37.096] [TRACE] 帧 场景趟
[11:32:37.096] [TRACE] 帧 高亮趟
[11:32:37.096] [TRACE] 帧 叠加趟
[11:32:37.096] [TRACE] 帧 光标趟
[11:32:37.097] [TRACE] 帧 结束
[11:32:37.102] [TRACE] 帧 公告板
[11:32:37.103] [TRACE] 帧 格网
[11:32:37.103] [TRACE] 帧 开始
[11:32:37.103] [TRACE] 帧 格网趟
[11:32:37.103] [TRACE] 帧 场景趟
[11:32:37.103] [TRACE] 帧 高亮趟
[11:32:37.103] [TRACE] 帧 叠加趟
[11:32:37.103] [TRACE] 帧 光标趟
[11:32:37.103] [TRACE] 帧 结束
[11:32:37.109] [TRACE] 帧 公告板
[11:32:37.109] [TRACE] 帧 格网
[11:32:37.109] [TRACE] 帧 开始
[11:32:37.109] [TRACE] 帧 格网趟
[11:32:37.110] [TRACE] 帧 场景趟
[11:32:37.110] [TRACE] 帧 高亮趟
[11:32:37.110] [TRACE] 帧 叠加趟
[11:32:37.110] [TRACE] 帧 光标趟
[11:32:37.110] [TRACE] 帧 结束
[11:32:37.116] [TRACE] 帧 公告板
[11:32:37.116] [TRACE] 帧 格网
[11:32:37.117] [TRACE] 帧 开始
[11:32:37.117] [TRACE] 帧 格网趟
[11:32:37.117] [TRACE] 帧 场景趟
[11:32:37.117] [TRACE] 帧 高亮趟
[11:32:37.117] [TRACE] 帧 叠加趟
[11:32:37.118] [TRACE] 帧 光标趟
[11:32:37.118] [TRACE] 帧 结束
[11:32:37.122] [TRACE] 帧 公告板
[11:32:37.123] [TRACE] 帧 格网
[11:32:37.123] [TRACE] 帧 开始
[11:32:37.123] [TRACE] 帧 格网趟
[11:32:37.123] [TRACE] 帧 场景趟
[11:32:37.123] [TRACE] 帧 高亮趟
[11:32:37.123] [TRACE] 帧 叠加趟
[11:32:37.123] [TRACE] 帧 光标趟
[11:32:37.123] [TRACE] 帧 结束
[11:32:37.129] [TRACE] 帧 公告板
[11:32:37.130] [TRACE] 帧 格网
[11:32:37.130] [TRACE] 帧 开始
[11:32:37.130] [TRACE] 帧 格网趟
[11:32:37.130] [TRACE] 帧 场景趟
[11:32:37.130] [TRACE] 帧 高亮趟
[11:32:37.130] [TRACE] 帧 叠加趟
[11:32:37.131] [TRACE] 帧 光标趟
[11:32:37.131] [TRACE] 帧 结束
[11:32:37.137] [TRACE] 帧 公告板
[11:32:37.137] [TRACE] 帧 格网
[11:32:37.138] [TRACE] 帧 开始
[11:32:37.138] [TRACE] 帧 格网趟
[11:32:37.138] [TRACE] 帧 场景趟
[11:32:37.138] [TRACE] 帧 高亮趟
[11:32:37.138] [TRACE] 帧 叠加趟
[11:32:37.138] [TRACE] 帧 光标趟
[11:32:37.138] [TRACE] 帧 结束
[11:32:37.143] [TRACE] 帧 公告板
[11:32:37.144] [TRACE] 帧 格网
[11:32:37.144] [TRACE] 帧 开始
[11:32:37.144] [TRACE] 帧 格网趟
[11:32:37.144] [TRACE] 帧 场景趟
[11:32:37.144] [TRACE] 帧 高亮趟
[11:32:37.144] [TRACE] 帧 叠加趟
[11:32:37.144] [TRACE] 帧 光标趟
[11:32:37.145] [TRACE] 帧 结束
[11:32:37.151] [TRACE] 帧 公告板
[11:32:37.152] [TRACE] 帧 格网
[11:32:37.152] [TRACE] 帧 开始
[11:32:37.152] [TRACE] 帧 格网趟
[11:32:37.153] [TRACE] 帧 场景趟
[11:32:37.153] [TRACE] 帧 高亮趟
[11:32:37.153] [TRACE] 帧 叠加趟
[11:32:37.153] [TRACE] 帧 光标趟
[11:32:37.153] [TRACE] 帧 结束
[11:32:37.157] [TRACE] 帧 公告板
[11:32:37.157] [TRACE] 帧 格网
[11:32:37.157] [TRACE] 帧 开始
[11:32:37.158] [TRACE] 帧 格网趟
[11:32:37.158] [TRACE] 帧 场景趟
[11:32:37.158] [TRACE] 帧 高亮趟
[11:32:37.158] [TRACE] 帧 叠加趟
[11:32:37.158] [TRACE] 帧 光标趟
[11:32:37.158] [TRACE] 帧 结束
[11:32:37.165] [TRACE] 帧 公告板
[11:32:37.165] [TRACE] 帧 格网
[11:32:37.165] [TRACE] 帧 开始
[11:32:37.165] [TRACE] 帧 格网趟
[11:32:37.166] [TRACE] 帧 场景趟
[11:32:37.166] [TRACE] 帧 高亮趟
[11:32:37.166] [TRACE] 帧 叠加趟
[11:32:37.166] [TRACE] 帧 光标趟
[11:32:37.166] [TRACE] 帧 结束
[11:32:37.171] [TRACE] 帧 公告板
[11:32:37.171] [TRACE] 帧 格网
[11:32:37.171] [TRACE] 帧 开始
[11:32:37.172] [TRACE] 帧 格网趟
[11:32:37.172] [TRACE] 帧 场景趟
[11:32:37.172] [TRACE] 帧 高亮趟
[11:32:37.172] [TRACE] 帧 叠加趟
[11:32:37.172] [TRACE] 帧 光标趟
[11:32:37.172] [TRACE] 帧 结束
[11:32:37.178] [TRACE] 帧 公告板
[11:32:37.179] [TRACE] 帧 格网
[11:32:37.179] [TRACE] 帧 开始
[11:32:37.179] [TRACE] 帧 格网趟
[11:32:37.179] [TRACE] 帧 场景趟
[11:32:37.179] [TRACE] 帧 高亮趟
[11:32:37.179] [TRACE] 帧 叠加趟
[11:32:37.180] [TRACE] 帧 光标趟
[11:32:37.180] [TRACE] 帧 结束
[11:32:37.186] [TRACE] 帧 公告板
[11:32:37.186] [TRACE] 帧 格网
[11:32:37.186] [TRACE] 帧 开始
[11:32:37.186] [TRACE] 帧 格网趟
[11:32:37.187] [TRACE] 帧 场景趟
[11:32:37.187] [TRACE] 帧 高亮趟
[11:32:37.187] [TRACE] 帧 叠加趟
[11:32:37.187] [TRACE] 帧 光标趟
[11:32:37.187] [TRACE] 帧 结束
[11:32:37.193] [TRACE] 帧 公告板
[11:32:37.193] [TRACE] 帧 格网
[11:32:37.193] [TRACE] 帧 开始
[11:32:37.193] [TRACE] 帧 格网趟
[11:32:37.193] [TRACE] 帧 场景趟
[11:32:37.193] [TRACE] 帧 高亮趟
[11:32:37.193] [TRACE] 帧 叠加趟
[11:32:37.194] [TRACE] 帧 光标趟
[11:32:37.194] [TRACE] 帧 结束
[11:32:37.200] [TRACE] 帧 公告板
[11:32:37.200] [TRACE] 帧 格网
[11:32:37.200] [TRACE] 帧 开始
[11:32:37.200] [TRACE] 帧 格网趟
[11:32:37.200] [TRACE] 帧 场景趟
[11:32:37.200] [TRACE] 帧 高亮趟
[11:32:37.200] [TRACE] 帧 叠加趟
[11:32:37.201] [TRACE] 帧 光标趟
[11:32:37.201] [TRACE] 帧 结束
[11:32:37.206] [TRACE] 帧 公告板
[11:32:37.206] [TRACE] 帧 格网
[11:32:37.206] [TRACE] 帧 开始
[11:32:37.207] [TRACE] 帧 格网趟
[11:32:37.207] [TRACE] 帧 场景趟
[11:32:37.207] [TRACE] 帧 高亮趟
[11:32:37.207] [TRACE] 帧 叠加趟
[11:32:37.207] [TRACE] 帧 光标趟
[11:32:37.207] [TRACE] 帧 结束
[11:32:37.213] [TRACE] 帧 公告板
[11:32:37.213] [TRACE] 帧 格网
[11:32:37.213] [TRACE] 帧 开始
[11:32:37.213] [TRACE] 帧 格网趟
[11:32:37.213] [TRACE] 帧 场景趟
[11:32:37.213] [TRACE] 帧 高亮趟
[11:32:37.214] [TRACE] 帧 叠加趟
[11:32:37.214] [TRACE] 帧 光标趟
[11:32:37.214] [TRACE] 帧 结束
[11:32:37.221] [TRACE] 帧 公告板
[11:32:37.221] [TRACE] 帧 格网
[11:32:37.221] [TRACE] 帧 开始
[11:32:37.221] [TRACE] 帧 格网趟
[11:32:37.221] [TRACE] 帧 场景趟
[11:32:37.221] [TRACE] 帧 高亮趟
[11:32:37.221] [TRACE] 帧 叠加趟
[11:32:37.221] [TRACE] 帧 光标趟
[11:32:37.222] [TRACE] 帧 结束
[11:32:37.227] [TRACE] 帧 公告板
[11:32:37.227] [TRACE] 帧 格网
[11:32:37.227] [TRACE] 帧 开始
[11:32:37.227] [TRACE] 帧 格网趟
[11:32:37.227] [TRACE] 帧 场景趟
[11:32:37.227] [TRACE] 帧 高亮趟
[11:32:37.227] [TRACE] 帧 叠加趟
[11:32:37.227] [TRACE] 帧 光标趟
[11:32:37.227] [TRACE] 帧 结束
[11:32:37.235] [TRACE] 帧 公告板
[11:32:37.235] [TRACE] 帧 格网
[11:32:37.235] [TRACE] 帧 开始
[11:32:37.236] [TRACE] 帧 格网趟
[11:32:37.236] [TRACE] 帧 场景趟
[11:32:37.236] [TRACE] 帧 高亮趟
[11:32:37.236] [TRACE] 帧 叠加趟
[11:32:37.236] [TRACE] 帧 光标趟
[11:32:37.236] [TRACE] 帧 结束
[11:32:37.241] [TRACE] 帧 公告板
[11:32:37.241] [TRACE] 帧 格网
[11:32:37.241] [TRACE] 帧 开始
[11:32:37.241] [TRACE] 帧 格网趟
[11:32:37.241] [TRACE] 帧 场景趟
[11:32:37.242] [TRACE] 帧 高亮趟
[11:32:37.242] [TRACE] 帧 叠加趟
[11:32:37.242] [TRACE] 帧 光标趟
[11:32:37.242] [TRACE] 帧 结束
[11:32:37.248] [TRACE] 帧 公告板
[11:32:37.248] [TRACE] 帧 格网
[11:32:37.249] [TRACE] 帧 开始
[11:32:37.249] [TRACE] 帧 格网趟
[11:32:37.249] [TRACE] 帧 场景趟
[11:32:37.249] [TRACE] 帧 高亮趟
[11:32:37.249] [TRACE] 帧 叠加趟
[11:32:37.250] [TRACE] 帧 光标趟
[11:32:37.250] [TRACE] 帧 结束
[11:32:37.254] [TRACE] 帧 公告板
[11:32:37.254] [TRACE] 帧 格网
[11:32:37.255] [TRACE] 帧 开始
[11:32:37.255] [TRACE] 帧 格网趟
[11:32:37.255] [TRACE] 帧 场景趟
[11:32:37.255] [TRACE] 帧 高亮趟
[11:32:37.255] [TRACE] 帧 叠加趟
[11:32:37.255] [TRACE] 帧 光标趟
[11:32:37.255] [TRACE] 帧 结束
[11:32:37.261] [TRACE] 帧 公告板
[11:32:37.262] [TRACE] 帧 格网
[11:32:37.262] [TRACE] 帧 开始
[11:32:37.262] [TRACE] 帧 格网趟
[11:32:37.262] [TRACE] 帧 场景趟
[11:32:37.262] [TRACE] 帧 高亮趟
[11:32:37.262] [TRACE] 帧 叠加趟
[11:32:37.263] [TRACE] 帧 光标趟
[11:32:37.263] [TRACE] 帧 结束
[11:32:37.269] [TRACE] 帧 公告板
[11:32:37.269] [TRACE] 帧 格网
[11:32:37.270] [TRACE] 帧 开始
[11:32:37.270] [TRACE] 帧 格网趟
[11:32:37.270] [TRACE] 帧 场景趟
[11:32:37.270] [TRACE] 帧 高亮趟
[11:32:37.270] [TRACE] 帧 叠加趟
[11:32:37.270] [TRACE] 帧 光标趟
[11:32:37.270] [TRACE] 帧 结束
[11:32:37.275] [TRACE] 帧 公告板
[11:32:37.276] [TRACE] 帧 格网
[11:32:37.276] [TRACE] 帧 开始
[11:32:37.276] [TRACE] 帧 格网趟
[11:32:37.276] [TRACE] 帧 场景趟
[11:32:37.276] [TRACE] 帧 高亮趟
[11:32:37.276] [TRACE] 帧 叠加趟
[11:32:37.276] [TRACE] 帧 光标趟
[11:32:37.277] [TRACE] 帧 结束
[11:32:37.283] [TRACE] 帧 公告板
[11:32:37.283] [TRACE] 帧 格网
[11:32:37.283] [TRACE] 帧 开始
[11:32:37.283] [TRACE] 帧 格网趟
[11:32:37.284] [TRACE] 帧 场景趟
[11:32:37.284] [TRACE] 帧 高亮趟
[11:32:37.284] [TRACE] 帧 叠加趟
[11:32:37.284] [TRACE] 帧 光标趟
[11:32:37.284] [TRACE] 帧 结束
[11:32:37.289] [TRACE] 帧 公告板
[11:32:37.289] [TRACE] 帧 格网
[11:32:37.289] [TRACE] 帧 开始
[11:32:37.289] [TRACE] 帧 格网趟
[11:32:37.289] [TRACE] 帧 场景趟
[11:32:37.290] [TRACE] 帧 高亮趟
[11:32:37.290] [TRACE] 帧 叠加趟
[11:32:37.290] [TRACE] 帧 光标趟
[11:32:37.290] [TRACE] 帧 结束
[11:32:37.296] [TRACE] 帧 公告板
[11:32:37.301] [TRACE] 帧 格网
[11:32:37.301] [TRACE] 帧 开始
[11:32:37.301] [TRACE] 帧 格网趟
[11:32:37.301] [TRACE] 帧 场景趟
[11:32:37.301] [TRACE] 帧 高亮趟
[11:32:37.301] [TRACE] 帧 叠加趟
[11:32:37.301] [TRACE] 帧 光标趟
[11:32:37.302] [TRACE] 帧 结束
[11:32:37.304] [TRACE] 帧 公告板
[11:32:37.304] [TRACE] 帧 格网
[11:32:37.304] [TRACE] 帧 开始
[11:32:37.304] [TRACE] 帧 格网趟
[11:32:37.304] [TRACE] 帧 场景趟
[11:32:37.304] [TRACE] 帧 高亮趟
[11:32:37.305] [TRACE] 帧 叠加趟
[11:32:37.305] [TRACE] 帧 光标趟
[11:32:37.305] [TRACE] 帧 结束
[11:32:37.310] [TRACE] 帧 公告板
[11:32:37.310] [TRACE] 帧 格网
[11:32:37.310] [TRACE] 帧 开始
[11:32:37.310] [TRACE] 帧 格网趟
[11:32:37.311] [TRACE] 帧 场景趟
[11:32:37.311] [TRACE] 帧 高亮趟
[11:32:37.311] [TRACE] 帧 叠加趟
[11:32:37.311] [TRACE] 帧 光标趟
[11:32:37.311] [TRACE] 帧 结束
[11:32:37.318] [TRACE] 帧 公告板
[11:32:37.318] [TRACE] 帧 格网
[11:32:37.319] [TRACE] 帧 开始
[11:32:37.319] [TRACE] 帧 格网趟
[11:32:37.319] [TRACE] 帧 场景趟
[11:32:37.319] [TRACE] 帧 高亮趟
[11:32:37.319] [TRACE] 帧 叠加趟
[11:32:37.319] [TRACE] 帧 光标趟
[11:32:37.319] [TRACE] 帧 结束
[11:32:37.324] [TRACE] 帧 公告板
[11:32:37.324] [TRACE] 帧 格网
[11:32:37.324] [TRACE] 帧 开始
[11:32:37.324] [TRACE] 帧 格网趟
[11:32:37.324] [TRACE] 帧 场景趟
[11:32:37.325] [TRACE] 帧 高亮趟
[11:32:37.325] [TRACE] 帧 叠加趟
[11:32:37.325] [TRACE] 帧 光标趟
[11:32:37.325] [TRACE] 帧 结束
[11:32:37.332] [TRACE] 帧 公告板
[11:32:37.332] [TRACE] 帧 格网
[11:32:37.332] [TRACE] 帧 开始
[11:32:37.332] [TRACE] 帧 格网趟
[11:32:37.333] [TRACE] 帧 场景趟
[11:32:37.333] [TRACE] 帧 高亮趟
[11:32:37.333] [TRACE] 帧 叠加趟
[11:32:37.333] [TRACE] 帧 光标趟
[11:32:37.333] [TRACE] 帧 结束
[11:32:37.338] [TRACE] 帧 公告板
[11:32:37.338] [TRACE] 帧 格网
[11:32:37.338] [TRACE] 帧 开始
[11:32:37.338] [TRACE] 帧 格网趟
[11:32:37.338] [TRACE] 帧 场景趟
[11:32:37.338] [TRACE] 帧 高亮趟
[11:32:37.339] [TRACE] 帧 叠加趟
[11:32:37.339] [TRACE] 帧 光标趟
[11:32:37.339] [TRACE] 帧 结束
[11:32:37.345] [TRACE] 帧 公告板
[11:32:37.345] [TRACE] 帧 格网
[11:32:37.345] [TRACE] 帧 开始
[11:32:37.345] [TRACE] 帧 格网趟
[11:32:37.346] [TRACE] 帧 场景趟
[11:32:37.346] [TRACE] 帧 高亮趟
[11:32:37.346] [TRACE] 帧 叠加趟
[11:32:37.346] [TRACE] 帧 光标趟
[11:32:37.346] [TRACE] 帧 结束
[11:32:37.353] [TRACE] 帧 公告板
[11:32:37.353] [TRACE] 帧 格网
[11:32:37.353] [TRACE] 帧 开始
[11:32:37.353] [TRACE] 帧 格网趟
[11:32:37.353] [TRACE] 帧 场景趟
[11:32:37.353] [TRACE] 帧 高亮趟
[11:32:37.354] [TRACE] 帧 叠加趟
[11:32:37.354] [TRACE] 帧 光标趟
[11:32:37.354] [TRACE] 帧 结束
[11:32:37.359] [TRACE] 帧 公告板
[11:32:37.359] [TRACE] 帧 格网
[11:32:37.360] [TRACE] 帧 开始
[11:32:37.360] [TRACE] 帧 格网趟
[11:32:37.360] [TRACE] 帧 场景趟
[11:32:37.360] [TRACE] 帧 高亮趟
[11:32:37.360] [TRACE] 帧 叠加趟
[11:32:37.360] [TRACE] 帧 光标趟
[11:32:37.360] [TRACE] 帧 结束
[11:32:37.366] [TRACE] 帧 公告板
[11:32:37.367] [TRACE] 帧 格网
[11:32:37.367] [TRACE] 帧 开始
[11:32:37.367] [TRACE] 帧 格网趟
[11:32:37.367] [TRACE] 帧 场景趟
[11:32:37.367] [TRACE] 帧 高亮趟
[11:32:37.368] [TRACE] 帧 叠加趟
[11:32:37.368] [TRACE] 帧 光标趟
[11:32:37.368] [TRACE] 帧 结束
[11:32:37.373] [TRACE] 帧 公告板
[11:32:37.373] [TRACE] 帧 格网
[11:32:37.373] [TRACE] 帧 开始
[11:32:37.373] [TRACE] 帧 格网趟
[11:32:37.373] [TRACE] 帧 场景趟
[11:32:37.374] [TRACE] 帧 高亮趟
[11:32:37.374] [TRACE] 帧 叠加趟
[11:32:37.374] [TRACE] 帧 光标趟
[11:32:37.374] [TRACE] 帧 结束
[11:32:37.379] [TRACE] 帧 公告板
[11:32:37.380] [TRACE] 帧 格网
[11:32:37.380] [TRACE] 帧 开始
[11:32:37.380] [TRACE] 帧 格网趟
[11:32:37.380] [TRACE] 帧 场景趟
[11:32:37.380] [TRACE] 帧 高亮趟
[11:32:37.380] [TRACE] 帧 叠加趟
[11:32:37.380] [TRACE] 帧 光标趟
[11:32:37.380] [TRACE] 帧 结束
[11:32:37.387] [TRACE] 帧 公告板
[11:32:37.387] [TRACE] 帧 格网
[11:32:37.387] [TRACE] 帧 开始
[11:32:37.388] [TRACE] 帧 格网趟
[11:32:37.388] [TRACE] 帧 场景趟
[11:32:37.388] [TRACE] 帧 高亮趟
[11:32:37.388] [TRACE] 帧 叠加趟
[11:32:37.388] [TRACE] 帧 光标趟
[11:32:37.388] [TRACE] 帧 结束
[11:32:37.393] [TRACE] 帧 公告板
[11:32:37.394] [TRACE] 帧 格网
[11:32:37.394] [TRACE] 帧 开始
[11:32:37.394] [TRACE] 帧 格网趟
[11:32:37.394] [TRACE] 帧 场景趟
[11:32:37.394] [TRACE] 帧 高亮趟
[11:32:37.395] [TRACE] 帧 叠加趟
[11:32:37.395] [TRACE] 帧 光标趟
[11:32:37.395] [TRACE] 帧 结束
[11:32:37.402] [TRACE] 帧 公告板
[11:32:37.402] [TRACE] 帧 格网
[11:32:37.402] [TRACE] 帧 开始
[11:32:37.402] [TRACE] 帧 格网趟
[11:32:37.402] [TRACE] 帧 场景趟
[11:32:37.402] [TRACE] 帧 高亮趟
[11:32:37.403] [TRACE] 帧 叠加趟
[11:32:37.403] [TRACE] 帧 光标趟
[11:32:37.403] [TRACE] 帧 结束
[11:32:37.407] [TRACE] 帧 公告板
[11:32:37.408] [TRACE] 帧 格网
[11:32:37.408] [TRACE] 帧 开始
[11:32:37.408] [TRACE] 帧 格网趟
[11:32:37.408] [TRACE] 帧 场景趟
[11:32:37.408] [TRACE] 帧 高亮趟
[11:32:37.408] [TRACE] 帧 叠加趟
[11:32:37.408] [TRACE] 帧 光标趟
[11:32:37.409] [TRACE] 帧 结束
[11:32:37.415] [TRACE] 帧 公告板
[11:32:37.415] [TRACE] 帧 格网
[11:32:37.416] [TRACE] 帧 开始
[11:32:37.416] [TRACE] 帧 格网趟
[11:32:37.416] [TRACE] 帧 场景趟
[11:32:37.416] [TRACE] 帧 高亮趟
[11:32:37.416] [TRACE] 帧 叠加趟
[11:32:37.416] [TRACE] 帧 光标趟
[11:32:37.417] [TRACE] 帧 结束
[11:32:37.421] [TRACE] 帧 公告板
[11:32:37.422] [TRACE] 帧 格网
[11:32:37.422] [TRACE] 帧 开始
[11:32:37.422] [TRACE] 帧 格网趟
[11:32:37.422] [TRACE] 帧 场景趟
[11:32:37.422] [TRACE] 帧 高亮趟
[11:32:37.422] [TRACE] 帧 叠加趟
[11:32:37.422] [TRACE] 帧 光标趟
[11:32:37.422] [TRACE] 帧 结束
[11:32:37.428] [TRACE] 帧 公告板
[11:32:37.429] [TRACE] 帧 格网
[11:32:37.429] [TRACE] 帧 开始
[11:32:37.429] [TRACE] 帧 格网趟
[11:32:37.429] [TRACE] 帧 场景趟
[11:32:37.429] [TRACE] 帧 高亮趟
[11:32:37.429] [TRACE] 帧 叠加趟
[11:32:37.429] [TRACE] 帧 光标趟
[11:32:37.429] [TRACE] 帧 结束
[11:32:37.436] [TRACE] 帧 公告板
[11:32:37.437] [TRACE] 帧 格网
[11:32:37.437] [TRACE] 帧 开始
[11:32:37.437] [TRACE] 帧 格网趟
[11:32:37.437] [TRACE] 帧 场景趟
[11:32:37.438] [TRACE] 帧 高亮趟
[11:32:37.438] [TRACE] 帧 叠加趟
[11:32:37.438] [TRACE] 帧 光标趟
[11:32:37.438] [TRACE] 帧 结束
[11:32:37.442] [TRACE] 帧 公告板
[11:32:37.442] [TRACE] 帧 格网
[11:32:37.443] [TRACE] 帧 开始
[11:32:37.443] [TRACE] 帧 格网趟
[11:32:37.443] [TRACE] 帧 场景趟
[11:32:37.443] [TRACE] 帧 高亮趟
[11:32:37.443] [TRACE] 帧 叠加趟
[11:32:37.443] [TRACE] 帧 光标趟
[11:32:37.443] [TRACE] 帧 结束
[11:32:37.450] [TRACE] 帧 公告板
[11:32:37.450] [TRACE] 帧 格网
[11:32:37.450] [TRACE] 帧 开始
[11:32:37.450] [TRACE] 帧 格网趟
[11:32:37.450] [TRACE] 帧 场景趟
[11:32:37.450] [TRACE] 帧 高亮趟
[11:32:37.450] [TRACE] 帧 叠加趟
[11:32:37.450] [TRACE] 帧 光标趟
[11:32:37.450] [TRACE] 帧 结束
[11:32:37.456] [TRACE] 帧 公告板
[11:32:37.456] [TRACE] 帧 格网
[11:32:37.456] [TRACE] 帧 开始
[11:32:37.457] [TRACE] 帧 格网趟
[11:32:37.457] [TRACE] 帧 场景趟
[11:32:37.457] [TRACE] 帧 高亮趟
[11:32:37.457] [TRACE] 帧 叠加趟
[11:32:37.457] [TRACE] 帧 光标趟
[11:32:37.457] [TRACE] 帧 结束
[11:32:37.463] [TRACE] 帧 公告板
[11:32:37.463] [TRACE] 帧 格网
[11:32:37.463] [TRACE] 帧 开始
[11:32:37.464] [TRACE] 帧 格网趟
[11:32:37.464] [TRACE] 帧 场景趟
[11:32:37.464] [TRACE] 帧 高亮趟
[11:32:37.464] [TRACE] 帧 叠加趟
[11:32:37.464] [TRACE] 帧 光标趟
[11:32:37.464] [TRACE] 帧 结束
[11:32:37.471] [TRACE] 帧 公告板
[11:32:37.471] [TRACE] 帧 格网
[11:32:37.471] [TRACE] 帧 开始
[11:32:37.472] [TRACE] 帧 格网趟
[11:32:37.472] [TRACE] 帧 场景趟
[11:32:37.472] [TRACE] 帧 高亮趟
[11:32:37.472] [TRACE] 帧 叠加趟
[11:32:37.472] [TRACE] 帧 光标趟
[11:32:37.472] [TRACE] 帧 结束
[11:32:37.477] [TRACE] 帧 公告板
[11:32:37.477] [TRACE] 帧 格网
[11:32:37.477] [TRACE] 帧 开始
[11:32:37.477] [TRACE] 帧 格网趟
[11:32:37.478] [TRACE] 帧 场景趟
[11:32:37.478] [TRACE] 帧 高亮趟
[11:32:37.478] [TRACE] 帧 叠加趟
[11:32:37.478] [TRACE] 帧 光标趟
[11:32:37.478] [TRACE] 帧 结束
[11:32:37.485] [TRACE] 帧 公告板
[11:32:37.485] [TRACE] 帧 格网
[11:32:37.486] [TRACE] 帧 开始
[11:32:37.486] [TRACE] 帧 格网趟
[11:32:37.486] [TRACE] 帧 场景趟
[11:32:37.486] [TRACE] 帧 高亮趟
[11:32:37.486] [TRACE] 帧 叠加趟
[11:32:37.486] [TRACE] 帧 光标趟
[11:32:37.486] [TRACE] 帧 结束
[11:32:37.491] [TRACE] 帧 公告板
[11:32:37.491] [TRACE] 帧 格网
[11:32:37.491] [TRACE] 帧 开始
[11:32:37.491] [TRACE] 帧 格网趟
[11:32:37.491] [TRACE] 帧 场景趟
[11:32:37.492] [TRACE] 帧 高亮趟
[11:32:37.492] [TRACE] 帧 叠加趟
[11:32:37.492] [TRACE] 帧 光标趟
[11:32:37.492] [TRACE] 帧 结束
[11:32:37.498] [TRACE] 帧 公告板
[11:32:37.499] [TRACE] 帧 格网
[11:32:37.499] [TRACE] 帧 开始
[11:32:37.499] [TRACE] 帧 格网趟
[11:32:37.499] [TRACE] 帧 场景趟
[11:32:37.499] [TRACE] 帧 高亮趟
[11:32:37.499] [TRACE] 帧 叠加趟
[11:32:37.499] [TRACE] 帧 光标趟
[11:32:37.500] [TRACE] 帧 结束
[11:32:37.504] [TRACE] 帧 公告板
[11:32:37.505] [TRACE] 帧 格网
[11:32:37.505] [TRACE] 帧 开始
[11:32:37.505] [TRACE] 帧 格网趟
[11:32:37.505] [TRACE] 帧 场景趟
[11:32:37.505] [TRACE] 帧 高亮趟
[11:32:37.505] [TRACE] 帧 叠加趟
[11:32:37.505] [TRACE] 帧 光标趟
[11:32:37.506] [TRACE] 帧 结束
[11:32:37.512] [TRACE] 帧 公告板
[11:32:37.512] [TRACE] 帧 格网
[11:32:37.512] [TRACE] 帧 开始
[11:32:37.512] [TRACE] 帧 格网趟
[11:32:37.512] [TRACE] 帧 场景趟
[11:32:37.513] [TRACE] 帧 高亮趟
[11:32:37.513] [TRACE] 帧 叠加趟
[11:32:37.513] [TRACE] 帧 光标趟
[11:32:37.513] [TRACE] 帧 结束
[11:32:37.519] [TRACE] 帧 公告板
[11:32:37.519] [TRACE] 帧 格网
[11:32:37.520] [TRACE] 帧 开始
[11:32:37.520] [TRACE] 帧 格网趟
[11:32:37.520] [TRACE] 帧 场景趟
[11:32:37.520] [TRACE] 帧 高亮趟
[11:32:37.520] [TRACE] 帧 叠加趟
[11:32:37.520] [TRACE] 帧 光标趟
[11:32:37.520] [TRACE] 帧 结束
[11:32:37.526] [TRACE] 帧 公告板
[11:32:37.526] [TRACE] 帧 格网
[11:32:37.526] [TRACE] 帧 开始
[11:32:37.526] [TRACE] 帧 格网趟
[11:32:37.527] [TRACE] 帧 场景趟
[11:32:37.527] [TRACE] 帧 高亮趟
[11:32:37.527] [TRACE] 帧 叠加趟
[11:32:37.527] [TRACE] 帧 光标趟
[11:32:37.527] [TRACE] 帧 结束
[11:32:37.533] [TRACE] 帧 公告板
[11:32:37.533] [TRACE] 帧 格网
[11:32:37.533] [TRACE] 帧 开始
[11:32:37.534] [TRACE] 帧 格网趟
[11:32:37.534] [TRACE] 帧 场景趟
[11:32:37.534] [TRACE] 帧 高亮趟
[11:32:37.534] [TRACE] 帧 叠加趟
[11:32:37.534] [TRACE] 帧 光标趟
[11:32:37.534] [TRACE] 帧 结束
[11:32:37.539] [TRACE] 帧 公告板
[11:32:37.539] [TRACE] 帧 格网
[11:32:37.540] [TRACE] 帧 开始
[11:32:37.540] [TRACE] 帧 格网趟
[11:32:37.540] [TRACE] 帧 场景趟
[11:32:37.540] [TRACE] 帧 高亮趟
[11:32:37.541] [TRACE] 帧 叠加趟
[11:32:37.541] [TRACE] 帧 光标趟
[11:32:37.541] [TRACE] 帧 结束
[11:32:37.546] [TRACE] 帧 公告板
[11:32:37.546] [TRACE] 帧 格网
[11:32:37.546] [TRACE] 帧 开始
[11:32:37.547] [TRACE] 帧 格网趟
[11:32:37.547] [TRACE] 帧 场景趟
[11:32:37.547] [TRACE] 帧 高亮趟
[11:32:37.547] [TRACE] 帧 叠加趟
[11:32:37.547] [TRACE] 帧 光标趟
[11:32:37.547] [TRACE] 帧 结束
[11:32:37.554] [TRACE] 帧 公告板
[11:32:37.554] [TRACE] 帧 格网
[11:32:37.554] [TRACE] 帧 开始
[11:32:37.555] [TRACE] 帧 格网趟
[11:32:37.555] [TRACE] 帧 场景趟
[11:32:37.555] [TRACE] 帧 高亮趟
[11:32:37.555] [TRACE] 帧 叠加趟
[11:32:37.555] [TRACE] 帧 光标趟
[11:32:37.555] [TRACE] 帧 结束
[11:32:37.560] [TRACE] 帧 公告板
[11:32:37.560] [TRACE] 帧 格网
[11:32:37.560] [TRACE] 帧 开始
[11:32:37.561] [TRACE] 帧 格网趟
[11:32:37.561] [TRACE] 帧 场景趟
[11:32:37.561] [TRACE] 帧 高亮趟
[11:32:37.561] [TRACE] 帧 叠加趟
[11:32:37.561] [TRACE] 帧 光标趟
[11:32:37.561] [TRACE] 帧 结束
[11:32:37.568] [TRACE] 帧 公告板
[11:32:37.569] [TRACE] 帧 格网
[11:32:37.569] [TRACE] 帧 开始
[11:32:37.569] [TRACE] 帧 格网趟
[11:32:37.569] [TRACE] 帧 场景趟
[11:32:37.569] [TRACE] 帧 高亮趟
[11:32:37.569] [TRACE] 帧 叠加趟
[11:32:37.570] [TRACE] 帧 光标趟
[11:32:37.570] [TRACE] 帧 结束
[11:32:37.574] [TRACE] 帧 公告板
[11:32:37.575] [TRACE] 帧 格网
[11:32:37.575] [TRACE] 帧 开始
[11:32:37.575] [TRACE] 帧 格网趟
[11:32:37.575] [TRACE] 帧 场景趟
[11:32:37.575] [TRACE] 帧 高亮趟
[11:32:37.575] [TRACE] 帧 叠加趟
[11:32:37.576] [TRACE] 帧 光标趟
[11:32:37.576] [TRACE] 帧 结束
[11:32:37.582] [TRACE] 帧 公告板
[11:32:37.582] [TRACE] 帧 格网
[11:32:37.582] [TRACE] 帧 开始
[11:32:37.583] [TRACE] 帧 格网趟
[11:32:37.583] [TRACE] 帧 场景趟
[11:32:37.583] [TRACE] 帧 高亮趟
[11:32:37.583] [TRACE] 帧 叠加趟
[11:32:37.583] [TRACE] 帧 光标趟
[11:32:37.583] [TRACE] 帧 结束
[11:32:37.588] [TRACE] 帧 公告板
[11:32:37.588] [TRACE] 帧 格网
[11:32:37.589] [TRACE] 帧 开始
[11:32:37.589] [TRACE] 帧 格网趟
[11:32:37.589] [TRACE] 帧 场景趟
[11:32:37.589] [TRACE] 帧 高亮趟
[11:32:37.589] [TRACE] 帧 叠加趟
[11:32:37.589] [TRACE] 帧 光标趟
[11:32:37.589] [TRACE] 帧 结束
[11:32:37.595] [TRACE] 帧 公告板
[11:32:37.595] [TRACE] 帧 格网
[11:32:37.595] [TRACE] 帧 开始
[11:32:37.596] [TRACE] 帧 格网趟
[11:32:37.596] [TRACE] 帧 场景趟
[11:32:37.596] [TRACE] 帧 高亮趟
[11:32:37.596] [TRACE] 帧 叠加趟
[11:32:37.596] [TRACE] 帧 光标趟
[11:32:37.596] [TRACE] 帧 结束
[11:32:37.603] [TRACE] 帧 公告板
[11:32:37.603] [TRACE] 帧 格网
[11:32:37.603] [TRACE] 帧 开始
[11:32:37.604] [TRACE] 帧 格网趟
[11:32:37.604] [TRACE] 帧 场景趟
[11:32:37.604] [TRACE] 帧 高亮趟
[11:32:37.604] [TRACE] 帧 叠加趟
[11:32:37.604] [TRACE] 帧 光标趟
[11:32:37.604] [TRACE] 帧 结束
[11:32:37.609] [TRACE] 帧 公告板
[11:32:37.609] [TRACE] 帧 格网
[11:32:37.610] [TRACE] 帧 开始
[11:32:37.610] [TRACE] 帧 格网趟
[11:32:37.610] [TRACE] 帧 场景趟
[11:32:37.610] [TRACE] 帧 高亮趟
[11:32:37.610] [TRACE] 帧 叠加趟
[11:32:37.610] [TRACE] 帧 光标趟
[11:32:37.610] [TRACE] 帧 结束
[11:32:37.617] [TRACE] 帧 公告板
[11:32:37.617] [TRACE] 帧 格网
[11:32:37.617] [TRACE] 帧 开始
[11:32:37.617] [TRACE] 帧 格网趟
[11:32:37.617] [TRACE] 帧 场景趟
[11:32:37.617] [TRACE] 帧 高亮趟
[11:32:37.617] [TRACE] 帧 叠加趟
[11:32:37.618] [TRACE] 帧 光标趟
[11:32:37.618] [TRACE] 帧 结束
[11:32:37.623] [TRACE] 帧 公告板
[11:32:37.623] [TRACE] 帧 格网
[11:32:37.623] [TRACE] 帧 开始
[11:32:37.623] [TRACE] 帧 格网趟
[11:32:37.624] [TRACE] 帧 场景趟
[11:32:37.624] [TRACE] 帧 高亮趟
[11:32:37.624] [TRACE] 帧 叠加趟
[11:32:37.624] [TRACE] 帧 光标趟
[11:32:37.624] [TRACE] 帧 结束
[11:32:37.630] [TRACE] 帧 公告板
[11:32:37.630] [TRACE] 帧 格网
[11:32:37.630] [TRACE] 帧 开始
[11:32:37.630] [TRACE] 帧 格网趟
[11:32:37.631] [TRACE] 帧 场景趟
[11:32:37.631] [TRACE] 帧 高亮趟
[11:32:37.631] [TRACE] 帧 叠加趟
[11:32:37.631] [TRACE] 帧 光标趟
[11:32:37.631] [TRACE] 帧 结束
[11:32:37.637] [TRACE] 帧 公告板
[11:32:37.638] [TRACE] 帧 格网
[11:32:37.638] [TRACE] 帧 开始
[11:32:37.638] [TRACE] 帧 格网趟
[11:32:37.638] [TRACE] 帧 场景趟
[11:32:37.638] [TRACE] 帧 高亮趟
[11:32:37.638] [TRACE] 帧 叠加趟
[11:32:37.638] [TRACE] 帧 光标趟
[11:32:37.639] [TRACE] 帧 结束
[11:32:37.644] [TRACE] 帧 公告板
[11:32:37.644] [TRACE] 帧 格网
[11:32:37.644] [TRACE] 帧 开始
[11:32:37.644] [TRACE] 帧 格网趟
[11:32:37.644] [TRACE] 帧 场景趟
[11:32:37.644] [TRACE] 帧 高亮趟
[11:32:37.644] [TRACE] 帧 叠加趟
[11:32:37.645] [TRACE] 帧 光标趟
[11:32:37.645] [TRACE] 帧 结束
[11:32:37.652] [TRACE] 帧 公告板
[11:32:37.652] [TRACE] 帧 格网
[11:32:37.652] [TRACE] 帧 开始
[11:32:37.652] [TRACE] 帧 格网趟
[11:32:37.653] [TRACE] 帧 场景趟
[11:32:37.653] [TRACE] 帧 高亮趟
[11:32:37.653] [TRACE] 帧 叠加趟
[11:32:37.653] [TRACE] 帧 光标趟
[11:32:37.653] [TRACE] 帧 结束
[11:32:37.657] [TRACE] 帧 公告板
[11:32:37.658] [TRACE] 帧 格网
[11:32:37.658] [TRACE] 帧 开始
[11:32:37.658] [TRACE] 帧 格网趟
[11:32:37.658] [TRACE] 帧 场景趟
[11:32:37.658] [TRACE] 帧 高亮趟
[11:32:37.658] [TRACE] 帧 叠加趟
[11:32:37.658] [TRACE] 帧 光标趟
[11:32:37.659] [TRACE] 帧 结束
[11:32:37.665] [TRACE] 帧 公告板
[11:32:37.666] [TRACE] 帧 格网
[11:32:37.666] [TRACE] 帧 开始
[11:32:37.666] [TRACE] 帧 格网趟
[11:32:37.666] [TRACE] 帧 场景趟
[11:32:37.666] [TRACE] 帧 高亮趟
[11:32:37.666] [TRACE] 帧 叠加趟
[11:32:37.666] [TRACE] 帧 光标趟
[11:32:37.666] [TRACE] 帧 结束
[11:32:37.672] [TRACE] 帧 公告板
[11:32:37.672] [TRACE] 帧 格网
[11:32:37.672] [TRACE] 帧 开始
[11:32:37.672] [TRACE] 帧 格网趟
[11:32:37.672] [TRACE] 帧 场景趟
[11:32:37.672] [TRACE] 帧 高亮趟
[11:32:37.672] [TRACE] 帧 叠加趟
[11:32:37.672] [TRACE] 帧 光标趟
[11:32:37.673] [TRACE] 帧 结束
[11:32:37.678] [TRACE] 帧 公告板
[11:32:37.679] [TRACE] 帧 格网
[11:32:37.679] [TRACE] 帧 开始
[11:32:37.679] [TRACE] 帧 格网趟
[11:32:37.679] [TRACE] 帧 场景趟
[11:32:37.679] [TRACE] 帧 高亮趟
[11:32:37.680] [TRACE] 帧 叠加趟
[11:32:37.680] [TRACE] 帧 光标趟
[11:32:37.680] [TRACE] 帧 结束
[11:32:37.686] [TRACE] 帧 公告板
[11:32:37.686] [TRACE] 帧 格网
[11:32:37.686] [TRACE] 帧 开始
[11:32:37.687] [TRACE] 帧 格网趟
[11:32:37.687] [TRACE] 帧 场景趟
[11:32:37.687] [TRACE] 帧 高亮趟
[11:32:37.687] [TRACE] 帧 叠加趟
[11:32:37.687] [TRACE] 帧 光标趟
[11:32:37.687] [TRACE] 帧 结束
[11:32:37.693] [TRACE] 帧 公告板
[11:32:37.693] [TRACE] 帧 格网
[11:32:37.693] [TRACE] 帧 开始
[11:32:37.693] [TRACE] 帧 格网趟
[11:32:37.693] [TRACE] 帧 场景趟
[11:32:37.694] [TRACE] 帧 高亮趟
[11:32:37.694] [TRACE] 帧 叠加趟
[11:32:37.694] [TRACE] 帧 光标趟
[11:32:37.694] [TRACE] 帧 结束
[11:32:37.700] [TRACE] 帧 公告板
[11:32:37.700] [TRACE] 帧 格网
[11:32:37.700] [TRACE] 帧 开始
[11:32:37.701] [TRACE] 帧 格网趟
[11:32:37.701] [TRACE] 帧 场景趟
[11:32:37.701] [TRACE] 帧 高亮趟
[11:32:37.701] [TRACE] 帧 叠加趟
[11:32:37.701] [TRACE] 帧 光标趟
[11:32:37.701] [TRACE] 帧 结束
[11:32:37.706] [TRACE] 帧 公告板
[11:32:37.706] [TRACE] 帧 格网
[11:32:37.707] [TRACE] 帧 开始
[11:32:37.707] [TRACE] 帧 格网趟
[11:32:37.707] [TRACE] 帧 场景趟
[11:32:37.707] [TRACE] 帧 高亮趟
[11:32:37.707] [TRACE] 帧 叠加趟
[11:32:37.707] [TRACE] 帧 光标趟
[11:32:37.707] [TRACE] 帧 结束
[11:32:37.713] [TRACE] 帧 公告板
[11:32:37.713] [TRACE] 帧 格网
[11:32:37.714] [TRACE] 帧 开始
[11:32:37.714] [TRACE] 帧 格网趟
[11:32:37.714] [TRACE] 帧 场景趟
[11:32:37.714] [TRACE] 帧 高亮趟
[11:32:37.714] [TRACE] 帧 叠加趟
[11:32:37.715] [TRACE] 帧 光标趟
[11:32:37.715] [TRACE] 帧 结束
[11:32:37.721] [TRACE] 帧 公告板
[11:32:37.721] [TRACE] 帧 格网
[11:32:37.721] [TRACE] 帧 开始
[11:32:37.721] [TRACE] 帧 格网趟
[11:32:37.722] [TRACE] 帧 场景趟
[11:32:37.722] [TRACE] 帧 高亮趟
[11:32:37.722] [TRACE] 帧 叠加趟
[11:32:37.722] [TRACE] 帧 光标趟
[11:32:37.722] [TRACE] 帧 结束
[11:32:37.727] [TRACE] 帧 公告板
[11:32:37.727] [TRACE] 帧 格网
[11:32:37.728] [TRACE] 帧 开始
[11:32:37.728] [TRACE] 帧 格网趟
[11:32:37.728] [TRACE] 帧 场景趟
[11:32:37.728] [TRACE] 帧 高亮趟
[11:32:37.728] [TRACE] 帧 叠加趟
[11:32:37.728] [TRACE] 帧 光标趟
[11:32:37.729] [TRACE] 帧 结束
[11:32:37.735] [TRACE] 帧 公告板
[11:32:37.735] [TRACE] 帧 格网
[11:32:37.735] [TRACE] 帧 开始
[11:32:37.736] [TRACE] 帧 格网趟
[11:32:37.736] [TRACE] 帧 场景趟
[11:32:37.736] [TRACE] 帧 高亮趟
[11:32:37.736] [TRACE] 帧 叠加趟
[11:32:37.736] [TRACE] 帧 光标趟
[11:32:37.736] [TRACE] 帧 结束
[11:32:37.741] [TRACE] 帧 公告板
[11:32:37.741] [TRACE] 帧 格网
[11:32:37.741] [TRACE] 帧 开始
[11:32:37.742] [TRACE] 帧 格网趟
[11:32:37.742] [TRACE] 帧 场景趟
[11:32:37.742] [TRACE] 帧 高亮趟
[11:32:37.742] [TRACE] 帧 叠加趟
[11:32:37.742] [TRACE] 帧 光标趟
[11:32:37.742] [TRACE] 帧 结束
[11:32:37.749] [TRACE] 帧 公告板
[11:32:37.749] [TRACE] 帧 格网
[11:32:37.749] [TRACE] 帧 开始
[11:32:37.749] [TRACE] 帧 格网趟
[11:32:37.749] [TRACE] 帧 场景趟
[11:32:37.749] [TRACE] 帧 高亮趟
[11:32:37.749] [TRACE] 帧 叠加趟
[11:32:37.749] [TRACE] 帧 光标趟
[11:32:37.750] [TRACE] 帧 结束
[11:32:37.755] [TRACE] 帧 公告板
[11:32:37.755] [TRACE] 帧 格网
[11:32:37.755] [TRACE] 帧 开始
[11:32:37.755] [TRACE] 帧 格网趟
[11:32:37.756] [TRACE] 帧 场景趟
[11:32:37.756] [TRACE] 帧 高亮趟
[11:32:37.756] [TRACE] 帧 叠加趟
[11:32:37.756] [TRACE] 帧 光标趟
[11:32:37.756] [TRACE] 帧 结束
[11:32:37.762] [TRACE] 帧 公告板
[11:32:37.762] [TRACE] 帧 格网
[11:32:37.762] [TRACE] 帧 开始
[11:32:37.762] [TRACE] 帧 格网趟
[11:32:37.762] [TRACE] 帧 场景趟
[11:32:37.763] [TRACE] 帧 高亮趟
[11:32:37.763] [TRACE] 帧 叠加趟
[11:32:37.763] [TRACE] 帧 光标趟
[11:32:37.763] [TRACE] 帧 结束
[11:32:37.769] [TRACE] 帧 公告板
[11:32:37.770] [TRACE] 帧 格网
[11:32:37.770] [TRACE] 帧 开始
[11:32:37.770] [TRACE] 帧 格网趟
[11:32:37.770] [TRACE] 帧 场景趟
[11:32:37.770] [TRACE] 帧 高亮趟
[11:32:37.770] [TRACE] 帧 叠加趟
[11:32:37.771] [TRACE] 帧 光标趟
[11:32:37.771] [TRACE] 帧 结束
[11:32:37.776] [TRACE] 帧 公告板
[11:32:37.776] [TRACE] 帧 格网
[11:32:37.777] [TRACE] 帧 开始
[11:32:37.777] [TRACE] 帧 格网趟
[11:32:37.777] [TRACE] 帧 场景趟
[11:32:37.777] [TRACE] 帧 高亮趟
[11:32:37.777] [TRACE] 帧 叠加趟
[11:32:37.777] [TRACE] 帧 光标趟
[11:32:37.778] [TRACE] 帧 结束
[11:32:37.783] [TRACE] 帧 公告板
[11:32:37.784] [TRACE] 帧 格网
[11:32:37.784] [TRACE] 帧 开始
[11:32:37.784] [TRACE] 帧 格网趟
[11:32:37.784] [TRACE] 帧 场景趟
[11:32:37.784] [TRACE] 帧 高亮趟
[11:32:37.784] [TRACE] 帧 叠加趟
[11:32:37.784] [TRACE] 帧 光标趟
[11:32:37.785] [TRACE] 帧 结束
[11:32:37.790] [TRACE] 帧 公告板
[11:32:37.790] [TRACE] 帧 格网
[11:32:37.790] [TRACE] 帧 开始
[11:32:37.790] [TRACE] 帧 格网趟
[11:32:37.791] [TRACE] 帧 场景趟
[11:32:37.791] [TRACE] 帧 高亮趟
[11:32:37.791] [TRACE] 帧 叠加趟
[11:32:37.791] [TRACE] 帧 光标趟
[11:32:37.791] [TRACE] 帧 结束
[11:32:37.797] [TRACE] 帧 公告板
[11:32:37.797] [TRACE] 帧 格网
[11:32:37.797] [TRACE] 帧 开始
[11:32:37.797] [TRACE] 帧 格网趟
[11:32:37.797] [TRACE] 帧 场景趟
[11:32:37.798] [TRACE] 帧 高亮趟
[11:32:37.798] [TRACE] 帧 叠加趟
[11:32:37.798] [TRACE] 帧 光标趟
[11:32:37.798] [TRACE] 帧 结束
[11:32:37.804] [TRACE] 帧 公告板
[11:32:37.805] [TRACE] 帧 格网
[11:32:37.805] [TRACE] 帧 开始
[11:32:37.805] [TRACE] 帧 格网趟
[11:32:37.805] [TRACE] 帧 场景趟
[11:32:37.805] [TRACE] 帧 高亮趟
[11:32:37.805] [TRACE] 帧 叠加趟
[11:32:37.805] [TRACE] 帧 光标趟
[11:32:37.805] [TRACE] 帧 结束
[11:32:37.810] [TRACE] 帧 公告板
[11:32:37.811] [TRACE] 帧 格网
[11:32:37.811] [TRACE] 帧 开始
[11:32:37.811] [TRACE] 帧 格网趟
[11:32:37.811] [TRACE] 帧 场景趟
[11:32:37.811] [TRACE] 帧 高亮趟
[11:32:37.812] [TRACE] 帧 叠加趟
[11:32:37.812] [TRACE] 帧 光标趟
[11:32:37.812] [TRACE] 帧 结束
[11:32:37.819] [TRACE] 帧 公告板
[11:32:37.819] [TRACE] 帧 格网
[11:32:37.819] [TRACE] 帧 开始
[11:32:37.819] [TRACE] 帧 格网趟
[11:32:37.819] [TRACE] 帧 场景趟
[11:32:37.819] [TRACE] 帧 高亮趟
[11:32:37.820] [TRACE] 帧 叠加趟
[11:32:37.820] [TRACE] 帧 光标趟
[11:32:37.820] [TRACE] 帧 结束
[11:32:37.824] [TRACE] 帧 公告板
[11:32:37.824] [TRACE] 帧 格网
[11:32:37.825] [TRACE] 帧 开始
[11:32:37.825] [TRACE] 帧 格网趟
[11:32:37.825] [TRACE] 帧 场景趟
[11:32:37.825] [TRACE] 帧 高亮趟
[11:32:37.825] [TRACE] 帧 叠加趟
[11:32:37.825] [TRACE] 帧 光标趟
[11:32:37.826] [TRACE] 帧 结束
[11:32:37.832] [TRACE] 帧 公告板
[11:32:37.832] [TRACE] 帧 格网
[11:32:37.832] [TRACE] 帧 开始
[11:32:37.833] [TRACE] 帧 格网趟
[11:32:37.833] [TRACE] 帧 场景趟
[11:32:37.833] [TRACE] 帧 高亮趟
[11:32:37.833] [TRACE] 帧 叠加趟
[11:32:37.833] [TRACE] 帧 光标趟
[11:32:37.833] [TRACE] 帧 结束
[11:32:37.838] [TRACE] 帧 公告板
[11:32:37.838] [TRACE] 帧 格网
[11:32:37.839] [TRACE] 帧 开始
[11:32:37.839] [TRACE] 帧 格网趟
[11:32:37.839] [TRACE] 帧 场景趟
[11:32:37.839] [TRACE] 帧 高亮趟
[11:32:37.839] [TRACE] 帧 叠加趟
[11:32:37.839] [TRACE] 帧 光标趟
[11:32:37.839] [TRACE] 帧 结束
[11:32:37.845] [TRACE] 帧 公告板
[11:32:37.846] [TRACE] 帧 格网
[11:32:37.846] [TRACE] 帧 开始
[11:32:37.846] [TRACE] 帧 格网趟
[11:32:37.846] [TRACE] 帧 场景趟
[11:32:37.846] [TRACE] 帧 高亮趟
[11:32:37.846] [TRACE] 帧 叠加趟
[11:32:37.846] [TRACE] 帧 光标趟
[11:32:37.846] [TRACE] 帧 结束
[11:32:37.853] [TRACE] 帧 公告板
[11:32:37.854] [TRACE] 帧 格网
[11:32:37.854] [TRACE] 帧 开始
[11:32:37.854] [TRACE] 帧 格网趟
[11:32:37.854] [TRACE] 帧 场景趟
[11:32:37.854] [TRACE] 帧 高亮趟
[11:32:37.855] [TRACE] 帧 叠加趟
[11:32:37.855] [TRACE] 帧 光标趟
[11:32:37.855] [TRACE] 帧 结束
[11:32:37.860] [TRACE] 帧 公告板
[11:32:37.860] [TRACE] 帧 格网
[11:32:37.860] [TRACE] 帧 开始
[11:32:37.860] [TRACE] 帧 格网趟
[11:32:37.861] [TRACE] 帧 场景趟
[11:32:37.861] [TRACE] 帧 高亮趟
[11:32:37.861] [TRACE] 帧 叠加趟
[11:32:37.861] [TRACE] 帧 光标趟
[11:32:37.861] [TRACE] 帧 结束
[11:32:37.867] [TRACE] 帧 公告板
[11:32:37.867] [TRACE] 帧 格网
[11:32:37.868] [TRACE] 帧 开始
[11:32:37.868] [TRACE] 帧 格网趟
[11:32:37.868] [TRACE] 帧 场景趟
[11:32:37.868] [TRACE] 帧 高亮趟
[11:32:37.868] [TRACE] 帧 叠加趟
[11:32:37.868] [TRACE] 帧 光标趟
[11:32:37.868] [TRACE] 帧 结束
[11:32:37.873] [TRACE] 帧 公告板
[11:32:37.873] [TRACE] 帧 格网
[11:32:37.873] [TRACE] 帧 开始
[11:32:37.874] [TRACE] 帧 格网趟
[11:32:37.874] [TRACE] 帧 场景趟
[11:32:37.874] [TRACE] 帧 高亮趟
[11:32:37.874] [TRACE] 帧 叠加趟
[11:32:37.874] [TRACE] 帧 光标趟
[11:32:37.874] [TRACE] 帧 结束
[11:32:37.880] [TRACE] 帧 公告板
[11:32:37.881] [TRACE] 帧 格网
[11:32:37.881] [TRACE] 帧 开始
[11:32:37.881] [TRACE] 帧 格网趟
[11:32:37.881] [TRACE] 帧 场景趟
[11:32:37.881] [TRACE] 帧 高亮趟
[11:32:37.881] [TRACE] 帧 叠加趟
[11:32:37.881] [TRACE] 帧 光标趟
[11:32:37.882] [TRACE] 帧 结束
[11:32:37.888] [TRACE] 帧 公告板
[11:32:37.888] [TRACE] 帧 格网
[11:32:37.888] [TRACE] 帧 开始
[11:32:37.889] [TRACE] 帧 格网趟
[11:32:37.889] [TRACE] 帧 场景趟
[11:32:37.889] [TRACE] 帧 高亮趟
[11:32:37.889] [TRACE] 帧 叠加趟
[11:32:37.889] [TRACE] 帧 光标趟
[11:32:37.889] [TRACE] 帧 结束
[11:32:37.894] [TRACE] 帧 公告板
[11:32:37.895] [TRACE] 帧 格网
[11:32:37.895] [TRACE] 帧 开始
[11:32:37.895] [TRACE] 帧 格网趟
[11:32:37.895] [TRACE] 帧 场景趟
[11:32:37.895] [TRACE] 帧 高亮趟
[11:32:37.895] [TRACE] 帧 叠加趟
[11:32:37.896] [TRACE] 帧 光标趟
[11:32:37.896] [TRACE] 帧 结束
[11:32:37.902] [TRACE] 帧 公告板
[11:32:37.903] [TRACE] 帧 格网
[11:32:37.903] [TRACE] 帧 开始
[11:32:37.903] [TRACE] 帧 格网趟
[11:32:37.903] [TRACE] 帧 场景趟
[11:32:37.903] [TRACE] 帧 高亮趟
[11:32:37.904] [TRACE] 帧 叠加趟
[11:32:37.904] [TRACE] 帧 光标趟
[11:32:37.904] [TRACE] 帧 结束
[11:32:37.908] [TRACE] 帧 公告板
[11:32:37.908] [TRACE] 帧 格网
[11:32:37.908] [TRACE] 帧 开始
[11:32:37.909] [TRACE] 帧 格网趟
[11:32:37.909] [TRACE] 帧 场景趟
[11:32:37.909] [TRACE] 帧 高亮趟
[11:32:37.909] [TRACE] 帧 叠加趟
[11:32:37.910] [TRACE] 帧 光标趟
[11:32:37.910] [TRACE] 帧 结束
[11:32:37.916] [TRACE] 帧 公告板
[11:32:37.916] [TRACE] 帧 格网
[11:32:37.916] [TRACE] 帧 开始
[11:32:37.916] [TRACE] 帧 格网趟
[11:32:37.917] [TRACE] 帧 场景趟
[11:32:37.917] [TRACE] 帧 高亮趟
[11:32:37.917] [TRACE] 帧 叠加趟
[11:32:37.917] [TRACE] 帧 光标趟
[11:32:37.917] [TRACE] 帧 结束
[11:32:37.922] [TRACE] 帧 公告板
[11:32:37.922] [TRACE] 帧 格网
[11:32:37.922] [TRACE] 帧 开始
[11:32:37.923] [TRACE] 帧 格网趟
[11:32:37.923] [TRACE] 帧 场景趟
[11:32:37.923] [TRACE] 帧 高亮趟
[11:32:37.923] [TRACE] 帧 叠加趟
[11:32:37.923] [TRACE] 帧 光标趟
[11:32:37.923] [TRACE] 帧 结束
[11:32:37.929] [TRACE] 帧 公告板
[11:32:37.929] [TRACE] 帧 格网
[11:32:37.929] [TRACE] 帧 开始
[11:32:37.930] [TRACE] 帧 格网趟
[11:32:37.930] [TRACE] 帧 场景趟
[11:32:37.930] [TRACE] 帧 高亮趟
[11:32:37.930] [TRACE] 帧 叠加趟
[11:32:37.931] [TRACE] 帧 光标趟
[11:32:37.931] [TRACE] 帧 结束
[11:32:37.937] [TRACE] 帧 公告板
[11:32:37.937] [TRACE] 帧 格网
[11:32:37.937] [TRACE] 帧 开始
[11:32:37.937] [TRACE] 帧 格网趟
[11:32:37.937] [TRACE] 帧 场景趟
[11:32:37.938] [TRACE] 帧 高亮趟
[11:32:37.938] [TRACE] 帧 叠加趟
[11:32:37.938] [TRACE] 帧 光标趟
[11:32:37.938] [TRACE] 帧 结束
[11:32:37.943] [TRACE] 帧 公告板
[11:32:37.943] [TRACE] 帧 格网
[11:32:37.944] [TRACE] 帧 开始
[11:32:37.944] [TRACE] 帧 格网趟
[11:32:37.944] [TRACE] 帧 场景趟
[11:32:37.944] [TRACE] 帧 高亮趟
[11:32:37.944] [TRACE] 帧 叠加趟
[11:32:37.945] [TRACE] 帧 光标趟
[11:32:37.945] [TRACE] 帧 结束
[11:32:37.950] [TRACE] 帧 公告板
[11:32:37.951] [TRACE] 帧 格网
[11:32:37.951] [TRACE] 帧 开始
[11:32:37.951] [TRACE] 帧 格网趟
[11:32:37.951] [TRACE] 帧 场景趟
[11:32:37.951] [TRACE] 帧 高亮趟
[11:32:37.951] [TRACE] 帧 叠加趟
[11:32:37.951] [TRACE] 帧 光标趟
[11:32:37.952] [TRACE] 帧 结束
[11:32:37.956] [TRACE] 帧 公告板
[11:32:37.957] [TRACE] 帧 格网
[11:32:37.957] [TRACE] 帧 开始
[11:32:37.957] [TRACE] 帧 格网趟
[11:32:37.957] [TRACE] 帧 场景趟
[11:32:37.958] [TRACE] 帧 高亮趟
[11:32:37.958] [TRACE] 帧 叠加趟
[11:32:37.958] [TRACE] 帧 光标趟
[11:32:37.958] [TRACE] 帧 结束
[11:32:37.964] [TRACE] 帧 公告板
[11:32:37.964] [TRACE] 帧 格网
[11:32:37.964] [TRACE] 帧 开始
[11:32:37.965] [TRACE] 帧 格网趟
[11:32:37.965] [TRACE] 帧 场景趟
[11:32:37.965] [TRACE] 帧 高亮趟
[11:32:37.965] [TRACE] 帧 叠加趟
[11:32:37.965] [TRACE] 帧 光标趟
[11:32:37.966] [TRACE] 帧 结束
[11:32:37.971] [TRACE] 帧 公告板
[11:32:37.972] [TRACE] 帧 格网
[11:32:37.972] [TRACE] 帧 开始
[11:32:37.972] [TRACE] 帧 格网趟
[11:32:37.972] [TRACE] 帧 场景趟
[11:32:37.973] [TRACE] 帧 高亮趟
[11:32:37.973] [TRACE] 帧 叠加趟
[11:32:37.973] [TRACE] 帧 光标趟
[11:32:37.973] [TRACE] 帧 结束
[11:32:37.978] [TRACE] 帧 公告板
[11:32:37.978] [TRACE] 帧 格网
[11:32:37.978] [TRACE] 帧 开始
[11:32:37.978] [TRACE] 帧 格网趟
[11:32:37.978] [TRACE] 帧 场景趟
[11:32:37.979] [TRACE] 帧 高亮趟
[11:32:37.979] [TRACE] 帧 叠加趟
[11:32:37.979] [TRACE] 帧 光标趟
[11:32:37.979] [TRACE] 帧 结束
[11:32:37.986] [TRACE] 帧 公告板
[11:32:37.986] [TRACE] 帧 格网
[11:32:37.986] [TRACE] 帧 开始
[11:32:37.986] [TRACE] 帧 格网趟
[11:32:37.986] [TRACE] 帧 场景趟
[11:32:37.987] [TRACE] 帧 高亮趟
[11:32:37.987] [TRACE] 帧 叠加趟
[11:32:37.987] [TRACE] 帧 光标趟
[11:32:37.987] [TRACE] 帧 结束
[11:32:37.992] [TRACE] 帧 公告板
[11:32:37.992] [TRACE] 帧 格网
[11:32:37.992] [TRACE] 帧 开始
[11:32:37.992] [TRACE] 帧 格网趟
[11:32:37.992] [TRACE] 帧 场景趟
[11:32:37.993] [TRACE] 帧 高亮趟
[11:32:37.993] [TRACE] 帧 叠加趟
[11:32:37.993] [TRACE] 帧 光标趟
[11:32:37.993] [TRACE] 帧 结束
[11:32:37.999] [TRACE] 帧 公告板
[11:32:37.999] [TRACE] 帧 格网
[11:32:38.000] [TRACE] 帧 开始
[11:32:38.000] [TRACE] 帧 格网趟
[11:32:38.000] [TRACE] 帧 场景趟
[11:32:38.000] [TRACE] 帧 高亮趟
[11:32:38.001] [TRACE] 帧 叠加趟
[11:32:38.001] [TRACE] 帧 光标趟
[11:32:38.001] [TRACE] 帧 结束
[11:32:38.005] [TRACE] 帧 公告板
[11:32:38.006] [TRACE] 帧 格网
[11:32:38.006] [TRACE] 帧 开始
[11:32:38.006] [TRACE] 帧 格网趟
[11:32:38.006] [TRACE] 帧 场景趟
[11:32:38.006] [TRACE] 帧 高亮趟
[11:32:38.006] [TRACE] 帧 叠加趟
[11:32:38.006] [TRACE] 帧 光标趟
[11:32:38.007] [TRACE] 帧 结束
[11:32:38.012] [TRACE] 帧 公告板
[11:32:38.013] [TRACE] 帧 格网
[11:32:38.013] [TRACE] 帧 开始
[11:32:38.013] [TRACE] 帧 格网趟
[11:32:38.013] [TRACE] 帧 场景趟
[11:32:38.013] [TRACE] 帧 高亮趟
[11:32:38.014] [TRACE] 帧 叠加趟
[11:32:38.014] [TRACE] 帧 光标趟
[11:32:38.014] [TRACE] 帧 结束
[11:32:38.020] [TRACE] 帧 公告板
[11:32:38.020] [TRACE] 帧 格网
[11:32:38.020] [TRACE] 帧 开始
[11:32:38.021] [TRACE] 帧 格网趟
[11:32:38.021] [TRACE] 帧 场景趟
[11:32:38.021] [TRACE] 帧 高亮趟
[11:32:38.021] [TRACE] 帧 叠加趟
[11:32:38.022] [TRACE] 帧 光标趟
[11:32:38.022] [TRACE] 帧 结束
[11:32:38.026] [TRACE] 帧 公告板
[11:32:38.027] [TRACE] 帧 格网
[11:32:38.027] [TRACE] 帧 开始
[11:32:38.027] [TRACE] 帧 格网趟
[11:32:38.027] [TRACE] 帧 场景趟
[11:32:38.027] [TRACE] 帧 高亮趟
[11:32:38.028] [TRACE] 帧 叠加趟
[11:32:38.028] [TRACE] 帧 光标趟
[11:32:38.028] [TRACE] 帧 结束
[11:32:38.034] [TRACE] 帧 公告板
[11:32:38.034] [TRACE] 帧 格网
[11:32:38.034] [TRACE] 帧 开始
[11:32:38.034] [TRACE] 帧 格网趟
[11:32:38.034] [TRACE] 帧 场景趟
[11:32:38.035] [TRACE] 帧 高亮趟
[11:32:38.035] [TRACE] 帧 叠加趟
[11:32:38.035] [TRACE] 帧 光标趟
[11:32:38.035] [TRACE] 帧 结束
[11:32:38.040] [TRACE] 帧 公告板
[11:32:38.040] [TRACE] 帧 格网
[11:32:38.040] [TRACE] 帧 开始
[11:32:38.041] [TRACE] 帧 格网趟
[11:32:38.041] [TRACE] 帧 场景趟
[11:32:38.041] [TRACE] 帧 高亮趟
[11:32:38.041] [TRACE] 帧 叠加趟
[11:32:38.041] [TRACE] 帧 光标趟
[11:32:38.041] [TRACE] 帧 结束
[11:32:38.047] [TRACE] 帧 公告板
[11:32:38.047] [TRACE] 帧 格网
[11:32:38.048] [TRACE] 帧 开始
[11:32:38.048] [TRACE] 帧 格网趟
[11:32:38.048] [TRACE] 帧 场景趟
[11:32:38.048] [TRACE] 帧 高亮趟
[11:32:38.048] [TRACE] 帧 叠加趟
[11:32:38.048] [TRACE] 帧 光标趟
[11:32:38.048] [TRACE] 帧 结束
[11:32:38.055] [TRACE] 帧 公告板
[11:32:38.055] [TRACE] 帧 格网
[11:32:38.055] [TRACE] 帧 开始
[11:32:38.056] [TRACE] 帧 格网趟
[11:32:38.056] [TRACE] 帧 场景趟
[11:32:38.056] [TRACE] 帧 高亮趟
[11:32:38.056] [TRACE] 帧 叠加趟
[11:32:38.056] [TRACE] 帧 光标趟
[11:32:38.057] [TRACE] 帧 结束
[11:32:38.061] [TRACE] 帧 公告板
[11:32:38.061] [TRACE] 帧 格网
[11:32:38.061] [TRACE] 帧 开始
[11:32:38.062] [TRACE] 帧 格网趟
[11:32:38.062] [TRACE] 帧 场景趟
[11:32:38.062] [TRACE] 帧 高亮趟
[11:32:38.062] [TRACE] 帧 叠加趟
[11:32:38.062] [TRACE] 帧 光标趟
[11:32:38.063] [TRACE] 帧 结束
[11:32:38.069] [TRACE] 帧 公告板
[11:32:38.069] [TRACE] 帧 格网
[11:32:38.070] [TRACE] 帧 开始
[11:32:38.070] [TRACE] 帧 格网趟
[11:32:38.070] [TRACE] 帧 场景趟
[11:32:38.070] [TRACE] 帧 高亮趟
[11:32:38.070] [TRACE] 帧 叠加趟
[11:32:38.071] [TRACE] 帧 光标趟
[11:32:38.071] [TRACE] 帧 结束
[11:32:38.075] [TRACE] 帧 公告板
[11:32:38.075] [TRACE] 帧 格网
[11:32:38.075] [TRACE] 帧 开始
[11:32:38.075] [TRACE] 帧 格网趟
[11:32:38.075] [TRACE] 帧 场景趟
[11:32:38.076] [TRACE] 帧 高亮趟
[11:32:38.076] [TRACE] 帧 叠加趟
[11:32:38.076] [TRACE] 帧 光标趟
[11:32:38.076] [TRACE] 帧 结束
[11:32:38.083] [TRACE] 帧 公告板
[11:32:38.083] [TRACE] 帧 格网
[11:32:38.084] [TRACE] 帧 开始
[11:32:38.084] [TRACE] 帧 格网趟
[11:32:38.084] [TRACE] 帧 场景趟
[11:32:38.084] [TRACE] 帧 高亮趟
[11:32:38.084] [TRACE] 帧 叠加趟
[11:32:38.084] [TRACE] 帧 光标趟
[11:32:38.084] [TRACE] 帧 结束
[11:32:38.089] [TRACE] 帧 公告板
[11:32:38.089] [TRACE] 帧 格网
[11:32:38.089] [TRACE] 帧 开始
[11:32:38.089] [TRACE] 帧 格网趟
[11:32:38.089] [TRACE] 帧 场景趟
[11:32:38.089] [TRACE] 帧 高亮趟
[11:32:38.090] [TRACE] 帧 叠加趟
[11:32:38.090] [TRACE] 帧 光标趟
[11:32:38.090] [TRACE] 帧 结束
[11:32:38.096] [TRACE] 帧 公告板
[11:32:38.096] [TRACE] 帧 格网
[11:32:38.096] [TRACE] 帧 开始
[11:32:38.096] [TRACE] 帧 格网趟
[11:32:38.096] [TRACE] 帧 场景趟
[11:32:38.097] [TRACE] 帧 高亮趟
[11:32:38.097] [TRACE] 帧 叠加趟
[11:32:38.097] [TRACE] 帧 光标趟
[11:32:38.097] [TRACE] 帧 结束
[11:32:38.104] [TRACE] 帧 公告板
[11:32:38.104] [TRACE] 帧 格网
[11:32:38.104] [TRACE] 帧 开始
[11:32:38.104] [TRACE] 帧 格网趟
[11:32:38.104] [TRACE] 帧 场景趟
[11:32:38.104] [TRACE] 帧 高亮趟
[11:32:38.104] [TRACE] 帧 叠加趟
[11:32:38.105] [TRACE] 帧 光标趟
[11:32:38.105] [TRACE] 帧 结束
[11:32:38.110] [TRACE] 帧 公告板
[11:32:38.111] [TRACE] 帧 格网
[11:32:38.111] [TRACE] 帧 开始
[11:32:38.111] [TRACE] 帧 格网趟
[11:32:38.111] [TRACE] 帧 场景趟
[11:32:38.111] [TRACE] 帧 高亮趟
[11:32:38.111] [TRACE] 帧 叠加趟
[11:32:38.111] [TRACE] 帧 光标趟
[11:32:38.111] [TRACE] 帧 结束
[11:32:38.117] [TRACE] 帧 公告板
[11:32:38.118] [TRACE] 帧 格网
[11:32:38.118] [TRACE] 帧 开始
[11:32:38.118] [TRACE] 帧 格网趟
[11:32:38.118] [TRACE] 帧 场景趟
[11:32:38.118] [TRACE] 帧 高亮趟
[11:32:38.118] [TRACE] 帧 叠加趟
[11:32:38.119] [TRACE] 帧 光标趟
[11:32:38.119] [TRACE] 帧 结束
[11:32:38.123] [TRACE] 帧 公告板
[11:32:38.124] [TRACE] 帧 格网
[11:32:38.124] [TRACE] 帧 开始
[11:32:38.124] [TRACE] 帧 格网趟
[11:32:38.124] [TRACE] 帧 场景趟
[11:32:38.125] [TRACE] 帧 高亮趟
[11:32:38.125] [TRACE] 帧 叠加趟
[11:32:38.125] [TRACE] 帧 光标趟
[11:32:38.125] [TRACE] 帧 结束
[11:32:38.131] [TRACE] 帧 公告板
[11:32:38.132] [TRACE] 帧 格网
[11:32:38.132] [TRACE] 帧 开始
[11:32:38.132] [TRACE] 帧 格网趟
[11:32:38.132] [TRACE] 帧 场景趟
[11:32:38.132] [TRACE] 帧 高亮趟
[11:32:38.132] [TRACE] 帧 叠加趟
[11:32:38.133] [TRACE] 帧 光标趟
[11:32:38.133] [TRACE] 帧 结束
[11:32:38.137] [TRACE] 帧 公告板
[11:32:38.138] [TRACE] 帧 格网
[11:32:38.138] [TRACE] 帧 开始
[11:32:38.138] [TRACE] 帧 格网趟
[11:32:38.138] [TRACE] 帧 场景趟
[11:32:38.138] [TRACE] 帧 高亮趟
[11:32:38.138] [TRACE] 帧 叠加趟
[11:32:38.139] [TRACE] 帧 光标趟
[11:32:38.139] [TRACE] 帧 结束
[11:32:38.144] [TRACE] 帧 公告板
[11:32:38.145] [TRACE] 帧 格网
[11:32:38.145] [TRACE] 帧 开始
[11:32:38.145] [TRACE] 帧 格网趟
[11:32:38.145] [TRACE] 帧 场景趟
[11:32:38.145] [TRACE] 帧 高亮趟
[11:32:38.146] [TRACE] 帧 叠加趟
[11:32:38.146] [TRACE] 帧 光标趟
[11:32:38.146] [TRACE] 帧 结束
[11:32:38.152] [TRACE] 帧 公告板
[11:32:38.153] [TRACE] 帧 格网
[11:32:38.153] [TRACE] 帧 开始
[11:32:38.153] [TRACE] 帧 格网趟
[11:32:38.153] [TRACE] 帧 场景趟
[11:32:38.154] [TRACE] 帧 高亮趟
[11:32:38.154] [TRACE] 帧 叠加趟
[11:32:38.154] [TRACE] 帧 光标趟
[11:32:38.154] [TRACE] 帧 结束
[11:32:38.158] [TRACE] 帧 公告板
[11:32:38.158] [TRACE] 帧 格网
[11:32:38.159] [TRACE] 帧 开始
[11:32:38.159] [TRACE] 帧 格网趟
[11:32:38.159] [TRACE] 帧 场景趟
[11:32:38.159] [TRACE] 帧 高亮趟
[11:32:38.159] [TRACE] 帧 叠加趟
[11:32:38.160] [TRACE] 帧 光标趟
[11:32:38.160] [TRACE] 帧 结束
[11:32:38.166] [TRACE] 帧 公告板
[11:32:38.166] [TRACE] 帧 格网
[11:32:38.166] [TRACE] 帧 开始
[11:32:38.167] [TRACE] 帧 格网趟
[11:32:38.167] [TRACE] 帧 场景趟
[11:32:38.167] [TRACE] 帧 高亮趟
[11:32:38.167] [TRACE] 帧 叠加趟
[11:32:38.167] [TRACE] 帧 光标趟
[11:32:38.167] [TRACE] 帧 结束
[11:32:38.172] [TRACE] 帧 公告板
[11:32:38.172] [TRACE] 帧 格网
[11:32:38.173] [TRACE] 帧 开始
[11:32:38.173] [TRACE] 帧 格网趟
[11:32:38.173] [TRACE] 帧 场景趟
[11:32:38.173] [TRACE] 帧 高亮趟
[11:32:38.173] [TRACE] 帧 叠加趟
[11:32:38.173] [TRACE] 帧 光标趟
[11:32:38.174] [TRACE] 帧 结束
[11:32:38.179] [TRACE] 帧 公告板
[11:32:38.179] [TRACE] 帧 格网
[11:32:38.179] [TRACE] 帧 开始
[11:32:38.180] [TRACE] 帧 格网趟
[11:32:38.180] [TRACE] 帧 场景趟
[11:32:38.180] [TRACE] 帧 高亮趟
[11:32:38.180] [TRACE] 帧 叠加趟
[11:32:38.181] [TRACE] 帧 光标趟
[11:32:38.181] [TRACE] 帧 结束
[11:32:38.187] [TRACE] 帧 公告板
[11:32:38.187] [TRACE] 帧 格网
[11:32:38.187] [TRACE] 帧 开始
[11:32:38.187] [TRACE] 帧 格网趟
[11:32:38.187] [TRACE] 帧 场景趟
[11:32:38.188] [TRACE] 帧 高亮趟
[11:32:38.188] [TRACE] 帧 叠加趟
[11:32:38.188] [TRACE] 帧 光标趟
[11:32:38.188] [TRACE] 帧 结束
[11:32:38.193] [TRACE] 帧 公告板
[11:32:38.194] [TRACE] 帧 格网
[11:32:38.194] [TRACE] 帧 开始
[11:32:38.194] [TRACE] 帧 格网趟
[11:32:38.194] [TRACE] 帧 场景趟
[11:32:38.194] [TRACE] 帧 高亮趟
[11:32:38.195] [TRACE] 帧 叠加趟
[11:32:38.195] [TRACE] 帧 光标趟
[11:32:38.195] [TRACE] 帧 结束
[11:32:38.201] [TRACE] 帧 公告板
[11:32:38.201] [TRACE] 帧 格网
[11:32:38.201] [TRACE] 帧 开始
[11:32:38.201] [TRACE] 帧 格网趟
[11:32:38.201] [TRACE] 帧 场景趟
[11:32:38.202] [TRACE] 帧 高亮趟
[11:32:38.202] [TRACE] 帧 叠加趟
[11:32:38.202] [TRACE] 帧 光标趟
[11:32:38.202] [TRACE] 帧 结束
[11:32:38.207] [TRACE] 帧 公告板
[11:32:38.207] [TRACE] 帧 格网
[11:32:38.207] [TRACE] 帧 开始
[11:32:38.208] [TRACE] 帧 格网趟
[11:32:38.208] [TRACE] 帧 场景趟
[11:32:38.208] [TRACE] 帧 高亮趟
[11:32:38.208] [TRACE] 帧 叠加趟
[11:32:38.209] [TRACE] 帧 光标趟
[11:32:38.209] [TRACE] 帧 结束
[11:32:38.215] [TRACE] 帧 公告板
[11:32:38.215] [TRACE] 帧 格网
[11:32:38.215] [TRACE] 帧 开始
[11:32:38.215] [TRACE] 帧 格网趟
[11:32:38.215] [TRACE] 帧 场景趟
[11:32:38.216] [TRACE] 帧 高亮趟
[11:32:38.216] [TRACE] 帧 叠加趟
[11:32:38.216] [TRACE] 帧 光标趟
[11:32:38.216] [TRACE] 帧 结束
[11:32:38.221] [TRACE] 帧 公告板
[11:32:38.221] [TRACE] 帧 格网
[11:32:38.221] [TRACE] 帧 开始
[11:32:38.222] [TRACE] 帧 格网趟
[11:32:38.222] [TRACE] 帧 场景趟
[11:32:38.222] [TRACE] 帧 高亮趟
[11:32:38.222] [TRACE] 帧 叠加趟
[11:32:38.222] [TRACE] 帧 光标趟
[11:32:38.223] [TRACE] 帧 结束
[11:32:38.228] [TRACE] 帧 公告板
[11:32:38.228] [TRACE] 帧 格网
[11:32:38.228] [TRACE] 帧 开始
[11:32:38.228] [TRACE] 帧 格网趟
[11:32:38.229] [TRACE] 帧 场景趟
[11:32:38.229] [TRACE] 帧 高亮趟
[11:32:38.229] [TRACE] 帧 叠加趟
[11:32:38.229] [TRACE] 帧 光标趟
[11:32:38.229] [TRACE] 帧 结束
[11:32:38.236] [TRACE] 帧 公告板
[11:32:38.236] [TRACE] 帧 格网
[11:32:38.236] [TRACE] 帧 开始
[11:32:38.237] [TRACE] 帧 格网趟
[11:32:38.237] [TRACE] 帧 场景趟
[11:32:38.237] [TRACE] 帧 高亮趟
[11:32:38.237] [TRACE] 帧 叠加趟
[11:32:38.237] [TRACE] 帧 光标趟
[11:32:38.237] [TRACE] 帧 结束
[11:32:38.242] [TRACE] 帧 公告板
[11:32:38.242] [TRACE] 帧 格网
[11:32:38.242] [TRACE] 帧 开始
[11:32:38.242] [TRACE] 帧 格网趟
[11:32:38.242] [TRACE] 帧 场景趟
[11:32:38.243] [TRACE] 帧 高亮趟
[11:32:38.243] [TRACE] 帧 叠加趟
[11:32:38.243] [TRACE] 帧 光标趟
[11:32:38.243] [TRACE] 帧 结束
[11:32:38.249] [TRACE] 帧 公告板
[11:32:38.250] [TRACE] 帧 格网
[11:32:38.250] [TRACE] 帧 开始
[11:32:38.250] [TRACE] 帧 格网趟
[11:32:38.250] [TRACE] 帧 场景趟
[11:32:38.250] [TRACE] 帧 高亮趟
[11:32:38.251] [TRACE] 帧 叠加趟
[11:32:38.251] [TRACE] 帧 光标趟
[11:32:38.251] [TRACE] 帧 结束
[11:32:38.256] [TRACE] 帧 公告板
[11:32:38.256] [TRACE] 帧 格网
[11:32:38.256] [TRACE] 帧 开始
[11:32:38.256] [TRACE] 帧 格网趟
[11:32:38.256] [TRACE] 帧 场景趟
[11:32:38.257] [TRACE] 帧 高亮趟
[11:32:38.257] [TRACE] 帧 叠加趟
[11:32:38.257] [TRACE] 帧 光标趟
[11:32:38.257] [TRACE] 帧 结束
[11:32:38.262] [TRACE] 帧 公告板
[11:32:38.263] [TRACE] 帧 格网
[11:32:38.263] [TRACE] 帧 开始
[11:32:38.263] [TRACE] 帧 格网趟
[11:32:38.263] [TRACE] 帧 场景趟
[11:32:38.263] [TRACE] 帧 高亮趟
[11:32:38.264] [TRACE] 帧 叠加趟
[11:32:38.264] [TRACE] 帧 光标趟
[11:32:38.264] [TRACE] 帧 结束
[11:32:38.270] [TRACE] 帧 公告板
[11:32:38.271] [TRACE] 帧 格网
[11:32:38.271] [TRACE] 帧 开始
[11:32:38.271] [TRACE] 帧 格网趟
[11:32:38.271] [TRACE] 帧 场景趟
[11:32:38.271] [TRACE] 帧 高亮趟
[11:32:38.271] [TRACE] 帧 叠加趟
[11:32:38.271] [TRACE] 帧 光标趟
[11:32:38.272] [TRACE] 帧 结束
[11:32:38.277] [TRACE] 帧 公告板
[11:32:38.277] [TRACE] 帧 格网
[11:32:38.277] [TRACE] 帧 开始
[11:32:38.277] [TRACE] 帧 格网趟
[11:32:38.278] [TRACE] 帧 场景趟
[11:32:38.278] [TRACE] 帧 高亮趟
[11:32:38.278] [TRACE] 帧 叠加趟
[11:32:38.278] [TRACE] 帧 光标趟
[11:32:38.278] [TRACE] 帧 结束
[11:32:38.284] [TRACE] 帧 公告板
[11:32:38.284] [TRACE] 帧 格网
[11:32:38.284] [TRACE] 帧 开始
[11:32:38.285] [TRACE] 帧 格网趟
[11:32:38.285] [TRACE] 帧 场景趟
[11:32:38.285] [TRACE] 帧 高亮趟
[11:32:38.285] [TRACE] 帧 叠加趟
[11:32:38.285] [TRACE] 帧 光标趟
[11:32:38.285] [TRACE] 帧 结束
[11:32:38.290] [TRACE] 帧 公告板
[11:32:38.291] [TRACE] 帧 格网
[11:32:38.291] [TRACE] 帧 开始
[11:32:38.291] [TRACE] 帧 格网趟
[11:32:38.291] [TRACE] 帧 场景趟
[11:32:38.291] [TRACE] 帧 高亮趟
[11:32:38.291] [TRACE] 帧 叠加趟
[11:32:38.291] [TRACE] 帧 光标趟
[11:32:38.291] [TRACE] 帧 结束
[11:32:38.298] [TRACE] 帧 公告板
[11:32:38.298] [TRACE] 帧 格网
[11:32:38.298] [TRACE] 帧 开始
[11:32:38.299] [TRACE] 帧 格网趟
[11:32:38.299] [TRACE] 帧 场景趟
[11:32:38.299] [TRACE] 帧 高亮趟
[11:32:38.299] [TRACE] 帧 叠加趟
[11:32:38.299] [TRACE] 帧 光标趟
[11:32:38.299] [TRACE] 帧 结束
[11:32:38.304] [TRACE] 帧 公告板
[11:32:38.304] [TRACE] 帧 格网
[11:32:38.304] [TRACE] 帧 开始
[11:32:38.305] [TRACE] 帧 格网趟
[11:32:38.305] [TRACE] 帧 场景趟
[11:32:38.305] [TRACE] 帧 高亮趟
[11:32:38.305] [TRACE] 帧 叠加趟
[11:32:38.305] [TRACE] 帧 光标趟
[11:32:38.305] [TRACE] 帧 结束
[11:32:38.311] [TRACE] 帧 公告板
[11:32:38.311] [TRACE] 帧 格网
[11:32:38.311] [TRACE] 帧 开始
[11:32:38.312] [TRACE] 帧 格网趟
[11:32:38.312] [TRACE] 帧 场景趟
[11:32:38.312] [TRACE] 帧 高亮趟
[11:32:38.312] [TRACE] 帧 叠加趟
[11:32:38.312] [TRACE] 帧 光标趟
[11:32:38.312] [TRACE] 帧 结束
[11:32:38.319] [TRACE] 帧 公告板
[11:32:38.319] [TRACE] 帧 格网
[11:32:38.320] [TRACE] 帧 开始
[11:32:38.320] [TRACE] 帧 格网趟
[11:32:38.320] [TRACE] 帧 场景趟
[11:32:38.320] [TRACE] 帧 高亮趟
[11:32:38.320] [TRACE] 帧 叠加趟
[11:32:38.320] [TRACE] 帧 光标趟
[11:32:38.320] [TRACE] 帧 结束
[11:32:38.325] [TRACE] 帧 公告板
[11:32:38.325] [TRACE] 帧 格网
[11:32:38.325] [TRACE] 帧 开始
[11:32:38.325] [TRACE] 帧 格网趟
[11:32:38.325] [TRACE] 帧 场景趟
[11:32:38.325] [TRACE] 帧 高亮趟
[11:32:38.326] [TRACE] 帧 叠加趟
[11:32:38.326] [TRACE] 帧 光标趟
[11:32:38.326] [TRACE] 帧 结束
[11:32:38.333] [TRACE] 帧 公告板
[11:32:38.333] [TRACE] 帧 格网
[11:32:38.333] [TRACE] 帧 开始
[11:32:38.333] [TRACE] 帧 格网趟
[11:32:38.333] [TRACE] 帧 场景趟
[11:32:38.333] [TRACE] 帧 高亮趟
[11:32:38.333] [TRACE] 帧 叠加趟
[11:32:38.333] [TRACE] 帧 光标趟
[11:32:38.334] [TRACE] 帧 结束
[11:32:38.339] [TRACE] 帧 公告板
[11:32:38.339] [TRACE] 帧 格网
[11:32:38.339] [TRACE] 帧 开始
[11:32:38.339] [TRACE] 帧 格网趟
[11:32:38.339] [TRACE] 帧 场景趟
[11:32:38.339] [TRACE] 帧 高亮趟
[11:32:38.340] [TRACE] 帧 叠加趟
[11:32:38.340] [TRACE] 帧 光标趟
[11:32:38.340] [TRACE] 帧 结束
[11:32:38.346] [TRACE] 帧 公告板
[11:32:38.346] [TRACE] 帧 格网
[11:32:38.346] [TRACE] 帧 开始
[11:32:38.346] [TRACE] 帧 格网趟
[11:32:38.347] [TRACE] 帧 场景趟
[11:32:38.347] [TRACE] 帧 高亮趟
[11:32:38.347] [TRACE] 帧 叠加趟
[11:32:38.347] [TRACE] 帧 光标趟
[11:32:38.347] [TRACE] 帧 结束
[11:32:38.354] [TRACE] 帧 公告板
[11:32:38.354] [TRACE] 帧 格网
[11:32:38.354] [TRACE] 帧 开始
[11:32:38.354] [TRACE] 帧 格网趟
[11:32:38.354] [TRACE] 帧 场景趟
[11:32:38.354] [TRACE] 帧 高亮趟
[11:32:38.354] [TRACE] 帧 叠加趟
[11:32:38.355] [TRACE] 帧 光标趟
[11:32:38.355] [TRACE] 帧 结束
[11:32:38.360] [TRACE] 帧 公告板
[11:32:38.360] [TRACE] 帧 格网
[11:32:38.360] [TRACE] 帧 开始
[11:32:38.361] [TRACE] 帧 格网趟
[11:32:38.361] [TRACE] 帧 场景趟
[11:32:38.361] [TRACE] 帧 高亮趟
[11:32:38.361] [TRACE] 帧 叠加趟
[11:32:38.361] [TRACE] 帧 光标趟
[11:32:38.361] [TRACE] 帧 结束
[11:32:38.368] [TRACE] 帧 公告板
[11:32:38.368] [TRACE] 帧 格网
[11:32:38.368] [TRACE] 帧 开始
[11:32:38.368] [TRACE] 帧 格网趟
[11:32:38.368] [TRACE] 帧 场景趟
[11:32:38.368] [TRACE] 帧 高亮趟
[11:32:38.368] [TRACE] 帧 叠加趟
[11:32:38.368] [TRACE] 帧 光标趟
[11:32:38.369] [TRACE] 帧 结束
[11:32:38.374] [TRACE] 帧 公告板
[11:32:38.374] [TRACE] 帧 格网
[11:32:38.374] [TRACE] 帧 开始
[11:32:38.374] [TRACE] 帧 格网趟
[11:32:38.374] [TRACE] 帧 场景趟
[11:32:38.374] [TRACE] 帧 高亮趟
[11:32:38.375] [TRACE] 帧 叠加趟
[11:32:38.375] [TRACE] 帧 光标趟
[11:32:38.375] [TRACE] 帧 结束
[11:32:38.381] [TRACE] 帧 公告板
[11:32:38.382] [TRACE] 帧 格网
[11:32:38.382] [TRACE] 帧 开始
[11:32:38.382] [TRACE] 帧 格网趟
[11:32:38.382] [TRACE] 帧 场景趟
[11:32:38.382] [TRACE] 帧 高亮趟
[11:32:38.382] [TRACE] 帧 叠加趟
[11:32:38.382] [TRACE] 帧 光标趟
[11:32:38.382] [TRACE] 帧 结束
[11:32:38.387] [TRACE] 帧 公告板
[11:32:38.387] [TRACE] 帧 格网
[11:32:38.388] [TRACE] 帧 开始
[11:32:38.388] [TRACE] 帧 格网趟
[11:32:38.388] [TRACE] 帧 场景趟
[11:32:38.388] [TRACE] 帧 高亮趟
[11:32:38.388] [TRACE] 帧 叠加趟
[11:32:38.388] [TRACE] 帧 光标趟
[11:32:38.388] [TRACE] 帧 结束
[11:32:38.394] [TRACE] 帧 公告板
[11:32:38.395] [TRACE] 帧 格网
[11:32:38.395] [TRACE] 帧 开始
[11:32:38.395] [TRACE] 帧 格网趟
[11:32:38.395] [TRACE] 帧 场景趟
[11:32:38.396] [TRACE] 帧 高亮趟
[11:32:38.396] [TRACE] 帧 叠加趟
[11:32:38.396] [TRACE] 帧 光标趟
[11:32:38.396] [TRACE] 帧 结束
[11:32:38.402] [TRACE] 帧 公告板
[11:32:38.403] [TRACE] 帧 格网
[11:32:38.403] [TRACE] 帧 开始
[11:32:38.403] [TRACE] 帧 格网趟
[11:32:38.403] [TRACE] 帧 场景趟
[11:32:38.403] [TRACE] 帧 高亮趟
[11:32:38.403] [TRACE] 帧 叠加趟
[11:32:38.404] [TRACE] 帧 光标趟
[11:32:38.404] [TRACE] 帧 结束
[11:32:38.408] [TRACE] 帧 公告板
[11:32:38.408] [TRACE] 帧 格网
[11:32:38.408] [TRACE] 帧 开始
[11:32:38.409] [TRACE] 帧 格网趟
[11:32:38.409] [TRACE] 帧 场景趟
[11:32:38.409] [TRACE] 帧 高亮趟
[11:32:38.409] [TRACE] 帧 叠加趟
[11:32:38.409] [TRACE] 帧 光标趟
[11:32:38.409] [TRACE] 帧 结束
[11:32:38.416] [TRACE] 帧 公告板
[11:32:38.416] [TRACE] 帧 格网
[11:32:38.416] [TRACE] 帧 开始
[11:32:38.416] [TRACE] 帧 格网趟
[11:32:38.416] [TRACE] 帧 场景趟
[11:32:38.417] [TRACE] 帧 高亮趟
[11:32:38.417] [TRACE] 帧 叠加趟
[11:32:38.417] [TRACE] 帧 光标趟
[11:32:38.417] [TRACE] 帧 结束
[11:32:38.422] [TRACE] 帧 公告板
[11:32:38.422] [TRACE] 帧 格网
[11:32:38.422] [TRACE] 帧 开始
[11:32:38.422] [TRACE] 帧 格网趟
[11:32:38.423] [TRACE] 帧 场景趟
[11:32:38.423] [TRACE] 帧 高亮趟
[11:32:38.423] [TRACE] 帧 叠加趟
[11:32:38.423] [TRACE] 帧 光标趟
[11:32:38.423] [TRACE] 帧 结束
[11:32:38.429] [TRACE] 帧 公告板
[11:32:38.429] [TRACE] 帧 格网
[11:32:38.429] [TRACE] 帧 开始
[11:32:38.429] [TRACE] 帧 格网趟
[11:32:38.430] [TRACE] 帧 场景趟
[11:32:38.430] [TRACE] 帧 高亮趟
[11:32:38.430] [TRACE] 帧 叠加趟
[11:32:38.430] [TRACE] 帧 光标趟
[11:32:38.430] [TRACE] 帧 结束
[11:32:38.437] [TRACE] 帧 公告板
[11:32:38.437] [TRACE] 帧 格网
[11:32:38.437] [TRACE] 帧 开始
[11:32:38.438] [TRACE] 帧 格网趟
[11:32:38.438] [TRACE] 帧 场景趟
[11:32:38.438] [TRACE] 帧 高亮趟
[11:32:38.438] [TRACE] 帧 叠加趟
[11:32:38.438] [TRACE] 帧 光标趟
[11:32:38.438] [TRACE] 帧 结束
[11:32:38.443] [TRACE] 帧 公告板
[11:32:38.444] [TRACE] 帧 格网
[11:32:38.444] [TRACE] 帧 开始
[11:32:38.444] [TRACE] 帧 格网趟
[11:32:38.444] [TRACE] 帧 场景趟
[11:32:38.444] [TRACE] 帧 高亮趟
[11:32:38.444] [TRACE] 帧 叠加趟
[11:32:38.444] [TRACE] 帧 光标趟
[11:32:38.444] [TRACE] 帧 结束
[11:32:38.451] [TRACE] 帧 公告板
[11:32:38.451] [TRACE] 帧 格网
[11:32:38.451] [TRACE] 帧 开始
[11:32:38.451] [TRACE] 帧 格网趟
[11:32:38.451] [TRACE] 帧 场景趟
[11:32:38.452] [TRACE] 帧 高亮趟
[11:32:38.452] [TRACE] 帧 叠加趟
[11:32:38.452] [TRACE] 帧 光标趟
[11:32:38.452] [TRACE] 帧 结束
[11:32:38.457] [TRACE] 帧 公告板
[11:32:38.457] [TRACE] 帧 格网
[11:32:38.457] [TRACE] 帧 开始
[11:32:38.457] [TRACE] 帧 格网趟
[11:32:38.457] [TRACE] 帧 场景趟
[11:32:38.457] [TRACE] 帧 高亮趟
[11:32:38.457] [TRACE] 帧 叠加趟
[11:32:38.458] [TRACE] 帧 光标趟
[11:32:38.458] [TRACE] 帧 结束
[11:32:38.464] [TRACE] 帧 公告板
[11:32:38.465] [TRACE] 帧 格网
[11:32:38.465] [TRACE] 帧 开始
[11:32:38.465] [TRACE] 帧 格网趟
[11:32:38.465] [TRACE] 帧 场景趟
[11:32:38.465] [TRACE] 帧 高亮趟
[11:32:38.465] [TRACE] 帧 叠加趟
[11:32:38.465] [TRACE] 帧 光标趟
[11:32:38.465] [TRACE] 帧 结束
[11:32:38.471] [TRACE] 帧 公告板
[11:32:38.471] [TRACE] 帧 格网
[11:32:38.471] [TRACE] 帧 开始
[11:32:38.471] [TRACE] 帧 格网趟
[11:32:38.472] [TRACE] 帧 场景趟
[11:32:38.472] [TRACE] 帧 高亮趟
[11:32:38.472] [TRACE] 帧 叠加趟
[11:32:38.472] [TRACE] 帧 光标趟
[11:32:38.472] [TRACE] 帧 结束
[11:32:38.478] [TRACE] 帧 公告板
[11:32:38.478] [TRACE] 帧 格网
[11:32:38.478] [TRACE] 帧 开始
[11:32:38.478] [TRACE] 帧 格网趟
[11:32:38.478] [TRACE] 帧 场景趟
[11:32:38.479] [TRACE] 帧 高亮趟
[11:32:38.479] [TRACE] 帧 叠加趟
[11:32:38.479] [TRACE] 帧 光标趟
[11:32:38.479] [TRACE] 帧 结束
[11:32:38.486] [TRACE] 帧 公告板
[11:32:38.486] [TRACE] 帧 格网
[11:32:38.486] [TRACE] 帧 开始
[11:32:38.487] [TRACE] 帧 格网趟
[11:32:38.487] [TRACE] 帧 场景趟
[11:32:38.487] [TRACE] 帧 高亮趟
[11:32:38.487] [TRACE] 帧 叠加趟
[11:32:38.487] [TRACE] 帧 光标趟
[11:32:38.487] [TRACE] 帧 结束
[11:32:38.492] [TRACE] 帧 公告板
[11:32:38.492] [TRACE] 帧 格网
[11:32:38.492] [TRACE] 帧 开始
[11:32:38.492] [TRACE] 帧 格网趟
[11:32:38.492] [TRACE] 帧 场景趟
[11:32:38.493] [TRACE] 帧 高亮趟
[11:32:38.493] [TRACE] 帧 叠加趟
[11:32:38.493] [TRACE] 帧 光标趟
[11:32:38.493] [TRACE] 帧 结束
[11:32:38.499] [TRACE] 帧 公告板
[11:32:38.500] [TRACE] 帧 格网
[11:32:38.500] [TRACE] 帧 开始
[11:32:38.500] [TRACE] 帧 格网趟
[11:32:38.500] [TRACE] 帧 场景趟
[11:32:38.500] [TRACE] 帧 高亮趟
[11:32:38.500] [TRACE] 帧 叠加趟
[11:32:38.500] [TRACE] 帧 光标趟
[11:32:38.501] [TRACE] 帧 结束
[11:32:38.506] [TRACE] 帧 公告板
[11:32:38.506] [TRACE] 帧 格网
[11:32:38.506] [TRACE] 帧 开始
[11:32:38.506] [TRACE] 帧 格网趟
[11:32:38.506] [TRACE] 帧 场景趟
[11:32:38.506] [TRACE] 帧 高亮趟
[11:32:38.507] [TRACE] 帧 叠加趟
[11:32:38.507] [TRACE] 帧 光标趟
[11:32:38.507] [TRACE] 帧 结束
[11:32:38.513] [TRACE] 帧 公告板
[11:32:38.513] [TRACE] 帧 格网
[11:32:38.513] [TRACE] 帧 开始
[11:32:38.513] [TRACE] 帧 格网趟
[11:32:38.513] [TRACE] 帧 场景趟
[11:32:38.514] [TRACE] 帧 高亮趟
[11:32:38.514] [TRACE] 帧 叠加趟
[11:32:38.514] [TRACE] 帧 光标趟
[11:32:38.514] [TRACE] 帧 结束
[11:32:38.520] [TRACE] 帧 公告板
[11:32:38.521] [TRACE] 帧 格网
[11:32:38.521] [TRACE] 帧 开始
[11:32:38.521] [TRACE] 帧 格网趟
[11:32:38.521] [TRACE] 帧 场景趟
[11:32:38.521] [TRACE] 帧 高亮趟
[11:32:38.521] [TRACE] 帧 叠加趟
[11:32:38.522] [TRACE] 帧 光标趟
[11:32:38.522] [TRACE] 帧 结束
[11:32:38.527] [TRACE] 帧 公告板
[11:32:38.527] [TRACE] 帧 格网
[11:32:38.527] [TRACE] 帧 开始
[11:32:38.527] [TRACE] 帧 格网趟
[11:32:38.527] [TRACE] 帧 场景趟
[11:32:38.528] [TRACE] 帧 高亮趟
[11:32:38.528] [TRACE] 帧 叠加趟
[11:32:38.528] [TRACE] 帧 光标趟
[11:32:38.528] [TRACE] 帧 结束
[11:32:38.534] [TRACE] 帧 公告板
[11:32:38.534] [TRACE] 帧 格网
[11:32:38.534] [TRACE] 帧 开始
[11:32:38.535] [TRACE] 帧 格网趟
[11:32:38.535] [TRACE] 帧 场景趟
[11:32:38.535] [TRACE] 帧 高亮趟
[11:32:38.535] [TRACE] 帧 叠加趟
[11:32:38.535] [TRACE] 帧 光标趟
[11:32:38.535] [TRACE] 帧 结束
[11:32:38.540] [TRACE] 帧 公告板
[11:32:38.541] [TRACE] 帧 格网
[11:32:38.541] [TRACE] 帧 开始
[11:32:38.541] [TRACE] 帧 格网趟
[11:32:38.541] [TRACE] 帧 场景趟
[11:32:38.541] [TRACE] 帧 高亮趟
[11:32:38.541] [TRACE] 帧 叠加趟
[11:32:38.542] [TRACE] 帧 光标趟
[11:32:38.542] [TRACE] 帧 结束
[11:32:38.548] [TRACE] 帧 公告板
[11:32:38.549] [TRACE] 帧 格网
[11:32:38.549] [TRACE] 帧 开始
[11:32:38.549] [TRACE] 帧 格网趟
[11:32:38.549] [TRACE] 帧 场景趟
[11:32:38.549] [TRACE] 帧 高亮趟
[11:32:38.549] [TRACE] 帧 叠加趟
[11:32:38.549] [TRACE] 帧 光标趟
[11:32:38.549] [TRACE] 帧 结束
[11:32:38.554] [TRACE] 帧 公告板
[11:32:38.554] [TRACE] 帧 格网
[11:32:38.555] [TRACE] 帧 开始
[11:32:38.555] [TRACE] 帧 格网趟
[11:32:38.555] [TRACE] 帧 场景趟
[11:32:38.555] [TRACE] 帧 高亮趟
[11:32:38.555] [TRACE] 帧 叠加趟
[11:32:38.555] [TRACE] 帧 光标趟
[11:32:38.555] [TRACE] 帧 结束
[11:32:38.561] [TRACE] 帧 公告板
[11:32:38.561] [TRACE] 帧 格网
[11:32:38.562] [TRACE] 帧 开始
[11:32:38.562] [TRACE] 帧 格网趟
[11:32:38.562] [TRACE] 帧 场景趟
[11:32:38.562] [TRACE] 帧 高亮趟
[11:32:38.562] [TRACE] 帧 叠加趟
[11:32:38.562] [TRACE] 帧 光标趟
[11:32:38.562] [TRACE] 帧 结束
[11:32:38.569] [TRACE] 帧 公告板
[11:32:38.569] [TRACE] 帧 格网
[11:32:38.570] [TRACE] 帧 开始
[11:32:38.570] [TRACE] 帧 格网趟
[11:32:38.570] [TRACE] 帧 场景趟
[11:32:38.570] [TRACE] 帧 高亮趟
[11:32:38.570] [TRACE] 帧 叠加趟
[11:32:38.570] [TRACE] 帧 光标趟
[11:32:38.570] [TRACE] 帧 结束
[11:32:38.575] [TRACE] 帧 公告板
[11:32:38.575] [TRACE] 帧 格网
[11:32:38.575] [TRACE] 帧 开始
[11:32:38.575] [TRACE] 帧 格网趟
[11:32:38.575] [TRACE] 帧 场景趟
[11:32:38.576] [TRACE] 帧 高亮趟
[11:32:38.576] [TRACE] 帧 叠加趟
[11:32:38.576] [TRACE] 帧 光标趟
[11:32:38.576] [TRACE] 帧 结束
[11:32:38.583] [TRACE] 帧 公告板
[11:32:38.583] [TRACE] 帧 格网
[11:32:38.583] [TRACE] 帧 开始
[11:32:38.583] [TRACE] 帧 格网趟
[11:32:38.584] [TRACE] 帧 场景趟
[11:32:38.584] [TRACE] 帧 高亮趟
[11:32:38.584] [TRACE] 帧 叠加趟
[11:32:38.584] [TRACE] 帧 光标趟
[11:32:38.584] [TRACE] 帧 结束
[11:32:38.589] [TRACE] 帧 公告板
[11:32:38.589] [TRACE] 帧 格网
[11:32:38.589] [TRACE] 帧 开始
[11:32:38.590] [TRACE] 帧 格网趟
[11:32:38.590] [TRACE] 帧 场景趟
[11:32:38.590] [TRACE] 帧 高亮趟
[11:32:38.590] [TRACE] 帧 叠加趟
[11:32:38.590] [TRACE] 帧 光标趟
[11:32:38.591] [TRACE] 帧 结束
[11:32:38.596] [TRACE] 帧 公告板
[11:32:38.597] [TRACE] 帧 格网
[11:32:38.597] [TRACE] 帧 开始
[11:32:38.597] [TRACE] 帧 格网趟
[11:32:38.597] [TRACE] 帧 场景趟
[11:32:38.597] [TRACE] 帧 高亮趟
[11:32:38.597] [TRACE] 帧 叠加趟
[11:32:38.597] [TRACE] 帧 光标趟
[11:32:38.598] [TRACE] 帧 结束
[11:32:38.604] [TRACE] 帧 公告板
[11:32:38.604] [TRACE] 帧 格网
[11:32:38.604] [TRACE] 帧 开始
[11:32:38.604] [TRACE] 帧 格网趟
[11:32:38.604] [TRACE] 帧 场景趟
[11:32:38.605] [TRACE] 帧 高亮趟
[11:32:38.605] [TRACE] 帧 叠加趟
[11:32:38.605] [TRACE] 帧 光标趟
[11:32:38.605] [TRACE] 帧 结束
[11:32:38.610] [TRACE] 帧 公告板
[11:32:38.611] [TRACE] 帧 格网
[11:32:38.611] [TRACE] 帧 开始
[11:32:38.611] [TRACE] 帧 格网趟
[11:32:38.611] [TRACE] 帧 场景趟
[11:32:38.611] [TRACE] 帧 高亮趟
[11:32:38.611] [TRACE] 帧 叠加趟
[11:32:38.611] [TRACE] 帧 光标趟
[11:32:38.612] [TRACE] 帧 结束
[11:32:38.618] [TRACE] 帧 公告板
[11:32:38.618] [TRACE] 帧 格网
[11:32:38.618] [TRACE] 帧 开始
[11:32:38.618] [TRACE] 帧 格网趟
[11:32:38.618] [TRACE] 帧 场景趟
[11:32:38.618] [TRACE] 帧 高亮趟
[11:32:38.619] [TRACE] 帧 叠加趟
[11:32:38.619] [TRACE] 帧 光标趟
[11:32:38.619] [TRACE] 帧 结束
[11:32:38.624] [TRACE] 帧 公告板
[11:32:38.624] [TRACE] 帧 格网
[11:32:38.624] [TRACE] 帧 开始
[11:32:38.624] [TRACE] 帧 格网趟
[11:32:38.625] [TRACE] 帧 场景趟
[11:32:38.625] [TRACE] 帧 高亮趟
[11:32:38.625] [TRACE] 帧 叠加趟
[11:32:38.625] [TRACE] 帧 光标趟
[11:32:38.625] [TRACE] 帧 结束
[11:32:38.632] [TRACE] 帧 公告板
[11:32:38.632] [TRACE] 帧 格网
[11:32:38.632] [TRACE] 帧 开始
[11:32:38.632] [TRACE] 帧 格网趟
[11:32:38.632] [TRACE] 帧 场景趟
[11:32:38.633] [TRACE] 帧 高亮趟
[11:32:38.633] [TRACE] 帧 叠加趟
[11:32:38.633] [TRACE] 帧 光标趟
[11:32:38.633] [TRACE] 帧 结束
[11:32:38.638] [TRACE] 帧 公告板
[11:32:38.638] [TRACE] 帧 格网
[11:32:38.639] [TRACE] 帧 开始
[11:32:38.639] [TRACE] 帧 格网趟
[11:32:38.639] [TRACE] 帧 场景趟
[11:32:38.639] [TRACE] 帧 高亮趟
[11:32:38.639] [TRACE] 帧 叠加趟
[11:32:38.639] [TRACE] 帧 光标趟
[11:32:38.639] [TRACE] 帧 结束
[11:32:38.645] [TRACE] 帧 公告板
[11:32:38.645] [TRACE] 帧 格网
[11:32:38.645] [TRACE] 帧 开始
[11:32:38.645] [TRACE] 帧 格网趟
[11:32:38.645] [TRACE] 帧 场景趟
[11:32:38.646] [TRACE] 帧 高亮趟
[11:32:38.646] [TRACE] 帧 叠加趟
[11:32:38.646] [TRACE] 帧 光标趟
[11:32:38.646] [TRACE] 帧 结束
[11:32:38.653] [TRACE] 帧 公告板
[11:32:38.657] [TRACE] 帧 格网
[11:32:38.657] [TRACE] 帧 开始
[11:32:38.658] [TRACE] 帧 格网趟
[11:32:38.658] [TRACE] 帧 场景趟
[11:32:38.658] [TRACE] 帧 高亮趟
[11:32:38.658] [TRACE] 帧 叠加趟
[11:32:38.658] [TRACE] 帧 光标趟
[11:32:38.658] [TRACE] 帧 结束
[11:32:38.659] [TRACE] 帧 公告板
[11:32:38.659] [TRACE] 帧 格网
[11:32:38.659] [TRACE] 帧 开始
[11:32:38.659] [TRACE] 帧 格网趟
[11:32:38.659] [TRACE] 帧 场景趟
[11:32:38.659] [TRACE] 帧 高亮趟
[11:32:38.660] [TRACE] 帧 叠加趟
[11:32:38.660] [TRACE] 帧 光标趟
[11:32:38.660] [TRACE] 帧 结束
[11:32:38.666] [TRACE] 帧 公告板
[11:32:38.666] [TRACE] 帧 格网
[11:32:38.667] [TRACE] 帧 开始
[11:32:38.667] [TRACE] 帧 格网趟
[11:32:38.667] [TRACE] 帧 场景趟
[11:32:38.667] [TRACE] 帧 高亮趟
[11:32:38.667] [TRACE] 帧 叠加趟
[11:32:38.668] [TRACE] 帧 光标趟
[11:32:38.668] [TRACE] 帧 结束
[11:32:38.672] [TRACE] 帧 公告板
[11:32:38.673] [TRACE] 帧 格网
[11:32:38.673] [TRACE] 帧 开始
[11:32:38.673] [TRACE] 帧 格网趟
[11:32:38.673] [TRACE] 帧 场景趟
[11:32:38.673] [TRACE] 帧 高亮趟
[11:32:38.673] [TRACE] 帧 叠加趟
[11:32:38.673] [TRACE] 帧 光标趟
[11:32:38.674] [TRACE] 帧 结束
[11:32:38.680] [TRACE] 帧 公告板
[11:32:38.680] [TRACE] 帧 格网
[11:32:38.680] [TRACE] 帧 开始
[11:32:38.680] [TRACE] 帧 格网趟
[11:32:38.681] [TRACE] 帧 场景趟
[11:32:38.681] [TRACE] 帧 高亮趟
[11:32:38.681] [TRACE] 帧 叠加趟
[11:32:38.681] [TRACE] 帧 光标趟
[11:32:38.681] [TRACE] 帧 结束
[11:32:38.688] [TRACE] 帧 公告板
[11:32:38.688] [TRACE] 帧 格网
[11:32:38.688] [TRACE] 帧 开始
[11:32:38.688] [TRACE] 帧 格网趟
[11:32:38.688] [TRACE] 帧 场景趟
[11:32:38.688] [TRACE] 帧 高亮趟
[11:32:38.688] [TRACE] 帧 叠加趟
[11:32:38.689] [TRACE] 帧 光标趟
[11:32:38.689] [TRACE] 帧 结束
[11:32:38.693] [TRACE] 帧 公告板
[11:32:38.694] [TRACE] 帧 格网
[11:32:38.694] [TRACE] 帧 开始
[11:32:38.694] [TRACE] 帧 格网趟
[11:32:38.694] [TRACE] 帧 场景趟
[11:32:38.694] [TRACE] 帧 高亮趟
[11:32:38.694] [TRACE] 帧 叠加趟
[11:32:38.695] [TRACE] 帧 光标趟
[11:32:38.695] [TRACE] 帧 结束
[11:32:38.701] [TRACE] 帧 公告板
[11:32:38.701] [TRACE] 帧 格网
[11:32:38.702] [TRACE] 帧 开始
[11:32:38.702] [TRACE] 帧 格网趟
[11:32:38.702] [TRACE] 帧 场景趟
[11:32:38.702] [TRACE] 帧 高亮趟
[11:32:38.702] [TRACE] 帧 叠加趟
[11:32:38.702] [TRACE] 帧 光标趟
[11:32:38.702] [TRACE] 帧 结束
[11:32:38.707] [TRACE] 帧 公告板
[11:32:38.707] [TRACE] 帧 格网
[11:32:38.708] [TRACE] 帧 开始
[11:32:38.708] [TRACE] 帧 格网趟
[11:32:38.708] [TRACE] 帧 场景趟
[11:32:38.708] [TRACE] 帧 高亮趟
[11:32:38.708] [TRACE] 帧 叠加趟
[11:32:38.708] [TRACE] 帧 光标趟
[11:32:38.708] [TRACE] 帧 结束
[11:32:38.715] [TRACE] 帧 公告板
[11:32:38.715] [TRACE] 帧 格网
[11:32:38.715] [TRACE] 帧 开始
[11:32:38.716] [TRACE] 帧 格网趟
[11:32:38.716] [TRACE] 帧 场景趟
[11:32:38.716] [TRACE] 帧 高亮趟
[11:32:38.716] [TRACE] 帧 叠加趟
[11:32:38.716] [TRACE] 帧 光标趟
[11:32:38.717] [TRACE] 帧 结束
[11:32:38.721] [TRACE] 帧 公告板
[11:32:38.722] [TRACE] 帧 格网
[11:32:38.722] [TRACE] 帧 开始
[11:32:38.722] [TRACE] 帧 格网趟
[11:32:38.722] [TRACE] 帧 场景趟
[11:32:38.722] [TRACE] 帧 高亮趟
[11:32:38.722] [TRACE] 帧 叠加趟
[11:32:38.723] [TRACE] 帧 光标趟
[11:32:38.723] [TRACE] 帧 结束
[11:32:38.728] [TRACE] 帧 公告板
[11:32:38.728] [TRACE] 帧 格网
[11:32:38.728] [TRACE] 帧 开始
[11:32:38.729] [TRACE] 帧 格网趟
[11:32:38.729] [TRACE] 帧 场景趟
[11:32:38.729] [TRACE] 帧 高亮趟
[11:32:38.729] [TRACE] 帧 叠加趟
[11:32:38.729] [TRACE] 帧 光标趟
[11:32:38.729] [TRACE] 帧 结束
[11:32:38.736] [TRACE] 帧 公告板
[11:32:38.736] [TRACE] 帧 格网
[11:32:38.737] [TRACE] 帧 开始
[11:32:38.737] [TRACE] 帧 格网趟
[11:32:38.737] [TRACE] 帧 场景趟
[11:32:38.737] [TRACE] 帧 高亮趟
[11:32:38.737] [TRACE] 帧 叠加趟
[11:32:38.737] [TRACE] 帧 光标趟
[11:32:38.737] [TRACE] 帧 结束
[11:32:38.742] [TRACE] 帧 公告板
[11:32:38.742] [TRACE] 帧 格网
[11:32:38.743] [TRACE] 帧 开始
[11:32:38.743] [TRACE] 帧 格网趟
[11:32:38.743] [TRACE] 帧 场景趟
[11:32:38.743] [TRACE] 帧 高亮趟
[11:32:38.743] [TRACE] 帧 叠加趟
[11:32:38.743] [TRACE] 帧 光标趟
[11:32:38.743] [TRACE] 帧 结束
[11:32:38.750] [TRACE] 帧 公告板
[11:32:38.750] [TRACE] 帧 格网
[11:32:38.750] [TRACE] 帧 开始
[11:32:38.750] [TRACE] 帧 格网趟
[11:32:38.750] [TRACE] 帧 场景趟
[11:32:38.750] [TRACE] 帧 高亮趟
[11:32:38.751] [TRACE] 帧 叠加趟
[11:32:38.751] [TRACE] 帧 光标趟
[11:32:38.751] [TRACE] 帧 结束
[11:32:38.756] [TRACE] 帧 公告板
[11:32:38.756] [TRACE] 帧 格网
[11:32:38.756] [TRACE] 帧 开始
[11:32:38.756] [TRACE] 帧 格网趟
[11:32:38.757] [TRACE] 帧 场景趟
[11:32:38.757] [TRACE] 帧 高亮趟
[11:32:38.757] [TRACE] 帧 叠加趟
[11:32:38.757] [TRACE] 帧 光标趟
[11:32:38.757] [TRACE] 帧 结束
[11:32:38.763] [TRACE] 帧 公告板
[11:32:38.764] [TRACE] 帧 格网
[11:32:38.764] [TRACE] 帧 开始
[11:32:38.764] [TRACE] 帧 格网趟
[11:32:38.764] [TRACE] 帧 场景趟
[11:32:38.764] [TRACE] 帧 高亮趟
[11:32:38.764] [TRACE] 帧 叠加趟
[11:32:38.764] [TRACE] 帧 光标趟
[11:32:38.764] [TRACE] 帧 结束
[11:32:38.770] [TRACE] 帧 公告板
[11:32:38.771] [TRACE] 帧 格网
[11:32:38.771] [TRACE] 帧 开始
[11:32:38.771] [TRACE] 帧 格网趟
[11:32:38.771] [TRACE] 帧 场景趟
[11:32:38.771] [TRACE] 帧 高亮趟
[11:32:38.771] [TRACE] 帧 叠加趟
[11:32:38.772] [TRACE] 帧 光标趟
[11:32:38.772] [TRACE] 帧 结束
[11:32:38.777] [TRACE] 帧 公告板
[11:32:38.777] [TRACE] 帧 格网
[11:32:38.777] [TRACE] 帧 开始
[11:32:38.777] [TRACE] 帧 格网趟
[11:32:38.778] [TRACE] 帧 场景趟
[11:32:38.778] [TRACE] 帧 高亮趟
[11:32:38.778] [TRACE] 帧 叠加趟
[11:32:38.778] [TRACE] 帧 光标趟
[11:32:38.778] [TRACE] 帧 结束
[11:32:38.785] [TRACE] 帧 公告板
[11:32:38.785] [TRACE] 帧 格网
[11:32:38.785] [TRACE] 帧 开始
[11:32:38.785] [TRACE] 帧 格网趟
[11:32:38.785] [TRACE] 帧 场景趟
[11:32:38.785] [TRACE] 帧 高亮趟
[11:32:38.786] [TRACE] 帧 叠加趟
[11:32:38.786] [TRACE] 帧 光标趟
[11:32:38.786] [TRACE] 帧 结束
[11:32:38.791] [TRACE] 帧 公告板
[11:32:38.791] [TRACE] 帧 格网
[11:32:38.791] [TRACE] 帧 开始
[11:32:38.791] [TRACE] 帧 格网趟
[11:32:38.792] [TRACE] 帧 场景趟
[11:32:38.792] [TRACE] 帧 高亮趟
[11:32:38.792] [TRACE] 帧 叠加趟
[11:32:38.792] [TRACE] 帧 光标趟
[11:32:38.792] [TRACE] 帧 结束
[11:32:38.798] [TRACE] 帧 公告板
[11:32:38.799] [TRACE] 帧 格网
[11:32:38.799] [TRACE] 帧 开始
[11:32:38.799] [TRACE] 帧 格网趟
[11:32:38.799] [TRACE] 帧 场景趟
[11:32:38.799] [TRACE] 帧 高亮趟
[11:32:38.799] [TRACE] 帧 叠加趟
[11:32:38.799] [TRACE] 帧 光标趟
[11:32:38.800] [TRACE] 帧 结束
[11:32:38.805] [TRACE] 帧 公告板
[11:32:38.805] [TRACE] 帧 格网
[11:32:38.805] [TRACE] 帧 开始
[11:32:38.805] [TRACE] 帧 格网趟
[11:32:38.806] [TRACE] 帧 场景趟
[11:32:38.806] [TRACE] 帧 高亮趟
[11:32:38.806] [TRACE] 帧 叠加趟
[11:32:38.806] [TRACE] 帧 光标趟
[11:32:38.806] [TRACE] 帧 结束
[11:32:38.812] [TRACE] 帧 公告板
[11:32:38.812] [TRACE] 帧 格网
[11:32:38.812] [TRACE] 帧 开始
[11:32:38.812] [TRACE] 帧 格网趟
[11:32:38.812] [TRACE] 帧 场景趟
[11:32:38.813] [TRACE] 帧 高亮趟
[11:32:38.813] [TRACE] 帧 叠加趟
[11:32:38.813] [TRACE] 帧 光标趟
[11:32:38.813] [TRACE] 帧 结束
[11:32:38.819] [TRACE] 帧 公告板
[11:32:38.820] [TRACE] 帧 格网
[11:32:38.820] [TRACE] 帧 开始
[11:32:38.820] [TRACE] 帧 格网趟
[11:32:38.820] [TRACE] 帧 场景趟
[11:32:38.820] [TRACE] 帧 高亮趟
[11:32:38.820] [TRACE] 帧 叠加趟
[11:32:38.821] [TRACE] 帧 光标趟
[11:32:38.821] [TRACE] 帧 结束
[11:32:38.825] [TRACE] 帧 公告板
[11:32:38.826] [TRACE] 帧 格网
[11:32:38.826] [TRACE] 帧 开始
[11:32:38.826] [TRACE] 帧 格网趟
[11:32:38.826] [TRACE] 帧 场景趟
[11:32:38.826] [TRACE] 帧 高亮趟
[11:32:38.826] [TRACE] 帧 叠加趟
[11:32:38.827] [TRACE] 帧 光标趟
[11:32:38.827] [TRACE] 帧 结束
[11:32:38.833] [TRACE] 帧 公告板
[11:32:38.833] [TRACE] 帧 格网
[11:32:38.834] [TRACE] 帧 开始
[11:32:38.834] [TRACE] 帧 格网趟
[11:32:38.834] [TRACE] 帧 场景趟
[11:32:38.834] [TRACE] 帧 高亮趟
[11:32:38.834] [TRACE] 帧 叠加趟
[11:32:38.834] [TRACE] 帧 光标趟
[11:32:38.834] [TRACE] 帧 结束
[11:32:38.839] [TRACE] 帧 公告板
[11:32:38.840] [TRACE] 帧 格网
[11:32:38.840] [TRACE] 帧 开始
[11:32:38.840] [TRACE] 帧 格网趟
[11:32:38.840] [TRACE] 帧 场景趟
[11:32:38.840] [TRACE] 帧 高亮趟
[11:32:38.840] [TRACE] 帧 叠加趟
[11:32:38.841] [TRACE] 帧 光标趟
[11:32:38.841] [TRACE] 帧 结束
[11:32:38.847] [TRACE] 帧 公告板
[11:32:38.847] [TRACE] 帧 格网
[11:32:38.847] [TRACE] 帧 开始
[11:32:38.847] [TRACE] 帧 格网趟
[11:32:38.847] [TRACE] 帧 场景趟
[11:32:38.847] [TRACE] 帧 高亮趟
[11:32:38.848] [TRACE] 帧 叠加趟
[11:32:38.848] [TRACE] 帧 光标趟
[11:32:38.848] [TRACE] 帧 结束
[11:32:38.854] [TRACE] 帧 公告板
[11:32:38.854] [TRACE] 帧 格网
[11:32:38.854] [TRACE] 帧 开始
[11:32:38.855] [TRACE] 帧 格网趟
[11:32:38.855] [TRACE] 帧 场景趟
[11:32:38.855] [TRACE] 帧 高亮趟
[11:32:38.855] [TRACE] 帧 叠加趟
[11:32:38.855] [TRACE] 帧 光标趟
[11:32:38.855] [TRACE] 帧 结束
[11:32:38.860] [TRACE] 帧 公告板
[11:32:38.861] [TRACE] 帧 格网
[11:32:38.861] [TRACE] 帧 开始
[11:32:38.861] [TRACE] 帧 格网趟
[11:32:38.861] [TRACE] 帧 场景趟
[11:32:38.861] [TRACE] 帧 高亮趟
[11:32:38.861] [TRACE] 帧 叠加趟
[11:32:38.862] [TRACE] 帧 光标趟
[11:32:38.862] [TRACE] 帧 结束
[11:32:38.868] [TRACE] 帧 公告板
[11:32:38.869] [TRACE] 帧 格网
[11:32:38.869] [TRACE] 帧 开始
[11:32:38.869] [TRACE] 帧 格网趟
[11:32:38.869] [TRACE] 帧 场景趟
[11:32:38.869] [TRACE] 帧 高亮趟
[11:32:38.869] [TRACE] 帧 叠加趟
[11:32:38.869] [TRACE] 帧 光标趟
[11:32:38.870] [TRACE] 帧 结束
[11:32:38.874] [TRACE] 帧 公告板
[11:32:38.874] [TRACE] 帧 格网
[11:32:38.875] [TRACE] 帧 开始
[11:32:38.875] [TRACE] 帧 格网趟
[11:32:38.875] [TRACE] 帧 场景趟
[11:32:38.875] [TRACE] 帧 高亮趟
[11:32:38.875] [TRACE] 帧 叠加趟
[11:32:38.875] [TRACE] 帧 光标趟
[11:32:38.875] [TRACE] 帧 结束
[11:32:38.882] [TRACE] 帧 公告板
[11:32:38.882] [TRACE] 帧 格网
[11:32:38.882] [TRACE] 帧 开始
[11:32:38.883] [TRACE] 帧 格网趟
[11:32:38.883] [TRACE] 帧 场景趟
[11:32:38.883] [TRACE] 帧 高亮趟
[11:32:38.883] [TRACE] 帧 叠加趟
[11:32:38.883] [TRACE] 帧 光标趟
[11:32:38.883] [TRACE] 帧 结束
[11:32:38.889] [TRACE] 帧 公告板
[11:32:38.889] [TRACE] 帧 格网
[11:32:38.889] [TRACE] 帧 开始
[11:32:38.889] [TRACE] 帧 格网趟
[11:32:38.889] [TRACE] 帧 场景趟
[11:32:38.889] [TRACE] 帧 高亮趟
[11:32:38.889] [TRACE] 帧 叠加趟
[11:32:38.889] [TRACE] 帧 光标趟
[11:32:38.890] [TRACE] 帧 结束
[11:32:38.895] [TRACE] 帧 公告板
[11:32:38.895] [TRACE] 帧 格网
[11:32:38.895] [TRACE] 帧 开始
[11:32:38.896] [TRACE] 帧 格网趟
[11:32:38.896] [TRACE] 帧 场景趟
[11:32:38.896] [TRACE] 帧 高亮趟
[11:32:38.896] [TRACE] 帧 叠加趟
[11:32:38.896] [TRACE] 帧 光标趟
[11:32:38.896] [TRACE] 帧 结束
[11:32:38.903] [TRACE] 帧 公告板
[11:32:38.903] [TRACE] 帧 格网
[11:32:38.904] [TRACE] 帧 开始
[11:32:38.904] [TRACE] 帧 格网趟
[11:32:38.904] [TRACE] 帧 场景趟
[11:32:38.904] [TRACE] 帧 高亮趟
[11:32:38.904] [TRACE] 帧 叠加趟
[11:32:38.905] [TRACE] 帧 光标趟
[11:32:38.905] [TRACE] 帧 结束
[11:32:38.909] [TRACE] 帧 公告板
[11:32:38.909] [TRACE] 帧 格网
[11:32:38.909] [TRACE] 帧 开始
[11:32:38.910] [TRACE] 帧 格网趟
[11:32:38.910] [TRACE] 帧 场景趟
[11:32:38.910] [TRACE] 帧 高亮趟
[11:32:38.910] [TRACE] 帧 叠加趟
[11:32:38.910] [TRACE] 帧 光标趟
[11:32:38.910] [TRACE] 帧 结束
[11:32:38.917] [TRACE] 帧 公告板
[11:32:38.917] [TRACE] 帧 格网
[11:32:38.917] [TRACE] 帧 开始
[11:32:38.918] [TRACE] 帧 格网趟
[11:32:38.918] [TRACE] 帧 场景趟
[11:32:38.918] [TRACE] 帧 高亮趟
[11:32:38.918] [TRACE] 帧 叠加趟
[11:32:38.918] [TRACE] 帧 光标趟
[11:32:38.918] [TRACE] 帧 结束
[11:32:38.923] [TRACE] 帧 公告板
[11:32:38.923] [TRACE] 帧 格网
[11:32:38.923] [TRACE] 帧 开始
[11:32:38.923] [TRACE] 帧 格网趟
[11:32:38.923] [TRACE] 帧 场景趟
[11:32:38.923] [TRACE] 帧 高亮趟
[11:32:38.924] [TRACE] 帧 叠加趟
[11:32:38.924] [TRACE] 帧 光标趟
[11:32:38.924] [TRACE] 帧 结束
[11:32:38.930] [TRACE] 帧 公告板
[11:32:38.930] [TRACE] 帧 格网
[11:32:38.930] [TRACE] 帧 开始
[11:32:38.931] [TRACE] 帧 格网趟
[11:32:38.931] [TRACE] 帧 场景趟
[11:32:38.931] [TRACE] 帧 高亮趟
[11:32:38.931] [TRACE] 帧 叠加趟
[11:32:38.931] [TRACE] 帧 光标趟
[11:32:38.931] [TRACE] 帧 结束
[11:32:38.937] [TRACE] 帧 公告板
[11:32:38.937] [TRACE] 帧 格网
[11:32:38.938] [TRACE] 帧 开始
[11:32:38.938] [TRACE] 帧 格网趟
[11:32:38.938] [TRACE] 帧 场景趟
[11:32:38.938] [TRACE] 帧 高亮趟
[11:32:38.938] [TRACE] 帧 叠加趟
[11:32:38.938] [TRACE] 帧 光标趟
[11:32:38.938] [TRACE] 帧 结束
[11:32:38.944] [TRACE] 帧 公告板
[11:32:38.944] [TRACE] 帧 格网
[11:32:38.944] [TRACE] 帧 开始
[11:32:38.945] [TRACE] 帧 格网趟
[11:32:38.945] [TRACE] 帧 场景趟
[11:32:38.945] [TRACE] 帧 高亮趟
[11:32:38.945] [TRACE] 帧 叠加趟
[11:32:38.945] [TRACE] 帧 光标趟
[11:32:38.945] [TRACE] 帧 结束
[11:32:38.952] [TRACE] 帧 公告板
[11:32:38.952] [TRACE] 帧 格网
[11:32:38.952] [TRACE] 帧 开始
[11:32:38.952] [TRACE] 帧 格网趟
[11:32:38.953] [TRACE] 帧 场景趟
[11:32:38.953] [TRACE] 帧 高亮趟
[11:32:38.953] [TRACE] 帧 叠加趟
[11:32:38.953] [TRACE] 帧 光标趟
[11:32:38.953] [TRACE] 帧 结束
[11:32:38.958] [TRACE] 帧 公告板
[11:32:38.958] [TRACE] 帧 格网
[11:32:38.958] [TRACE] 帧 开始
[11:32:38.959] [TRACE] 帧 格网趟
[11:32:38.959] [TRACE] 帧 场景趟
[11:32:38.959] [TRACE] 帧 高亮趟
[11:32:38.959] [TRACE] 帧 叠加趟
[11:32:38.959] [TRACE] 帧 光标趟
[11:32:38.959] [TRACE] 帧 结束
[11:32:38.965] [TRACE] 帧 公告板
[11:32:38.966] [TRACE] 帧 格网
[11:32:38.966] [TRACE] 帧 开始
[11:32:38.966] [TRACE] 帧 格网趟
[11:32:38.966] [TRACE] 帧 场景趟
[11:32:38.966] [TRACE] 帧 高亮趟
[11:32:38.966] [TRACE] 帧 叠加趟
[11:32:38.967] [TRACE] 帧 光标趟
[11:32:38.967] [TRACE] 帧 结束
[11:32:38.972] [TRACE] 帧 公告板
[11:32:38.972] [TRACE] 帧 格网
[11:32:38.973] [TRACE] 帧 开始
[11:32:38.973] [TRACE] 帧 格网趟
[11:32:38.973] [TRACE] 帧 场景趟
[11:32:38.973] [TRACE] 帧 高亮趟
[11:32:38.973] [TRACE] 帧 叠加趟
[11:32:38.973] [TRACE] 帧 光标趟
[11:32:38.974] [TRACE] 帧 结束
[11:32:38.978] [TRACE] 帧 公告板
[11:32:38.979] [TRACE] 帧 格网
[11:32:38.979] [TRACE] 帧 开始
[11:32:38.979] [TRACE] 帧 格网趟
[11:32:38.979] [TRACE] 帧 场景趟
[11:32:38.980] [TRACE] 帧 高亮趟
[11:32:38.980] [TRACE] 帧 叠加趟
[11:32:38.980] [TRACE] 帧 光标趟
[11:32:38.980] [TRACE] 帧 结束
[11:32:38.987] [TRACE] 帧 公告板
[11:32:38.987] [TRACE] 帧 格网
[11:32:38.987] [TRACE] 帧 开始
[11:32:38.987] [TRACE] 帧 格网趟
[11:32:38.987] [TRACE] 帧 场景趟
[11:32:38.988] [TRACE] 帧 高亮趟
[11:32:38.988] [TRACE] 帧 叠加趟
[11:32:38.988] [TRACE] 帧 光标趟
[11:32:38.988] [TRACE] 帧 结束
[11:32:38.993] [TRACE] 帧 公告板
[11:32:38.993] [TRACE] 帧 格网
[11:32:38.993] [TRACE] 帧 开始
[11:32:38.993] [TRACE] 帧 格网趟
[11:32:38.994] [TRACE] 帧 场景趟
[11:32:38.994] [TRACE] 帧 高亮趟
[11:32:38.994] [TRACE] 帧 叠加趟
[11:32:38.994] [TRACE] 帧 光标趟
[11:32:38.994] [TRACE] 帧 结束
[11:32:39.000] [TRACE] 帧 公告板
[11:32:39.001] [TRACE] 帧 格网
[11:32:39.001] [TRACE] 帧 开始
[11:32:39.001] [TRACE] 帧 格网趟
[11:32:39.001] [TRACE] 帧 场景趟
[11:32:39.001] [TRACE] 帧 高亮趟
[11:32:39.001] [TRACE] 帧 叠加趟
[11:32:39.002] [TRACE] 帧 光标趟
[11:32:39.002] [TRACE] 帧 结束
[11:32:39.006] [TRACE] 帧 公告板
[11:32:39.007] [TRACE] 帧 格网
[11:32:39.007] [TRACE] 帧 开始
[11:32:39.007] [TRACE] 帧 格网趟
[11:32:39.007] [TRACE] 帧 场景趟
[11:32:39.007] [TRACE] 帧 高亮趟
[11:32:39.007] [TRACE] 帧 叠加趟
[11:32:39.008] [TRACE] 帧 光标趟
[11:32:39.008] [TRACE] 帧 结束
[11:32:39.014] [TRACE] 帧 公告板
[11:32:39.014] [TRACE] 帧 格网
[11:32:39.014] [TRACE] 帧 开始
[11:32:39.014] [TRACE] 帧 格网趟
[11:32:39.014] [TRACE] 帧 场景趟
[11:32:39.015] [TRACE] 帧 高亮趟
[11:32:39.015] [TRACE] 帧 叠加趟
[11:32:39.015] [TRACE] 帧 光标趟
[11:32:39.015] [TRACE] 帧 结束
[11:32:39.021] [TRACE] 帧 公告板
[11:32:39.021] [TRACE] 帧 格网
[11:32:39.022] [TRACE] 帧 开始
[11:32:39.022] [TRACE] 帧 格网趟
[11:32:39.022] [TRACE] 帧 场景趟
[11:32:39.022] [TRACE] 帧 高亮趟
[11:32:39.022] [TRACE] 帧 叠加趟
[11:32:39.022] [TRACE] 帧 光标趟
[11:32:39.023] [TRACE] 帧 结束
[11:32:39.027] [TRACE] 帧 公告板
[11:32:39.028] [TRACE] 帧 格网
[11:32:39.028] [TRACE] 帧 开始
[11:32:39.028] [TRACE] 帧 格网趟
[11:32:39.028] [TRACE] 帧 场景趟
[11:32:39.029] [TRACE] 帧 高亮趟
[11:32:39.029] [TRACE] 帧 叠加趟
[11:32:39.029] [TRACE] 帧 光标趟
[11:32:39.029] [TRACE] 帧 结束
[11:32:39.035] [TRACE] 帧 公告板
[11:32:39.035] [TRACE] 帧 格网
[11:32:39.036] [TRACE] 帧 开始
[11:32:39.036] [TRACE] 帧 格网趟
[11:32:39.036] [TRACE] 帧 场景趟
[11:32:39.036] [TRACE] 帧 高亮趟
[11:32:39.036] [TRACE] 帧 叠加趟
[11:32:39.037] [TRACE] 帧 光标趟
[11:32:39.037] [TRACE] 帧 结束
[11:32:39.041] [TRACE] 帧 公告板
[11:32:39.041] [TRACE] 帧 格网
[11:32:39.041] [TRACE] 帧 开始
[11:32:39.042] [TRACE] 帧 格网趟
[11:32:39.042] [TRACE] 帧 场景趟
[11:32:39.042] [TRACE] 帧 高亮趟
[11:32:39.042] [TRACE] 帧 叠加趟
[11:32:39.042] [TRACE] 帧 光标趟
[11:32:39.042] [TRACE] 帧 结束
[11:32:39.049] [TRACE] 帧 公告板
[11:32:39.049] [TRACE] 帧 格网
[11:32:39.050] [TRACE] 帧 开始
[11:32:39.050] [TRACE] 帧 格网趟
[11:32:39.050] [TRACE] 帧 场景趟
[11:32:39.050] [TRACE] 帧 高亮趟
[11:32:39.050] [TRACE] 帧 叠加趟
[11:32:39.050] [TRACE] 帧 光标趟
[11:32:39.051] [TRACE] 帧 结束
[11:32:39.055] [TRACE] 帧 公告板
[11:32:39.056] [TRACE] 帧 格网
[11:32:39.056] [TRACE] 帧 开始
[11:32:39.056] [TRACE] 帧 格网趟
[11:32:39.056] [TRACE] 帧 场景趟
[11:32:39.056] [TRACE] 帧 高亮趟
[11:32:39.057] [TRACE] 帧 叠加趟
[11:32:39.057] [TRACE] 帧 光标趟
[11:32:39.057] [TRACE] 帧 结束
[11:32:39.062] [TRACE] 帧 公告板
[11:32:39.062] [TRACE] 帧 格网
[11:32:39.062] [TRACE] 帧 开始
[11:32:39.063] [TRACE] 帧 格网趟
[11:32:39.063] [TRACE] 帧 场景趟
[11:32:39.063] [TRACE] 帧 高亮趟
[11:32:39.063] [TRACE] 帧 叠加趟
[11:32:39.063] [TRACE] 帧 光标趟
[11:32:39.063] [TRACE] 帧 结束
[11:32:39.070] [TRACE] 帧 公告板
[11:32:39.070] [TRACE] 帧 格网
[11:32:39.071] [TRACE] 帧 开始
[11:32:39.071] [TRACE] 帧 格网趟
[11:32:39.071] [TRACE] 帧 场景趟
[11:32:39.071] [TRACE] 帧 高亮趟
[11:32:39.071] [TRACE] 帧 叠加趟
[11:32:39.071] [TRACE] 帧 光标趟
[11:32:39.071] [TRACE] 帧 结束
[11:32:39.076] [TRACE] 帧 公告板
[11:32:39.076] [TRACE] 帧 格网
[11:32:39.076] [TRACE] 帧 开始
[11:32:39.076] [TRACE] 帧 格网趟
[11:32:39.077] [TRACE] 帧 场景趟
[11:32:39.077] [TRACE] 帧 高亮趟
[11:32:39.077] [TRACE] 帧 叠加趟
[11:32:39.077] [TRACE] 帧 光标趟
[11:32:39.077] [TRACE] 帧 结束
[11:32:39.083] [TRACE] 帧 公告板
[11:32:39.084] [TRACE] 帧 格网
[11:32:39.084] [TRACE] 帧 开始
[11:32:39.084] [TRACE] 帧 格网趟
[11:32:39.084] [TRACE] 帧 场景趟
[11:32:39.084] [TRACE] 帧 高亮趟
[11:32:39.085] [TRACE] 帧 叠加趟
[11:32:39.085] [TRACE] 帧 光标趟
[11:32:39.085] [TRACE] 帧 结束
[11:32:39.090] [TRACE] 帧 公告板
[11:32:39.090] [TRACE] 帧 格网
[11:32:39.090] [TRACE] 帧 开始
[11:32:39.090] [TRACE] 帧 格网趟
[11:32:39.090] [TRACE] 帧 场景趟
[11:32:39.091] [TRACE] 帧 高亮趟
[11:32:39.091] [TRACE] 帧 叠加趟
[11:32:39.091] [TRACE] 帧 光标趟
[11:32:39.091] [TRACE] 帧 结束
[11:32:39.097] [TRACE] 帧 公告板
[11:32:39.097] [TRACE] 帧 格网
[11:32:39.098] [TRACE] 帧 开始
[11:32:39.098] [TRACE] 帧 格网趟
[11:32:39.098] [TRACE] 帧 场景趟
[11:32:39.098] [TRACE] 帧 高亮趟
[11:32:39.098] [TRACE] 帧 叠加趟
[11:32:39.098] [TRACE] 帧 光标趟
[11:32:39.098] [TRACE] 帧 结束
[11:32:39.104] [TRACE] 帧 公告板
[11:32:39.105] [TRACE] 帧 格网
[11:32:39.105] [TRACE] 帧 开始
[11:32:39.105] [TRACE] 帧 格网趟
[11:32:39.105] [TRACE] 帧 场景趟
[11:32:39.105] [TRACE] 帧 高亮趟
[11:32:39.105] [TRACE] 帧 叠加趟
[11:32:39.105] [TRACE] 帧 光标趟
[11:32:39.106] [TRACE] 帧 结束
[11:32:39.111] [TRACE] 帧 公告板
[11:32:39.111] [TRACE] 帧 格网
[11:32:39.111] [TRACE] 帧 开始
[11:32:39.111] [TRACE] 帧 格网趟
[11:32:39.112] [TRACE] 帧 场景趟
[11:32:39.112] [TRACE] 帧 高亮趟
[11:32:39.112] [TRACE] 帧 叠加趟
[11:32:39.112] [TRACE] 帧 光标趟
[11:32:39.113] [TRACE] 帧 结束
[11:32:39.118] [TRACE] 帧 公告板
[11:32:39.119] [TRACE] 帧 格网
[11:32:39.119] [TRACE] 帧 开始
[11:32:39.119] [TRACE] 帧 格网趟
[11:32:39.119] [TRACE] 帧 场景趟
[11:32:39.119] [TRACE] 帧 高亮趟
[11:32:39.119] [TRACE] 帧 叠加趟
[11:32:39.120] [TRACE] 帧 光标趟
[11:32:39.120] [TRACE] 帧 结束
[11:32:39.124] [TRACE] 帧 公告板
[11:32:39.124] [TRACE] 帧 格网
[11:32:39.125] [TRACE] 帧 开始
[11:32:39.125] [TRACE] 帧 格网趟
[11:32:39.125] [TRACE] 帧 场景趟
[11:32:39.125] [TRACE] 帧 高亮趟
[11:32:39.125] [TRACE] 帧 叠加趟
[11:32:39.125] [TRACE] 帧 光标趟
[11:32:39.125] [TRACE] 帧 结束
[11:32:39.132] [TRACE] 帧 公告板
[11:32:39.132] [TRACE] 帧 格网
[11:32:39.132] [TRACE] 帧 开始
[11:32:39.133] [TRACE] 帧 格网趟
[11:32:39.133] [TRACE] 帧 场景趟
[11:32:39.133] [TRACE] 帧 高亮趟
[11:32:39.133] [TRACE] 帧 叠加趟
[11:32:39.133] [TRACE] 帧 光标趟
[11:32:39.134] [TRACE] 帧 结束
[11:32:39.139] [TRACE] 帧 公告板
[11:32:39.139] [TRACE] 帧 格网
[11:32:39.139] [TRACE] 帧 开始
[11:32:39.139] [TRACE] 帧 格网趟
[11:32:39.139] [TRACE] 帧 场景趟
[11:32:39.139] [TRACE] 帧 高亮趟
[11:32:39.139] [TRACE] 帧 叠加趟
[11:32:39.140] [TRACE] 帧 光标趟
[11:32:39.140] [TRACE] 帧 结束
[11:32:39.145] [TRACE] 帧 公告板
[11:32:39.146] [TRACE] 帧 格网
[11:32:39.146] [TRACE] 帧 开始
[11:32:39.146] [TRACE] 帧 格网趟
[11:32:39.146] [TRACE] 帧 场景趟
[11:32:39.146] [TRACE] 帧 高亮趟
[11:32:39.146] [TRACE] 帧 叠加趟
[11:32:39.147] [TRACE] 帧 光标趟
[11:32:39.147] [TRACE] 帧 结束
[11:32:39.153] [TRACE] 帧 公告板
[11:32:39.154] [TRACE] 帧 格网
[11:32:39.154] [TRACE] 帧 开始
[11:32:39.154] [TRACE] 帧 格网趟
[11:32:39.154] [TRACE] 帧 场景趟
[11:32:39.154] [TRACE] 帧 高亮趟
[11:32:39.155] [TRACE] 帧 叠加趟
[11:32:39.155] [TRACE] 帧 光标趟
[11:32:39.155] [TRACE] 帧 结束
[11:32:39.160] [TRACE] 帧 公告板
[11:32:39.160] [TRACE] 帧 格网
[11:32:39.160] [TRACE] 帧 开始
[11:32:39.160] [TRACE] 帧 格网趟
[11:32:39.160] [TRACE] 帧 场景趟
[11:32:39.160] [TRACE] 帧 高亮趟
[11:32:39.160] [TRACE] 帧 叠加趟
[11:32:39.161] [TRACE] 帧 光标趟
[11:32:39.161] [TRACE] 帧 结束
[11:32:39.167] [TRACE] 帧 公告板
[11:32:39.167] [TRACE] 帧 格网
[11:32:39.168] [TRACE] 帧 开始
[11:32:39.168] [TRACE] 帧 格网趟
[11:32:39.168] [TRACE] 帧 场景趟
[11:32:39.168] [TRACE] 帧 高亮趟
[11:32:39.168] [TRACE] 帧 叠加趟
[11:32:39.168] [TRACE] 帧 光标趟
[11:32:39.168] [TRACE] 帧 结束
[11:32:39.173] [TRACE] 帧 公告板
[11:32:39.173] [TRACE] 帧 格网
[11:32:39.174] [TRACE] 帧 开始
[11:32:39.174] [TRACE] 帧 格网趟
[11:32:39.174] [TRACE] 帧 场景趟
[11:32:39.174] [TRACE] 帧 高亮趟
[11:32:39.174] [TRACE] 帧 叠加趟
[11:32:39.175] [TRACE] 帧 光标趟
[11:32:39.175] [TRACE] 帧 结束
[11:32:39.180] [TRACE] 帧 公告板
[11:32:39.181] [TRACE] 帧 格网
[11:32:39.181] [TRACE] 帧 开始
[11:32:39.181] [TRACE] 帧 格网趟
[11:32:39.181] [TRACE] 帧 场景趟
[11:32:39.181] [TRACE] 帧 高亮趟
[11:32:39.182] [TRACE] 帧 叠加趟
[11:32:39.182] [TRACE] 帧 光标趟
[11:32:39.182] [TRACE] 帧 结束
[11:32:39.188] [TRACE] 帧 公告板
[11:32:39.188] [TRACE] 帧 格网
[11:32:39.188] [TRACE] 帧 开始
[11:32:39.188] [TRACE] 帧 格网趟
[11:32:39.189] [TRACE] 帧 场景趟
[11:32:39.189] [TRACE] 帧 高亮趟
[11:32:39.189] [TRACE] 帧 叠加趟
[11:32:39.189] [TRACE] 帧 光标趟
[11:32:39.189] [TRACE] 帧 结束
[11:32:39.194] [TRACE] 帧 公告板
[11:32:39.194] [TRACE] 帧 格网
[11:32:39.194] [TRACE] 帧 开始
[11:32:39.194] [TRACE] 帧 格网趟
[11:32:39.195] [TRACE] 帧 场景趟
[11:32:39.195] [TRACE] 帧 高亮趟
[11:32:39.195] [TRACE] 帧 叠加趟
[11:32:39.195] [TRACE] 帧 光标趟
[11:32:39.195] [TRACE] 帧 结束
[11:32:39.202] [TRACE] 帧 公告板
[11:32:39.202] [TRACE] 帧 格网
[11:32:39.203] [TRACE] 帧 开始
[11:32:39.203] [TRACE] 帧 格网趟
[11:32:39.203] [TRACE] 帧 场景趟
[11:32:39.203] [TRACE] 帧 高亮趟
[11:32:39.203] [TRACE] 帧 叠加趟
[11:32:39.204] [TRACE] 帧 光标趟
[11:32:39.204] [TRACE] 帧 结束
[11:32:39.208] [TRACE] 帧 公告板
[11:32:39.208] [TRACE] 帧 格网
[11:32:39.208] [TRACE] 帧 开始
[11:32:39.208] [TRACE] 帧 格网趟
[11:32:39.209] [TRACE] 帧 场景趟
[11:32:39.209] [TRACE] 帧 高亮趟
[11:32:39.209] [TRACE] 帧 叠加趟
[11:32:39.209] [TRACE] 帧 光标趟
[11:32:39.209] [TRACE] 帧 结束
[11:32:39.216] [TRACE] 帧 公告板
[11:32:39.216] [TRACE] 帧 格网
[11:32:39.216] [TRACE] 帧 开始
[11:32:39.216] [TRACE] 帧 格网趟
[11:32:39.216] [TRACE] 帧 场景趟
[11:32:39.217] [TRACE] 帧 高亮趟
[11:32:39.217] [TRACE] 帧 叠加趟
[11:32:39.217] [TRACE] 帧 光标趟
[11:32:39.217] [TRACE] 帧 结束
[11:32:39.222] [TRACE] 帧 公告板
[11:32:39.222] [TRACE] 帧 格网
[11:32:39.222] [TRACE] 帧 开始
[11:32:39.223] [TRACE] 帧 格网趟
[11:32:39.223] [TRACE] 帧 场景趟
[11:32:39.223] [TRACE] 帧 高亮趟
[11:32:39.223] [TRACE] 帧 叠加趟
[11:32:39.223] [TRACE] 帧 光标趟
[11:32:39.223] [TRACE] 帧 结束
[11:32:39.229] [TRACE] 帧 公告板
[11:32:39.229] [TRACE] 帧 格网
[11:32:39.229] [TRACE] 帧 开始
[11:32:39.229] [TRACE] 帧 格网趟
[11:32:39.230] [TRACE] 帧 场景趟
[11:32:39.230] [TRACE] 帧 高亮趟
[11:32:39.230] [TRACE] 帧 叠加趟
[11:32:39.230] [TRACE] 帧 光标趟
[11:32:39.230] [TRACE] 帧 结束
[11:32:39.237] [TRACE] 帧 公告板
[11:32:39.237] [TRACE] 帧 格网
[11:32:39.237] [TRACE] 帧 开始
[11:32:39.237] [TRACE] 帧 格网趟
[11:32:39.237] [TRACE] 帧 场景趟
[11:32:39.238] [TRACE] 帧 高亮趟
[11:32:39.238] [TRACE] 帧 叠加趟
[11:32:39.238] [TRACE] 帧 光标趟
[11:32:39.238] [TRACE] 帧 结束
[11:32:39.243] [TRACE] 帧 公告板
[11:32:39.243] [TRACE] 帧 格网
[11:32:39.244] [TRACE] 帧 开始
[11:32:39.244] [TRACE] 帧 格网趟
[11:32:39.244] [TRACE] 帧 场景趟
[11:32:39.244] [TRACE] 帧 高亮趟
[11:32:39.245] [TRACE] 帧 叠加趟
[11:32:39.245] [TRACE] 帧 光标趟
[11:32:39.245] [TRACE] 帧 结束
[11:32:39.250] [TRACE] 帧 公告板
[11:32:39.251] [TRACE] 帧 格网
[11:32:39.251] [TRACE] 帧 开始
[11:32:39.251] [TRACE] 帧 格网趟
[11:32:39.251] [TRACE] 帧 场景趟
[11:32:39.251] [TRACE] 帧 高亮趟
[11:32:39.251] [TRACE] 帧 叠加趟
[11:32:39.251] [TRACE] 帧 光标趟
[11:32:39.251] [TRACE] 帧 结束
[11:32:39.256] [TRACE] 帧 公告板
[11:32:39.257] [TRACE] 帧 格网
[11:32:39.257] [TRACE] 帧 开始
[11:32:39.257] [TRACE] 帧 格网趟
[11:32:39.257] [TRACE] 帧 场景趟
[11:32:39.257] [TRACE] 帧 高亮趟
[11:32:39.258] [TRACE] 帧 叠加趟
[11:32:39.258] [TRACE] 帧 光标趟
[11:32:39.258] [TRACE] 帧 结束
[11:32:39.264] [TRACE] 帧 公告板
[11:32:39.264] [TRACE] 帧 格网
[11:32:39.264] [TRACE] 帧 开始
[11:32:39.264] [TRACE] 帧 格网趟
[11:32:39.265] [TRACE] 帧 场景趟
[11:32:39.265] [TRACE] 帧 高亮趟
[11:32:39.265] [TRACE] 帧 叠加趟
[11:32:39.265] [TRACE] 帧 光标趟
[11:32:39.265] [TRACE] 帧 结束
[11:32:39.271] [TRACE] 帧 公告板
[11:32:39.272] [TRACE] 帧 格网
[11:32:39.272] [TRACE] 帧 开始
[11:32:39.272] [TRACE] 帧 格网趟
[11:32:39.272] [TRACE] 帧 场景趟
[11:32:39.272] [TRACE] 帧 高亮趟
[11:32:39.272] [TRACE] 帧 叠加趟
[11:32:39.272] [TRACE] 帧 光标趟
[11:32:39.272] [TRACE] 帧 结束
[11:32:39.278] [TRACE] 帧 公告板
[11:32:39.278] [TRACE] 帧 格网
[11:32:39.278] [TRACE] 帧 开始
[11:32:39.278] [TRACE] 帧 格网趟
[11:32:39.278] [TRACE] 帧 场景趟
[11:32:39.279] [TRACE] 帧 高亮趟
[11:32:39.279] [TRACE] 帧 叠加趟
[11:32:39.279] [TRACE] 帧 光标趟
[11:32:39.279] [TRACE] 帧 结束
[11:32:39.285] [TRACE] 帧 公告板
[11:32:39.286] [TRACE] 帧 格网
[11:32:39.286] [TRACE] 帧 开始
[11:32:39.286] [TRACE] 帧 格网趟
[11:32:39.286] [TRACE] 帧 场景趟
[11:32:39.286] [TRACE] 帧 高亮趟
[11:32:39.286] [TRACE] 帧 叠加趟
[11:32:39.287] [TRACE] 帧 光标趟
[11:32:39.287] [TRACE] 帧 结束
[11:32:39.292] [TRACE] 帧 公告板
[11:32:39.292] [TRACE] 帧 格网
[11:32:39.292] [TRACE] 帧 开始
[11:32:39.292] [TRACE] 帧 格网趟
[11:32:39.292] [TRACE] 帧 场景趟
[11:32:39.292] [TRACE] 帧 高亮趟
[11:32:39.292] [TRACE] 帧 叠加趟
[11:32:39.293] [TRACE] 帧 光标趟
[11:32:39.293] [TRACE] 帧 结束
[11:32:39.299] [TRACE] 帧 公告板
[11:32:39.300] [TRACE] 帧 格网
[11:32:39.300] [TRACE] 帧 开始
[11:32:39.300] [TRACE] 帧 格网趟
[11:32:39.300] [TRACE] 帧 场景趟
[11:32:39.300] [TRACE] 帧 高亮趟
[11:32:39.301] [TRACE] 帧 叠加趟
[11:32:39.301] [TRACE] 帧 光标趟
[11:32:39.301] [TRACE] 帧 结束
[11:32:39.306] [TRACE] 帧 公告板
[11:32:39.306] [TRACE] 帧 格网
[11:32:39.306] [TRACE] 帧 开始
[11:32:39.306] [TRACE] 帧 格网趟
[11:32:39.306] [TRACE] 帧 场景趟
[11:32:39.306] [TRACE] 帧 高亮趟
[11:32:39.307] [TRACE] 帧 叠加趟
[11:32:39.307] [TRACE] 帧 光标趟
[11:32:39.307] [TRACE] 帧 结束
[11:32:39.312] [TRACE] 帧 公告板
[11:32:39.313] [TRACE] 帧 格网
[11:32:39.313] [TRACE] 帧 开始
[11:32:39.313] [TRACE] 帧 格网趟
[11:32:39.313] [TRACE] 帧 场景趟
[11:32:39.314] [TRACE] 帧 高亮趟
[11:32:39.314] [TRACE] 帧 叠加趟
[11:32:39.314] [TRACE] 帧 光标趟
[11:32:39.314] [TRACE] 帧 结束
[11:32:39.321] [TRACE] 帧 公告板
[11:32:39.321] [TRACE] 帧 格网
[11:32:39.321] [TRACE] 帧 开始
[11:32:39.321] [TRACE] 帧 格网趟
[11:32:39.321] [TRACE] 帧 场景趟
[11:32:39.321] [TRACE] 帧 高亮趟
[11:32:39.322] [TRACE] 帧 叠加趟
[11:32:39.323] [TRACE] 帧 光标趟
[11:32:39.323] [TRACE] 帧 结束
[11:32:39.327] [TRACE] 帧 公告板
[11:32:39.328] [TRACE] 帧 格网
[11:32:39.328] [TRACE] 帧 开始
[11:32:39.328] [TRACE] 帧 格网趟
[11:32:39.328] [TRACE] 帧 场景趟
[11:32:39.328] [TRACE] 帧 高亮趟
[11:32:39.328] [TRACE] 帧 叠加趟
[11:32:39.328] [TRACE] 帧 光标趟
[11:32:39.329] [TRACE] 帧 结束
[11:32:39.334] [TRACE] 帧 公告板
[11:32:39.334] [TRACE] 帧 格网
[11:32:39.334] [TRACE] 帧 开始
[11:32:39.335] [TRACE] 帧 格网趟
[11:32:39.335] [TRACE] 帧 场景趟
[11:32:39.335] [TRACE] 帧 高亮趟
[11:32:39.335] [TRACE] 帧 叠加趟
[11:32:39.335] [TRACE] 帧 光标趟
[11:32:39.335] [TRACE] 帧 结束
[11:32:39.340] [TRACE] 帧 公告板
[11:32:39.340] [TRACE] 帧 格网
[11:32:39.340] [TRACE] 帧 开始
[11:32:39.340] [TRACE] 帧 格网趟
[11:32:39.341] [TRACE] 帧 场景趟
[11:32:39.341] [TRACE] 帧 高亮趟
[11:32:39.341] [TRACE] 帧 叠加趟
[11:32:39.341] [TRACE] 帧 光标趟
[11:32:39.341] [TRACE] 帧 结束
[11:32:39.347] [TRACE] 帧 公告板
[11:32:39.347] [TRACE] 帧 格网
[11:32:39.348] [TRACE] 帧 开始
[11:32:39.348] [TRACE] 帧 格网趟
[11:32:39.348] [TRACE] 帧 场景趟
[11:32:39.348] [TRACE] 帧 高亮趟
[11:32:39.349] [TRACE] 帧 叠加趟
[11:32:39.349] [TRACE] 帧 光标趟
[11:32:39.349] [TRACE] 帧 结束
[11:32:39.355] [TRACE] 帧 公告板
[11:32:39.355] [TRACE] 帧 格网
[11:32:39.355] [TRACE] 帧 开始
[11:32:39.355] [TRACE] 帧 格网趟
[11:32:39.355] [TRACE] 帧 场景趟
[11:32:39.356] [TRACE] 帧 高亮趟
[11:32:39.356] [TRACE] 帧 叠加趟
[11:32:39.356] [TRACE] 帧 光标趟
[11:32:39.356] [TRACE] 帧 结束
[11:32:39.361] [TRACE] 帧 公告板
[11:32:39.361] [TRACE] 帧 格网
[11:32:39.362] [TRACE] 帧 开始
[11:32:39.362] [TRACE] 帧 格网趟
[11:32:39.362] [TRACE] 帧 场景趟
[11:32:39.362] [TRACE] 帧 高亮趟
[11:32:39.362] [TRACE] 帧 叠加趟
[11:32:39.363] [TRACE] 帧 光标趟
[11:32:39.363] [TRACE] 帧 结束
[11:32:39.369] [TRACE] 帧 公告板
[11:32:39.369] [TRACE] 帧 格网
[11:32:39.369] [TRACE] 帧 开始
[11:32:39.370] [TRACE] 帧 格网趟
[11:32:39.370] [TRACE] 帧 场景趟
[11:32:39.370] [TRACE] 帧 高亮趟
[11:32:39.370] [TRACE] 帧 叠加趟
[11:32:39.370] [TRACE] 帧 光标趟
[11:32:39.370] [TRACE] 帧 结束
[11:32:39.375] [TRACE] 帧 公告板
[11:32:39.375] [TRACE] 帧 格网
[11:32:39.375] [TRACE] 帧 开始
[11:32:39.375] [TRACE] 帧 格网趟
[11:32:39.376] [TRACE] 帧 场景趟
[11:32:39.376] [TRACE] 帧 高亮趟
[11:32:39.376] [TRACE] 帧 叠加趟
[11:32:39.376] [TRACE] 帧 光标趟
[11:32:39.376] [TRACE] 帧 结束
[11:32:39.383] [TRACE] 帧 公告板
[11:32:39.383] [TRACE] 帧 格网
[11:32:39.383] [TRACE] 帧 开始
[11:32:39.384] [TRACE] 帧 格网趟
[11:32:39.384] [TRACE] 帧 场景趟
[11:32:39.384] [TRACE] 帧 高亮趟
[11:32:39.384] [TRACE] 帧 叠加趟
[11:32:39.385] [TRACE] 帧 光标趟
[11:32:39.385] [TRACE] 帧 结束
[11:32:39.389] [TRACE] 帧 公告板
[11:32:39.389] [TRACE] 帧 格网
[11:32:39.390] [TRACE] 帧 开始
[11:32:39.390] [TRACE] 帧 格网趟
[11:32:39.390] [TRACE] 帧 场景趟
[11:32:39.390] [TRACE] 帧 高亮趟
[11:32:39.390] [TRACE] 帧 叠加趟
[11:32:39.390] [TRACE] 帧 光标趟
[11:32:39.390] [TRACE] 帧 结束
[11:32:39.396] [TRACE] 帧 公告板
[11:32:39.396] [TRACE] 帧 格网
[11:32:39.396] [TRACE] 帧 开始
[11:32:39.396] [TRACE] 帧 格网趟
[11:32:39.396] [TRACE] 帧 场景趟
[11:32:39.397] [TRACE] 帧 高亮趟
[11:32:39.397] [TRACE] 帧 叠加趟
[11:32:39.397] [TRACE] 帧 光标趟
[11:32:39.397] [TRACE] 帧 结束
[11:32:39.404] [TRACE] 帧 公告板
[11:32:39.404] [TRACE] 帧 格网
[11:32:39.404] [TRACE] 帧 开始
[11:32:39.404] [TRACE] 帧 格网趟
[11:32:39.405] [TRACE] 帧 场景趟
[11:32:39.405] [TRACE] 帧 高亮趟
[11:32:39.405] [TRACE] 帧 叠加趟
[11:32:39.405] [TRACE] 帧 光标趟
[11:32:39.405] [TRACE] 帧 结束
[11:32:39.409] [TRACE] 帧 公告板
[11:32:39.410] [TRACE] 帧 格网
[11:32:39.410] [TRACE] 帧 开始
[11:32:39.410] [TRACE] 帧 格网趟
[11:32:39.410] [TRACE] 帧 场景趟
[11:32:39.410] [TRACE] 帧 高亮趟
[11:32:39.410] [TRACE] 帧 叠加趟
[11:32:39.411] [TRACE] 帧 光标趟
[11:32:39.411] [TRACE] 帧 结束
[11:32:39.417] [TRACE] 帧 公告板
[11:32:39.417] [TRACE] 帧 格网
[11:32:39.417] [TRACE] 帧 开始
[11:32:39.418] [TRACE] 帧 格网趟
[11:32:39.418] [TRACE] 帧 场景趟
[11:32:39.418] [TRACE] 帧 高亮趟
[11:32:39.418] [TRACE] 帧 叠加趟
[11:32:39.418] [TRACE] 帧 光标趟
[11:32:39.418] [TRACE] 帧 结束
[11:32:39.423] [TRACE] 帧 公告板
[11:32:39.423] [TRACE] 帧 格网
[11:32:39.423] [TRACE] 帧 开始
[11:32:39.423] [TRACE] 帧 格网趟
[11:32:39.424] [TRACE] 帧 场景趟
[11:32:39.424] [TRACE] 帧 高亮趟
[11:32:39.424] [TRACE] 帧 叠加趟
[11:32:39.424] [TRACE] 帧 光标趟
[11:32:39.424] [TRACE] 帧 结束
[11:32:39.430] [TRACE] 帧 公告板
[11:32:39.431] [TRACE] 帧 格网
[11:32:39.431] [TRACE] 帧 开始
[11:32:39.431] [TRACE] 帧 格网趟
[11:32:39.431] [TRACE] 帧 场景趟
[11:32:39.432] [TRACE] 帧 高亮趟
[11:32:39.432] [TRACE] 帧 叠加趟
[11:32:39.432] [TRACE] 帧 光标趟
[11:32:39.432] [TRACE] 帧 结束
[11:32:39.438] [TRACE] 帧 公告板
[11:32:39.438] [TRACE] 帧 格网
[11:32:39.438] [TRACE] 帧 开始
[11:32:39.438] [TRACE] 帧 格网趟
[11:32:39.438] [TRACE] 帧 场景趟
[11:32:39.439] [TRACE] 帧 高亮趟
[11:32:39.439] [TRACE] 帧 叠加趟
[11:32:39.439] [TRACE] 帧 光标趟
[11:32:39.439] [TRACE] 帧 结束
[11:32:39.444] [TRACE] 帧 公告板
[11:32:39.444] [TRACE] 帧 格网
[11:32:39.445] [TRACE] 帧 开始
[11:32:39.445] [TRACE] 帧 格网趟
[11:32:39.445] [TRACE] 帧 场景趟
[11:32:39.445] [TRACE] 帧 高亮趟
[11:32:39.445] [TRACE] 帧 叠加趟
[11:32:39.445] [TRACE] 帧 光标趟
[11:32:39.445] [TRACE] 帧 结束
[11:32:39.452] [TRACE] 帧 公告板
[11:32:39.452] [TRACE] 帧 格网
[11:32:39.452] [TRACE] 帧 开始
[11:32:39.452] [TRACE] 帧 格网趟
[11:32:39.453] [TRACE] 帧 场景趟
[11:32:39.453] [TRACE] 帧 高亮趟
[11:32:39.453] [TRACE] 帧 叠加趟
[11:32:39.453] [TRACE] 帧 光标趟
[11:32:39.453] [TRACE] 帧 结束
[11:32:39.458] [TRACE] 帧 公告板
[11:32:39.458] [TRACE] 帧 格网
[11:32:39.458] [TRACE] 帧 开始
[11:32:39.458] [TRACE] 帧 格网趟
[11:32:39.459] [TRACE] 帧 场景趟
[11:32:39.459] [TRACE] 帧 高亮趟
[11:32:39.459] [TRACE] 帧 叠加趟
[11:32:39.459] [TRACE] 帧 光标趟
[11:32:39.459] [TRACE] 帧 结束
[11:32:39.466] [TRACE] 帧 公告板
[11:32:39.466] [TRACE] 帧 格网
[11:32:39.466] [TRACE] 帧 开始
[11:32:39.466] [TRACE] 帧 格网趟
[11:32:39.466] [TRACE] 帧 场景趟
[11:32:39.467] [TRACE] 帧 高亮趟
[11:32:39.467] [TRACE] 帧 叠加趟
[11:32:39.467] [TRACE] 帧 光标趟
[11:32:39.467] [TRACE] 帧 结束
[11:32:39.472] [TRACE] 帧 公告板
[11:32:39.472] [TRACE] 帧 格网
[11:32:39.473] [TRACE] 帧 开始
[11:32:39.473] [TRACE] 帧 格网趟
[11:32:39.473] [TRACE] 帧 场景趟
[11:32:39.473] [TRACE] 帧 高亮趟
[11:32:39.473] [TRACE] 帧 叠加趟
[11:32:39.473] [TRACE] 帧 光标趟
[11:32:39.474] [TRACE] 帧 结束
[11:32:39.479] [TRACE] 帧 公告板
[11:32:39.479] [TRACE] 帧 格网
[11:32:39.479] [TRACE] 帧 开始
[11:32:39.479] [TRACE] 帧 格网趟
[11:32:39.479] [TRACE] 帧 场景趟
[11:32:39.479] [TRACE] 帧 高亮趟
[11:32:39.479] [TRACE] 帧 叠加趟
[11:32:39.480] [TRACE] 帧 光标趟
[11:32:39.480] [TRACE] 帧 结束
[11:32:39.487] [TRACE] 帧 公告板
[11:32:39.487] [TRACE] 帧 格网
[11:32:39.487] [TRACE] 帧 开始
[11:32:39.487] [TRACE] 帧 格网趟
[11:32:39.487] [TRACE] 帧 场景趟
[11:32:39.487] [TRACE] 帧 高亮趟
[11:32:39.487] [TRACE] 帧 叠加趟
[11:32:39.488] [TRACE] 帧 光标趟
[11:32:39.488] [TRACE] 帧 结束
[11:32:39.493] [TRACE] 帧 公告板
[11:32:39.493] [TRACE] 帧 格网
[11:32:39.493] [TRACE] 帧 开始
[11:32:39.493] [TRACE] 帧 格网趟
[11:32:39.493] [TRACE] 帧 场景趟
[11:32:39.494] [TRACE] 帧 高亮趟
[11:32:39.494] [TRACE] 帧 叠加趟
[11:32:39.494] [TRACE] 帧 光标趟
[11:32:39.494] [TRACE] 帧 结束
[11:32:39.500] [TRACE] 帧 公告板
[11:32:39.500] [TRACE] 帧 格网
[11:32:39.501] [TRACE] 帧 开始
[11:32:39.501] [TRACE] 帧 格网趟
[11:32:39.501] [TRACE] 帧 场景趟
[11:32:39.501] [TRACE] 帧 高亮趟
[11:32:39.501] [TRACE] 帧 叠加趟
[11:32:39.501] [TRACE] 帧 光标趟
[11:32:39.501] [TRACE] 帧 结束
[11:32:39.507] [TRACE] 帧 公告板
[11:32:39.507] [TRACE] 帧 格网
[11:32:39.507] [TRACE] 帧 开始
[11:32:39.507] [TRACE] 帧 格网趟
[11:32:39.507] [TRACE] 帧 场景趟
[11:32:39.507] [TRACE] 帧 高亮趟
[11:32:39.508] [TRACE] 帧 叠加趟
[11:32:39.508] [TRACE] 帧 光标趟
[11:32:39.508] [TRACE] 帧 结束
[11:32:39.515] [TRACE] 帧 公告板
[11:32:39.515] [TRACE] 帧 格网
[11:32:39.515] [TRACE] 帧 开始
[11:32:39.515] [TRACE] 帧 格网趟
[11:32:39.515] [TRACE] 帧 场景趟
[11:32:39.516] [TRACE] 帧 高亮趟
[11:32:39.516] [TRACE] 帧 叠加趟
[11:32:39.516] [TRACE] 帧 光标趟
[11:32:39.516] [TRACE] 帧 结束
[11:32:39.521] [TRACE] 帧 公告板
[11:32:39.521] [TRACE] 帧 格网
[11:32:39.521] [TRACE] 帧 开始
[11:32:39.521] [TRACE] 帧 格网趟
[11:32:39.521] [TRACE] 帧 场景趟
[11:32:39.521] [TRACE] 帧 高亮趟
[11:32:39.522] [TRACE] 帧 叠加趟
[11:32:39.522] [TRACE] 帧 光标趟
[11:32:39.522] [TRACE] 帧 结束
[11:32:39.528] [TRACE] 帧 公告板
[11:32:39.528] [TRACE] 帧 格网
[11:32:39.528] [TRACE] 帧 开始
[11:32:39.528] [TRACE] 帧 格网趟
[11:32:39.528] [TRACE] 帧 场景趟
[11:32:39.529] [TRACE] 帧 高亮趟
[11:32:39.529] [TRACE] 帧 叠加趟
[11:32:39.529] [TRACE] 帧 光标趟
[11:32:39.529] [TRACE] 帧 结束
[11:32:39.535] [TRACE] 帧 公告板
[11:32:39.536] [TRACE] 帧 格网
[11:32:39.536] [TRACE] 帧 开始
[11:32:39.536] [TRACE] 帧 格网趟
[11:32:39.536] [TRACE] 帧 场景趟
[11:32:39.536] [TRACE] 帧 高亮趟
[11:32:39.537] [TRACE] 帧 叠加趟
[11:32:39.537] [TRACE] 帧 光标趟
[11:32:39.537] [TRACE] 帧 结束
[11:32:39.541] [TRACE] 帧 公告板
[11:32:39.541] [TRACE] 帧 格网
[11:32:39.542] [TRACE] 帧 开始
[11:32:39.542] [TRACE] 帧 格网趟
[11:32:39.542] [TRACE] 帧 场景趟
[11:32:39.542] [TRACE] 帧 高亮趟
[11:32:39.542] [TRACE] 帧 叠加趟
[11:32:39.542] [TRACE] 帧 光标趟
[11:32:39.542] [TRACE] 帧 结束
[11:32:39.549] [TRACE] 帧 公告板
[11:32:39.549] [TRACE] 帧 格网
[11:32:39.550] [TRACE] 帧 开始
[11:32:39.550] [TRACE] 帧 格网趟
[11:32:39.550] [TRACE] 帧 场景趟
[11:32:39.550] [TRACE] 帧 高亮趟
[11:32:39.550] [TRACE] 帧 叠加趟
[11:32:39.550] [TRACE] 帧 光标趟
[11:32:39.550] [TRACE] 帧 结束
[11:32:39.556] [TRACE] 帧 公告板
[11:32:39.556] [TRACE] 帧 格网
[11:32:39.556] [TRACE] 帧 开始
[11:32:39.556] [TRACE] 帧 格网趟
[11:32:39.556] [TRACE] 帧 场景趟
[11:32:39.556] [TRACE] 帧 高亮趟
[11:32:39.556] [TRACE] 帧 叠加趟
[11:32:39.557] [TRACE] 帧 光标趟
[11:32:39.557] [TRACE] 帧 结束
[11:32:39.562] [TRACE] 帧 公告板
[11:32:39.562] [TRACE] 帧 格网
[11:32:39.563] [TRACE] 帧 开始
[11:32:39.563] [TRACE] 帧 格网趟
[11:32:39.563] [TRACE] 帧 场景趟
[11:32:39.563] [TRACE] 帧 高亮趟
[11:32:39.564] [TRACE] 帧 叠加趟
[11:32:39.564] [TRACE] 帧 光标趟
[11:32:39.564] [TRACE] 帧 结束
[11:32:39.570] [TRACE] 帧 公告板
[11:32:39.570] [TRACE] 帧 格网
[11:32:39.570] [TRACE] 帧 开始
[11:32:39.571] [TRACE] 帧 格网趟
[11:32:39.571] [TRACE] 帧 场景趟
[11:32:39.571] [TRACE] 帧 高亮趟
[11:32:39.571] [TRACE] 帧 叠加趟
[11:32:39.571] [TRACE] 帧 光标趟
[11:32:39.571] [TRACE] 帧 结束
[11:32:39.577] [TRACE] 帧 公告板
[11:32:39.577] [TRACE] 帧 格网
[11:32:39.577] [TRACE] 帧 开始
[11:32:39.577] [TRACE] 帧 格网趟
[11:32:39.577] [TRACE] 帧 场景趟
[11:32:39.578] [TRACE] 帧 高亮趟
[11:32:39.578] [TRACE] 帧 叠加趟
[11:32:39.578] [TRACE] 帧 光标趟
[11:32:39.578] [TRACE] 帧 结束
[11:32:39.584] [TRACE] 帧 公告板
[11:32:39.584] [TRACE] 帧 格网
[11:32:39.584] [TRACE] 帧 开始
[11:32:39.584] [TRACE] 帧 格网趟
[11:32:39.585] [TRACE] 帧 场景趟
[11:32:39.585] [TRACE] 帧 高亮趟
[11:32:39.585] [TRACE] 帧 叠加趟
[11:32:39.585] [TRACE] 帧 光标趟
[11:32:39.585] [TRACE] 帧 结束
[11:32:39.590] [TRACE] 帧 公告板
[11:32:39.590] [TRACE] 帧 格网
[11:32:39.590] [TRACE] 帧 开始
[11:32:39.591] [TRACE] 帧 格网趟
[11:32:39.591] [TRACE] 帧 场景趟
[11:32:39.591] [TRACE] 帧 高亮趟
[11:32:39.591] [TRACE] 帧 叠加趟
[11:32:39.591] [TRACE] 帧 光标趟
[11:32:39.591] [TRACE] 帧 结束
[11:32:39.598] [TRACE] 帧 公告板
[11:32:39.599] [TRACE] 帧 格网
[11:32:39.599] [TRACE] 帧 开始
[11:32:39.599] [TRACE] 帧 格网趟
[11:32:39.599] [TRACE] 帧 场景趟
[11:32:39.599] [TRACE] 帧 高亮趟
[11:32:39.599] [TRACE] 帧 叠加趟
[11:32:39.600] [TRACE] 帧 光标趟
[11:32:39.600] [TRACE] 帧 结束
[11:32:39.604] [TRACE] 帧 公告板
[11:32:39.604] [TRACE] 帧 格网
[11:32:39.604] [TRACE] 帧 开始
[11:32:39.604] [TRACE] 帧 格网趟
[11:32:39.605] [TRACE] 帧 场景趟
[11:32:39.605] [TRACE] 帧 高亮趟
[11:32:39.605] [TRACE] 帧 叠加趟
[11:32:39.605] [TRACE] 帧 光标趟
[11:32:39.605] [TRACE] 帧 结束
[11:32:39.611] [TRACE] 帧 公告板
[11:32:39.612] [TRACE] 帧 格网
[11:32:39.612] [TRACE] 帧 开始
[11:32:39.612] [TRACE] 帧 格网趟
[11:32:39.612] [TRACE] 帧 场景趟
[11:32:39.612] [TRACE] 帧 高亮趟
[11:32:39.612] [TRACE] 帧 叠加趟
[11:32:39.613] [TRACE] 帧 光标趟
[11:32:39.613] [TRACE] 帧 结束
[11:32:39.619] [TRACE] 帧 公告板
[11:32:39.619] [TRACE] 帧 格网
[11:32:39.620] [TRACE] 帧 开始
[11:32:39.620] [TRACE] 帧 格网趟
[11:32:39.620] [TRACE] 帧 场景趟
[11:32:39.620] [TRACE] 帧 高亮趟
[11:32:39.620] [TRACE] 帧 叠加趟
[11:32:39.620] [TRACE] 帧 光标趟
[11:32:39.620] [TRACE] 帧 结束
[11:32:39.625] [TRACE] 帧 公告板
[11:32:39.625] [TRACE] 帧 格网
[11:32:39.625] [TRACE] 帧 开始
[11:32:39.626] [TRACE] 帧 格网趟
[11:32:39.626] [TRACE] 帧 场景趟
[11:32:39.626] [TRACE] 帧 高亮趟
[11:32:39.626] [TRACE] 帧 叠加趟
[11:32:39.626] [TRACE] 帧 光标趟
[11:32:39.626] [TRACE] 帧 结束
[11:32:39.633] [TRACE] 帧 公告板
[11:32:39.633] [TRACE] 帧 格网
[11:32:39.633] [TRACE] 帧 开始
[11:32:39.633] [TRACE] 帧 格网趟
[11:32:39.633] [TRACE] 帧 场景趟
[11:32:39.633] [TRACE] 帧 高亮趟
[11:32:39.634] [TRACE] 帧 叠加趟
[11:32:39.634] [TRACE] 帧 光标趟
[11:32:39.634] [TRACE] 帧 结束
[11:32:39.639] [TRACE] 帧 公告板
[11:32:39.639] [TRACE] 帧 格网
[11:32:39.639] [TRACE] 帧 开始
[11:32:39.640] [TRACE] 帧 格网趟
[11:32:39.640] [TRACE] 帧 场景趟
[11:32:39.640] [TRACE] 帧 高亮趟
[11:32:39.640] [TRACE] 帧 叠加趟
[11:32:39.640] [TRACE] 帧 光标趟
[11:32:39.640] [TRACE] 帧 结束
[11:32:39.646] [TRACE] 帧 公告板
[11:32:39.646] [TRACE] 帧 格网
[11:32:39.646] [TRACE] 帧 开始
[11:32:39.646] [TRACE] 帧 格网趟
[11:32:39.647] [TRACE] 帧 场景趟
[11:32:39.647] [TRACE] 帧 高亮趟
[11:32:39.647] [TRACE] 帧 叠加趟
[11:32:39.647] [TRACE] 帧 光标趟
[11:32:39.647] [TRACE] 帧 结束
[11:32:39.654] [TRACE] 帧 公告板
[11:32:39.654] [TRACE] 帧 格网
[11:32:39.654] [TRACE] 帧 开始
[11:32:39.654] [TRACE] 帧 格网趟
[11:32:39.654] [TRACE] 帧 场景趟
[11:32:39.654] [TRACE] 帧 高亮趟
[11:32:39.654] [TRACE] 帧 叠加趟
[11:32:39.655] [TRACE] 帧 光标趟
[11:32:39.655] [TRACE] 帧 结束
[11:32:39.659] [TRACE] 帧 公告板
[11:32:39.660] [TRACE] 帧 格网
[11:32:39.660] [TRACE] 帧 开始
[11:32:39.660] [TRACE] 帧 格网趟
[11:32:39.660] [TRACE] 帧 场景趟
[11:32:39.660] [TRACE] 帧 高亮趟
[11:32:39.660] [TRACE] 帧 叠加趟
[11:32:39.661] [TRACE] 帧 光标趟
[11:32:39.661] [TRACE] 帧 结束
[11:32:39.667] [TRACE] 帧 公告板
[11:32:39.667] [TRACE] 帧 格网
[11:32:39.668] [TRACE] 帧 开始
[11:32:39.668] [TRACE] 帧 格网趟
[11:32:39.668] [TRACE] 帧 场景趟
[11:32:39.668] [TRACE] 帧 高亮趟
[11:32:39.668] [TRACE] 帧 叠加趟
[11:32:39.668] [TRACE] 帧 光标趟
[11:32:39.668] [TRACE] 帧 结束
[11:32:39.674] [TRACE] 帧 公告板
[11:32:39.674] [TRACE] 帧 格网
[11:32:39.674] [TRACE] 帧 开始
[11:32:39.674] [TRACE] 帧 格网趟
[11:32:39.674] [TRACE] 帧 场景趟
[11:32:39.674] [TRACE] 帧 高亮趟
[11:32:39.674] [TRACE] 帧 叠加趟
[11:32:39.674] [TRACE] 帧 光标趟
[11:32:39.675] [TRACE] 帧 结束
[11:32:39.681] [TRACE] 帧 公告板
[11:32:39.681] [TRACE] 帧 格网
[11:32:39.682] [TRACE] 帧 开始
[11:32:39.682] [TRACE] 帧 格网趟
[11:32:39.682] [TRACE] 帧 场景趟
[11:32:39.682] [TRACE] 帧 高亮趟
[11:32:39.682] [TRACE] 帧 叠加趟
[11:32:39.682] [TRACE] 帧 光标趟
[11:32:39.682] [TRACE] 帧 结束
[11:32:39.687] [TRACE] 帧 公告板
[11:32:39.688] [TRACE] 帧 格网
[11:32:39.688] [TRACE] 帧 开始
[11:32:39.688] [TRACE] 帧 格网趟
[11:32:39.688] [TRACE] 帧 场景趟
[11:32:39.688] [TRACE] 帧 高亮趟
[11:32:39.688] [TRACE] 帧 叠加趟
[11:32:39.688] [TRACE] 帧 光标趟
[11:32:39.689] [TRACE] 帧 结束
[11:32:39.694] [TRACE] 帧 公告板
[11:32:39.695] [TRACE] 帧 格网
[11:32:39.695] [TRACE] 帧 开始
[11:32:39.695] [TRACE] 帧 格网趟
[11:32:39.695] [TRACE] 帧 场景趟
[11:32:39.695] [TRACE] 帧 高亮趟
[11:32:39.695] [TRACE] 帧 叠加趟
[11:32:39.696] [TRACE] 帧 光标趟
[11:32:39.696] [TRACE] 帧 结束
[11:32:39.702] [TRACE] 帧 公告板
[11:32:39.702] [TRACE] 帧 格网
[11:32:39.702] [TRACE] 帧 开始
[11:32:39.702] [TRACE] 帧 格网趟
[11:32:39.703] [TRACE] 帧 场景趟
[11:32:39.703] [TRACE] 帧 高亮趟
[11:32:39.703] [TRACE] 帧 叠加趟
[11:32:39.703] [TRACE] 帧 光标趟
[11:32:39.703] [TRACE] 帧 结束
[11:32:39.708] [TRACE] 帧 公告板
[11:32:39.708] [TRACE] 帧 格网
[11:32:39.708] [TRACE] 帧 开始
[11:32:39.708] [TRACE] 帧 格网趟
[11:32:39.709] [TRACE] 帧 场景趟
[11:32:39.709] [TRACE] 帧 高亮趟
[11:32:39.709] [TRACE] 帧 叠加趟
[11:32:39.709] [TRACE] 帧 光标趟
[11:32:39.709] [TRACE] 帧 结束
[11:32:39.716] [TRACE] 帧 公告板
[11:32:39.716] [TRACE] 帧 格网
[11:32:39.716] [TRACE] 帧 开始
[11:32:39.716] [TRACE] 帧 格网趟
[11:32:39.717] [TRACE] 帧 场景趟
[11:32:39.717] [TRACE] 帧 高亮趟
[11:32:39.717] [TRACE] 帧 叠加趟
[11:32:39.717] [TRACE] 帧 光标趟
[11:32:39.717] [TRACE] 帧 结束
[11:32:39.722] [TRACE] 帧 公告板
[11:32:39.722] [TRACE] 帧 格网
[11:32:39.723] [TRACE] 帧 开始
[11:32:39.723] [TRACE] 帧 格网趟
[11:32:39.723] [TRACE] 帧 场景趟
[11:32:39.723] [TRACE] 帧 高亮趟
[11:32:39.723] [TRACE] 帧 叠加趟
[11:32:39.723] [TRACE] 帧 光标趟
[11:32:39.723] [TRACE] 帧 结束
[11:32:39.729] [TRACE] 帧 公告板
[11:32:39.729] [TRACE] 帧 格网
[11:32:39.729] [TRACE] 帧 开始
[11:32:39.729] [TRACE] 帧 格网趟
[11:32:39.730] [TRACE] 帧 场景趟
[11:32:39.730] [TRACE] 帧 高亮趟
[11:32:39.730] [TRACE] 帧 叠加趟
[11:32:39.730] [TRACE] 帧 光标趟
[11:32:39.730] [TRACE] 帧 结束
[11:32:39.737] [TRACE] 帧 公告板
[11:32:39.738] [TRACE] 帧 格网
[11:32:39.738] [TRACE] 帧 开始
[11:32:39.738] [TRACE] 帧 格网趟
[11:32:39.738] [TRACE] 帧 场景趟
[11:32:39.738] [TRACE] 帧 高亮趟
[11:32:39.738] [TRACE] 帧 叠加趟
[11:32:39.738] [TRACE] 帧 光标趟
[11:32:39.739] [TRACE] 帧 结束
[11:32:39.743] [TRACE] 帧 公告板
[11:32:39.743] [TRACE] 帧 格网
[11:32:39.743] [TRACE] 帧 开始
[11:32:39.744] [TRACE] 帧 格网趟
[11:32:39.744] [TRACE] 帧 场景趟
[11:32:39.744] [TRACE] 帧 高亮趟
[11:32:39.744] [TRACE] 帧 叠加趟
[11:32:39.744] [TRACE] 帧 光标趟
[11:32:39.744] [TRACE] 帧 结束
[11:32:39.751] [TRACE] 帧 公告板
[11:32:39.751] [TRACE] 帧 格网
[11:32:39.751] [TRACE] 帧 开始
[11:32:39.751] [TRACE] 帧 格网趟
[11:32:39.751] [TRACE] 帧 场景趟
[11:32:39.752] [TRACE] 帧 高亮趟
[11:32:39.752] [TRACE] 帧 叠加趟
[11:32:39.752] [TRACE] 帧 光标趟
[11:32:39.752] [TRACE] 帧 结束
[11:32:39.757] [TRACE] 帧 公告板
[11:32:39.757] [TRACE] 帧 格网
[11:32:39.757] [TRACE] 帧 开始
[11:32:39.757] [TRACE] 帧 格网趟
[11:32:39.757] [TRACE] 帧 场景趟
[11:32:39.757] [TRACE] 帧 高亮趟
[11:32:39.758] [TRACE] 帧 叠加趟
[11:32:39.758] [TRACE] 帧 光标趟
[11:32:39.758] [TRACE] 帧 结束
[11:32:39.765] [TRACE] 帧 公告板
[11:32:39.765] [TRACE] 帧 格网
[11:32:39.765] [TRACE] 帧 开始
[11:32:39.765] [TRACE] 帧 格网趟
[11:32:39.765] [TRACE] 帧 场景趟
[11:32:39.766] [TRACE] 帧 高亮趟
[11:32:39.766] [TRACE] 帧 叠加趟
[11:32:39.766] [TRACE] 帧 光标趟
[11:32:39.766] [TRACE] 帧 结束
[11:32:39.771] [TRACE] 帧 公告板
[11:32:39.771] [TRACE] 帧 格网
[11:32:39.771] [TRACE] 帧 开始
[11:32:39.771] [TRACE] 帧 格网趟
[11:32:39.771] [TRACE] 帧 场景趟
[11:32:39.771] [TRACE] 帧 高亮趟
[11:32:39.771] [TRACE] 帧 叠加趟
[11:32:39.772] [TRACE] 帧 光标趟
[11:32:39.772] [TRACE] 帧 结束
[11:32:39.778] [TRACE] 帧 公告板
[11:32:39.779] [TRACE] 帧 格网
[11:32:39.779] [TRACE] 帧 开始
[11:32:39.779] [TRACE] 帧 格网趟
[11:32:39.779] [TRACE] 帧 场景趟
[11:32:39.779] [TRACE] 帧 高亮趟
[11:32:39.779] [TRACE] 帧 叠加趟
[11:32:39.780] [TRACE] 帧 光标趟
[11:32:39.780] [TRACE] 帧 结束
[11:32:39.786] [TRACE] 帧 公告板
[11:32:39.786] [TRACE] 帧 格网
[11:32:39.786] [TRACE] 帧 开始
[11:32:39.786] [TRACE] 帧 格网趟
[11:32:39.786] [TRACE] 帧 场景趟
[11:32:39.786] [TRACE] 帧 高亮趟
[11:32:39.787] [TRACE] 帧 叠加趟
[11:32:39.787] [TRACE] 帧 光标趟
[11:32:39.787] [TRACE] 帧 结束
[11:32:39.792] [TRACE] 帧 公告板
[11:32:39.792] [TRACE] 帧 格网
[11:32:39.792] [TRACE] 帧 开始
[11:32:39.792] [TRACE] 帧 格网趟
[11:32:39.792] [TRACE] 帧 场景趟
[11:32:39.792] [TRACE] 帧 高亮趟
[11:32:39.792] [TRACE] 帧 叠加趟
[11:32:39.793] [TRACE] 帧 光标趟
[11:32:39.793] [TRACE] 帧 结束
[11:32:39.799] [TRACE] 帧 公告板
[11:32:39.800] [TRACE] 帧 格网
[11:32:39.800] [TRACE] 帧 开始
[11:32:39.800] [TRACE] 帧 格网趟
[11:32:39.800] [TRACE] 帧 场景趟
[11:32:39.800] [TRACE] 帧 高亮趟
[11:32:39.800] [TRACE] 帧 叠加趟
[11:32:39.800] [TRACE] 帧 光标趟
[11:32:39.801] [TRACE] 帧 结束
[11:32:39.805] [TRACE] 帧 公告板
[11:32:39.806] [TRACE] 帧 格网
[11:32:39.806] [TRACE] 帧 开始
[11:32:39.806] [TRACE] 帧 格网趟
[11:32:39.806] [TRACE] 帧 场景趟
[11:32:39.806] [TRACE] 帧 高亮趟
[11:32:39.807] [TRACE] 帧 叠加趟
[11:32:39.807] [TRACE] 帧 光标趟
[11:32:39.807] [TRACE] 帧 结束
[11:32:39.813] [TRACE] 帧 公告板
[11:32:39.813] [TRACE] 帧 格网
[11:32:39.813] [TRACE] 帧 开始
[11:32:39.813] [TRACE] 帧 格网趟
[11:32:39.813] [TRACE] 帧 场景趟
[11:32:39.813] [TRACE] 帧 高亮趟
[11:32:39.814] [TRACE] 帧 叠加趟
[11:32:39.814] [TRACE] 帧 光标趟
[11:32:39.814] [TRACE] 帧 结束
[11:32:39.821] [TRACE] 帧 公告板
[11:32:39.821] [TRACE] 帧 格网
[11:32:39.821] [TRACE] 帧 开始
[11:32:39.821] [TRACE] 帧 格网趟
[11:32:39.822] [TRACE] 帧 场景趟
[11:32:39.822] [TRACE] 帧 高亮趟
[11:32:39.822] [TRACE] 帧 叠加趟
[11:32:39.822] [TRACE] 帧 光标趟
[11:32:39.822] [TRACE] 帧 结束
[11:32:39.827] [TRACE] 帧 公告板
[11:32:39.827] [TRACE] 帧 格网
[11:32:39.827] [TRACE] 帧 开始
[11:32:39.827] [TRACE] 帧 格网趟
[11:32:39.827] [TRACE] 帧 场景趟
[11:32:39.828] [TRACE] 帧 高亮趟
[11:32:39.828] [TRACE] 帧 叠加趟
[11:32:39.828] [TRACE] 帧 光标趟
[11:32:39.828] [TRACE] 帧 结束
[11:32:39.834] [TRACE] 帧 公告板
[11:32:39.834] [TRACE] 帧 格网
[11:32:39.835] [TRACE] 帧 开始
[11:32:39.835] [TRACE] 帧 格网趟
[11:32:39.835] [TRACE] 帧 场景趟
[11:32:39.835] [TRACE] 帧 高亮趟
[11:32:39.835] [TRACE] 帧 叠加趟
[11:32:39.836] [TRACE] 帧 光标趟
[11:32:39.836] [TRACE] 帧 结束
[11:32:39.840] [TRACE] 帧 公告板
[11:32:39.841] [TRACE] 帧 格网
[11:32:39.841] [TRACE] 帧 开始
[11:32:39.841] [TRACE] 帧 格网趟
[11:32:39.841] [TRACE] 帧 场景趟
[11:32:39.841] [TRACE] 帧 高亮趟
[11:32:39.841] [TRACE] 帧 叠加趟
[11:32:39.841] [TRACE] 帧 光标趟
[11:32:39.842] [TRACE] 帧 结束
[11:32:39.848] [TRACE] 帧 公告板
[11:32:39.848] [TRACE] 帧 格网
[11:32:39.848] [TRACE] 帧 开始
[11:32:39.849] [TRACE] 帧 格网趟
[11:32:39.849] [TRACE] 帧 场景趟
[11:32:39.849] [TRACE] 帧 高亮趟
[11:32:39.849] [TRACE] 帧 叠加趟
[11:32:39.849] [TRACE] 帧 光标趟
[11:32:39.849] [TRACE] 帧 结束
[11:32:39.854] [TRACE] 帧 公告板
[11:32:39.854] [TRACE] 帧 格网
[11:32:39.855] [TRACE] 帧 开始
[11:32:39.855] [TRACE] 帧 格网趟
[11:32:39.855] [TRACE] 帧 场景趟
[11:32:39.855] [TRACE] 帧 高亮趟
[11:32:39.855] [TRACE] 帧 叠加趟
[11:32:39.855] [TRACE] 帧 光标趟
[11:32:39.855] [TRACE] 帧 结束
[11:32:39.862] [TRACE] 帧 公告板
[11:32:39.862] [TRACE] 帧 格网
[11:32:39.862] [TRACE] 帧 开始
[11:32:39.862] [TRACE] 帧 格网趟
[11:32:39.862] [TRACE] 帧 场景趟
[11:32:39.862] [TRACE] 帧 高亮趟
[11:32:39.863] [TRACE] 帧 叠加趟
[11:32:39.863] [TRACE] 帧 光标趟
[11:32:39.863] [TRACE] 帧 结束
[11:32:39.869] [TRACE] 帧 公告板
[11:32:39.869] [TRACE] 帧 格网
[11:32:39.869] [TRACE] 帧 开始
[11:32:39.869] [TRACE] 帧 格网趟
[11:32:39.870] [TRACE] 帧 场景趟
[11:32:39.870] [TRACE] 帧 高亮趟
[11:32:39.870] [TRACE] 帧 叠加趟
[11:32:39.870] [TRACE] 帧 光标趟
[11:32:39.870] [TRACE] 帧 结束
[11:32:39.875] [TRACE] 帧 公告板
[11:32:39.875] [TRACE] 帧 格网
[11:32:39.876] [TRACE] 帧 开始
[11:32:39.876] [TRACE] 帧 格网趟
[11:32:39.876] [TRACE] 帧 场景趟
[11:32:39.876] [TRACE] 帧 高亮趟
[11:32:39.876] [TRACE] 帧 叠加趟
[11:32:39.876] [TRACE] 帧 光标趟
[11:32:39.877] [TRACE] 帧 结束
[11:32:39.883] [TRACE] 帧 公告板
[11:32:39.883] [TRACE] 帧 格网
[11:32:39.883] [TRACE] 帧 开始
[11:32:39.884] [TRACE] 帧 格网趟
[11:32:39.884] [TRACE] 帧 场景趟
[11:32:39.884] [TRACE] 帧 高亮趟
[11:32:39.884] [TRACE] 帧 叠加趟
[11:32:39.884] [TRACE] 帧 光标趟
[11:32:39.884] [TRACE] 帧 结束
[11:32:39.889] [TRACE] 帧 公告板
[11:32:39.889] [TRACE] 帧 格网
[11:32:39.890] [TRACE] 帧 开始
[11:32:39.890] [TRACE] 帧 格网趟
[11:32:39.890] [TRACE] 帧 场景趟
[11:32:39.890] [TRACE] 帧 高亮趟
[11:32:39.890] [TRACE] 帧 叠加趟
[11:32:39.890] [TRACE] 帧 光标趟
[11:32:39.890] [TRACE] 帧 结束
[11:32:39.896] [TRACE] 帧 公告板
[11:32:39.896] [TRACE] 帧 格网
[11:32:39.897] [TRACE] 帧 开始
[11:32:39.897] [TRACE] 帧 格网趟
[11:32:39.897] [TRACE] 帧 场景趟
[11:32:39.897] [TRACE] 帧 高亮趟
[11:32:39.897] [TRACE] 帧 叠加趟
[11:32:39.897] [TRACE] 帧 光标趟
[11:32:39.898] [TRACE] 帧 结束
[11:32:39.904] [TRACE] 帧 公告板
[11:32:39.904] [TRACE] 帧 格网
[11:32:39.905] [TRACE] 帧 开始
[11:32:39.905] [TRACE] 帧 格网趟
[11:32:39.905] [TRACE] 帧 场景趟
[11:32:39.905] [TRACE] 帧 高亮趟
[11:32:39.905] [TRACE] 帧 叠加趟
[11:32:39.905] [TRACE] 帧 光标趟
[11:32:39.905] [TRACE] 帧 结束
[11:32:39.910] [TRACE] 帧 公告板
[11:32:39.910] [TRACE] 帧 格网
[11:32:39.910] [TRACE] 帧 开始
[11:32:39.910] [TRACE] 帧 格网趟
[11:32:39.911] [TRACE] 帧 场景趟
[11:32:39.911] [TRACE] 帧 高亮趟
[11:32:39.911] [TRACE] 帧 叠加趟
[11:32:39.911] [TRACE] 帧 光标趟
[11:32:39.911] [TRACE] 帧 结束
[11:32:39.917] [TRACE] 帧 公告板
[11:32:39.918] [TRACE] 帧 格网
[11:32:39.918] [TRACE] 帧 开始
[11:32:39.918] [TRACE] 帧 格网趟
[11:32:39.918] [TRACE] 帧 场景趟
[11:32:39.918] [TRACE] 帧 高亮趟
[11:32:39.919] [TRACE] 帧 叠加趟
[11:32:39.919] [TRACE] 帧 光标趟
[11:32:39.919] [TRACE] 帧 结束
[11:32:39.924] [TRACE] 帧 公告板
[11:32:39.924] [TRACE] 帧 格网
[11:32:39.924] [TRACE] 帧 开始
[11:32:39.924] [TRACE] 帧 格网趟
[11:32:39.924] [TRACE] 帧 场景趟
[11:32:39.924] [TRACE] 帧 高亮趟
[11:32:39.925] [TRACE] 帧 叠加趟
[11:32:39.925] [TRACE] 帧 光标趟
[11:32:39.925] [TRACE] 帧 结束
[11:32:39.931] [TRACE] 帧 公告板
[11:32:39.932] [TRACE] 帧 格网
[11:32:39.932] [TRACE] 帧 开始
[11:32:39.932] [TRACE] 帧 格网趟
[11:32:39.932] [TRACE] 帧 场景趟
[11:32:39.932] [TRACE] 帧 高亮趟
[11:32:39.932] [TRACE] 帧 叠加趟
[11:32:39.933] [TRACE] 帧 光标趟
[11:32:39.933] [TRACE] 帧 结束
[11:32:39.938] [TRACE] 帧 公告板
[11:32:39.938] [TRACE] 帧 格网
[11:32:39.938] [TRACE] 帧 开始
[11:32:39.938] [TRACE] 帧 格网趟
[11:32:39.938] [TRACE] 帧 场景趟
[11:32:39.938] [TRACE] 帧 高亮趟
[11:32:39.938] [TRACE] 帧 叠加趟
[11:32:39.939] [TRACE] 帧 光标趟
[11:32:39.939] [TRACE] 帧 结束
[11:32:39.945] [TRACE] 帧 公告板
[11:32:39.945] [TRACE] 帧 格网
[11:32:39.946] [TRACE] 帧 开始
[11:32:39.946] [TRACE] 帧 格网趟
[11:32:39.946] [TRACE] 帧 场景趟
[11:32:39.946] [TRACE] 帧 高亮趟
[11:32:39.946] [TRACE] 帧 叠加趟
[11:32:39.946] [TRACE] 帧 光标趟
[11:32:39.946] [TRACE] 帧 结束
[11:32:39.953] [TRACE] 帧 公告板
[11:32:39.953] [TRACE] 帧 格网
[11:32:39.953] [TRACE] 帧 开始
[11:32:39.953] [TRACE] 帧 格网趟
[11:32:39.953] [TRACE] 帧 场景趟
[11:32:39.954] [TRACE] 帧 高亮趟
[11:32:39.954] [TRACE] 帧 叠加趟
[11:32:39.954] [TRACE] 帧 光标趟
[11:32:39.954] [TRACE] 帧 结束
[11:32:39.958] [TRACE] 帧 公告板
[11:32:39.959] [TRACE] 帧 格网
[11:32:39.959] [TRACE] 帧 开始
[11:32:39.959] [TRACE] 帧 格网趟
[11:32:39.959] [TRACE] 帧 场景趟
[11:32:39.959] [TRACE] 帧 高亮趟
[11:32:39.959] [TRACE] 帧 叠加趟
[11:32:39.959] [TRACE] 帧 光标趟
[11:32:39.959] [TRACE] 帧 结束
[11:32:39.966] [TRACE] 帧 公告板
[11:32:39.967] [TRACE] 帧 格网
[11:32:39.967] [TRACE] 帧 开始
[11:32:39.967] [TRACE] 帧 格网趟
[11:32:39.967] [TRACE] 帧 场景趟
[11:32:39.967] [TRACE] 帧 高亮趟
[11:32:39.967] [TRACE] 帧 叠加趟
[11:32:39.968] [TRACE] 帧 光标趟
[11:32:39.968] [TRACE] 帧 结束
[11:32:39.973] [TRACE] 帧 公告板
[11:32:39.973] [TRACE] 帧 格网
[11:32:39.973] [TRACE] 帧 开始
[11:32:39.974] [TRACE] 帧 格网趟
[11:32:39.974] [TRACE] 帧 场景趟
[11:32:39.974] [TRACE] 帧 高亮趟
[11:32:39.974] [TRACE] 帧 叠加趟
[11:32:39.974] [TRACE] 帧 光标趟
[11:32:39.974] [TRACE] 帧 结束
[11:32:39.980] [TRACE] 帧 公告板
[11:32:39.980] [TRACE] 帧 格网
[11:32:39.980] [TRACE] 帧 开始
[11:32:39.980] [TRACE] 帧 格网趟
[11:32:39.980] [TRACE] 帧 场景趟
[11:32:39.980] [TRACE] 帧 高亮趟
[11:32:39.981] [TRACE] 帧 叠加趟
[11:32:39.981] [TRACE] 帧 光标趟
[11:32:39.981] [TRACE] 帧 结束
[11:32:39.988] [TRACE] 帧 公告板
[11:32:39.988] [TRACE] 帧 格网
[11:32:39.988] [TRACE] 帧 开始
[11:32:39.988] [TRACE] 帧 格网趟
[11:32:39.988] [TRACE] 帧 场景趟
[11:32:39.989] [TRACE] 帧 高亮趟
[11:32:39.989] [TRACE] 帧 叠加趟
[11:32:39.989] [TRACE] 帧 光标趟
[11:32:39.989] [TRACE] 帧 结束
[11:32:39.993] [TRACE] 帧 公告板
[11:32:39.994] [TRACE] 帧 格网
[11:32:39.994] [TRACE] 帧 开始
[11:32:39.994] [TRACE] 帧 格网趟
[11:32:39.994] [TRACE] 帧 场景趟
[11:32:39.994] [TRACE] 帧 高亮趟
[11:32:39.994] [TRACE] 帧 叠加趟
[11:32:39.995] [TRACE] 帧 光标趟
[11:32:39.995] [TRACE] 帧 结束
[11:32:40.001] [TRACE] 帧 公告板
[11:32:40.001] [TRACE] 帧 格网
[11:32:40.002] [TRACE] 帧 开始
[11:32:40.002] [TRACE] 帧 格网趟
[11:32:40.002] [TRACE] 帧 场景趟
[11:32:40.002] [TRACE] 帧 高亮趟
[11:32:40.002] [TRACE] 帧 叠加趟
[11:32:40.003] [TRACE] 帧 光标趟
[11:32:40.003] [TRACE] 帧 结束
[11:32:40.007] [TRACE] 帧 公告板
[11:32:40.007] [TRACE] 帧 格网
[11:32:40.008] [TRACE] 帧 开始
[11:32:40.008] [TRACE] 帧 格网趟
[11:32:40.008] [TRACE] 帧 场景趟
[11:32:40.008] [TRACE] 帧 高亮趟
[11:32:40.008] [TRACE] 帧 叠加趟
[11:32:40.008] [TRACE] 帧 光标趟
[11:32:40.008] [TRACE] 帧 结束
[11:32:40.015] [TRACE] 帧 公告板
[11:32:40.017] [TRACE] 帧 格网
[11:32:40.017] [TRACE] 帧 开始
[11:32:40.017] [TRACE] 帧 格网趟
[11:32:40.017] [TRACE] 帧 场景趟
[11:32:40.018] [TRACE] 帧 高亮趟
[11:32:40.018] [TRACE] 帧 叠加趟
[11:32:40.018] [TRACE] 帧 光标趟
[11:32:40.018] [TRACE] 帧 结束
[11:32:40.021] [TRACE] 帧 公告板
[11:32:40.021] [TRACE] 帧 格网
[11:32:40.022] [TRACE] 帧 开始
[11:32:40.022] [TRACE] 帧 格网趟
[11:32:40.022] [TRACE] 帧 场景趟
[11:32:40.022] [TRACE] 帧 高亮趟
[11:32:40.022] [TRACE] 帧 叠加趟
[11:32:40.022] [TRACE] 帧 光标趟
[11:32:40.022] [TRACE] 帧 结束
[11:32:40.029] [TRACE] 帧 公告板
[11:32:40.029] [TRACE] 帧 格网
[11:32:40.029] [TRACE] 帧 开始
[11:32:40.029] [TRACE] 帧 格网趟
[11:32:40.029] [TRACE] 帧 场景趟
[11:32:40.029] [TRACE] 帧 高亮趟
[11:32:40.030] [TRACE] 帧 叠加趟
[11:32:40.030] [TRACE] 帧 光标趟
[11:32:40.030] [TRACE] 帧 结束
[11:32:40.036] [TRACE] 帧 公告板
[11:32:40.036] [TRACE] 帧 格网
[11:32:40.036] [TRACE] 帧 开始
[11:32:40.037] [TRACE] 帧 格网趟
[11:32:40.037] [TRACE] 帧 场景趟
[11:32:40.037] [TRACE] 帧 高亮趟
[11:32:40.037] [TRACE] 帧 叠加趟
[11:32:40.037] [TRACE] 帧 光标趟
[11:32:40.037] [TRACE] 帧 结束
[11:32:40.042] [TRACE] 帧 公告板
[11:32:40.042] [TRACE] 帧 格网
[11:32:40.043] [TRACE] 帧 开始
[11:32:40.043] [TRACE] 帧 格网趟
[11:32:40.043] [TRACE] 帧 场景趟
[11:32:40.043] [TRACE] 帧 高亮趟
[11:32:40.043] [TRACE] 帧 叠加趟
[11:32:40.043] [TRACE] 帧 光标趟
[11:32:40.043] [TRACE] 帧 结束
[11:32:40.050] [TRACE] 帧 公告板
[11:32:40.050] [TRACE] 帧 格网
[11:32:40.050] [TRACE] 帧 开始
[11:32:40.050] [TRACE] 帧 格网趟
[11:32:40.051] [TRACE] 帧 场景趟
[11:32:40.051] [TRACE] 帧 高亮趟
[11:32:40.051] [TRACE] 帧 叠加趟
[11:32:40.051] [TRACE] 帧 光标趟
[11:32:40.051] [TRACE] 帧 结束
[11:32:40.056] [TRACE] 帧 公告板
[11:32:40.056] [TRACE] 帧 格网
[11:32:40.056] [TRACE] 帧 开始
[11:32:40.056] [TRACE] 帧 格网趟
[11:32:40.057] [TRACE] 帧 场景趟
[11:32:40.057] [TRACE] 帧 高亮趟
[11:32:40.057] [TRACE] 帧 叠加趟
[11:32:40.057] [TRACE] 帧 光标趟
[11:32:40.057] [TRACE] 帧 结束
[11:32:40.063] [TRACE] 帧 公告板
[11:32:40.063] [TRACE] 帧 格网
[11:32:40.063] [TRACE] 帧 开始
[11:32:40.064] [TRACE] 帧 格网趟
[11:32:40.064] [TRACE] 帧 场景趟
[11:32:40.064] [TRACE] 帧 高亮趟
[11:32:40.064] [TRACE] 帧 叠加趟
[11:32:40.064] [TRACE] 帧 光标趟
[11:32:40.064] [TRACE] 帧 结束
[11:32:40.071] [TRACE] 帧 公告板
[11:32:40.072] [TRACE] 帧 格网
[11:32:40.072] [TRACE] 帧 开始
[11:32:40.072] [TRACE] 帧 格网趟
[11:32:40.072] [TRACE] 帧 场景趟
[11:32:40.072] [TRACE] 帧 高亮趟
[11:32:40.072] [TRACE] 帧 叠加趟
[11:32:40.072] [TRACE] 帧 光标趟
[11:32:40.073] [TRACE] 帧 结束
[11:32:40.077] [TRACE] 帧 公告板
[11:32:40.077] [TRACE] 帧 格网
[11:32:40.077] [TRACE] 帧 开始
[11:32:40.077] [TRACE] 帧 格网趟
[11:32:40.078] [TRACE] 帧 场景趟
[11:32:40.078] [TRACE] 帧 高亮趟
[11:32:40.078] [TRACE] 帧 叠加趟
[11:32:40.078] [TRACE] 帧 光标趟
[11:32:40.078] [TRACE] 帧 结束
[11:32:40.085] [TRACE] 帧 公告板
[11:32:40.085] [TRACE] 帧 格网
[11:32:40.085] [TRACE] 帧 开始
[11:32:40.085] [TRACE] 帧 格网趟
[11:32:40.085] [TRACE] 帧 场景趟
[11:32:40.085] [TRACE] 帧 高亮趟
[11:32:40.086] [TRACE] 帧 叠加趟
[11:32:40.086] [TRACE] 帧 光标趟
[11:32:40.086] [TRACE] 帧 结束
[11:32:40.091] [TRACE] 帧 公告板
[11:32:40.091] [TRACE] 帧 格网
[11:32:40.091] [TRACE] 帧 开始
[11:32:40.091] [TRACE] 帧 格网趟
[11:32:40.092] [TRACE] 帧 场景趟
[11:32:40.092] [TRACE] 帧 高亮趟
[11:32:40.092] [TRACE] 帧 叠加趟
[11:32:40.092] [TRACE] 帧 光标趟
[11:32:40.092] [TRACE] 帧 结束
[11:32:40.099] [TRACE] 帧 公告板
[11:32:40.099] [TRACE] 帧 格网
[11:32:40.099] [TRACE] 帧 开始
[11:32:40.099] [TRACE] 帧 格网趟
[11:32:40.100] [TRACE] 帧 场景趟
[11:32:40.100] [TRACE] 帧 高亮趟
[11:32:40.100] [TRACE] 帧 叠加趟
[11:32:40.100] [TRACE] 帧 光标趟
[11:32:40.100] [TRACE] 帧 结束
[11:32:40.105] [TRACE] 帧 公告板
[11:32:40.105] [TRACE] 帧 格网
[11:32:40.105] [TRACE] 帧 开始
[11:32:40.105] [TRACE] 帧 格网趟
[11:32:40.105] [TRACE] 帧 场景趟
[11:32:40.105] [TRACE] 帧 高亮趟
[11:32:40.106] [TRACE] 帧 叠加趟
[11:32:40.106] [TRACE] 帧 光标趟
[11:32:40.106] [TRACE] 帧 结束
[11:32:40.112] [TRACE] 帧 公告板
[11:32:40.112] [TRACE] 帧 格网
[11:32:40.112] [TRACE] 帧 开始
[11:32:40.112] [TRACE] 帧 格网趟
[11:32:40.112] [TRACE] 帧 场景趟
[11:32:40.113] [TRACE] 帧 高亮趟
[11:32:40.113] [TRACE] 帧 叠加趟
[11:32:40.113] [TRACE] 帧 光标趟
[11:32:40.113] [TRACE] 帧 结束
[11:32:40.119] [TRACE] 帧 公告板
[11:32:40.119] [TRACE] 帧 格网
[11:32:40.120] [TRACE] 帧 开始
[11:32:40.120] [TRACE] 帧 格网趟
[11:32:40.120] [TRACE] 帧 场景趟
[11:32:40.120] [TRACE] 帧 高亮趟
[11:32:40.120] [TRACE] 帧 叠加趟
[11:32:40.120] [TRACE] 帧 光标趟
[11:32:40.120] [TRACE] 帧 结束
[11:32:40.125] [TRACE] 帧 公告板
[11:32:40.125] [TRACE] 帧 格网
[11:32:40.126] [TRACE] 帧 开始
[11:32:40.126] [TRACE] 帧 格网趟
[11:32:40.126] [TRACE] 帧 场景趟
[11:32:40.126] [TRACE] 帧 高亮趟
[11:32:40.126] [TRACE] 帧 叠加趟
[11:32:40.126] [TRACE] 帧 光标趟
[11:32:40.126] [TRACE] 帧 结束
[11:32:40.133] [TRACE] 帧 公告板
[11:32:40.133] [TRACE] 帧 格网
[11:32:40.133] [TRACE] 帧 开始
[11:32:40.133] [TRACE] 帧 格网趟
[11:32:40.134] [TRACE] 帧 场景趟
[11:32:40.134] [TRACE] 帧 高亮趟
[11:32:40.134] [TRACE] 帧 叠加趟
[11:32:40.134] [TRACE] 帧 光标趟
[11:32:40.134] [TRACE] 帧 结束
[11:32:40.139] [TRACE] 帧 公告板
[11:32:40.140] [TRACE] 帧 格网
[11:32:40.140] [TRACE] 帧 开始
[11:32:40.140] [TRACE] 帧 格网趟
[11:32:40.140] [TRACE] 帧 场景趟
[11:32:40.140] [TRACE] 帧 高亮趟
[11:32:40.140] [TRACE] 帧 叠加趟
[11:32:40.141] [TRACE] 帧 光标趟
[11:32:40.141] [TRACE] 帧 结束
[11:32:40.146] [TRACE] 帧 公告板
[11:32:40.146] [TRACE] 帧 格网
[11:32:40.147] [TRACE] 帧 开始
[11:32:40.147] [TRACE] 帧 格网趟
[11:32:40.147] [TRACE] 帧 场景趟
[11:32:40.147] [TRACE] 帧 高亮趟
[11:32:40.147] [TRACE] 帧 叠加趟
[11:32:40.147] [TRACE] 帧 光标趟
[11:32:40.147] [TRACE] 帧 结束
[11:32:40.154] [TRACE] 帧 公告板
[11:32:40.155] [TRACE] 帧 格网
[11:32:40.155] [TRACE] 帧 开始
[11:32:40.155] [TRACE] 帧 格网趟
[11:32:40.155] [TRACE] 帧 场景趟
[11:32:40.155] [TRACE] 帧 高亮趟
[11:32:40.155] [TRACE] 帧 叠加趟
[11:32:40.156] [TRACE] 帧 光标趟
[11:32:40.156] [TRACE] 帧 结束
[11:32:40.160] [TRACE] 帧 公告板
[11:32:40.160] [TRACE] 帧 格网
[11:32:40.160] [TRACE] 帧 开始
[11:32:40.160] [TRACE] 帧 格网趟
[11:32:40.161] [TRACE] 帧 场景趟
[11:32:40.161] [TRACE] 帧 高亮趟
[11:32:40.161] [TRACE] 帧 叠加趟
[11:32:40.161] [TRACE] 帧 光标趟
[11:32:40.161] [TRACE] 帧 结束
[11:32:40.168] [TRACE] 帧 公告板
[11:32:40.168] [TRACE] 帧 格网
[11:32:40.168] [TRACE] 帧 开始
[11:32:40.168] [TRACE] 帧 格网趟
[11:32:40.168] [TRACE] 帧 场景趟
[11:32:40.168] [TRACE] 帧 高亮趟
[11:32:40.168] [TRACE] 帧 叠加趟
[11:32:40.169] [TRACE] 帧 光标趟
[11:32:40.169] [TRACE] 帧 结束
[11:32:40.174] [TRACE] 帧 公告板
[11:32:40.174] [TRACE] 帧 格网
[11:32:40.174] [TRACE] 帧 开始
[11:32:40.174] [TRACE] 帧 格网趟
[11:32:40.175] [TRACE] 帧 场景趟
[11:32:40.175] [TRACE] 帧 高亮趟
[11:32:40.175] [TRACE] 帧 叠加趟
[11:32:40.175] [TRACE] 帧 光标趟
[11:32:40.175] [TRACE] 帧 结束
[11:32:40.182] [TRACE] 帧 公告板
[11:32:40.182] [TRACE] 帧 格网
[11:32:40.182] [TRACE] 帧 开始
[11:32:40.182] [TRACE] 帧 格网趟
[11:32:40.182] [TRACE] 帧 场景趟
[11:32:40.183] [TRACE] 帧 高亮趟
[11:32:40.183] [TRACE] 帧 叠加趟
[11:32:40.183] [TRACE] 帧 光标趟
[11:32:40.183] [TRACE] 帧 结束
[11:32:40.188] [TRACE] 帧 公告板
[11:32:40.188] [TRACE] 帧 格网
[11:32:40.188] [TRACE] 帧 开始
[11:32:40.188] [TRACE] 帧 格网趟
[11:32:40.189] [TRACE] 帧 场景趟
[11:32:40.189] [TRACE] 帧 高亮趟
[11:32:40.189] [TRACE] 帧 叠加趟
[11:32:40.189] [TRACE] 帧 光标趟
[11:32:40.189] [TRACE] 帧 结束
[11:32:40.195] [TRACE] 帧 公告板
[11:32:40.196] [TRACE] 帧 格网
[11:32:40.196] [TRACE] 帧 开始
[11:32:40.196] [TRACE] 帧 格网趟
[11:32:40.196] [TRACE] 帧 场景趟
[11:32:40.196] [TRACE] 帧 高亮趟
[11:32:40.196] [TRACE] 帧 叠加趟
[11:32:40.196] [TRACE] 帧 光标趟
[11:32:40.196] [TRACE] 帧 结束
[11:32:40.203] [TRACE] 帧 公告板
[11:32:40.203] [TRACE] 帧 格网
[11:32:40.203] [TRACE] 帧 开始
[11:32:40.203] [TRACE] 帧 格网趟
[11:32:40.204] [TRACE] 帧 场景趟
[11:32:40.204] [TRACE] 帧 高亮趟
[11:32:40.204] [TRACE] 帧 叠加趟
[11:32:40.204] [TRACE] 帧 光标趟
[11:32:40.204] [TRACE] 帧 结束
[11:32:40.209] [TRACE] 帧 公告板
[11:32:40.209] [TRACE] 帧 格网
[11:32:40.209] [TRACE] 帧 开始
[11:32:40.210] [TRACE] 帧 格网趟
[11:32:40.210] [TRACE] 帧 场景趟
[11:32:40.210] [TRACE] 帧 高亮趟
[11:32:40.210] [TRACE] 帧 叠加趟
[11:32:40.210] [TRACE] 帧 光标趟
[11:32:40.210] [TRACE] 帧 结束
[11:32:40.217] [TRACE] 帧 公告板
[11:32:40.217] [TRACE] 帧 格网
[11:32:40.217] [TRACE] 帧 开始
[11:32:40.217] [TRACE] 帧 格网趟
[11:32:40.217] [TRACE] 帧 场景趟
[11:32:40.218] [TRACE] 帧 高亮趟
[11:32:40.218] [TRACE] 帧 叠加趟
[11:32:40.218] [TRACE] 帧 光标趟
[11:32:40.218] [TRACE] 帧 结束
[11:32:40.223] [TRACE] 帧 公告板
[11:32:40.223] [TRACE] 帧 格网
[11:32:40.223] [TRACE] 帧 开始
[11:32:40.224] [TRACE] 帧 格网趟
[11:32:40.224] [TRACE] 帧 场景趟
[11:32:40.224] [TRACE] 帧 高亮趟
[11:32:40.224] [TRACE] 帧 叠加趟
[11:32:40.224] [TRACE] 帧 光标趟
[11:32:40.224] [TRACE] 帧 结束
[11:32:40.230] [TRACE] 帧 公告板
[11:32:40.230] [TRACE] 帧 格网
[11:32:40.230] [TRACE] 帧 开始
[11:32:40.231] [TRACE] 帧 格网趟
[11:32:40.231] [TRACE] 帧 场景趟
[11:32:40.231] [TRACE] 帧 高亮趟
[11:32:40.231] [TRACE] 帧 叠加趟
[11:32:40.231] [TRACE] 帧 光标趟
[11:32:40.231] [TRACE] 帧 结束
[11:32:40.238] [TRACE] 帧 公告板
[11:32:40.238] [TRACE] 帧 格网
[11:32:40.238] [TRACE] 帧 开始
[11:32:40.238] [TRACE] 帧 格网趟
[11:32:40.238] [TRACE] 帧 场景趟
[11:32:40.238] [TRACE] 帧 高亮趟
[11:32:40.239] [TRACE] 帧 叠加趟
[11:32:40.239] [TRACE] 帧 光标趟
[11:32:40.239] [TRACE] 帧 结束
[11:32:40.244] [TRACE] 帧 公告板
[11:32:40.244] [TRACE] 帧 格网
[11:32:40.244] [TRACE] 帧 开始
[11:32:40.244] [TRACE] 帧 格网趟
[11:32:40.244] [TRACE] 帧 场景趟
[11:32:40.244] [TRACE] 帧 高亮趟
[11:32:40.244] [TRACE] 帧 叠加趟
[11:32:40.245] [TRACE] 帧 光标趟
[11:32:40.245] [TRACE] 帧 结束
[11:32:40.252] [TRACE] 帧 公告板
[11:32:40.252] [TRACE] 帧 格网
[11:32:40.252] [TRACE] 帧 开始
[11:32:40.252] [TRACE] 帧 格网趟
[11:32:40.252] [TRACE] 帧 场景趟
[11:32:40.252] [TRACE] 帧 高亮趟
[11:32:40.252] [TRACE] 帧 叠加趟
[11:32:40.253] [TRACE] 帧 光标趟
[11:32:40.253] [TRACE] 帧 结束
[11:32:40.257] [TRACE] 帧 公告板
[11:32:40.258] [TRACE] 帧 格网
[11:32:40.258] [TRACE] 帧 开始
[11:32:40.258] [TRACE] 帧 格网趟
[11:32:40.258] [TRACE] 帧 场景趟
[11:32:40.258] [TRACE] 帧 高亮趟
[11:32:40.258] [TRACE] 帧 叠加趟
[11:32:40.259] [TRACE] 帧 光标趟
[11:32:40.259] [TRACE] 帧 结束
[11:32:40.265] [TRACE] 帧 公告板
[11:32:40.266] [TRACE] 帧 格网
[11:32:40.266] [TRACE] 帧 开始
[11:32:40.266] [TRACE] 帧 格网趟
[11:32:40.266] [TRACE] 帧 场景趟
[11:32:40.266] [TRACE] 帧 高亮趟
[11:32:40.267] [TRACE] 帧 叠加趟
[11:32:40.267] [TRACE] 帧 光标趟
[11:32:40.267] [TRACE] 帧 结束
[11:32:40.271] [TRACE] 帧 公告板
[11:32:40.272] [TRACE] 帧 格网
[11:32:40.272] [TRACE] 帧 开始
[11:32:40.272] [TRACE] 帧 格网趟
[11:32:40.272] [TRACE] 帧 场景趟
[11:32:40.272] [TRACE] 帧 高亮趟
[11:32:40.273] [TRACE] 帧 叠加趟
[11:32:40.273] [TRACE] 帧 光标趟
[11:32:40.273] [TRACE] 帧 结束
[11:32:40.279] [TRACE] 帧 公告板
[11:32:40.279] [TRACE] 帧 格网
[11:32:40.279] [TRACE] 帧 开始
[11:32:40.280] [TRACE] 帧 格网趟
[11:32:40.280] [TRACE] 帧 场景趟
[11:32:40.280] [TRACE] 帧 高亮趟
[11:32:40.280] [TRACE] 帧 叠加趟
[11:32:40.280] [TRACE] 帧 光标趟
[11:32:40.280] [TRACE] 帧 结束
[11:32:40.286] [TRACE] 帧 公告板
[11:32:40.286] [TRACE] 帧 格网
[11:32:40.287] [TRACE] 帧 开始
[11:32:40.287] [TRACE] 帧 格网趟
[11:32:40.287] [TRACE] 帧 场景趟
[11:32:40.287] [TRACE] 帧 高亮趟
[11:32:40.287] [TRACE] 帧 叠加趟
[11:32:40.287] [TRACE] 帧 光标趟
[11:32:40.287] [TRACE] 帧 结束
[11:32:40.292] [TRACE] 帧 公告板
[11:32:40.292] [TRACE] 帧 格网
[11:32:40.293] [TRACE] 帧 开始
[11:32:40.293] [TRACE] 帧 格网趟
[11:32:40.293] [TRACE] 帧 场景趟
[11:32:40.293] [TRACE] 帧 高亮趟
[11:32:40.293] [TRACE] 帧 叠加趟
[11:32:40.293] [TRACE] 帧 光标趟
[11:32:40.293] [TRACE] 帧 结束
[11:32:40.300] [TRACE] 帧 公告板
[11:32:40.301] [TRACE] 帧 格网
[11:32:40.301] [TRACE] 帧 开始
[11:32:40.301] [TRACE] 帧 格网趟
[11:32:40.301] [TRACE] 帧 场景趟
[11:32:40.301] [TRACE] 帧 高亮趟
[11:32:40.301] [TRACE] 帧 叠加趟
[11:32:40.301] [TRACE] 帧 光标趟
[11:32:40.301] [TRACE] 帧 结束
[11:32:40.306] [TRACE] 帧 公告板
[11:32:40.306] [TRACE] 帧 格网
[11:32:40.306] [TRACE] 帧 开始
[11:32:40.307] [TRACE] 帧 格网趟
[11:32:40.307] [TRACE] 帧 场景趟
[11:32:40.307] [TRACE] 帧 高亮趟
[11:32:40.307] [TRACE] 帧 叠加趟
[11:32:40.307] [TRACE] 帧 光标趟
[11:32:40.307] [TRACE] 帧 结束
[11:32:40.313] [TRACE] 帧 公告板
[11:32:40.313] [TRACE] 帧 格网
[11:32:40.313] [TRACE] 帧 开始
[11:32:40.314] [TRACE] 帧 格网趟
[11:32:40.314] [TRACE] 帧 场景趟
[11:32:40.314] [TRACE] 帧 高亮趟
[11:32:40.314] [TRACE] 帧 叠加趟
[11:32:40.314] [TRACE] 帧 光标趟
[11:32:40.314] [TRACE] 帧 结束
[11:32:40.321] [TRACE] 帧 公告板
[11:32:40.322] [TRACE] 帧 格网
[11:32:40.322] [TRACE] 帧 开始
[11:32:40.322] [TRACE] 帧 格网趟
[11:32:40.322] [TRACE] 帧 场景趟
[11:32:40.323] [TRACE] 帧 高亮趟
[11:32:40.323] [TRACE] 帧 叠加趟
[11:32:40.323] [TRACE] 帧 光标趟
[11:32:40.323] [TRACE] 帧 结束
[11:32:40.327] [TRACE] 帧 公告板
[11:32:40.327] [TRACE] 帧 格网
[11:32:40.327] [TRACE] 帧 开始
[11:32:40.327] [TRACE] 帧 格网趟
[11:32:40.328] [TRACE] 帧 场景趟
[11:32:40.328] [TRACE] 帧 高亮趟
[11:32:40.328] [TRACE] 帧 叠加趟
[11:32:40.328] [TRACE] 帧 光标趟
[11:32:40.328] [TRACE] 帧 结束
[11:32:40.335] [TRACE] 帧 公告板
[11:32:40.335] [TRACE] 帧 格网
[11:32:40.335] [TRACE] 帧 开始
[11:32:40.335] [TRACE] 帧 格网趟
[11:32:40.335] [TRACE] 帧 场景趟
[11:32:40.336] [TRACE] 帧 高亮趟
[11:32:40.336] [TRACE] 帧 叠加趟
[11:32:40.336] [TRACE] 帧 光标趟
[11:32:40.336] [TRACE] 帧 结束
[11:32:40.341] [TRACE] 帧 公告板
[11:32:40.341] [TRACE] 帧 格网
[11:32:40.342] [TRACE] 帧 开始
[11:32:40.342] [TRACE] 帧 格网趟
[11:32:40.342] [TRACE] 帧 场景趟
[11:32:40.342] [TRACE] 帧 高亮趟
[11:32:40.343] [TRACE] 帧 叠加趟
[11:32:40.343] [TRACE] 帧 光标趟
[11:32:40.343] [TRACE] 帧 结束
[11:32:40.349] [TRACE] 帧 公告板
[11:32:40.349] [TRACE] 帧 格网
[11:32:40.349] [TRACE] 帧 开始
[11:32:40.349] [TRACE] 帧 格网趟
[11:32:40.349] [TRACE] 帧 场景趟
[11:32:40.350] [TRACE] 帧 高亮趟
[11:32:40.350] [TRACE] 帧 叠加趟
[11:32:40.350] [TRACE] 帧 光标趟
[11:32:40.350] [TRACE] 帧 结束
[11:32:40.355] [TRACE] 帧 公告板
[11:32:40.355] [TRACE] 帧 格网
[11:32:40.355] [TRACE] 帧 开始
[11:32:40.355] [TRACE] 帧 格网趟
[11:32:40.355] [TRACE] 帧 场景趟
[11:32:40.355] [TRACE] 帧 高亮趟
[11:32:40.356] [TRACE] 帧 叠加趟
[11:32:40.356] [TRACE] 帧 光标趟
[11:32:40.356] [TRACE] 帧 结束
[11:32:40.362] [TRACE] 帧 公告板
[11:32:40.362] [TRACE] 帧 格网
[11:32:40.362] [TRACE] 帧 开始
[11:32:40.363] [TRACE] 帧 格网趟
[11:32:40.363] [TRACE] 帧 场景趟
[11:32:40.363] [TRACE] 帧 高亮趟
[11:32:40.363] [TRACE] 帧 叠加趟
[11:32:40.363] [TRACE] 帧 光标趟
[11:32:40.363] [TRACE] 帧 结束
[11:32:40.369] [TRACE] 帧 公告板
[11:32:40.370] [TRACE] 帧 格网
[11:32:40.370] [TRACE] 帧 开始
[11:32:40.370] [TRACE] 帧 格网趟
[11:32:40.370] [TRACE] 帧 场景趟
[11:32:40.370] [TRACE] 帧 高亮趟
[11:32:40.370] [TRACE] 帧 叠加趟
[11:32:40.370] [TRACE] 帧 光标趟
[11:32:40.370] [TRACE] 帧 结束
[11:32:40.376] [TRACE] 帧 公告板
[11:32:40.376] [TRACE] 帧 格网
[11:32:40.376] [TRACE] 帧 开始
[11:32:40.376] [TRACE] 帧 格网趟
[11:32:40.376] [TRACE] 帧 场景趟
[11:32:40.377] [TRACE] 帧 高亮趟
[11:32:40.377] [TRACE] 帧 叠加趟
[11:32:40.377] [TRACE] 帧 光标趟
[11:32:40.377] [TRACE] 帧 结束
[11:32:40.383] [TRACE] 帧 公告板
[11:32:40.384] [TRACE] 帧 格网
[11:32:40.384] [TRACE] 帧 开始
[11:32:40.384] [TRACE] 帧 格网趟
[11:32:40.384] [TRACE] 帧 场景趟
[11:32:40.384] [TRACE] 帧 高亮趟
[11:32:40.384] [TRACE] 帧 叠加趟
[11:32:40.385] [TRACE] 帧 光标趟
[11:32:40.385] [TRACE] 帧 结束
[11:32:40.390] [TRACE] 帧 公告板
[11:32:40.390] [TRACE] 帧 格网
[11:32:40.390] [TRACE] 帧 开始
[11:32:40.390] [TRACE] 帧 格网趟
[11:32:40.390] [TRACE] 帧 场景趟
[11:32:40.390] [TRACE] 帧 高亮趟
[11:32:40.390] [TRACE] 帧 叠加趟
[11:32:40.391] [TRACE] 帧 光标趟
[11:32:40.391] [TRACE] 帧 结束
[11:32:40.396] [TRACE] 帧 公告板
[11:32:40.397] [TRACE] 帧 格网
[11:32:40.397] [TRACE] 帧 开始
[11:32:40.397] [TRACE] 帧 格网趟
[11:32:40.397] [TRACE] 帧 场景趟
[11:32:40.397] [TRACE] 帧 高亮趟
[11:32:40.397] [TRACE] 帧 叠加趟
[11:32:40.397] [TRACE] 帧 光标趟
[11:32:40.397] [TRACE] 帧 结束
[11:32:40.405] [TRACE] 帧 公告板
[11:32:40.405] [TRACE] 帧 格网
[11:32:40.405] [TRACE] 帧 开始
[11:32:40.405] [TRACE] 帧 格网趟
[11:32:40.406] [TRACE] 帧 场景趟
[11:32:40.406] [TRACE] 帧 高亮趟
[11:32:40.406] [TRACE] 帧 叠加趟
[11:32:40.406] [TRACE] 帧 光标趟
[11:32:40.406] [TRACE] 帧 结束
[11:32:40.411] [TRACE] 帧 公告板
[11:32:40.411] [TRACE] 帧 格网
[11:32:40.411] [TRACE] 帧 开始
[11:32:40.411] [TRACE] 帧 格网趟
[11:32:40.411] [TRACE] 帧 场景趟
[11:32:40.411] [TRACE] 帧 高亮趟
[11:32:40.411] [TRACE] 帧 叠加趟
[11:32:40.412] [TRACE] 帧 光标趟
[11:32:40.412] [TRACE] 帧 结束
[11:32:40.418] [TRACE] 帧 公告板
[11:32:40.418] [TRACE] 帧 格网
[11:32:40.419] [TRACE] 帧 开始
[11:32:40.419] [TRACE] 帧 格网趟
[11:32:40.419] [TRACE] 帧 场景趟
[11:32:40.419] [TRACE] 帧 高亮趟
[11:32:40.419] [TRACE] 帧 叠加趟
[11:32:40.420] [TRACE] 帧 光标趟
[11:32:40.420] [TRACE] 帧 结束
[11:32:40.424] [TRACE] 帧 公告板
[11:32:40.425] [TRACE] 帧 格网
[11:32:40.425] [TRACE] 帧 开始
[11:32:40.425] [TRACE] 帧 格网趟
[11:32:40.425] [TRACE] 帧 场景趟
[11:32:40.425] [TRACE] 帧 高亮趟
[11:32:40.425] [TRACE] 帧 叠加趟
[11:32:40.425] [TRACE] 帧 光标趟
[11:32:40.426] [TRACE] 帧 结束
[11:32:40.432] [TRACE] 帧 公告板
[11:32:40.432] [TRACE] 帧 格网
[11:32:40.432] [TRACE] 帧 开始
[11:32:40.433] [TRACE] 帧 格网趟
[11:32:40.433] [TRACE] 帧 场景趟
[11:32:40.433] [TRACE] 帧 高亮趟
[11:32:40.433] [TRACE] 帧 叠加趟
[11:32:40.433] [TRACE] 帧 光标趟
[11:32:40.434] [TRACE] 帧 结束
[11:32:40.438] [TRACE] 帧 公告板
[11:32:40.439] [TRACE] 帧 格网
[11:32:40.439] [TRACE] 帧 开始
[11:32:40.439] [TRACE] 帧 格网趟
[11:32:40.439] [TRACE] 帧 场景趟
[11:32:40.439] [TRACE] 帧 高亮趟
[11:32:40.439] [TRACE] 帧 叠加趟
[11:32:40.439] [TRACE] 帧 光标趟
[11:32:40.440] [TRACE] 帧 结束
[11:32:40.446] [TRACE] 帧 公告板
[11:32:40.446] [TRACE] 帧 格网
[11:32:40.446] [TRACE] 帧 开始
[11:32:40.446] [TRACE] 帧 格网趟
[11:32:40.446] [TRACE] 帧 场景趟
[11:32:40.446] [TRACE] 帧 高亮趟
[11:32:40.446] [TRACE] 帧 叠加趟
[11:32:40.447] [TRACE] 帧 光标趟
[11:32:40.447] [TRACE] 帧 结束
[11:32:40.453] [TRACE] 帧 公告板
[11:32:40.453] [TRACE] 帧 格网
[11:32:40.453] [TRACE] 帧 开始
[11:32:40.453] [TRACE] 帧 格网趟
[11:32:40.454] [TRACE] 帧 场景趟
[11:32:40.454] [TRACE] 帧 高亮趟
[11:32:40.454] [TRACE] 帧 叠加趟
[11:32:40.454] [TRACE] 帧 光标趟
[11:32:40.454] [TRACE] 帧 结束
[11:32:40.459] [TRACE] 帧 公告板
[11:32:40.459] [TRACE] 帧 格网
[11:32:40.459] [TRACE] 帧 开始
[11:32:40.459] [TRACE] 帧 格网趟
[11:32:40.460] [TRACE] 帧 场景趟
[11:32:40.460] [TRACE] 帧 高亮趟
[11:32:40.460] [TRACE] 帧 叠加趟
[11:32:40.460] [TRACE] 帧 光标趟
[11:32:40.460] [TRACE] 帧 结束
[11:32:40.467] [TRACE] 帧 公告板
[11:32:40.467] [TRACE] 帧 格网
[11:32:40.467] [TRACE] 帧 开始
[11:32:40.468] [TRACE] 帧 格网趟
[11:32:40.468] [TRACE] 帧 场景趟
[11:32:40.468] [TRACE] 帧 高亮趟
[11:32:40.468] [TRACE] 帧 叠加趟
[11:32:40.468] [TRACE] 帧 光标趟
[11:32:40.468] [TRACE] 帧 结束
[11:32:40.473] [TRACE] 帧 公告板
[11:32:40.473] [TRACE] 帧 格网
[11:32:40.474] [TRACE] 帧 开始
[11:32:40.474] [TRACE] 帧 格网趟
[11:32:40.474] [TRACE] 帧 场景趟
[11:32:40.474] [TRACE] 帧 高亮趟
[11:32:40.474] [TRACE] 帧 叠加趟
[11:32:40.474] [TRACE] 帧 光标趟
[11:32:40.474] [TRACE] 帧 结束
[11:32:40.480] [TRACE] 帧 公告板
[11:32:40.480] [TRACE] 帧 格网
[11:32:40.480] [TRACE] 帧 开始
[11:32:40.480] [TRACE] 帧 格网趟
[11:32:40.481] [TRACE] 帧 场景趟
[11:32:40.481] [TRACE] 帧 高亮趟
[11:32:40.481] [TRACE] 帧 叠加趟
[11:32:40.481] [TRACE] 帧 光标趟
[11:32:40.482] [TRACE] 帧 结束
[11:32:40.488] [TRACE] 帧 公告板
[11:32:40.488] [TRACE] 帧 格网
[11:32:40.488] [TRACE] 帧 开始
[11:32:40.489] [TRACE] 帧 格网趟
[11:32:40.489] [TRACE] 帧 场景趟
[11:32:40.489] [TRACE] 帧 高亮趟
[11:32:40.489] [TRACE] 帧 叠加趟
[11:32:40.489] [TRACE] 帧 光标趟
[11:32:40.489] [TRACE] 帧 结束
[11:32:40.494] [TRACE] 帧 公告板
[11:32:40.494] [TRACE] 帧 格网
[11:32:40.494] [TRACE] 帧 开始
[11:32:40.494] [TRACE] 帧 格网趟
[11:32:40.494] [TRACE] 帧 场景趟
[11:32:40.494] [TRACE] 帧 高亮趟
[11:32:40.494] [TRACE] 帧 叠加趟
[11:32:40.495] [TRACE] 帧 光标趟
[11:32:40.495] [TRACE] 帧 结束
[11:32:40.501] [TRACE] 帧 公告板
[11:32:40.502] [TRACE] 帧 格网
[11:32:40.502] [TRACE] 帧 开始
[11:32:40.502] [TRACE] 帧 格网趟
[11:32:40.502] [TRACE] 帧 场景趟
[11:32:40.502] [TRACE] 帧 高亮趟
[11:32:40.502] [TRACE] 帧 叠加趟
[11:32:40.502] [TRACE] 帧 光标趟
[11:32:40.503] [TRACE] 帧 结束
[11:32:40.507] [TRACE] 帧 公告板
[11:32:40.508] [TRACE] 帧 格网
[11:32:40.508] [TRACE] 帧 开始
[11:32:40.508] [TRACE] 帧 格网趟
[11:32:40.508] [TRACE] 帧 场景趟
[11:32:40.508] [TRACE] 帧 高亮趟
[11:32:40.508] [TRACE] 帧 叠加趟
[11:32:40.508] [TRACE] 帧 光标趟
[11:32:40.508] [TRACE] 帧 结束
[11:32:40.516] [TRACE] 帧 公告板
[11:32:40.516] [TRACE] 帧 格网
[11:32:40.516] [TRACE] 帧 开始
[11:32:40.516] [TRACE] 帧 格网趟
[11:32:40.516] [TRACE] 帧 场景趟
[11:32:40.517] [TRACE] 帧 高亮趟
[11:32:40.517] [TRACE] 帧 叠加趟
[11:32:40.517] [TRACE] 帧 光标趟
[11:32:40.517] [TRACE] 帧 结束
[11:32:40.522] [TRACE] 帧 公告板
[11:32:40.522] [TRACE] 帧 格网
[11:32:40.522] [TRACE] 帧 开始
[11:32:40.522] [TRACE] 帧 格网趟
[11:32:40.522] [TRACE] 帧 场景趟
[11:32:40.522] [TRACE] 帧 高亮趟
[11:32:40.522] [TRACE] 帧 叠加趟
[11:32:40.522] [TRACE] 帧 光标趟
[11:32:40.523] [TRACE] 帧 结束
[11:32:40.529] [TRACE] 帧 公告板
[11:32:40.529] [TRACE] 帧 格网
[11:32:40.529] [TRACE] 帧 开始
[11:32:40.530] [TRACE] 帧 格网趟
[11:32:40.530] [TRACE] 帧 场景趟
[11:32:40.530] [TRACE] 帧 高亮趟
[11:32:40.530] [TRACE] 帧 叠加趟
[11:32:40.530] [TRACE] 帧 光标趟
[11:32:40.530] [TRACE] 帧 结束
[11:32:40.536] [TRACE] 帧 公告板
[11:32:40.537] [TRACE] 帧 格网
[11:32:40.537] [TRACE] 帧 开始
[11:32:40.537] [TRACE] 帧 格网趟
[11:32:40.537] [TRACE] 帧 场景趟
[11:32:40.537] [TRACE] 帧 高亮趟
[11:32:40.537] [TRACE] 帧 叠加趟
[11:32:40.537] [TRACE] 帧 光标趟
[11:32:40.537] [TRACE] 帧 结束
[11:32:40.543] [TRACE] 帧 公告板
[11:32:40.543] [TRACE] 帧 格网
[11:32:40.543] [TRACE] 帧 开始
[11:32:40.543] [TRACE] 帧 格网趟
[11:32:40.544] [TRACE] 帧 场景趟
[11:32:40.544] [TRACE] 帧 高亮趟
[11:32:40.544] [TRACE] 帧 叠加趟
[11:32:40.544] [TRACE] 帧 光标趟
[11:32:40.544] [TRACE] 帧 结束
[11:32:40.550] [TRACE] 帧 公告板
[11:32:40.551] [TRACE] 帧 格网
[11:32:40.551] [TRACE] 帧 开始
[11:32:40.551] [TRACE] 帧 格网趟
[11:32:40.551] [TRACE] 帧 场景趟
[11:32:40.551] [TRACE] 帧 高亮趟
[11:32:40.551] [TRACE] 帧 叠加趟
[11:32:40.551] [TRACE] 帧 光标趟
[11:32:40.552] [TRACE] 帧 结束
[11:32:40.557] [TRACE] 帧 公告板
[11:32:40.557] [TRACE] 帧 格网
[11:32:40.557] [TRACE] 帧 开始
[11:32:40.557] [TRACE] 帧 格网趟
[11:32:40.558] [TRACE] 帧 场景趟
[11:32:40.558] [TRACE] 帧 高亮趟
[11:32:40.558] [TRACE] 帧 叠加趟
[11:32:40.558] [TRACE] 帧 光标趟
[11:32:40.558] [TRACE] 帧 结束
[11:32:40.563] [TRACE] 帧 公告板
[11:32:40.564] [TRACE] 帧 格网
[11:32:40.564] [TRACE] 帧 开始
[11:32:40.564] [TRACE] 帧 格网趟
[11:32:40.564] [TRACE] 帧 场景趟
[11:32:40.564] [TRACE] 帧 高亮趟
[11:32:40.564] [TRACE] 帧 叠加趟
[11:32:40.564] [TRACE] 帧 光标趟
[11:32:40.564] [TRACE] 帧 结束
[11:32:40.571] [TRACE] 帧 公告板
[11:32:40.572] [TRACE] 帧 格网
[11:32:40.572] [TRACE] 帧 开始
[11:32:40.572] [TRACE] 帧 格网趟
[11:32:40.572] [TRACE] 帧 场景趟
[11:32:40.572] [TRACE] 帧 高亮趟
[11:32:40.572] [TRACE] 帧 叠加趟
[11:32:40.573] [TRACE] 帧 光标趟
[11:32:40.573] [TRACE] 帧 结束
[11:32:40.578] [TRACE] 帧 公告板
[11:32:40.578] [TRACE] 帧 格网
[11:32:40.579] [TRACE] 帧 开始
[11:32:40.579] [TRACE] 帧 格网趟
[11:32:40.579] [TRACE] 帧 场景趟
[11:32:40.579] [TRACE] 帧 高亮趟
[11:32:40.579] [TRACE] 帧 叠加趟
[11:32:40.579] [TRACE] 帧 光标趟
[11:32:40.579] [TRACE] 帧 结束
[11:32:40.585] [TRACE] 帧 公告板
[11:32:40.586] [TRACE] 帧 格网
[11:32:40.586] [TRACE] 帧 开始
[11:32:40.586] [TRACE] 帧 格网趟
[11:32:40.586] [TRACE] 帧 场景趟
[11:32:40.586] [TRACE] 帧 高亮趟
[11:32:40.586] [TRACE] 帧 叠加趟
[11:32:40.587] [TRACE] 帧 光标趟
[11:32:40.587] [TRACE] 帧 结束
[11:32:40.591] [TRACE] 帧 公告板
[11:32:40.592] [TRACE] 帧 格网
[11:32:40.592] [TRACE] 帧 开始
[11:32:40.592] [TRACE] 帧 格网趟
[11:32:40.592] [TRACE] 帧 场景趟
[11:32:40.592] [TRACE] 帧 高亮趟
[11:32:40.592] [TRACE] 帧 叠加趟
[11:32:40.592] [TRACE] 帧 光标趟
[11:32:40.592] [TRACE] 帧 结束
[11:32:40.599] [TRACE] 帧 公告板
[11:32:40.599] [TRACE] 帧 格网
[11:32:40.599] [TRACE] 帧 开始
[11:32:40.600] [TRACE] 帧 格网趟
[11:32:40.600] [TRACE] 帧 场景趟
[11:32:40.600] [TRACE] 帧 高亮趟
[11:32:40.600] [TRACE] 帧 叠加趟
[11:32:40.600] [TRACE] 帧 光标趟
[11:32:40.601] [TRACE] 帧 结束
[11:32:40.606] [TRACE] 帧 公告板
[11:32:40.606] [TRACE] 帧 格网
[11:32:40.606] [TRACE] 帧 开始
[11:32:40.606] [TRACE] 帧 格网趟
[11:32:40.606] [TRACE] 帧 场景趟
[11:32:40.606] [TRACE] 帧 高亮趟
[11:32:40.607] [TRACE] 帧 叠加趟
[11:32:40.607] [TRACE] 帧 光标趟
[11:32:40.607] [TRACE] 帧 结束
[11:32:40.613] [TRACE] 帧 公告板
[11:32:40.613] [TRACE] 帧 格网
[11:32:40.613] [TRACE] 帧 开始
[11:32:40.613] [TRACE] 帧 格网趟
[11:32:40.613] [TRACE] 帧 场景趟
[11:32:40.613] [TRACE] 帧 高亮趟
[11:32:40.614] [TRACE] 帧 叠加趟
[11:32:40.614] [TRACE] 帧 光标趟
[11:32:40.614] [TRACE] 帧 结束
[11:32:40.620] [TRACE] 帧 公告板
[11:32:40.620] [TRACE] 帧 格网
[11:32:40.620] [TRACE] 帧 开始
[11:32:40.620] [TRACE] 帧 格网趟
[11:32:40.621] [TRACE] 帧 场景趟
[11:32:40.621] [TRACE] 帧 高亮趟
[11:32:40.621] [TRACE] 帧 叠加趟
[11:32:40.621] [TRACE] 帧 光标趟
[11:32:40.621] [TRACE] 帧 结束
[11:32:40.626] [TRACE] 帧 公告板
[11:32:40.626] [TRACE] 帧 格网
[11:32:40.626] [TRACE] 帧 开始
[11:32:40.627] [TRACE] 帧 格网趟
[11:32:40.627] [TRACE] 帧 场景趟
[11:32:40.627] [TRACE] 帧 高亮趟
[11:32:40.627] [TRACE] 帧 叠加趟
[11:32:40.627] [TRACE] 帧 光标趟
[11:32:40.627] [TRACE] 帧 结束
[11:32:40.634] [TRACE] 帧 公告板
[11:32:40.634] [TRACE] 帧 格网
[11:32:40.634] [TRACE] 帧 开始
[11:32:40.634] [TRACE] 帧 格网趟
[11:32:40.634] [TRACE] 帧 场景趟
[11:32:40.634] [TRACE] 帧 高亮趟
[11:32:40.634] [TRACE] 帧 叠加趟
[11:32:40.634] [TRACE] 帧 光标趟
[11:32:40.635] [TRACE] 帧 结束
[11:32:40.640] [TRACE] 帧 公告板
[11:32:40.640] [TRACE] 帧 格网
[11:32:40.640] [TRACE] 帧 开始
[11:32:40.640] [TRACE] 帧 格网趟
[11:32:40.641] [TRACE] 帧 场景趟
[11:32:40.641] [TRACE] 帧 高亮趟
[11:32:40.641] [TRACE] 帧 叠加趟
[11:32:40.641] [TRACE] 帧 光标趟
[11:32:40.641] [TRACE] 帧 结束
[11:32:40.647] [TRACE] 帧 公告板
[11:32:40.647] [TRACE] 帧 格网
[11:32:40.647] [TRACE] 帧 开始
[11:32:40.647] [TRACE] 帧 格网趟
[11:32:40.647] [TRACE] 帧 场景趟
[11:32:40.648] [TRACE] 帧 高亮趟
[11:32:40.648] [TRACE] 帧 叠加趟
[11:32:40.648] [TRACE] 帧 光标趟
[11:32:40.648] [TRACE] 帧 结束
[11:32:40.655] [TRACE] 帧 公告板
[11:32:40.655] [TRACE] 帧 格网
[11:32:40.655] [TRACE] 帧 开始
[11:32:40.656] [TRACE] 帧 格网趟
[11:32:40.656] [TRACE] 帧 场景趟
[11:32:40.656] [TRACE] 帧 高亮趟
[11:32:40.656] [TRACE] 帧 叠加趟
[11:32:40.656] [TRACE] 帧 光标趟
[11:32:40.656] [TRACE] 帧 结束
[11:32:40.661] [TRACE] 帧 公告板
[11:32:40.661] [TRACE] 帧 格网
[11:32:40.661] [TRACE] 帧 开始
[11:32:40.662] [TRACE] 帧 格网趟
[11:32:40.662] [TRACE] 帧 场景趟
[11:32:40.662] [TRACE] 帧 高亮趟
[11:32:40.662] [TRACE] 帧 叠加趟
[11:32:40.662] [TRACE] 帧 光标趟
[11:32:40.663] [TRACE] 帧 结束
[11:32:40.668] [TRACE] 帧 公告板
[11:32:40.669] [TRACE] 帧 格网
[11:32:40.669] [TRACE] 帧 开始
[11:32:40.669] [TRACE] 帧 格网趟
[11:32:40.669] [TRACE] 帧 场景趟
[11:32:40.669] [TRACE] 帧 高亮趟
[11:32:40.669] [TRACE] 帧 叠加趟
[11:32:40.669] [TRACE] 帧 光标趟
[11:32:40.670] [TRACE] 帧 结束
[11:32:40.675] [TRACE] 帧 公告板
[11:32:40.675] [TRACE] 帧 格网
[11:32:40.675] [TRACE] 帧 开始
[11:32:40.676] [TRACE] 帧 格网趟
[11:32:40.676] [TRACE] 帧 场景趟
[11:32:40.676] [TRACE] 帧 高亮趟
[11:32:40.676] [TRACE] 帧 叠加趟
[11:32:40.676] [TRACE] 帧 光标趟
[11:32:40.676] [TRACE] 帧 结束
[11:32:40.683] [TRACE] 帧 公告板
[11:32:40.683] [TRACE] 帧 格网
[11:32:40.683] [TRACE] 帧 开始
[11:32:40.683] [TRACE] 帧 格网趟
[11:32:40.683] [TRACE] 帧 场景趟
[11:32:40.684] [TRACE] 帧 高亮趟
[11:32:40.684] [TRACE] 帧 叠加趟
[11:32:40.684] [TRACE] 帧 光标趟
[11:32:40.684] [TRACE] 帧 结束
[11:32:40.689] [TRACE] 帧 公告板
[11:32:40.689] [TRACE] 帧 格网
[11:32:40.689] [TRACE] 帧 开始
[11:32:40.689] [TRACE] 帧 格网趟
[11:32:40.689] [TRACE] 帧 场景趟
[11:32:40.689] [TRACE] 帧 高亮趟
[11:32:40.689] [TRACE] 帧 叠加趟
[11:32:40.690] [TRACE] 帧 光标趟
[11:32:40.690] [TRACE] 帧 结束
[11:32:40.696] [TRACE] 帧 公告板
[11:32:40.696] [TRACE] 帧 格网
[11:32:40.696] [TRACE] 帧 开始
[11:32:40.696] [TRACE] 帧 格网趟
[11:32:40.697] [TRACE] 帧 场景趟
[11:32:40.697] [TRACE] 帧 高亮趟
[11:32:40.697] [TRACE] 帧 叠加趟
[11:32:40.697] [TRACE] 帧 光标趟
[11:32:40.697] [TRACE] 帧 结束
[11:32:40.704] [TRACE] 帧 公告板
[11:32:40.704] [TRACE] 帧 格网
[11:32:40.704] [TRACE] 帧 开始
[11:32:40.704] [TRACE] 帧 格网趟
[11:32:40.705] [TRACE] 帧 场景趟
[11:32:40.705] [TRACE] 帧 高亮趟
[11:32:40.705] [TRACE] 帧 叠加趟
[11:32:40.705] [TRACE] 帧 光标趟
[11:32:40.705] [TRACE] 帧 结束
[11:32:40.710] [TRACE] 帧 公告板
[11:32:40.710] [TRACE] 帧 格网
[11:32:40.710] [TRACE] 帧 开始
[11:32:40.710] [TRACE] 帧 格网趟
[11:32:40.711] [TRACE] 帧 场景趟
[11:32:40.711] [TRACE] 帧 高亮趟
[11:32:40.711] [TRACE] 帧 叠加趟
[11:32:40.711] [TRACE] 帧 光标趟
[11:32:40.711] [TRACE] 帧 结束
[11:32:40.717] [TRACE] 帧 公告板
[11:32:40.717] [TRACE] 帧 格网
[11:32:40.717] [TRACE] 帧 开始
[11:32:40.718] [TRACE] 帧 格网趟
[11:32:40.718] [TRACE] 帧 场景趟
[11:32:40.718] [TRACE] 帧 高亮趟
[11:32:40.718] [TRACE] 帧 叠加趟
[11:32:40.718] [TRACE] 帧 光标趟
[11:32:40.718] [TRACE] 帧 结束
[11:32:40.723] [TRACE] 帧 公告板
[11:32:40.724] [TRACE] 帧 格网
[11:32:40.724] [TRACE] 帧 开始
[11:32:40.724] [TRACE] 帧 格网趟
[11:32:40.724] [TRACE] 帧 场景趟
[11:32:40.724] [TRACE] 帧 高亮趟
[11:32:40.724] [TRACE] 帧 叠加趟
[11:32:40.724] [TRACE] 帧 光标趟
[11:32:40.725] [TRACE] 帧 结束
[11:32:40.730] [TRACE] 帧 公告板
[11:32:40.730] [TRACE] 帧 格网
[11:32:40.730] [TRACE] 帧 开始
[11:32:40.731] [TRACE] 帧 格网趟
[11:32:40.731] [TRACE] 帧 场景趟
[11:32:40.731] [TRACE] 帧 高亮趟
[11:32:40.731] [TRACE] 帧 叠加趟
[11:32:40.731] [TRACE] 帧 光标趟
[11:32:40.731] [TRACE] 帧 结束
[11:32:40.738] [TRACE] 帧 公告板
[11:32:40.739] [TRACE] 帧 格网
[11:32:40.739] [TRACE] 帧 开始
[11:32:40.739] [TRACE] 帧 格网趟
[11:32:40.739] [TRACE] 帧 场景趟
[11:32:40.739] [TRACE] 帧 高亮趟
[11:32:40.739] [TRACE] 帧 叠加趟
[11:32:40.739] [TRACE] 帧 光标趟
[11:32:40.740] [TRACE] 帧 结束
[11:32:40.744] [TRACE] 帧 公告板
[11:32:40.744] [TRACE] 帧 格网
[11:32:40.744] [TRACE] 帧 开始
[11:32:40.745] [TRACE] 帧 格网趟
[11:32:40.745] [TRACE] 帧 场景趟
[11:32:40.745] [TRACE] 帧 高亮趟
[11:32:40.745] [TRACE] 帧 叠加趟
[11:32:40.745] [TRACE] 帧 光标趟
[11:32:40.745] [TRACE] 帧 结束
[11:32:40.752] [TRACE] 帧 公告板
[11:32:40.752] [TRACE] 帧 格网
[11:32:40.752] [TRACE] 帧 开始
[11:32:40.752] [TRACE] 帧 格网趟
[11:32:40.753] [TRACE] 帧 场景趟
[11:32:40.753] [TRACE] 帧 高亮趟
[11:32:40.753] [TRACE] 帧 叠加趟
[11:32:40.753] [TRACE] 帧 光标趟
[11:32:40.753] [TRACE] 帧 结束
[11:32:40.758] [TRACE] 帧 公告板
[11:32:40.758] [TRACE] 帧 格网
[11:32:40.758] [TRACE] 帧 开始
[11:32:40.759] [TRACE] 帧 格网趟
[11:32:40.759] [TRACE] 帧 场景趟
[11:32:40.759] [TRACE] 帧 高亮趟
[11:32:40.759] [TRACE] 帧 叠加趟
[11:32:40.759] [TRACE] 帧 光标趟
[11:32:40.759] [TRACE] 帧 结束
[11:32:40.766] [TRACE] 帧 公告板
[11:32:40.766] [TRACE] 帧 格网
[11:32:40.766] [TRACE] 帧 开始
[11:32:40.766] [TRACE] 帧 格网趟
[11:32:40.766] [TRACE] 帧 场景趟
[11:32:40.767] [TRACE] 帧 高亮趟
[11:32:40.767] [TRACE] 帧 叠加趟
[11:32:40.767] [TRACE] 帧 光标趟
[11:32:40.767] [TRACE] 帧 结束
[11:32:40.772] [TRACE] 帧 公告板
[11:32:40.772] [TRACE] 帧 格网
[11:32:40.772] [TRACE] 帧 开始
[11:32:40.772] [TRACE] 帧 格网趟
[11:32:40.772] [TRACE] 帧 场景趟
[11:32:40.773] [TRACE] 帧 高亮趟
[11:32:40.773] [TRACE] 帧 叠加趟
[11:32:40.773] [TRACE] 帧 光标趟
[11:32:40.773] [TRACE] 帧 结束
[11:32:40.779] [TRACE] 帧 公告板
[11:32:40.779] [TRACE] 帧 格网
[11:32:40.779] [TRACE] 帧 开始
[11:32:40.780] [TRACE] 帧 格网趟
[11:32:40.780] [TRACE] 帧 场景趟
[11:32:40.780] [TRACE] 帧 高亮趟
[11:32:40.780] [TRACE] 帧 叠加趟
[11:32:40.780] [TRACE] 帧 光标趟
[11:32:40.780] [TRACE] 帧 结束
[11:32:40.787] [TRACE] 帧 公告板
[11:32:40.787] [TRACE] 帧 格网
[11:32:40.787] [TRACE] 帧 开始
[11:32:40.787] [TRACE] 帧 格网趟
[11:32:40.787] [TRACE] 帧 场景趟
[11:32:40.788] [TRACE] 帧 高亮趟
[11:32:40.788] [TRACE] 帧 叠加趟
[11:32:40.788] [TRACE] 帧 光标趟
[11:32:40.788] [TRACE] 帧 结束
[11:32:40.793] [TRACE] 帧 公告板
[11:32:40.793] [TRACE] 帧 格网
[11:32:40.793] [TRACE] 帧 开始
[11:32:40.793] [TRACE] 帧 格网趟
[11:32:40.793] [TRACE] 帧 场景趟
[11:32:40.794] [TRACE] 帧 高亮趟
[11:32:40.794] [TRACE] 帧 叠加趟
[11:32:40.794] [TRACE] 帧 光标趟
[11:32:40.794] [TRACE] 帧 结束
[11:32:40.800] [TRACE] 帧 公告板
[11:32:40.801] [TRACE] 帧 格网
[11:32:40.801] [TRACE] 帧 开始
[11:32:40.801] [TRACE] 帧 格网趟
[11:32:40.801] [TRACE] 帧 场景趟
[11:32:40.801] [TRACE] 帧 高亮趟
[11:32:40.801] [TRACE] 帧 叠加趟
[11:32:40.801] [TRACE] 帧 光标趟
[11:32:40.802] [TRACE] 帧 结束
[11:32:40.807] [TRACE] 帧 公告板
[11:32:40.807] [TRACE] 帧 格网
[11:32:40.807] [TRACE] 帧 开始
[11:32:40.807] [TRACE] 帧 格网趟
[11:32:40.808] [TRACE] 帧 场景趟
[11:32:40.808] [TRACE] 帧 高亮趟
[11:32:40.808] [TRACE] 帧 叠加趟
[11:32:40.808] [TRACE] 帧 光标趟
[11:32:40.808] [TRACE] 帧 结束
[11:32:40.814] [TRACE] 帧 公告板
[11:32:40.815] [TRACE] 帧 格网
[11:32:40.815] [TRACE] 帧 开始
[11:32:40.815] [TRACE] 帧 格网趟
[11:32:40.815] [TRACE] 帧 场景趟
[11:32:40.815] [TRACE] 帧 高亮趟
[11:32:40.815] [TRACE] 帧 叠加趟
[11:32:40.816] [TRACE] 帧 光标趟
[11:32:40.816] [TRACE] 帧 结束
[11:32:40.821] [TRACE] 帧 公告板
[11:32:40.821] [TRACE] 帧 格网
[11:32:40.821] [TRACE] 帧 开始
[11:32:40.821] [TRACE] 帧 格网趟
[11:32:40.822] [TRACE] 帧 场景趟
[11:32:40.822] [TRACE] 帧 高亮趟
[11:32:40.822] [TRACE] 帧 叠加趟
[11:32:40.822] [TRACE] 帧 光标趟
[11:32:40.822] [TRACE] 帧 结束
[11:32:40.827] [TRACE] 帧 公告板
[11:32:40.828] [TRACE] 帧 格网
[11:32:40.828] [TRACE] 帧 开始
[11:32:40.828] [TRACE] 帧 格网趟
[11:32:40.828] [TRACE] 帧 场景趟
[11:32:40.828] [TRACE] 帧 高亮趟
[11:32:40.829] [TRACE] 帧 叠加趟
[11:32:40.829] [TRACE] 帧 光标趟
[11:32:40.829] [TRACE] 帧 结束
[11:32:40.836] [TRACE] 帧 公告板
[11:32:40.836] [TRACE] 帧 格网
[11:32:40.836] [TRACE] 帧 开始
[11:32:40.836] [TRACE] 帧 格网趟
[11:32:40.837] [TRACE] 帧 场景趟
[11:32:40.837] [TRACE] 帧 高亮趟
[11:32:40.837] [TRACE] 帧 叠加趟
[11:32:40.837] [TRACE] 帧 光标趟
[11:32:40.837] [TRACE] 帧 结束
[11:32:40.841] [TRACE] 帧 公告板
[11:32:40.842] [TRACE] 帧 格网
[11:32:40.842] [TRACE] 帧 开始
[11:32:40.842] [TRACE] 帧 格网趟
[11:32:40.842] [TRACE] 帧 场景趟
[11:32:40.842] [TRACE] 帧 高亮趟
[11:32:40.842] [TRACE] 帧 叠加趟
[11:32:40.842] [TRACE] 帧 光标趟
[11:32:40.843] [TRACE] 帧 结束
[11:32:40.850] [TRACE] 帧 公告板
[11:32:40.850] [TRACE] 帧 格网
[11:32:40.850] [TRACE] 帧 开始
[11:32:40.850] [TRACE] 帧 格网趟
[11:32:40.851] [TRACE] 帧 场景趟
[11:32:40.851] [TRACE] 帧 高亮趟
[11:32:40.851] [TRACE] 帧 叠加趟
[11:32:40.851] [TRACE] 帧 光标趟
[11:32:40.851] [TRACE] 帧 结束
[11:32:40.856] [TRACE] 帧 公告板
[11:32:40.856] [TRACE] 帧 格网
[11:32:40.856] [TRACE] 帧 开始
[11:32:40.857] [TRACE] 帧 格网趟
[11:32:40.857] [TRACE] 帧 场景趟
[11:32:40.857] [TRACE] 帧 高亮趟
[11:32:40.857] [TRACE] 帧 叠加趟
[11:32:40.857] [TRACE] 帧 光标趟
[11:32:40.857] [TRACE] 帧 结束
[11:32:40.862] [TRACE] 帧 公告板
[11:32:40.862] [TRACE] 帧 格网
[11:32:40.862] [TRACE] 帧 开始
[11:32:40.863] [TRACE] 帧 格网趟
[11:32:40.863] [TRACE] 帧 场景趟
[11:32:40.863] [TRACE] 帧 高亮趟
[11:32:40.863] [TRACE] 帧 叠加趟
[11:32:40.864] [TRACE] 帧 光标趟
[11:32:40.864] [TRACE] 帧 结束
[11:32:40.870] [TRACE] 帧 公告板
[11:32:40.871] [TRACE] 帧 格网
[11:32:40.871] [TRACE] 帧 开始
[11:32:40.871] [TRACE] 帧 格网趟
[11:32:40.871] [TRACE] 帧 场景趟
[11:32:40.871] [TRACE] 帧 高亮趟
[11:32:40.871] [TRACE] 帧 叠加趟
[11:32:40.872] [TRACE] 帧 光标趟
[11:32:40.872] [TRACE] 帧 结束
[11:32:40.876] [TRACE] 帧 公告板
[11:32:40.876] [TRACE] 帧 格网
[11:32:40.877] [TRACE] 帧 开始
[11:32:40.877] [TRACE] 帧 格网趟
[11:32:40.877] [TRACE] 帧 场景趟
[11:32:40.877] [TRACE] 帧 高亮趟
[11:32:40.877] [TRACE] 帧 叠加趟
[11:32:40.878] [TRACE] 帧 光标趟
[11:32:40.878] [TRACE] 帧 结束
[11:32:40.884] [TRACE] 帧 公告板
[11:32:40.884] [TRACE] 帧 格网
[11:32:40.885] [TRACE] 帧 开始
[11:32:40.885] [TRACE] 帧 格网趟
[11:32:40.885] [TRACE] 帧 场景趟
[11:32:40.885] [TRACE] 帧 高亮趟
[11:32:40.885] [TRACE] 帧 叠加趟
[11:32:40.885] [TRACE] 帧 光标趟
[11:32:40.885] [TRACE] 帧 结束
[11:32:40.890] [TRACE] 帧 公告板
[11:32:40.890] [TRACE] 帧 格网
[11:32:40.891] [TRACE] 帧 开始
[11:32:40.891] [TRACE] 帧 格网趟
[11:32:40.891] [TRACE] 帧 场景趟
[11:32:40.891] [TRACE] 帧 高亮趟
[11:32:40.891] [TRACE] 帧 叠加趟
[11:32:40.891] [TRACE] 帧 光标趟
[11:32:40.892] [TRACE] 帧 结束
[11:32:40.898] [TRACE] 帧 公告板
[11:32:40.899] [TRACE] 帧 格网
[11:32:40.899] [TRACE] 帧 开始
[11:32:40.899] [TRACE] 帧 格网趟
[11:32:40.899] [TRACE] 帧 场景趟
[11:32:40.899] [TRACE] 帧 高亮趟
[11:32:40.899] [TRACE] 帧 叠加趟
[11:32:40.900] [TRACE] 帧 光标趟
[11:32:40.900] [TRACE] 帧 结束
[11:32:40.904] [TRACE] 帧 公告板
[11:32:40.904] [TRACE] 帧 格网
[11:32:40.904] [TRACE] 帧 开始
[11:32:40.905] [TRACE] 帧 格网趟
[11:32:40.905] [TRACE] 帧 场景趟
[11:32:40.905] [TRACE] 帧 高亮趟
[11:32:40.905] [TRACE] 帧 叠加趟
[11:32:40.905] [TRACE] 帧 光标趟
[11:32:40.905] [TRACE] 帧 结束
[11:32:40.911] [TRACE] 帧 公告板
[11:32:40.912] [TRACE] 帧 格网
[11:32:40.912] [TRACE] 帧 开始
[11:32:40.912] [TRACE] 帧 格网趟
[11:32:40.912] [TRACE] 帧 场景趟
[11:32:40.912] [TRACE] 帧 高亮趟
[11:32:40.912] [TRACE] 帧 叠加趟
[11:32:40.912] [TRACE] 帧 光标趟
[11:32:40.913] [TRACE] 帧 结束
[11:32:40.919] [TRACE] 帧 公告板
[11:32:40.919] [TRACE] 帧 格网
[11:32:40.919] [TRACE] 帧 开始
[11:32:40.919] [TRACE] 帧 格网趟
[11:32:40.919] [TRACE] 帧 场景趟
[11:32:40.920] [TRACE] 帧 高亮趟
[11:32:40.920] [TRACE] 帧 叠加趟
[11:32:40.920] [TRACE] 帧 光标趟
[11:32:40.920] [TRACE] 帧 结束
[11:32:40.925] [TRACE] 帧 公告板
[11:32:40.925] [TRACE] 帧 格网
[11:32:40.925] [TRACE] 帧 开始
[11:32:40.926] [TRACE] 帧 格网趟
[11:32:40.926] [TRACE] 帧 场景趟
[11:32:40.926] [TRACE] 帧 高亮趟
[11:32:40.926] [TRACE] 帧 叠加趟
[11:32:40.926] [TRACE] 帧 光标趟
[11:32:40.926] [TRACE] 帧 结束
[11:32:40.933] [TRACE] 帧 公告板
[11:32:40.933] [TRACE] 帧 格网
[11:32:40.933] [TRACE] 帧 开始
[11:32:40.933] [TRACE] 帧 格网趟
[11:32:40.934] [TRACE] 帧 场景趟
[11:32:40.934] [TRACE] 帧 高亮趟
[11:32:40.934] [TRACE] 帧 叠加趟
[11:32:40.934] [TRACE] 帧 光标趟
[11:32:40.934] [TRACE] 帧 结束
[11:32:40.939] [TRACE] 帧 公告板
[11:32:40.939] [TRACE] 帧 格网
[11:32:40.939] [TRACE] 帧 开始
[11:32:40.939] [TRACE] 帧 格网趟
[11:32:40.939] [TRACE] 帧 场景趟
[11:32:40.940] [TRACE] 帧 高亮趟
[11:32:40.940] [TRACE] 帧 叠加趟
[11:32:40.940] [TRACE] 帧 光标趟
[11:32:40.940] [TRACE] 帧 结束
[11:32:40.946] [TRACE] 帧 公告板
[11:32:40.946] [TRACE] 帧 格网
[11:32:40.946] [TRACE] 帧 开始
[11:32:40.946] [TRACE] 帧 格网趟
[11:32:40.947] [TRACE] 帧 场景趟
[11:32:40.947] [TRACE] 帧 高亮趟
[11:32:40.947] [TRACE] 帧 叠加趟
[11:32:40.947] [TRACE] 帧 光标趟
[11:32:40.947] [TRACE] 帧 结束
[11:32:40.954] [TRACE] 帧 公告板
[11:32:40.954] [TRACE] 帧 格网
[11:32:40.954] [TRACE] 帧 开始
[11:32:40.954] [TRACE] 帧 格网趟
[11:32:40.954] [TRACE] 帧 场景趟
[11:32:40.954] [TRACE] 帧 高亮趟
[11:32:40.954] [TRACE] 帧 叠加趟
[11:32:40.955] [TRACE] 帧 光标趟
[11:32:40.955] [TRACE] 帧 结束
[11:32:40.960] [TRACE] 帧 公告板
[11:32:40.960] [TRACE] 帧 格网
[11:32:40.960] [TRACE] 帧 开始
[11:32:40.960] [TRACE] 帧 格网趟
[11:32:40.960] [TRACE] 帧 场景趟
[11:32:40.960] [TRACE] 帧 高亮趟
[11:32:40.960] [TRACE] 帧 叠加趟
[11:32:40.961] [TRACE] 帧 光标趟
[11:32:40.961] [TRACE] 帧 结束
[11:32:40.967] [TRACE] 帧 公告板
[11:32:40.968] [TRACE] 帧 格网
[11:32:40.968] [TRACE] 帧 开始
[11:32:40.968] [TRACE] 帧 格网趟
[11:32:40.968] [TRACE] 帧 场景趟
[11:32:40.968] [TRACE] 帧 高亮趟
[11:32:40.969] [TRACE] 帧 叠加趟
[11:32:40.969] [TRACE] 帧 光标趟
[11:32:40.969] [TRACE] 帧 结束
[11:32:40.974] [TRACE] 帧 公告板
[11:32:40.974] [TRACE] 帧 格网
[11:32:40.974] [TRACE] 帧 开始
[11:32:40.974] [TRACE] 帧 格网趟
[11:32:40.974] [TRACE] 帧 场景趟
[11:32:40.974] [TRACE] 帧 高亮趟
[11:32:40.974] [TRACE] 帧 叠加趟
[11:32:40.975] [TRACE] 帧 光标趟
[11:32:40.975] [TRACE] 帧 结束
[11:32:40.982] [TRACE] 帧 公告板
[11:32:40.982] [TRACE] 帧 格网
[11:32:40.982] [TRACE] 帧 开始
[11:32:40.982] [TRACE] 帧 格网趟
[11:32:40.983] [TRACE] 帧 场景趟
[11:32:40.983] [TRACE] 帧 高亮趟
[11:32:40.983] [TRACE] 帧 叠加趟
[11:32:40.983] [TRACE] 帧 光标趟
[11:32:40.983] [TRACE] 帧 结束
[11:32:40.987] [TRACE] 帧 公告板
[11:32:40.988] [TRACE] 帧 格网
[11:32:40.988] [TRACE] 帧 开始
[11:32:40.988] [TRACE] 帧 格网趟
[11:32:40.988] [TRACE] 帧 场景趟
[11:32:40.988] [TRACE] 帧 高亮趟
[11:32:40.988] [TRACE] 帧 叠加趟
[11:32:40.989] [TRACE] 帧 光标趟
[11:32:40.989] [TRACE] 帧 结束
[11:32:40.995] [TRACE] 帧 公告板
[11:32:40.995] [TRACE] 帧 格网
[11:32:40.995] [TRACE] 帧 开始
[11:32:40.996] [TRACE] 帧 格网趟
[11:32:40.996] [TRACE] 帧 场景趟
[11:32:40.996] [TRACE] 帧 高亮趟
[11:32:40.996] [TRACE] 帧 叠加趟
[11:32:40.996] [TRACE] 帧 光标趟
[11:32:40.996] [TRACE] 帧 结束
[11:32:41.002] [TRACE] 帧 公告板
[11:32:41.003] [TRACE] 帧 格网
[11:32:41.003] [TRACE] 帧 开始
[11:32:41.003] [TRACE] 帧 格网趟
[11:32:41.003] [TRACE] 帧 场景趟
[11:32:41.003] [TRACE] 帧 高亮趟
[11:32:41.003] [TRACE] 帧 叠加趟
[11:32:41.004] [TRACE] 帧 光标趟
[11:32:41.004] [TRACE] 帧 结束
[11:32:41.008] [TRACE] 帧 公告板
[11:32:41.009] [TRACE] 帧 格网
[11:32:41.009] [TRACE] 帧 开始
[11:32:41.009] [TRACE] 帧 格网趟
[11:32:41.009] [TRACE] 帧 场景趟
[11:32:41.009] [TRACE] 帧 高亮趟
[11:32:41.009] [TRACE] 帧 叠加趟
[11:32:41.009] [TRACE] 帧 光标趟
[11:32:41.009] [TRACE] 帧 结束
[11:32:41.016] [TRACE] 帧 公告板
[11:32:41.016] [TRACE] 帧 格网
[11:32:41.016] [TRACE] 帧 开始
[11:32:41.016] [TRACE] 帧 格网趟
[11:32:41.017] [TRACE] 帧 场景趟
[11:32:41.017] [TRACE] 帧 高亮趟
[11:32:41.017] [TRACE] 帧 叠加趟
[11:32:41.017] [TRACE] 帧 光标趟
[11:32:41.017] [TRACE] 帧 结束
[11:32:41.023] [TRACE] 帧 公告板
[11:32:41.023] [TRACE] 帧 格网
[11:32:41.023] [TRACE] 帧 开始
[11:32:41.023] [TRACE] 帧 格网趟
[11:32:41.023] [TRACE] 帧 场景趟
[11:32:41.023] [TRACE] 帧 高亮趟
[11:32:41.023] [TRACE] 帧 叠加趟
[11:32:41.024] [TRACE] 帧 光标趟
[11:32:41.024] [TRACE] 帧 结束
[11:32:41.029] [TRACE] 帧 公告板
[11:32:41.029] [TRACE] 帧 格网
[11:32:41.030] [TRACE] 帧 开始
[11:32:41.030] [TRACE] 帧 格网趟
[11:32:41.030] [TRACE] 帧 场景趟
[11:32:41.030] [TRACE] 帧 高亮趟
[11:32:41.030] [TRACE] 帧 叠加趟
[11:32:41.030] [TRACE] 帧 光标趟
[11:32:41.031] [TRACE] 帧 结束
[11:32:41.037] [TRACE] 帧 公告板
[11:32:41.037] [TRACE] 帧 格网
[11:32:41.038] [TRACE] 帧 开始
[11:32:41.038] [TRACE] 帧 格网趟
[11:32:41.038] [TRACE] 帧 场景趟
[11:32:41.038] [TRACE] 帧 高亮趟
[11:32:41.038] [TRACE] 帧 叠加趟
[11:32:41.038] [TRACE] 帧 光标趟
[11:32:41.038] [TRACE] 帧 结束
[11:32:41.043] [TRACE] 帧 公告板
[11:32:41.043] [TRACE] 帧 格网
[11:32:41.044] [TRACE] 帧 开始
[11:32:41.044] [TRACE] 帧 格网趟
[11:32:41.044] [TRACE] 帧 场景趟
[11:32:41.044] [TRACE] 帧 高亮趟
[11:32:41.044] [TRACE] 帧 叠加趟
[11:32:41.044] [TRACE] 帧 光标趟
[11:32:41.044] [TRACE] 帧 结束
[11:32:41.051] [TRACE] 帧 公告板
[11:32:41.052] [TRACE] 帧 格网
[11:32:41.052] [TRACE] 帧 开始
[11:32:41.052] [TRACE] 帧 格网趟
[11:32:41.052] [TRACE] 帧 场景趟
[11:32:41.052] [TRACE] 帧 高亮趟
[11:32:41.052] [TRACE] 帧 叠加趟
[11:32:41.053] [TRACE] 帧 光标趟
[11:32:41.053] [TRACE] 帧 结束
[11:32:41.057] [TRACE] 帧 公告板
[11:32:41.057] [TRACE] 帧 格网
[11:32:41.058] [TRACE] 帧 开始
[11:32:41.058] [TRACE] 帧 格网趟
[11:32:41.058] [TRACE] 帧 场景趟
[11:32:41.058] [TRACE] 帧 高亮趟
[11:32:41.058] [TRACE] 帧 叠加趟
[11:32:41.058] [TRACE] 帧 光标趟
[11:32:41.058] [TRACE] 帧 结束
[11:32:41.065] [TRACE] 帧 公告板
[11:32:41.065] [TRACE] 帧 格网
[11:32:41.066] [TRACE] 帧 开始
[11:32:41.066] [TRACE] 帧 格网趟
[11:32:41.066] [TRACE] 帧 场景趟
[11:32:41.066] [TRACE] 帧 高亮趟
[11:32:41.066] [TRACE] 帧 叠加趟
[11:32:41.066] [TRACE] 帧 光标趟
[11:32:41.067] [TRACE] 帧 结束
[11:32:41.071] [TRACE] 帧 公告板
[11:32:41.071] [TRACE] 帧 格网
[11:32:41.071] [TRACE] 帧 开始
[11:32:41.071] [TRACE] 帧 格网趟
[11:32:41.071] [TRACE] 帧 场景趟
[11:32:41.072] [TRACE] 帧 高亮趟
[11:32:41.072] [TRACE] 帧 叠加趟
[11:32:41.072] [TRACE] 帧 光标趟
[11:32:41.072] [TRACE] 帧 结束
[11:32:41.078] [TRACE] 帧 公告板
[11:32:41.078] [TRACE] 帧 格网
[11:32:41.078] [TRACE] 帧 开始
[11:32:41.078] [TRACE] 帧 格网趟
[11:32:41.078] [TRACE] 帧 场景趟
[11:32:41.078] [TRACE] 帧 高亮趟
[11:32:41.079] [TRACE] 帧 叠加趟
[11:32:41.079] [TRACE] 帧 光标趟
[11:32:41.079] [TRACE] 帧 结束
[11:32:41.086] [TRACE] 帧 公告板
[11:32:41.086] [TRACE] 帧 格网
[11:32:41.086] [TRACE] 帧 开始
[11:32:41.086] [TRACE] 帧 格网趟
[11:32:41.086] [TRACE] 帧 场景趟
[11:32:41.087] [TRACE] 帧 高亮趟
[11:32:41.087] [TRACE] 帧 叠加趟
[11:32:41.087] [TRACE] 帧 光标趟
[11:32:41.087] [TRACE] 帧 结束
[11:32:41.092] [TRACE] 帧 公告板
[11:32:41.092] [TRACE] 帧 格网
[11:32:41.092] [TRACE] 帧 开始
[11:32:41.092] [TRACE] 帧 格网趟
[11:32:41.092] [TRACE] 帧 场景趟
[11:32:41.092] [TRACE] 帧 高亮趟
[11:32:41.093] [TRACE] 帧 叠加趟
[11:32:41.093] [TRACE] 帧 光标趟
[11:32:41.093] [TRACE] 帧 结束
[11:32:41.099] [TRACE] 帧 公告板
[11:32:41.100] [TRACE] 帧 格网
[11:32:41.100] [TRACE] 帧 开始
[11:32:41.100] [TRACE] 帧 格网趟
[11:32:41.100] [TRACE] 帧 场景趟
[11:32:41.100] [TRACE] 帧 高亮趟
[11:32:41.101] [TRACE] 帧 叠加趟
[11:32:41.101] [TRACE] 帧 光标趟
[11:32:41.101] [TRACE] 帧 结束
[11:32:41.106] [TRACE] 帧 公告板
[11:32:41.106] [TRACE] 帧 格网
[11:32:41.106] [TRACE] 帧 开始
[11:32:41.107] [TRACE] 帧 格网趟
[11:32:41.107] [TRACE] 帧 场景趟
[11:32:41.107] [TRACE] 帧 高亮趟
[11:32:41.107] [TRACE] 帧 叠加趟
[11:32:41.107] [TRACE] 帧 光标趟
[11:32:41.107] [TRACE] 帧 结束
[11:32:41.113] [TRACE] 帧 公告板
[11:32:41.113] [TRACE] 帧 格网
[11:32:41.113] [TRACE] 帧 开始
[11:32:41.113] [TRACE] 帧 格网趟
[11:32:41.113] [TRACE] 帧 场景趟
[11:32:41.113] [TRACE] 帧 高亮趟
[11:32:41.114] [TRACE] 帧 叠加趟
[11:32:41.114] [TRACE] 帧 光标趟
[11:32:41.114] [TRACE] 帧 结束
[11:32:41.120] [TRACE] 帧 公告板
[11:32:41.121] [TRACE] 帧 格网
[11:32:41.121] [TRACE] 帧 开始
[11:32:41.121] [TRACE] 帧 格网趟
[11:32:41.121] [TRACE] 帧 场景趟
[11:32:41.121] [TRACE] 帧 高亮趟
[11:32:41.121] [TRACE] 帧 叠加趟
[11:32:41.121] [TRACE] 帧 光标趟
[11:32:41.122] [TRACE] 帧 结束
[11:32:41.127] [TRACE] 帧 公告板
[11:32:41.127] [TRACE] 帧 格网
[11:32:41.127] [TRACE] 帧 开始
[11:32:41.127] [TRACE] 帧 格网趟
[11:32:41.127] [TRACE] 帧 场景趟
[11:32:41.127] [TRACE] 帧 高亮趟
[11:32:41.128] [TRACE] 帧 叠加趟
[11:32:41.128] [TRACE] 帧 光标趟
[11:32:41.128] [TRACE] 帧 结束
[11:32:41.134] [TRACE] 帧 公告板
[11:32:41.135] [TRACE] 帧 格网
[11:32:41.135] [TRACE] 帧 开始
[11:32:41.135] [TRACE] 帧 格网趟
[11:32:41.135] [TRACE] 帧 场景趟
[11:32:41.135] [TRACE] 帧 高亮趟
[11:32:41.135] [TRACE] 帧 叠加趟
[11:32:41.135] [TRACE] 帧 光标趟
[11:32:41.136] [TRACE] 帧 结束
[11:32:41.140] [TRACE] 帧 公告板
[11:32:41.141] [TRACE] 帧 格网
[11:32:41.141] [TRACE] 帧 开始
[11:32:41.141] [TRACE] 帧 格网趟
[11:32:41.141] [TRACE] 帧 场景趟
[11:32:41.142] [TRACE] 帧 高亮趟
[11:32:41.142] [TRACE] 帧 叠加趟
[11:32:41.142] [TRACE] 帧 光标趟
[11:32:41.142] [TRACE] 帧 结束
[11:32:41.149] [TRACE] 帧 公告板
[11:32:41.149] [TRACE] 帧 格网
[11:32:41.150] [TRACE] 帧 开始
[11:32:41.150] [TRACE] 帧 格网趟
[11:32:41.150] [TRACE] 帧 场景趟
[11:32:41.150] [TRACE] 帧 高亮趟
[11:32:41.150] [TRACE] 帧 叠加趟
[11:32:41.151] [TRACE] 帧 光标趟
[11:32:41.151] [TRACE] 帧 结束
[11:32:41.154] [TRACE] 帧 公告板
[11:32:41.155] [TRACE] 帧 格网
[11:32:41.155] [TRACE] 帧 开始
[11:32:41.155] [TRACE] 帧 格网趟
[11:32:41.155] [TRACE] 帧 场景趟
[11:32:41.155] [TRACE] 帧 高亮趟
[11:32:41.155] [TRACE] 帧 叠加趟
[11:32:41.155] [TRACE] 帧 光标趟
[11:32:41.156] [TRACE] 帧 结束
[11:32:41.162] [TRACE] 帧 公告板
[11:32:41.162] [TRACE] 帧 格网
[11:32:41.162] [TRACE] 帧 开始
[11:32:41.162] [TRACE] 帧 格网趟
[11:32:41.162] [TRACE] 帧 场景趟
[11:32:41.162] [TRACE] 帧 高亮趟
[11:32:41.162] [TRACE] 帧 叠加趟
[11:32:41.163] [TRACE] 帧 光标趟
[11:32:41.163] [TRACE] 帧 结束
[11:32:41.169] [TRACE] 帧 公告板
[11:32:41.170] [TRACE] 帧 格网
[11:32:41.170] [TRACE] 帧 开始
[11:32:41.170] [TRACE] 帧 格网趟
[11:32:41.170] [TRACE] 帧 场景趟
[11:32:41.170] [TRACE] 帧 高亮趟
[11:32:41.170] [TRACE] 帧 叠加趟
[11:32:41.170] [TRACE] 帧 光标趟
[11:32:41.171] [TRACE] 帧 结束
[11:32:41.176] [TRACE] 帧 公告板
[11:32:41.176] [TRACE] 帧 格网
[11:32:41.176] [TRACE] 帧 开始
[11:32:41.176] [TRACE] 帧 格网趟
[11:32:41.177] [TRACE] 帧 场景趟
[11:32:41.177] [TRACE] 帧 高亮趟
[11:32:41.177] [TRACE] 帧 叠加趟
[11:32:41.177] [TRACE] 帧 光标趟
[11:32:41.177] [TRACE] 帧 结束
[11:32:41.183] [TRACE] 帧 公告板
[11:32:41.183] [TRACE] 帧 格网
[11:32:41.183] [TRACE] 帧 开始
[11:32:41.184] [TRACE] 帧 格网趟
[11:32:41.184] [TRACE] 帧 场景趟
[11:32:41.184] [TRACE] 帧 高亮趟
[11:32:41.184] [TRACE] 帧 叠加趟
[11:32:41.184] [TRACE] 帧 光标趟
[11:32:41.184] [TRACE] 帧 结束
[11:32:41.189] [TRACE] 帧 公告板
[11:32:41.189] [TRACE] 帧 格网
[11:32:41.190] [TRACE] 帧 开始
[11:32:41.190] [TRACE] 帧 格网趟
[11:32:41.190] [TRACE] 帧 场景趟
[11:32:41.190] [TRACE] 帧 高亮趟
[11:32:41.190] [TRACE] 帧 叠加趟
[11:32:41.191] [TRACE] 帧 光标趟
[11:32:41.191] [TRACE] 帧 结束
[11:32:41.196] [TRACE] 帧 公告板
[11:32:41.196] [TRACE] 帧 格网
[11:32:41.197] [TRACE] 帧 开始
[11:32:41.197] [TRACE] 帧 格网趟
[11:32:41.197] [TRACE] 帧 场景趟
[11:32:41.197] [TRACE] 帧 高亮趟
[11:32:41.197] [TRACE] 帧 叠加趟
[11:32:41.197] [TRACE] 帧 光标趟
[11:32:41.198] [TRACE] 帧 结束
[11:32:41.204] [TRACE] 帧 公告板
[11:32:41.204] [TRACE] 帧 格网
[11:32:41.204] [TRACE] 帧 开始
[11:32:41.205] [TRACE] 帧 格网趟
[11:32:41.205] [TRACE] 帧 场景趟
[11:32:41.205] [TRACE] 帧 高亮趟
[11:32:41.205] [TRACE] 帧 叠加趟
[11:32:41.205] [TRACE] 帧 光标趟
[11:32:41.205] [TRACE] 帧 结束
[11:32:41.210] [TRACE] 帧 公告板
[11:32:41.210] [TRACE] 帧 格网
[11:32:41.210] [TRACE] 帧 开始
[11:32:41.210] [TRACE] 帧 格网趟
[11:32:41.211] [TRACE] 帧 场景趟
[11:32:41.211] [TRACE] 帧 高亮趟
[11:32:41.211] [TRACE] 帧 叠加趟
[11:32:41.211] [TRACE] 帧 光标趟
[11:32:41.211] [TRACE] 帧 结束
[11:32:41.218] [TRACE] 帧 公告板
[11:32:41.218] [TRACE] 帧 格网
[11:32:41.218] [TRACE] 帧 开始
[11:32:41.218] [TRACE] 帧 格网趟
[11:32:41.219] [TRACE] 帧 场景趟
[11:32:41.219] [TRACE] 帧 高亮趟
[11:32:41.219] [TRACE] 帧 叠加趟
[11:32:41.219] [TRACE] 帧 光标趟
[11:32:41.219] [TRACE] 帧 结束
[11:32:41.224] [TRACE] 帧 公告板
[11:32:41.224] [TRACE] 帧 格网
[11:32:41.224] [TRACE] 帧 开始
[11:32:41.225] [TRACE] 帧 格网趟
[11:32:41.225] [TRACE] 帧 场景趟
[11:32:41.225] [TRACE] 帧 高亮趟
[11:32:41.225] [TRACE] 帧 叠加趟
[11:32:41.225] [TRACE] 帧 光标趟
[11:32:41.225] [TRACE] 帧 结束
[11:32:41.232] [TRACE] 帧 公告板
[11:32:41.232] [TRACE] 帧 格网
[11:32:41.233] [TRACE] 帧 开始
[11:32:41.233] [TRACE] 帧 格网趟
[11:32:41.233] [TRACE] 帧 场景趟
[11:32:41.233] [TRACE] 帧 高亮趟
[11:32:41.234] [TRACE] 帧 叠加趟
[11:32:41.234] [TRACE] 帧 光标趟
[11:32:41.234] [TRACE] 帧 结束
[11:32:41.238] [TRACE] 帧 公告板
[11:32:41.238] [TRACE] 帧 格网
[11:32:41.238] [TRACE] 帧 开始
[11:32:41.239] [TRACE] 帧 格网趟
[11:32:41.239] [TRACE] 帧 场景趟
[11:32:41.239] [TRACE] 帧 高亮趟
[11:32:41.239] [TRACE] 帧 叠加趟
[11:32:41.239] [TRACE] 帧 光标趟
[11:32:41.240] [TRACE] 帧 结束
[11:32:41.245] [TRACE] 帧 公告板
[11:32:41.245] [TRACE] 帧 格网
[11:32:41.245] [TRACE] 帧 开始
[11:32:41.245] [TRACE] 帧 格网趟
[11:32:41.245] [TRACE] 帧 场景趟
[11:32:41.246] [TRACE] 帧 高亮趟
[11:32:41.246] [TRACE] 帧 叠加趟
[11:32:41.246] [TRACE] 帧 光标趟
[11:32:41.246] [TRACE] 帧 结束
[11:32:41.253] [TRACE] 帧 公告板
[11:32:41.253] [TRACE] 帧 格网
[11:32:41.253] [TRACE] 帧 开始
[11:32:41.253] [TRACE] 帧 格网趟
[11:32:41.253] [TRACE] 帧 场景趟
[11:32:41.254] [TRACE] 帧 高亮趟
[11:32:41.254] [TRACE] 帧 叠加趟
[11:32:41.254] [TRACE] 帧 光标趟
[11:32:41.254] [TRACE] 帧 结束
[11:32:41.259] [TRACE] 帧 公告板
[11:32:41.259] [TRACE] 帧 格网
[11:32:41.259] [TRACE] 帧 开始
[11:32:41.259] [TRACE] 帧 格网趟
[11:32:41.259] [TRACE] 帧 场景趟
[11:32:41.260] [TRACE] 帧 高亮趟
[11:32:41.260] [TRACE] 帧 叠加趟
[11:32:41.260] [TRACE] 帧 光标趟
[11:32:41.260] [TRACE] 帧 结束
[11:32:41.266] [TRACE] 帧 公告板
[11:32:41.266] [TRACE] 帧 格网
[11:32:41.267] [TRACE] 帧 开始
[11:32:41.267] [TRACE] 帧 格网趟
[11:32:41.267] [TRACE] 帧 场景趟
[11:32:41.267] [TRACE] 帧 高亮趟
[11:32:41.267] [TRACE] 帧 叠加趟
[11:32:41.267] [TRACE] 帧 光标趟
[11:32:41.268] [TRACE] 帧 结束
[11:32:41.273] [TRACE] 帧 公告板
[11:32:41.273] [TRACE] 帧 格网
[11:32:41.273] [TRACE] 帧 开始
[11:32:41.274] [TRACE] 帧 格网趟
[11:32:41.274] [TRACE] 帧 场景趟
[11:32:41.274] [TRACE] 帧 高亮趟
[11:32:41.274] [TRACE] 帧 叠加趟
[11:32:41.274] [TRACE] 帧 光标趟
[11:32:41.274] [TRACE] 帧 结束
[11:32:41.279] [TRACE] 帧 公告板
[11:32:41.279] [TRACE] 帧 格网
[11:32:41.280] [TRACE] 帧 开始
[11:32:41.280] [TRACE] 帧 格网趟
[11:32:41.280] [TRACE] 帧 场景趟
[11:32:41.280] [TRACE] 帧 高亮趟
[11:32:41.280] [TRACE] 帧 叠加趟
[11:32:41.280] [TRACE] 帧 光标趟
[11:32:41.280] [TRACE] 帧 结束
[11:32:41.287] [TRACE] 帧 公告板
[11:32:41.288] [TRACE] 帧 格网
[11:32:41.288] [TRACE] 帧 开始
[11:32:41.288] [TRACE] 帧 格网趟
[11:32:41.288] [TRACE] 帧 场景趟
[11:32:41.288] [TRACE] 帧 高亮趟
[11:32:41.288] [TRACE] 帧 叠加趟
[11:32:41.288] [TRACE] 帧 光标趟
[11:32:41.288] [TRACE] 帧 结束
[11:32:41.293] [TRACE] 帧 公告板
[11:32:41.294] [TRACE] 帧 格网
[11:32:41.294] [TRACE] 帧 开始
[11:32:41.294] [TRACE] 帧 格网趟
[11:32:41.294] [TRACE] 帧 场景趟
[11:32:41.294] [TRACE] 帧 高亮趟
[11:32:41.294] [TRACE] 帧 叠加趟
[11:32:41.294] [TRACE] 帧 光标趟
[11:32:41.294] [TRACE] 帧 结束
[11:32:41.302] [TRACE] 帧 公告板
[11:32:41.302] [TRACE] 帧 格网
[11:32:41.302] [TRACE] 帧 开始
[11:32:41.302] [TRACE] 帧 格网趟
[11:32:41.302] [TRACE] 帧 场景趟
[11:32:41.302] [TRACE] 帧 高亮趟
[11:32:41.303] [TRACE] 帧 叠加趟
[11:32:41.303] [TRACE] 帧 光标趟
[11:32:41.303] [TRACE] 帧 结束
[11:32:41.307] [TRACE] 帧 公告板
[11:32:41.307] [TRACE] 帧 格网
[11:32:41.308] [TRACE] 帧 开始
[11:32:41.308] [TRACE] 帧 格网趟
[11:32:41.308] [TRACE] 帧 场景趟
[11:32:41.308] [TRACE] 帧 高亮趟
[11:32:41.308] [TRACE] 帧 叠加趟
[11:32:41.308] [TRACE] 帧 光标趟
[11:32:41.308] [TRACE] 帧 结束
[11:32:41.316] [TRACE] 帧 公告板
[11:32:41.316] [TRACE] 帧 格网
[11:32:41.316] [TRACE] 帧 开始
[11:32:41.316] [TRACE] 帧 格网趟
[11:32:41.316] [TRACE] 帧 场景趟
[11:32:41.317] [TRACE] 帧 高亮趟
[11:32:41.317] [TRACE] 帧 叠加趟
[11:32:41.317] [TRACE] 帧 光标趟
[11:32:41.317] [TRACE] 帧 结束
[11:32:41.321] [TRACE] 帧 公告板
[11:32:41.321] [TRACE] 帧 格网
[11:32:41.322] [TRACE] 帧 开始
[11:32:41.322] [TRACE] 帧 格网趟
[11:32:41.322] [TRACE] 帧 场景趟
[11:32:41.322] [TRACE] 帧 高亮趟
[11:32:41.322] [TRACE] 帧 叠加趟
[11:32:41.323] [TRACE] 帧 光标趟
[11:32:41.323] [TRACE] 帧 结束
[11:32:41.328] [TRACE] 帧 公告板
[11:32:41.328] [TRACE] 帧 格网
[11:32:41.329] [TRACE] 帧 开始
[11:32:41.329] [TRACE] 帧 格网趟
[11:32:41.329] [TRACE] 帧 场景趟
[11:32:41.329] [TRACE] 帧 高亮趟
[11:32:41.329] [TRACE] 帧 叠加趟
[11:32:41.329] [TRACE] 帧 光标趟
[11:32:41.329] [TRACE] 帧 结束
[11:32:41.336] [TRACE] 帧 公告板
[11:32:41.336] [TRACE] 帧 格网
[11:32:41.336] [TRACE] 帧 开始
[11:32:41.337] [TRACE] 帧 格网趟
[11:32:41.337] [TRACE] 帧 场景趟
[11:32:41.337] [TRACE] 帧 高亮趟
[11:32:41.337] [TRACE] 帧 叠加趟
[11:32:41.337] [TRACE] 帧 光标趟
[11:32:41.338] [TRACE] 帧 结束
[11:32:41.342] [TRACE] 帧 公告板
[11:32:41.342] [TRACE] 帧 格网
[11:32:41.342] [TRACE] 帧 开始
[11:32:41.343] [TRACE] 帧 格网趟
[11:32:41.343] [TRACE] 帧 场景趟
[11:32:41.343] [TRACE] 帧 高亮趟
[11:32:41.343] [TRACE] 帧 叠加趟
[11:32:41.343] [TRACE] 帧 光标趟
[11:32:41.343] [TRACE] 帧 结束
[11:32:41.350] [TRACE] 帧 公告板
[11:32:41.350] [TRACE] 帧 格网
[11:32:41.350] [TRACE] 帧 开始
[11:32:41.350] [TRACE] 帧 格网趟
[11:32:41.350] [TRACE] 帧 场景趟
[11:32:41.351] [TRACE] 帧 高亮趟
[11:32:41.351] [TRACE] 帧 叠加趟
[11:32:41.351] [TRACE] 帧 光标趟
[11:32:41.351] [TRACE] 帧 结束
[11:32:41.356] [TRACE] 帧 公告板
[11:32:41.357] [TRACE] 帧 格网
[11:32:41.357] [TRACE] 帧 开始
[11:32:41.357] [TRACE] 帧 格网趟
[11:32:41.357] [TRACE] 帧 场景趟
[11:32:41.357] [TRACE] 帧 高亮趟
[11:32:41.358] [TRACE] 帧 叠加趟
[11:32:41.358] [TRACE] 帧 光标趟
[11:32:41.358] [TRACE] 帧 结束
[11:32:41.363] [TRACE] 帧 公告板
[11:32:41.363] [TRACE] 帧 格网
[11:32:41.363] [TRACE] 帧 开始
[11:32:41.364] [TRACE] 帧 格网趟
[11:32:41.364] [TRACE] 帧 场景趟
[11:32:41.364] [TRACE] 帧 高亮趟
[11:32:41.364] [TRACE] 帧 叠加趟
[11:32:41.364] [TRACE] 帧 光标趟
[11:32:41.364] [TRACE] 帧 结束
[11:32:41.371] [TRACE] 帧 公告板
[11:32:41.371] [TRACE] 帧 格网
[11:32:41.371] [TRACE] 帧 开始
[11:32:41.371] [TRACE] 帧 格网趟
[11:32:41.371] [TRACE] 帧 场景趟
[11:32:41.372] [TRACE] 帧 高亮趟
[11:32:41.372] [TRACE] 帧 叠加趟
[11:32:41.372] [TRACE] 帧 光标趟
[11:32:41.372] [TRACE] 帧 结束
[11:32:41.377] [TRACE] 帧 公告板
[11:32:41.380] [TRACE] 帧 格网
[11:32:41.380] [TRACE] 帧 开始
[11:32:41.380] [TRACE] 帧 格网趟
[11:32:41.380] [TRACE] 帧 场景趟
[11:32:41.380] [TRACE] 帧 高亮趟
[11:32:41.380] [TRACE] 帧 叠加趟
[11:32:41.380] [TRACE] 帧 光标趟
[11:32:41.381] [TRACE] 帧 结束
[11:32:41.385] [TRACE] 帧 公告板
[11:32:41.385] [TRACE] 帧 格网
[11:32:41.385] [TRACE] 帧 开始
[11:32:41.385] [TRACE] 帧 格网趟
[11:32:41.385] [TRACE] 帧 场景趟
[11:32:41.385] [TRACE] 帧 高亮趟
[11:32:41.385] [TRACE] 帧 叠加趟
[11:32:41.386] [TRACE] 帧 光标趟
[11:32:41.386] [TRACE] 帧 结束
[11:32:41.391] [TRACE] 帧 公告板
[11:32:41.391] [TRACE] 帧 格网
[11:32:41.391] [TRACE] 帧 开始
[11:32:41.391] [TRACE] 帧 格网趟
[11:32:41.392] [TRACE] 帧 场景趟
[11:32:41.392] [TRACE] 帧 高亮趟
[11:32:41.392] [TRACE] 帧 叠加趟
[11:32:41.392] [TRACE] 帧 光标趟
[11:32:41.392] [TRACE] 帧 结束
[11:32:41.399] [TRACE] 帧 公告板
[11:32:41.399] [TRACE] 帧 格网
[11:32:41.399] [TRACE] 帧 开始
[11:32:41.400] [TRACE] 帧 格网趟
[11:32:41.400] [TRACE] 帧 场景趟
[11:32:41.400] [TRACE] 帧 高亮趟
[11:32:41.400] [TRACE] 帧 叠加趟
[11:32:41.400] [TRACE] 帧 光标趟
[11:32:41.400] [TRACE] 帧 结束
[11:32:41.405] [TRACE] 帧 公告板
[11:32:41.405] [TRACE] 帧 格网
[11:32:41.405] [TRACE] 帧 开始
[11:32:41.405] [TRACE] 帧 格网趟
[11:32:41.405] [TRACE] 帧 场景趟
[11:32:41.405] [TRACE] 帧 高亮趟
[11:32:41.405] [TRACE] 帧 叠加趟
[11:32:41.405] [TRACE] 帧 光标趟
[11:32:41.406] [TRACE] 帧 结束
[11:32:41.412] [TRACE] 帧 公告板
[11:32:41.412] [TRACE] 帧 格网
[11:32:41.412] [TRACE] 帧 开始
[11:32:41.412] [TRACE] 帧 格网趟
[11:32:41.412] [TRACE] 帧 场景趟
[11:32:41.412] [TRACE] 帧 高亮趟
[11:32:41.413] [TRACE] 帧 叠加趟
[11:32:41.413] [TRACE] 帧 光标趟
[11:32:41.413] [TRACE] 帧 结束
[11:32:41.419] [TRACE] 帧 公告板
[11:32:41.420] [TRACE] 帧 格网
[11:32:41.420] [TRACE] 帧 开始
[11:32:41.420] [TRACE] 帧 格网趟
[11:32:41.420] [TRACE] 帧 场景趟
[11:32:41.420] [TRACE] 帧 高亮趟
[11:32:41.420] [TRACE] 帧 叠加趟
[11:32:41.420] [TRACE] 帧 光标趟
[11:32:41.421] [TRACE] 帧 结束
[11:32:41.426] [TRACE] 帧 公告板
[11:32:41.426] [TRACE] 帧 格网
[11:32:41.426] [TRACE] 帧 开始
[11:32:41.426] [TRACE] 帧 格网趟
[11:32:41.426] [TRACE] 帧 场景趟
[11:32:41.427] [TRACE] 帧 高亮趟
[11:32:41.427] [TRACE] 帧 叠加趟
[11:32:41.427] [TRACE] 帧 光标趟
[11:32:41.427] [TRACE] 帧 结束
[11:32:41.433] [TRACE] 帧 公告板
[11:32:41.434] [TRACE] 帧 格网
[11:32:41.434] [TRACE] 帧 开始
[11:32:41.434] [TRACE] 帧 格网趟
[11:32:41.434] [TRACE] 帧 场景趟
[11:32:41.434] [TRACE] 帧 高亮趟
[11:32:41.434] [TRACE] 帧 叠加趟
[11:32:41.434] [TRACE] 帧 光标趟
[11:32:41.434] [TRACE] 帧 结束
[11:32:41.440] [TRACE] 帧 公告板
[11:32:41.440] [TRACE] 帧 格网
[11:32:41.440] [TRACE] 帧 开始
[11:32:41.440] [TRACE] 帧 格网趟
[11:32:41.441] [TRACE] 帧 场景趟
[11:32:41.441] [TRACE] 帧 高亮趟
[11:32:41.441] [TRACE] 帧 叠加趟
[11:32:41.441] [TRACE] 帧 光标趟
[11:32:41.441] [TRACE] 帧 结束
[11:32:41.446] [TRACE] 帧 公告板
[11:32:41.447] [TRACE] 帧 格网
[11:32:41.447] [TRACE] 帧 开始
[11:32:41.447] [TRACE] 帧 格网趟
[11:32:41.447] [TRACE] 帧 场景趟
[11:32:41.447] [TRACE] 帧 高亮趟
[11:32:41.447] [TRACE] 帧 叠加趟
[11:32:41.448] [TRACE] 帧 光标趟
[11:32:41.448] [TRACE] 帧 结束
[11:32:41.454] [TRACE] 帧 公告板
[11:32:41.455] [TRACE] 帧 格网
[11:32:41.455] [TRACE] 帧 开始
[11:32:41.455] [TRACE] 帧 格网趟
[11:32:41.455] [TRACE] 帧 场景趟
[11:32:41.455] [TRACE] 帧 高亮趟
[11:32:41.455] [TRACE] 帧 叠加趟
[11:32:41.455] [TRACE] 帧 光标趟
[11:32:41.455] [TRACE] 帧 结束
[11:32:41.460] [TRACE] 帧 公告板
[11:32:41.461] [TRACE] 帧 格网
[11:32:41.461] [TRACE] 帧 开始
[11:32:41.461] [TRACE] 帧 格网趟
[11:32:41.461] [TRACE] 帧 场景趟
[11:32:41.461] [TRACE] 帧 高亮趟
[11:32:41.461] [TRACE] 帧 叠加趟
[11:32:41.461] [TRACE] 帧 光标趟
[11:32:41.461] [TRACE] 帧 结束
[11:32:41.468] [TRACE] 帧 公告板
[11:32:41.468] [TRACE] 帧 格网
[11:32:41.469] [TRACE] 帧 开始
[11:32:41.469] [TRACE] 帧 格网趟
[11:32:41.469] [TRACE] 帧 场景趟
[11:32:41.469] [TRACE] 帧 高亮趟
[11:32:41.469] [TRACE] 帧 叠加趟
[11:32:41.469] [TRACE] 帧 光标趟
[11:32:41.469] [TRACE] 帧 结束
[11:32:41.474] [TRACE] 帧 公告板
[11:32:41.474] [TRACE] 帧 格网
[11:32:41.474] [TRACE] 帧 开始
[11:32:41.475] [TRACE] 帧 格网趟
[11:32:41.475] [TRACE] 帧 场景趟
[11:32:41.475] [TRACE] 帧 高亮趟
[11:32:41.475] [TRACE] 帧 叠加趟
[11:32:41.475] [TRACE] 帧 光标趟
[11:32:41.475] [TRACE] 帧 结束
[11:32:41.482] [TRACE] 帧 公告板
[11:32:41.483] [TRACE] 帧 格网
[11:32:41.483] [TRACE] 帧 开始
[11:32:41.483] [TRACE] 帧 格网趟
[11:32:41.483] [TRACE] 帧 场景趟
[11:32:41.484] [TRACE] 帧 高亮趟
[11:32:41.484] [TRACE] 帧 叠加趟
[11:32:41.484] [TRACE] 帧 光标趟
[11:32:41.484] [TRACE] 帧 结束
[11:32:41.488] [TRACE] 帧 公告板
[11:32:41.488] [TRACE] 帧 格网
[11:32:41.488] [TRACE] 帧 开始
[11:32:41.488] [TRACE] 帧 格网趟
[11:32:41.489] [TRACE] 帧 场景趟
[11:32:41.489] [TRACE] 帧 高亮趟
[11:32:41.489] [TRACE] 帧 叠加趟
[11:32:41.489] [TRACE] 帧 光标趟
[11:32:41.489] [TRACE] 帧 结束
[11:32:41.495] [TRACE] 帧 公告板
[11:32:41.495] [TRACE] 帧 格网
[11:32:41.495] [TRACE] 帧 开始
[11:32:41.495] [TRACE] 帧 格网趟
[11:32:41.496] [TRACE] 帧 场景趟
[11:32:41.496] [TRACE] 帧 高亮趟
[11:32:41.496] [TRACE] 帧 叠加趟
[11:32:41.496] [TRACE] 帧 光标趟
[11:32:41.496] [TRACE] 帧 结束
[11:32:41.503] [TRACE] 帧 公告板
[11:32:41.503] [TRACE] 帧 格网
[11:32:41.503] [TRACE] 帧 开始
[11:32:41.503] [TRACE] 帧 格网趟
[11:32:41.503] [TRACE] 帧 场景趟
[11:32:41.504] [TRACE] 帧 高亮趟
[11:32:41.504] [TRACE] 帧 叠加趟
[11:32:41.504] [TRACE] 帧 光标趟
[11:32:41.504] [TRACE] 帧 结束
[11:32:41.509] [TRACE] 帧 公告板
[11:32:41.509] [TRACE] 帧 格网
[11:32:41.509] [TRACE] 帧 开始
[11:32:41.509] [TRACE] 帧 格网趟
[11:32:41.509] [TRACE] 帧 场景趟
[11:32:41.510] [TRACE] 帧 高亮趟
[11:32:41.510] [TRACE] 帧 叠加趟
[11:32:41.510] [TRACE] 帧 光标趟
[11:32:41.510] [TRACE] 帧 结束
[11:32:41.517] [TRACE] 帧 公告板
[11:32:41.517] [TRACE] 帧 格网
[11:32:41.517] [TRACE] 帧 开始
[11:32:41.517] [TRACE] 帧 格网趟
[11:32:41.517] [TRACE] 帧 场景趟
[11:32:41.517] [TRACE] 帧 高亮趟
[11:32:41.517] [TRACE] 帧 叠加趟
[11:32:41.518] [TRACE] 帧 光标趟
[11:32:41.518] [TRACE] 帧 结束
[11:32:41.523] [TRACE] 帧 公告板
[11:32:41.523] [TRACE] 帧 格网
[11:32:41.524] [TRACE] 帧 开始
[11:32:41.524] [TRACE] 帧 格网趟
[11:32:41.524] [TRACE] 帧 场景趟
[11:32:41.524] [TRACE] 帧 高亮趟
[11:32:41.524] [TRACE] 帧 叠加趟
[11:32:41.524] [TRACE] 帧 光标趟
[11:32:41.524] [TRACE] 帧 结束
[11:32:41.530] [TRACE] 帧 公告板
[11:32:41.530] [TRACE] 帧 格网
[11:32:41.530] [TRACE] 帧 开始
[11:32:41.530] [TRACE] 帧 格网趟
[11:32:41.531] [TRACE] 帧 场景趟
[11:32:41.531] [TRACE] 帧 高亮趟
[11:32:41.531] [TRACE] 帧 叠加趟
[11:32:41.531] [TRACE] 帧 光标趟
[11:32:41.531] [TRACE] 帧 结束
[11:32:41.537] [TRACE] 帧 公告板
[11:32:41.537] [TRACE] 帧 格网
[11:32:41.538] [TRACE] 帧 开始
[11:32:41.538] [TRACE] 帧 格网趟
[11:32:41.538] [TRACE] 帧 场景趟
[11:32:41.538] [TRACE] 帧 高亮趟
[11:32:41.538] [TRACE] 帧 叠加趟
[11:32:41.538] [TRACE] 帧 光标趟
[11:32:41.538] [TRACE] 帧 结束
[11:32:41.543] [TRACE] 帧 公告板
[11:32:41.543] [TRACE] 帧 格网
[11:32:41.544] [TRACE] 帧 开始
[11:32:41.544] [TRACE] 帧 格网趟
[11:32:41.544] [TRACE] 帧 场景趟
[11:32:41.544] [TRACE] 帧 高亮趟
[11:32:41.544] [TRACE] 帧 叠加趟
[11:32:41.544] [TRACE] 帧 光标趟
[11:32:41.544] [TRACE] 帧 结束
[11:32:41.551] [TRACE] 帧 公告板
[11:32:41.552] [TRACE] 帧 格网
[11:32:41.552] [TRACE] 帧 开始
[11:32:41.552] [TRACE] 帧 格网趟
[11:32:41.552] [TRACE] 帧 场景趟
[11:32:41.552] [TRACE] 帧 高亮趟
[11:32:41.552] [TRACE] 帧 叠加趟
[11:32:41.552] [TRACE] 帧 光标趟
[11:32:41.552] [TRACE] 帧 结束
[11:32:41.557] [TRACE] 帧 公告板
[11:32:41.558] [TRACE] 帧 格网
[11:32:41.558] [TRACE] 帧 开始
[11:32:41.558] [TRACE] 帧 格网趟
[11:32:41.558] [TRACE] 帧 场景趟
[11:32:41.558] [TRACE] 帧 高亮趟
[11:32:41.558] [TRACE] 帧 叠加趟
[11:32:41.558] [TRACE] 帧 光标趟
[11:32:41.558] [TRACE] 帧 结束
[11:32:41.566] [TRACE] 帧 公告板
[11:32:41.566] [TRACE] 帧 格网
[11:32:41.566] [TRACE] 帧 开始
[11:32:41.566] [TRACE] 帧 格网趟
[11:32:41.567] [TRACE] 帧 场景趟
[11:32:41.567] [TRACE] 帧 高亮趟
[11:32:41.567] [TRACE] 帧 叠加趟
[11:32:41.567] [TRACE] 帧 光标趟
[11:32:41.567] [TRACE] 帧 结束
[11:32:41.571] [TRACE] 帧 公告板
[11:32:41.571] [TRACE] 帧 格网
[11:32:41.571] [TRACE] 帧 开始
[11:32:41.572] [TRACE] 帧 格网趟
[11:32:41.572] [TRACE] 帧 场景趟
[11:32:41.572] [TRACE] 帧 高亮趟
[11:32:41.572] [TRACE] 帧 叠加趟
[11:32:41.572] [TRACE] 帧 光标趟
[11:32:41.572] [TRACE] 帧 结束
[11:32:41.578] [TRACE] 帧 公告板
[11:32:41.578] [TRACE] 帧 格网
[11:32:41.578] [TRACE] 帧 开始
[11:32:41.579] [TRACE] 帧 格网趟
[11:32:41.579] [TRACE] 帧 场景趟
[11:32:41.579] [TRACE] 帧 高亮趟
[11:32:41.579] [TRACE] 帧 叠加趟
[11:32:41.579] [TRACE] 帧 光标趟
[11:32:41.579] [TRACE] 帧 结束
[11:32:41.586] [TRACE] 帧 公告板
[11:32:41.586] [TRACE] 帧 格网
[11:32:41.586] [TRACE] 帧 开始
[11:32:41.586] [TRACE] 帧 格网趟
[11:32:41.587] [TRACE] 帧 场景趟
[11:32:41.587] [TRACE] 帧 高亮趟
[11:32:41.587] [TRACE] 帧 叠加趟
[11:32:41.587] [TRACE] 帧 光标趟
[11:32:41.587] [TRACE] 帧 结束
[11:32:41.592] [TRACE] 帧 公告板
[11:32:41.592] [TRACE] 帧 格网
[11:32:41.592] [TRACE] 帧 开始
[11:32:41.593] [TRACE] 帧 格网趟
[11:32:41.593] [TRACE] 帧 场景趟
[11:32:41.593] [TRACE] 帧 高亮趟
[11:32:41.593] [TRACE] 帧 叠加趟
[11:32:41.593] [TRACE] 帧 光标趟
[11:32:41.593] [TRACE] 帧 结束
[11:32:41.600] [TRACE] 帧 公告板
[11:32:41.600] [TRACE] 帧 格网
[11:32:41.600] [TRACE] 帧 开始
[11:32:41.600] [TRACE] 帧 格网趟
[11:32:41.601] [TRACE] 帧 场景趟
[11:32:41.601] [TRACE] 帧 高亮趟
[11:32:41.601] [TRACE] 帧 叠加趟
[11:32:41.601] [TRACE] 帧 光标趟
[11:32:41.601] [TRACE] 帧 结束
[11:32:41.606] [TRACE] 帧 公告板
[11:32:41.607] [TRACE] 帧 格网
[11:32:41.607] [TRACE] 帧 开始
[11:32:41.607] [TRACE] 帧 格网趟
[11:32:41.607] [TRACE] 帧 场景趟
[11:32:41.607] [TRACE] 帧 高亮趟
[11:32:41.607] [TRACE] 帧 叠加趟
[11:32:41.607] [TRACE] 帧 光标趟
[11:32:41.607] [TRACE] 帧 结束
[11:32:41.613] [TRACE] 帧 公告板
[11:32:41.613] [TRACE] 帧 格网
[11:32:41.613] [TRACE] 帧 开始
[11:32:41.613] [TRACE] 帧 格网趟
[11:32:41.614] [TRACE] 帧 场景趟
[11:32:41.614] [TRACE] 帧 高亮趟
[11:32:41.614] [TRACE] 帧 叠加趟
[11:32:41.614] [TRACE] 帧 光标趟
[11:32:41.614] [TRACE] 帧 结束
[11:32:41.621] [TRACE] 帧 公告板
[11:32:41.621] [TRACE] 帧 格网
[11:32:41.621] [TRACE] 帧 开始
[11:32:41.621] [TRACE] 帧 格网趟
[11:32:41.621] [TRACE] 帧 场景趟
[11:32:41.622] [TRACE] 帧 高亮趟
[11:32:41.622] [TRACE] 帧 叠加趟
[11:32:41.622] [TRACE] 帧 光标趟
[11:32:41.622] [TRACE] 帧 结束
[11:32:41.627] [TRACE] 帧 公告板
[11:32:41.627] [TRACE] 帧 格网
[11:32:41.627] [TRACE] 帧 开始
[11:32:41.628] [TRACE] 帧 格网趟
[11:32:41.628] [TRACE] 帧 场景趟
[11:32:41.628] [TRACE] 帧 高亮趟
[11:32:41.628] [TRACE] 帧 叠加趟
[11:32:41.628] [TRACE] 帧 光标趟
[11:32:41.628] [TRACE] 帧 结束
[11:32:41.635] [TRACE] 帧 公告板
[11:32:41.635] [TRACE] 帧 格网
[11:32:41.635] [TRACE] 帧 开始
[11:32:41.635] [TRACE] 帧 格网趟
[11:32:41.635] [TRACE] 帧 场景趟
[11:32:41.635] [TRACE] 帧 高亮趟
[11:32:41.636] [TRACE] 帧 叠加趟
[11:32:41.636] [TRACE] 帧 光标趟
[11:32:41.636] [TRACE] 帧 结束
[11:32:41.641] [TRACE] 帧 公告板
[11:32:41.641] [TRACE] 帧 格网
[11:32:41.641] [TRACE] 帧 开始
[11:32:41.641] [TRACE] 帧 格网趟
[11:32:41.641] [TRACE] 帧 场景趟
[11:32:41.641] [TRACE] 帧 高亮趟
[11:32:41.642] [TRACE] 帧 叠加趟
[11:32:41.642] [TRACE] 帧 光标趟
[11:32:41.642] [TRACE] 帧 结束
[11:32:41.649] [TRACE] 帧 公告板
[11:32:41.649] [TRACE] 帧 格网
[11:32:41.649] [TRACE] 帧 开始
[11:32:41.649] [TRACE] 帧 格网趟
[11:32:41.649] [TRACE] 帧 场景趟
[11:32:41.649] [TRACE] 帧 高亮趟
[11:32:41.650] [TRACE] 帧 叠加趟
[11:32:41.650] [TRACE] 帧 光标趟
[11:32:41.650] [TRACE] 帧 结束
[11:32:41.655] [TRACE] 帧 公告板
[11:32:41.655] [TRACE] 帧 格网
[11:32:41.655] [TRACE] 帧 开始
[11:32:41.655] [TRACE] 帧 格网趟
[11:32:41.655] [TRACE] 帧 场景趟
[11:32:41.655] [TRACE] 帧 高亮趟
[11:32:41.656] [TRACE] 帧 叠加趟
[11:32:41.656] [TRACE] 帧 光标趟
[11:32:41.656] [TRACE] 帧 结束
[11:32:41.662] [TRACE] 帧 公告板
[11:32:41.662] [TRACE] 帧 格网
[11:32:41.662] [TRACE] 帧 开始
[11:32:41.662] [TRACE] 帧 格网趟
[11:32:41.662] [TRACE] 帧 场景趟
[11:32:41.662] [TRACE] 帧 高亮趟
[11:32:41.662] [TRACE] 帧 叠加趟
[11:32:41.663] [TRACE] 帧 光标趟
[11:32:41.663] [TRACE] 帧 结束
[11:32:41.669] [TRACE] 帧 公告板
[11:32:41.670] [TRACE] 帧 格网
[11:32:41.670] [TRACE] 帧 开始
[11:32:41.670] [TRACE] 帧 格网趟
[11:32:41.670] [TRACE] 帧 场景趟
[11:32:41.670] [TRACE] 帧 高亮趟
[11:32:41.671] [TRACE] 帧 叠加趟
[11:32:41.671] [TRACE] 帧 光标趟
[11:32:41.671] [TRACE] 帧 结束
[11:32:41.676] [TRACE] 帧 公告板
[11:32:41.676] [TRACE] 帧 格网
[11:32:41.676] [TRACE] 帧 开始
[11:32:41.676] [TRACE] 帧 格网趟
[11:32:41.677] [TRACE] 帧 场景趟
[11:32:41.677] [TRACE] 帧 高亮趟
[11:32:41.677] [TRACE] 帧 叠加趟
[11:32:41.677] [TRACE] 帧 光标趟
[11:32:41.677] [TRACE] 帧 结束
[11:32:41.683] [TRACE] 帧 公告板
[11:32:41.683] [TRACE] 帧 格网
[11:32:41.684] [TRACE] 帧 开始
[11:32:41.684] [TRACE] 帧 格网趟
[11:32:41.684] [TRACE] 帧 场景趟
[11:32:41.684] [TRACE] 帧 高亮趟
[11:32:41.684] [TRACE] 帧 叠加趟
[11:32:41.684] [TRACE] 帧 光标趟
[11:32:41.684] [TRACE] 帧 结束
[11:32:41.690] [TRACE] 帧 公告板
[11:32:41.690] [TRACE] 帧 格网
[11:32:41.690] [TRACE] 帧 开始
[11:32:41.690] [TRACE] 帧 格网趟
[11:32:41.690] [TRACE] 帧 场景趟
[11:32:41.690] [TRACE] 帧 高亮趟
[11:32:41.690] [TRACE] 帧 叠加趟
[11:32:41.691] [TRACE] 帧 光标趟
[11:32:41.691] [TRACE] 帧 结束
[11:32:41.696] [TRACE] 帧 公告板
[11:32:41.697] [TRACE] 帧 格网
[11:32:41.697] [TRACE] 帧 开始
[11:32:41.697] [TRACE] 帧 格网趟
[11:32:41.697] [TRACE] 帧 场景趟
[11:32:41.697] [TRACE] 帧 高亮趟
[11:32:41.697] [TRACE] 帧 叠加趟
[11:32:41.697] [TRACE] 帧 光标趟
[11:32:41.697] [TRACE] 帧 结束
[11:32:41.704] [TRACE] 帧 公告板
[11:32:41.704] [TRACE] 帧 格网
[11:32:41.704] [TRACE] 帧 开始
[11:32:41.704] [TRACE] 帧 格网趟
[11:32:41.705] [TRACE] 帧 场景趟
[11:32:41.705] [TRACE] 帧 高亮趟
[11:32:41.705] [TRACE] 帧 叠加趟
[11:32:41.705] [TRACE] 帧 光标趟
[11:32:41.705] [TRACE] 帧 结束
[11:32:41.710] [TRACE] 帧 公告板
[11:32:41.710] [TRACE] 帧 格网
[11:32:41.710] [TRACE] 帧 开始
[11:32:41.710] [TRACE] 帧 格网趟
[11:32:41.711] [TRACE] 帧 场景趟
[11:32:41.711] [TRACE] 帧 高亮趟
[11:32:41.711] [TRACE] 帧 叠加趟
[11:32:41.711] [TRACE] 帧 光标趟
[11:32:41.711] [TRACE] 帧 结束
[11:32:41.718] [TRACE] 帧 公告板
[11:32:41.718] [TRACE] 帧 格网
[11:32:41.718] [TRACE] 帧 开始
[11:32:41.718] [TRACE] 帧 格网趟
[11:32:41.719] [TRACE] 帧 场景趟
[11:32:41.719] [TRACE] 帧 高亮趟
[11:32:41.719] [TRACE] 帧 叠加趟
[11:32:41.719] [TRACE] 帧 光标趟
[11:32:41.719] [TRACE] 帧 结束
[11:32:41.724] [TRACE] 帧 公告板
[11:32:41.724] [TRACE] 帧 格网
[11:32:41.724] [TRACE] 帧 开始
[11:32:41.724] [TRACE] 帧 格网趟
[11:32:41.725] [TRACE] 帧 场景趟
[11:32:41.725] [TRACE] 帧 高亮趟
[11:32:41.725] [TRACE] 帧 叠加趟
[11:32:41.725] [TRACE] 帧 光标趟
[11:32:41.725] [TRACE] 帧 结束
[11:32:41.732] [TRACE] 帧 公告板
[11:32:41.733] [TRACE] 帧 格网
[11:32:41.733] [TRACE] 帧 开始
[11:32:41.733] [TRACE] 帧 格网趟
[11:32:41.733] [TRACE] 帧 场景趟
[11:32:41.733] [TRACE] 帧 高亮趟
[11:32:41.733] [TRACE] 帧 叠加趟
[11:32:41.733] [TRACE] 帧 光标趟
[11:32:41.734] [TRACE] 帧 结束
[11:32:41.738] [TRACE] 帧 公告板
[11:32:41.738] [TRACE] 帧 格网
[11:32:41.738] [TRACE] 帧 开始
[11:32:41.738] [TRACE] 帧 格网趟
[11:32:41.738] [TRACE] 帧 场景趟
[11:32:41.739] [TRACE] 帧 高亮趟
[11:32:41.739] [TRACE] 帧 叠加趟
[11:32:41.739] [TRACE] 帧 光标趟
[11:32:41.739] [TRACE] 帧 结束
[11:32:41.745] [TRACE] 帧 公告板
[11:32:41.745] [TRACE] 帧 格网
[11:32:41.745] [TRACE] 帧 开始
[11:32:41.745] [TRACE] 帧 格网趟
[11:32:41.745] [TRACE] 帧 场景趟
[11:32:41.746] [TRACE] 帧 高亮趟
[11:32:41.746] [TRACE] 帧 叠加趟
[11:32:41.746] [TRACE] 帧 光标趟
[11:32:41.746] [TRACE] 帧 结束
[11:32:41.753] [TRACE] 帧 公告板
[11:32:41.753] [TRACE] 帧 格网
[11:32:41.753] [TRACE] 帧 开始
[11:32:41.753] [TRACE] 帧 格网趟
[11:32:41.753] [TRACE] 帧 场景趟
[11:32:41.753] [TRACE] 帧 高亮趟
[11:32:41.754] [TRACE] 帧 叠加趟
[11:32:41.754] [TRACE] 帧 光标趟
[11:32:41.754] [TRACE] 帧 结束
[11:32:41.759] [TRACE] 帧 公告板
[11:32:41.759] [TRACE] 帧 格网
[11:32:41.759] [TRACE] 帧 开始
[11:32:41.759] [TRACE] 帧 格网趟
[11:32:41.759] [TRACE] 帧 场景趟
[11:32:41.759] [TRACE] 帧 高亮趟
[11:32:41.759] [TRACE] 帧 叠加趟
[11:32:41.760] [TRACE] 帧 光标趟
[11:32:41.760] [TRACE] 帧 结束
[11:32:41.767] [TRACE] 帧 公告板
[11:32:41.767] [TRACE] 帧 格网
[11:32:41.767] [TRACE] 帧 开始
[11:32:41.767] [TRACE] 帧 格网趟
[11:32:41.767] [TRACE] 帧 场景趟
[11:32:41.767] [TRACE] 帧 高亮趟
[11:32:41.768] [TRACE] 帧 叠加趟
[11:32:41.768] [TRACE] 帧 光标趟
[11:32:41.768] [TRACE] 帧 结束
[11:32:41.773] [TRACE] 帧 公告板
[11:32:41.773] [TRACE] 帧 格网
[11:32:41.774] [TRACE] 帧 开始
[11:32:41.774] [TRACE] 帧 格网趟
[11:32:41.774] [TRACE] 帧 场景趟
[11:32:41.774] [TRACE] 帧 高亮趟
[11:32:41.774] [TRACE] 帧 叠加趟
[11:32:41.775] [TRACE] 帧 光标趟
[11:32:41.775] [TRACE] 帧 结束
[11:32:41.780] [TRACE] 帧 公告板
[11:32:41.780] [TRACE] 帧 格网
[11:32:41.780] [TRACE] 帧 开始
[11:32:41.780] [TRACE] 帧 格网趟
[11:32:41.781] [TRACE] 帧 场景趟
[11:32:41.781] [TRACE] 帧 高亮趟
[11:32:41.781] [TRACE] 帧 叠加趟
[11:32:41.781] [TRACE] 帧 光标趟
[11:32:41.781] [TRACE] 帧 结束
[11:32:41.788] [TRACE] 帧 公告板
[11:32:41.788] [TRACE] 帧 格网
[11:32:41.788] [TRACE] 帧 开始
[11:32:41.788] [TRACE] 帧 格网趟
[11:32:41.788] [TRACE] 帧 场景趟
[11:32:41.788] [TRACE] 帧 高亮趟
[11:32:41.788] [TRACE] 帧 叠加趟
[11:32:41.788] [TRACE] 帧 光标趟
[11:32:41.789] [TRACE] 帧 结束
[11:32:41.794] [TRACE] 帧 公告板
[11:32:41.794] [TRACE] 帧 格网
[11:32:41.794] [TRACE] 帧 开始
[11:32:41.794] [TRACE] 帧 格网趟
[11:32:41.794] [TRACE] 帧 场景趟
[11:32:41.794] [TRACE] 帧 高亮趟
[11:32:41.795] [TRACE] 帧 叠加趟
[11:32:41.795] [TRACE] 帧 光标趟
[11:32:41.795] [TRACE] 帧 结束
[11:32:41.802] [TRACE] 帧 公告板
[11:32:41.802] [TRACE] 帧 格网
[11:32:41.802] [TRACE] 帧 开始
[11:32:41.802] [TRACE] 帧 格网趟
[11:32:41.802] [TRACE] 帧 场景趟
[11:32:41.803] [TRACE] 帧 高亮趟
[11:32:41.803] [TRACE] 帧 叠加趟
[11:32:41.803] [TRACE] 帧 光标趟
[11:32:41.803] [TRACE] 帧 结束
[11:32:41.808] [TRACE] 帧 公告板
[11:32:41.808] [TRACE] 帧 格网
[11:32:41.808] [TRACE] 帧 开始
[11:32:41.808] [TRACE] 帧 格网趟
[11:32:41.808] [TRACE] 帧 场景趟
[11:32:41.808] [TRACE] 帧 高亮趟
[11:32:41.809] [TRACE] 帧 叠加趟
[11:32:41.809] [TRACE] 帧 光标趟
[11:32:41.809] [TRACE] 帧 结束
[11:32:41.816] [TRACE] 帧 公告板
[11:32:41.816] [TRACE] 帧 格网
[11:32:41.816] [TRACE] 帧 开始
[11:32:41.816] [TRACE] 帧 格网趟
[11:32:41.816] [TRACE] 帧 场景趟
[11:32:41.816] [TRACE] 帧 高亮趟
[11:32:41.816] [TRACE] 帧 叠加趟
[11:32:41.817] [TRACE] 帧 光标趟
[11:32:41.817] [TRACE] 帧 结束
[11:32:41.822] [TRACE] 帧 公告板
[11:32:41.822] [TRACE] 帧 格网
[11:32:41.822] [TRACE] 帧 开始
[11:32:41.822] [TRACE] 帧 格网趟
[11:32:41.822] [TRACE] 帧 场景趟
[11:32:41.822] [TRACE] 帧 高亮趟
[11:32:41.822] [TRACE] 帧 叠加趟
[11:32:41.823] [TRACE] 帧 光标趟
[11:32:41.823] [TRACE] 帧 结束
[11:32:41.829] [TRACE] 帧 公告板
[11:32:41.829] [TRACE] 帧 格网
[11:32:41.829] [TRACE] 帧 开始
[11:32:41.829] [TRACE] 帧 格网趟
[11:32:41.829] [TRACE] 帧 场景趟
[11:32:41.830] [TRACE] 帧 高亮趟
[11:32:41.830] [TRACE] 帧 叠加趟
[11:32:41.830] [TRACE] 帧 光标趟
[11:32:41.830] [TRACE] 帧 结束
[11:32:41.836] [TRACE] 帧 公告板
[11:32:41.837] [TRACE] 帧 格网
[11:32:41.837] [TRACE] 帧 开始
[11:32:41.838] [TRACE] 帧 格网趟
[11:32:41.838] [TRACE] 帧 场景趟
[11:32:41.838] [TRACE] 帧 高亮趟
[11:32:41.839] [TRACE] 帧 叠加趟
[11:32:41.839] [TRACE] 帧 光标趟
[11:32:41.839] [TRACE] 帧 结束
[11:32:41.843] [TRACE] 帧 公告板
[11:32:41.843] [TRACE] 帧 格网
[11:32:41.843] [TRACE] 帧 开始
[11:32:41.843] [TRACE] 帧 格网趟
[11:32:41.843] [TRACE] 帧 场景趟
[11:32:41.844] [TRACE] 帧 高亮趟
[11:32:41.844] [TRACE] 帧 叠加趟
[11:32:41.844] [TRACE] 帧 光标趟
[11:32:41.844] [TRACE] 帧 结束
[11:32:41.850] [TRACE] 帧 公告板
[11:32:41.851] [TRACE] 帧 格网
[11:32:41.851] [TRACE] 帧 开始
[11:32:41.851] [TRACE] 帧 格网趟
[11:32:41.851] [TRACE] 帧 场景趟
[11:32:41.851] [TRACE] 帧 高亮趟
[11:32:41.851] [TRACE] 帧 叠加趟
[11:32:41.851] [TRACE] 帧 光标趟
[11:32:41.851] [TRACE] 帧 结束
[11:32:41.857] [TRACE] 帧 公告板
[11:32:41.857] [TRACE] 帧 格网
[11:32:41.857] [TRACE] 帧 开始
[11:32:41.857] [TRACE] 帧 格网趟
[11:32:41.857] [TRACE] 帧 场景趟
[11:32:41.858] [TRACE] 帧 高亮趟
[11:32:41.858] [TRACE] 帧 叠加趟
[11:32:41.858] [TRACE] 帧 光标趟
[11:32:41.858] [TRACE] 帧 结束
[11:32:41.863] [TRACE] 帧 公告板
[11:32:41.864] [TRACE] 帧 格网
[11:32:41.864] [TRACE] 帧 开始
[11:32:41.864] [TRACE] 帧 格网趟
[11:32:41.864] [TRACE] 帧 场景趟
[11:32:41.864] [TRACE] 帧 高亮趟
[11:32:41.864] [TRACE] 帧 叠加趟
[11:32:41.864] [TRACE] 帧 光标趟
[11:32:41.865] [TRACE] 帧 结束
[11:32:41.871] [TRACE] 帧 公告板
[11:32:41.871] [TRACE] 帧 格网
[11:32:41.871] [TRACE] 帧 开始
[11:32:41.872] [TRACE] 帧 格网趟
[11:32:41.872] [TRACE] 帧 场景趟
[11:32:41.872] [TRACE] 帧 高亮趟
[11:32:41.872] [TRACE] 帧 叠加趟
[11:32:41.872] [TRACE] 帧 光标趟
[11:32:41.872] [TRACE] 帧 结束
[11:32:41.877] [TRACE] 帧 公告板
[11:32:41.878] [TRACE] 帧 格网
[11:32:41.878] [TRACE] 帧 开始
[11:32:41.878] [TRACE] 帧 格网趟
[11:32:41.878] [TRACE] 帧 场景趟
[11:32:41.878] [TRACE] 帧 高亮趟
[11:32:41.878] [TRACE] 帧 叠加趟
[11:32:41.878] [TRACE] 帧 光标趟
[11:32:41.879] [TRACE] 帧 结束
[11:32:41.885] [TRACE] 帧 公告板
[11:32:41.886] [TRACE] 帧 格网
[11:32:41.886] [TRACE] 帧 开始
[11:32:41.886] [TRACE] 帧 格网趟
[11:32:41.886] [TRACE] 帧 场景趟
[11:32:41.886] [TRACE] 帧 高亮趟
[11:32:41.887] [TRACE] 帧 叠加趟
[11:32:41.887] [TRACE] 帧 光标趟
[11:32:41.887] [TRACE] 帧 结束
[11:32:41.891] [TRACE] 帧 公告板
[11:32:41.891] [TRACE] 帧 格网
[11:32:41.891] [TRACE] 帧 开始
[11:32:41.891] [TRACE] 帧 格网趟
[11:32:41.892] [TRACE] 帧 场景趟
[11:32:41.892] [TRACE] 帧 高亮趟
[11:32:41.892] [TRACE] 帧 叠加趟
[11:32:41.892] [TRACE] 帧 光标趟
[11:32:41.892] [TRACE] 帧 结束
[11:32:41.899] [TRACE] 帧 公告板
[11:32:41.899] [TRACE] 帧 格网
[11:32:41.900] [TRACE] 帧 开始
[11:32:41.900] [TRACE] 帧 格网趟
[11:32:41.900] [TRACE] 帧 场景趟
[11:32:41.900] [TRACE] 帧 高亮趟
[11:32:41.900] [TRACE] 帧 叠加趟
[11:32:41.900] [TRACE] 帧 光标趟
[11:32:41.900] [TRACE] 帧 结束
[11:32:41.905] [TRACE] 帧 公告板
[11:32:41.905] [TRACE] 帧 格网
[11:32:41.905] [TRACE] 帧 开始
[11:32:41.906] [TRACE] 帧 格网趟
[11:32:41.906] [TRACE] 帧 场景趟
[11:32:41.906] [TRACE] 帧 高亮趟
[11:32:41.906] [TRACE] 帧 叠加趟
[11:32:41.906] [TRACE] 帧 光标趟
[11:32:41.906] [TRACE] 帧 结束
[11:32:41.912] [TRACE] 帧 公告板
[11:32:41.912] [TRACE] 帧 格网
[11:32:41.912] [TRACE] 帧 开始
[11:32:41.913] [TRACE] 帧 格网趟
[11:32:41.913] [TRACE] 帧 场景趟
[11:32:41.913] [TRACE] 帧 高亮趟
[11:32:41.913] [TRACE] 帧 叠加趟
[11:32:41.913] [TRACE] 帧 光标趟
[11:32:41.913] [TRACE] 帧 结束
[11:32:41.920] [TRACE] 帧 公告板
[11:32:41.920] [TRACE] 帧 格网
[11:32:41.920] [TRACE] 帧 开始
[11:32:41.920] [TRACE] 帧 格网趟
[11:32:41.920] [TRACE] 帧 场景趟
[11:32:41.921] [TRACE] 帧 高亮趟
[11:32:41.921] [TRACE] 帧 叠加趟
[11:32:41.921] [TRACE] 帧 光标趟
[11:32:41.921] [TRACE] 帧 结束
[11:32:41.926] [TRACE] 帧 公告板
[11:32:41.926] [TRACE] 帧 格网
[11:32:41.927] [TRACE] 帧 开始
[11:32:41.927] [TRACE] 帧 格网趟
[11:32:41.927] [TRACE] 帧 场景趟
[11:32:41.927] [TRACE] 帧 高亮趟
[11:32:41.927] [TRACE] 帧 叠加趟
[11:32:41.927] [TRACE] 帧 光标趟
[11:32:41.927] [TRACE] 帧 结束
[11:32:41.934] [TRACE] 帧 公告板
[11:32:41.934] [TRACE] 帧 格网
[11:32:41.934] [TRACE] 帧 开始
[11:32:41.934] [TRACE] 帧 格网趟
[11:32:41.934] [TRACE] 帧 场景趟
[11:32:41.934] [TRACE] 帧 高亮趟
[11:32:41.934] [TRACE] 帧 叠加趟
[11:32:41.935] [TRACE] 帧 光标趟
[11:32:41.935] [TRACE] 帧 结束
[11:32:41.940] [TRACE] 帧 公告板
[11:32:41.940] [TRACE] 帧 格网
[11:32:41.940] [TRACE] 帧 开始
[11:32:41.941] [TRACE] 帧 格网趟
[11:32:41.941] [TRACE] 帧 场景趟
[11:32:41.941] [TRACE] 帧 高亮趟
[11:32:41.941] [TRACE] 帧 叠加趟
[11:32:41.941] [TRACE] 帧 光标趟
[11:32:41.941] [TRACE] 帧 结束
[11:32:41.947] [TRACE] 帧 公告板
[11:32:41.947] [TRACE] 帧 格网
[11:32:41.947] [TRACE] 帧 开始
[11:32:41.947] [TRACE] 帧 格网趟
[11:32:41.947] [TRACE] 帧 场景趟
[11:32:41.948] [TRACE] 帧 高亮趟
[11:32:41.948] [TRACE] 帧 叠加趟
[11:32:41.948] [TRACE] 帧 光标趟
[11:32:41.948] [TRACE] 帧 结束
[11:32:41.954] [TRACE] 帧 公告板
[11:32:41.955] [TRACE] 帧 格网
[11:32:41.955] [TRACE] 帧 开始
[11:32:41.955] [TRACE] 帧 格网趟
[11:32:41.955] [TRACE] 帧 场景趟
[11:32:41.955] [TRACE] 帧 高亮趟
[11:32:41.956] [TRACE] 帧 叠加趟
[11:32:41.956] [TRACE] 帧 光标趟
[11:32:41.956] [TRACE] 帧 结束
[11:32:41.961] [TRACE] 帧 公告板
[11:32:41.961] [TRACE] 帧 格网
[11:32:41.961] [TRACE] 帧 开始
[11:32:41.961] [TRACE] 帧 格网趟
[11:32:41.962] [TRACE] 帧 场景趟
[11:32:41.962] [TRACE] 帧 高亮趟
[11:32:41.962] [TRACE] 帧 叠加趟
[11:32:41.962] [TRACE] 帧 光标趟
[11:32:41.962] [TRACE] 帧 结束
[11:32:41.968] [TRACE] 帧 公告板
[11:32:41.969] [TRACE] 帧 格网
[11:32:41.969] [TRACE] 帧 开始
[11:32:41.969] [TRACE] 帧 格网趟
[11:32:41.969] [TRACE] 帧 场景趟
[11:32:41.969] [TRACE] 帧 高亮趟
[11:32:41.969] [TRACE] 帧 叠加趟
[11:32:41.970] [TRACE] 帧 光标趟
[11:32:41.970] [TRACE] 帧 结束
[11:32:41.975] [TRACE] 帧 公告板
[11:32:41.975] [TRACE] 帧 格网
[11:32:41.975] [TRACE] 帧 开始
[11:32:41.975] [TRACE] 帧 格网趟
[11:32:41.976] [TRACE] 帧 场景趟
[11:32:41.976] [TRACE] 帧 高亮趟
[11:32:41.976] [TRACE] 帧 叠加趟
[11:32:41.976] [TRACE] 帧 光标趟
[11:32:41.976] [TRACE] 帧 结束
[11:32:41.983] [TRACE] 帧 公告板
[11:32:41.983] [TRACE] 帧 格网
[11:32:41.984] [TRACE] 帧 开始
[11:32:41.984] [TRACE] 帧 格网趟
[11:32:41.984] [TRACE] 帧 场景趟
[11:32:41.984] [TRACE] 帧 高亮趟
[11:32:41.984] [TRACE] 帧 叠加趟
[11:32:41.984] [TRACE] 帧 光标趟
[11:32:41.985] [TRACE] 帧 结束
[11:32:41.989] [TRACE] 帧 公告板
[11:32:41.989] [TRACE] 帧 格网
[11:32:41.989] [TRACE] 帧 开始
[11:32:41.989] [TRACE] 帧 格网趟
[11:32:41.989] [TRACE] 帧 场景趟
[11:32:41.989] [TRACE] 帧 高亮趟
[11:32:41.990] [TRACE] 帧 叠加趟
[11:32:41.990] [TRACE] 帧 光标趟
[11:32:41.990] [TRACE] 帧 结束
[11:32:41.996] [TRACE] 帧 公告板
[11:32:41.996] [TRACE] 帧 格网
[11:32:41.996] [TRACE] 帧 开始
[11:32:41.996] [TRACE] 帧 格网趟
[11:32:41.996] [TRACE] 帧 场景趟
[11:32:41.997] [TRACE] 帧 高亮趟
[11:32:41.997] [TRACE] 帧 叠加趟
[11:32:41.997] [TRACE] 帧 光标趟
[11:32:41.997] [TRACE] 帧 结束
[11:32:42.003] [TRACE] 帧 公告板
[11:32:42.004] [TRACE] 帧 格网
[11:32:42.004] [TRACE] 帧 开始
[11:32:42.004] [TRACE] 帧 格网趟
[11:32:42.004] [TRACE] 帧 场景趟
[11:32:42.004] [TRACE] 帧 高亮趟
[11:32:42.004] [TRACE] 帧 叠加趟
[11:32:42.005] [TRACE] 帧 光标趟
[11:32:42.005] [TRACE] 帧 结束
[11:32:42.009] [TRACE] 帧 公告板
[11:32:42.010] [TRACE] 帧 格网
[11:32:42.010] [TRACE] 帧 开始
[11:32:42.010] [TRACE] 帧 格网趟
[11:32:42.010] [TRACE] 帧 场景趟
[11:32:42.010] [TRACE] 帧 高亮趟
[11:32:42.011] [TRACE] 帧 叠加趟
[11:32:42.011] [TRACE] 帧 光标趟
[11:32:42.011] [TRACE] 帧 结束
[11:32:42.017] [TRACE] 帧 公告板
[11:32:42.017] [TRACE] 帧 格网
[11:32:42.018] [TRACE] 帧 开始
[11:32:42.018] [TRACE] 帧 格网趟
[11:32:42.018] [TRACE] 帧 场景趟
[11:32:42.018] [TRACE] 帧 高亮趟
[11:32:42.018] [TRACE] 帧 叠加趟
[11:32:42.018] [TRACE] 帧 光标趟
[11:32:42.018] [TRACE] 帧 结束
[11:32:42.024] [TRACE] 帧 公告板
[11:32:42.024] [TRACE] 帧 格网
[11:32:42.024] [TRACE] 帧 开始
[11:32:42.024] [TRACE] 帧 格网趟
[11:32:42.024] [TRACE] 帧 场景趟
[11:32:42.024] [TRACE] 帧 高亮趟
[11:32:42.025] [TRACE] 帧 叠加趟
[11:32:42.025] [TRACE] 帧 光标趟
[11:32:42.025] [TRACE] 帧 结束
[11:32:42.030] [TRACE] 帧 公告板
[11:32:42.030] [TRACE] 帧 格网
[11:32:42.031] [TRACE] 帧 开始
[11:32:42.031] [TRACE] 帧 格网趟
[11:32:42.031] [TRACE] 帧 场景趟
[11:32:42.031] [TRACE] 帧 高亮趟
[11:32:42.031] [TRACE] 帧 叠加趟
[11:32:42.031] [TRACE] 帧 光标趟
[11:32:42.031] [TRACE] 帧 结束
[11:32:42.038] [TRACE] 帧 公告板
[11:32:42.038] [TRACE] 帧 格网
[11:32:42.038] [TRACE] 帧 开始
[11:32:42.038] [TRACE] 帧 格网趟
[11:32:42.039] [TRACE] 帧 场景趟
[11:32:42.039] [TRACE] 帧 高亮趟
[11:32:42.039] [TRACE] 帧 叠加趟
[11:32:42.039] [TRACE] 帧 光标趟
[11:32:42.039] [TRACE] 帧 结束
[11:32:42.044] [TRACE] 帧 公告板
[11:32:42.044] [TRACE] 帧 格网
[11:32:42.044] [TRACE] 帧 开始
[11:32:42.044] [TRACE] 帧 格网趟
[11:32:42.044] [TRACE] 帧 场景趟
[11:32:42.045] [TRACE] 帧 高亮趟
[11:32:42.045] [TRACE] 帧 叠加趟
[11:32:42.045] [TRACE] 帧 光标趟
[11:32:42.045] [TRACE] 帧 结束
[11:32:42.052] [TRACE] 帧 公告板
[11:32:42.052] [TRACE] 帧 格网
[11:32:42.052] [TRACE] 帧 开始
[11:32:42.052] [TRACE] 帧 格网趟
[11:32:42.053] [TRACE] 帧 场景趟
[11:32:42.053] [TRACE] 帧 高亮趟
[11:32:42.053] [TRACE] 帧 叠加趟
[11:32:42.053] [TRACE] 帧 光标趟
[11:32:42.053] [TRACE] 帧 结束
[11:32:42.058] [TRACE] 帧 公告板
[11:32:42.058] [TRACE] 帧 格网
[11:32:42.058] [TRACE] 帧 开始
[11:32:42.059] [TRACE] 帧 格网趟
[11:32:42.059] [TRACE] 帧 场景趟
[11:32:42.059] [TRACE] 帧 高亮趟
[11:32:42.059] [TRACE] 帧 叠加趟
[11:32:42.059] [TRACE] 帧 光标趟
[11:32:42.059] [TRACE] 帧 结束
[11:32:42.066] [TRACE] 帧 公告板
[11:32:42.066] [TRACE] 帧 格网
[11:32:42.067] [TRACE] 帧 开始
[11:32:42.067] [TRACE] 帧 格网趟
[11:32:42.067] [TRACE] 帧 场景趟
[11:32:42.067] [TRACE] 帧 高亮趟
[11:32:42.067] [TRACE] 帧 叠加趟
[11:32:42.067] [TRACE] 帧 光标趟
[11:32:42.068] [TRACE] 帧 结束
[11:32:42.072] [TRACE] 帧 公告板
[11:32:42.072] [TRACE] 帧 格网
[11:32:42.072] [TRACE] 帧 开始
[11:32:42.072] [TRACE] 帧 格网趟
[11:32:42.072] [TRACE] 帧 场景趟
[11:32:42.072] [TRACE] 帧 高亮趟
[11:32:42.072] [TRACE] 帧 叠加趟
[11:32:42.073] [TRACE] 帧 光标趟
[11:32:42.073] [TRACE] 帧 结束
[11:32:42.079] [TRACE] 帧 公告板
[11:32:42.079] [TRACE] 帧 格网
[11:32:42.079] [TRACE] 帧 开始
[11:32:42.079] [TRACE] 帧 格网趟
[11:32:42.080] [TRACE] 帧 场景趟
[11:32:42.080] [TRACE] 帧 高亮趟
[11:32:42.080] [TRACE] 帧 叠加趟
[11:32:42.080] [TRACE] 帧 光标趟
[11:32:42.080] [TRACE] 帧 结束
[11:32:42.087] [TRACE] 帧 公告板
[11:32:42.087] [TRACE] 帧 格网
[11:32:42.087] [TRACE] 帧 开始
[11:32:42.087] [TRACE] 帧 格网趟
[11:32:42.087] [TRACE] 帧 场景趟
[11:32:42.088] [TRACE] 帧 高亮趟
[11:32:42.088] [TRACE] 帧 叠加趟
[11:32:42.088] [TRACE] 帧 光标趟
[11:32:42.088] [TRACE] 帧 结束
[11:32:42.093] [TRACE] 帧 公告板
[11:32:42.093] [TRACE] 帧 格网
[11:32:42.093] [TRACE] 帧 开始
[11:32:42.093] [TRACE] 帧 格网趟
[11:32:42.093] [TRACE] 帧 场景趟
[11:32:42.094] [TRACE] 帧 高亮趟
[11:32:42.094] [TRACE] 帧 叠加趟
[11:32:42.094] [TRACE] 帧 光标趟
[11:32:42.094] [TRACE] 帧 结束
[11:32:42.100] [TRACE] 帧 公告板
[11:32:42.101] [TRACE] 帧 格网
[11:32:42.101] [TRACE] 帧 开始
[11:32:42.101] [TRACE] 帧 格网趟
[11:32:42.101] [TRACE] 帧 场景趟
[11:32:42.101] [TRACE] 帧 高亮趟
[11:32:42.101] [TRACE] 帧 叠加趟
[11:32:42.101] [TRACE] 帧 光标趟
[11:32:42.102] [TRACE] 帧 结束
[11:32:42.107] [TRACE] 帧 公告板
[11:32:42.107] [TRACE] 帧 格网
[11:32:42.107] [TRACE] 帧 开始
[11:32:42.107] [TRACE] 帧 格网趟
[11:32:42.108] [TRACE] 帧 场景趟
[11:32:42.108] [TRACE] 帧 高亮趟
[11:32:42.108] [TRACE] 帧 叠加趟
[11:32:42.108] [TRACE] 帧 光标趟
[11:32:42.108] [TRACE] 帧 结束
[11:32:42.114] [TRACE] 帧 公告板
[11:32:42.114] [TRACE] 帧 格网
[11:32:42.114] [TRACE] 帧 开始
[11:32:42.114] [TRACE] 帧 格网趟
[11:32:42.114] [TRACE] 帧 场景趟
[11:32:42.115] [TRACE] 帧 高亮趟
[11:32:42.115] [TRACE] 帧 叠加趟
[11:32:42.115] [TRACE] 帧 光标趟
[11:32:42.115] [TRACE] 帧 结束
[11:32:42.121] [TRACE] 帧 公告板
[11:32:42.121] [TRACE] 帧 格网
[11:32:42.122] [TRACE] 帧 开始
[11:32:42.122] [TRACE] 帧 格网趟
[11:32:42.122] [TRACE] 帧 场景趟
[11:32:42.122] [TRACE] 帧 高亮趟
[11:32:42.122] [TRACE] 帧 叠加趟
[11:32:42.122] [TRACE] 帧 光标趟
[11:32:42.122] [TRACE] 帧 结束
[11:32:42.127] [TRACE] 帧 公告板
[11:32:42.128] [TRACE] 帧 格网
[11:32:42.128] [TRACE] 帧 开始
[11:32:42.128] [TRACE] 帧 格网趟
[11:32:42.128] [TRACE] 帧 场景趟
[11:32:42.128] [TRACE] 帧 高亮趟
[11:32:42.128] [TRACE] 帧 叠加趟
[11:32:42.128] [TRACE] 帧 光标趟
[11:32:42.129] [TRACE] 帧 结束
[11:32:42.135] [TRACE] 帧 公告板
[11:32:42.135] [TRACE] 帧 格网
[11:32:42.136] [TRACE] 帧 开始
[11:32:42.136] [TRACE] 帧 格网趟
[11:32:42.136] [TRACE] 帧 场景趟
[11:32:42.136] [TRACE] 帧 高亮趟
[11:32:42.136] [TRACE] 帧 叠加趟
[11:32:42.136] [TRACE] 帧 光标趟
[11:32:42.137] [TRACE] 帧 结束
[11:32:42.141] [TRACE] 帧 公告板
[11:32:42.141] [TRACE] 帧 格网
[11:32:42.142] [TRACE] 帧 开始
[11:32:42.142] [TRACE] 帧 格网趟
[11:32:42.142] [TRACE] 帧 场景趟
[11:32:42.142] [TRACE] 帧 高亮趟
[11:32:42.142] [TRACE] 帧 叠加趟
[11:32:42.142] [TRACE] 帧 光标趟
[11:32:42.142] [TRACE] 帧 结束
[11:32:42.149] [TRACE] 帧 公告板
[11:32:42.150] [TRACE] 帧 格网
[11:32:42.150] [TRACE] 帧 开始
[11:32:42.150] [TRACE] 帧 格网趟
[11:32:42.150] [TRACE] 帧 场景趟
[11:32:42.150] [TRACE] 帧 高亮趟
[11:32:42.150] [TRACE] 帧 叠加趟
[11:32:42.151] [TRACE] 帧 光标趟
[11:32:42.151] [TRACE] 帧 结束
[11:32:42.155] [TRACE] 帧 公告板
[11:32:42.155] [TRACE] 帧 格网
[11:32:42.155] [TRACE] 帧 开始
[11:32:42.156] [TRACE] 帧 格网趟
[11:32:42.156] [TRACE] 帧 场景趟
[11:32:42.156] [TRACE] 帧 高亮趟
[11:32:42.156] [TRACE] 帧 叠加趟
[11:32:42.156] [TRACE] 帧 光标趟
[11:32:42.156] [TRACE] 帧 结束
[11:32:42.162] [TRACE] 帧 公告板
[11:32:42.162] [TRACE] 帧 格网
[11:32:42.163] [TRACE] 帧 开始
[11:32:42.163] [TRACE] 帧 格网趟
[11:32:42.163] [TRACE] 帧 场景趟
[11:32:42.163] [TRACE] 帧 高亮趟
[11:32:42.163] [TRACE] 帧 叠加趟
[11:32:42.163] [TRACE] 帧 光标趟
[11:32:42.163] [TRACE] 帧 结束
[11:32:42.170] [TRACE] 帧 公告板
[11:32:42.170] [TRACE] 帧 格网
[11:32:42.170] [TRACE] 帧 开始
[11:32:42.170] [TRACE] 帧 格网趟
[11:32:42.171] [TRACE] 帧 场景趟
[11:32:42.171] [TRACE] 帧 高亮趟
[11:32:42.171] [TRACE] 帧 叠加趟
[11:32:42.171] [TRACE] 帧 光标趟
[11:32:42.171] [TRACE] 帧 结束
[11:32:42.176] [TRACE] 帧 公告板
[11:32:42.176] [TRACE] 帧 格网
[11:32:42.177] [TRACE] 帧 开始
[11:32:42.177] [TRACE] 帧 格网趟
[11:32:42.177] [TRACE] 帧 场景趟
[11:32:42.177] [TRACE] 帧 高亮趟
[11:32:42.177] [TRACE] 帧 叠加趟
[11:32:42.177] [TRACE] 帧 光标趟
[11:32:42.178] [TRACE] 帧 结束
[11:32:42.184] [TRACE] 帧 公告板
[11:32:42.185] [TRACE] 帧 格网
[11:32:42.185] [TRACE] 帧 开始
[11:32:42.185] [TRACE] 帧 格网趟
[11:32:42.185] [TRACE] 帧 场景趟
[11:32:42.185] [TRACE] 帧 高亮趟
[11:32:42.185] [TRACE] 帧 叠加趟
[11:32:42.185] [TRACE] 帧 光标趟
[11:32:42.186] [TRACE] 帧 结束
[11:32:42.191] [TRACE] 帧 公告板
[11:32:42.196] [TRACE] 帧 格网
[11:32:42.196] [TRACE] 帧 开始
[11:32:42.196] [TRACE] 帧 格网趟
[11:32:42.196] [TRACE] 帧 场景趟
[11:32:42.197] [TRACE] 帧 高亮趟
[11:32:42.197] [TRACE] 帧 叠加趟
[11:32:42.197] [TRACE] 帧 光标趟
[11:32:42.197] [TRACE] 帧 结束
[11:32:42.198] [TRACE] 帧 公告板
[11:32:42.198] [TRACE] 帧 格网
[11:32:42.199] [TRACE] 帧 开始
[11:32:42.199] [TRACE] 帧 格网趟
[11:32:42.199] [TRACE] 帧 场景趟
[11:32:42.199] [TRACE] 帧 高亮趟
[11:32:42.199] [TRACE] 帧 叠加趟
[11:32:42.199] [TRACE] 帧 光标趟
[11:32:42.199] [TRACE] 帧 结束
[11:32:42.204] [TRACE] 帧 公告板
[11:32:42.204] [TRACE] 帧 格网
[11:32:42.205] [TRACE] 帧 开始
[11:32:42.205] [TRACE] 帧 格网趟
[11:32:42.205] [TRACE] 帧 场景趟
[11:32:42.205] [TRACE] 帧 高亮趟
[11:32:42.205] [TRACE] 帧 叠加趟
[11:32:42.205] [TRACE] 帧 光标趟
[11:32:42.206] [TRACE] 帧 结束
[11:32:42.211] [TRACE] 帧 公告板
[11:32:42.211] [TRACE] 帧 格网
[11:32:42.211] [TRACE] 帧 开始
[11:32:42.211] [TRACE] 帧 格网趟
[11:32:42.212] [TRACE] 帧 场景趟
[11:32:42.212] [TRACE] 帧 高亮趟
[11:32:42.212] [TRACE] 帧 叠加趟
[11:32:42.212] [TRACE] 帧 光标趟
[11:32:42.212] [TRACE] 帧 结束
[11:32:42.219] [TRACE] 帧 公告板
[11:32:42.219] [TRACE] 帧 格网
[11:32:42.219] [TRACE] 帧 开始
[11:32:42.219] [TRACE] 帧 格网趟
[11:32:42.219] [TRACE] 帧 场景趟
[11:32:42.220] [TRACE] 帧 高亮趟
[11:32:42.220] [TRACE] 帧 叠加趟
[11:32:42.220] [TRACE] 帧 光标趟
[11:32:42.220] [TRACE] 帧 结束
[11:32:42.225] [TRACE] 帧 公告板
[11:32:42.225] [TRACE] 帧 格网
[11:32:42.226] [TRACE] 帧 开始
[11:32:42.226] [TRACE] 帧 格网趟
[11:32:42.226] [TRACE] 帧 场景趟
[11:32:42.226] [TRACE] 帧 高亮趟
[11:32:42.226] [TRACE] 帧 叠加趟
[11:32:42.226] [TRACE] 帧 光标趟
[11:32:42.227] [TRACE] 帧 结束
[11:32:42.233] [TRACE] 帧 公告板
[11:32:42.233] [TRACE] 帧 格网
[11:32:42.233] [TRACE] 帧 开始
[11:32:42.234] [TRACE] 帧 格网趟
[11:32:42.234] [TRACE] 帧 场景趟
[11:32:42.234] [TRACE] 帧 高亮趟
[11:32:42.234] [TRACE] 帧 叠加趟
[11:32:42.234] [TRACE] 帧 光标趟
[11:32:42.235] [TRACE] 帧 结束
[11:32:42.239] [TRACE] 帧 公告板
[11:32:42.239] [TRACE] 帧 格网
[11:32:42.239] [TRACE] 帧 开始
[11:32:42.239] [TRACE] 帧 格网趟
[11:32:42.240] [TRACE] 帧 场景趟
[11:32:42.240] [TRACE] 帧 高亮趟
[11:32:42.240] [TRACE] 帧 叠加趟
[11:32:42.240] [TRACE] 帧 光标趟
[11:32:42.240] [TRACE] 帧 结束
[11:32:42.246] [TRACE] 帧 公告板
[11:32:42.246] [TRACE] 帧 格网
[11:32:42.246] [TRACE] 帧 开始
[11:32:42.246] [TRACE] 帧 格网趟
[11:32:42.246] [TRACE] 帧 场景趟
[11:32:42.246] [TRACE] 帧 高亮趟
[11:32:42.247] [TRACE] 帧 叠加趟
[11:32:42.247] [TRACE] 帧 光标趟
[11:32:42.247] [TRACE] 帧 结束
[11:32:42.254] [TRACE] 帧 公告板
[11:32:42.254] [TRACE] 帧 格网
[11:32:42.254] [TRACE] 帧 开始
[11:32:42.254] [TRACE] 帧 格网趟
[11:32:42.254] [TRACE] 帧 场景趟
[11:32:42.254] [TRACE] 帧 高亮趟
[11:32:42.255] [TRACE] 帧 叠加趟
[11:32:42.255] [TRACE] 帧 光标趟
[11:32:42.255] [TRACE] 帧 结束
[11:32:42.260] [TRACE] 帧 公告板
[11:32:42.260] [TRACE] 帧 格网
[11:32:42.260] [TRACE] 帧 开始
[11:32:42.260] [TRACE] 帧 格网趟
[11:32:42.260] [TRACE] 帧 场景趟
[11:32:42.260] [TRACE] 帧 高亮趟
[11:32:42.261] [TRACE] 帧 叠加趟
[11:32:42.261] [TRACE] 帧 光标趟
[11:32:42.261] [TRACE] 帧 结束
[11:32:42.267] [TRACE] 帧 公告板
[11:32:42.267] [TRACE] 帧 格网
[11:32:42.268] [TRACE] 帧 开始
[11:32:42.268] [TRACE] 帧 格网趟
[11:32:42.268] [TRACE] 帧 场景趟
[11:32:42.268] [TRACE] 帧 高亮趟
[11:32:42.268] [TRACE] 帧 叠加趟
[11:32:42.268] [TRACE] 帧 光标趟
[11:32:42.268] [TRACE] 帧 结束
[11:32:42.274] [TRACE] 帧 公告板
[11:32:42.274] [TRACE] 帧 格网
[11:32:42.274] [TRACE] 帧 开始
[11:32:42.274] [TRACE] 帧 格网趟
[11:32:42.274] [TRACE] 帧 场景趟
[11:32:42.274] [TRACE] 帧 高亮趟
[11:32:42.275] [TRACE] 帧 叠加趟
[11:32:42.275] [TRACE] 帧 光标趟
[11:32:42.275] [TRACE] 帧 结束
[11:32:42.281] [TRACE] 帧 公告板
[11:32:42.282] [TRACE] 帧 格网
[11:32:42.282] [TRACE] 帧 开始
[11:32:42.282] [TRACE] 帧 格网趟
[11:32:42.282] [TRACE] 帧 场景趟
[11:32:42.282] [TRACE] 帧 高亮趟
[11:32:42.283] [TRACE] 帧 叠加趟
[11:32:42.283] [TRACE] 帧 光标趟
[11:32:42.283] [TRACE] 帧 结束
[11:32:42.287] [TRACE] 帧 公告板
[11:32:42.288] [TRACE] 帧 格网
[11:32:42.288] [TRACE] 帧 开始
[11:32:42.288] [TRACE] 帧 格网趟
[11:32:42.288] [TRACE] 帧 场景趟
[11:32:42.288] [TRACE] 帧 高亮趟
[11:32:42.288] [TRACE] 帧 叠加趟
[11:32:42.288] [TRACE] 帧 光标趟
[11:32:42.289] [TRACE] 帧 结束
[11:32:42.294] [TRACE] 帧 公告板
[11:32:42.294] [TRACE] 帧 格网
[11:32:42.294] [TRACE] 帧 开始
[11:32:42.295] [TRACE] 帧 格网趟
[11:32:42.295] [TRACE] 帧 场景趟
[11:32:42.295] [TRACE] 帧 高亮趟
[11:32:42.295] [TRACE] 帧 叠加趟
[11:32:42.295] [TRACE] 帧 光标趟
[11:32:42.295] [TRACE] 帧 结束
[11:32:42.302] [TRACE] 帧 公告板
[11:32:42.303] [TRACE] 帧 格网
[11:32:42.303] [TRACE] 帧 开始
[11:32:42.303] [TRACE] 帧 格网趟
[11:32:42.303] [TRACE] 帧 场景趟
[11:32:42.303] [TRACE] 帧 高亮趟
[11:32:42.303] [TRACE] 帧 叠加趟
[11:32:42.304] [TRACE] 帧 光标趟
[11:32:42.304] [TRACE] 帧 结束
[11:32:42.308] [TRACE] 帧 公告板
[11:32:42.308] [TRACE] 帧 格网
[11:32:42.309] [TRACE] 帧 开始
[11:32:42.309] [TRACE] 帧 格网趟
[11:32:42.309] [TRACE] 帧 场景趟
[11:32:42.309] [TRACE] 帧 高亮趟
[11:32:42.309] [TRACE] 帧 叠加趟
[11:32:42.309] [TRACE] 帧 光标趟
[11:32:42.309] [TRACE] 帧 结束
[11:32:42.316] [TRACE] 帧 公告板
[11:32:42.316] [TRACE] 帧 格网
[11:32:42.317] [TRACE] 帧 开始
[11:32:42.317] [TRACE] 帧 格网趟
[11:32:42.317] [TRACE] 帧 场景趟
[11:32:42.317] [TRACE] 帧 高亮趟
[11:32:42.317] [TRACE] 帧 叠加趟
[11:32:42.317] [TRACE] 帧 光标趟
[11:32:42.317] [TRACE] 帧 结束
[11:32:42.322] [TRACE] 帧 公告板
[11:32:42.322] [TRACE] 帧 格网
[11:32:42.322] [TRACE] 帧 开始
[11:32:42.323] [TRACE] 帧 格网趟
[11:32:42.323] [TRACE] 帧 场景趟
[11:32:42.323] [TRACE] 帧 高亮趟
[11:32:42.323] [TRACE] 帧 叠加趟
[11:32:42.323] [TRACE] 帧 光标趟
[11:32:42.323] [TRACE] 帧 结束
[11:32:42.329] [TRACE] 帧 公告板
[11:32:42.330] [TRACE] 帧 格网
[11:32:42.330] [TRACE] 帧 开始
[11:32:42.330] [TRACE] 帧 格网趟
[11:32:42.330] [TRACE] 帧 场景趟
[11:32:42.330] [TRACE] 帧 高亮趟
[11:32:42.330] [TRACE] 帧 叠加趟
[11:32:42.331] [TRACE] 帧 光标趟
[11:32:42.331] [TRACE] 帧 结束
[11:32:42.337] [TRACE] 帧 公告板
[11:32:42.337] [TRACE] 帧 格网
[11:32:42.338] [TRACE] 帧 开始
[11:32:42.338] [TRACE] 帧 格网趟
[11:32:42.338] [TRACE] 帧 场景趟
[11:32:42.338] [TRACE] 帧 高亮趟
[11:32:42.338] [TRACE] 帧 叠加趟
[11:32:42.338] [TRACE] 帧 光标趟
[11:32:42.338] [TRACE] 帧 结束
[11:32:42.343] [TRACE] 帧 公告板
[11:32:42.343] [TRACE] 帧 格网
[11:32:42.344] [TRACE] 帧 开始
[11:32:42.344] [TRACE] 帧 格网趟
[11:32:42.344] [TRACE] 帧 场景趟
[11:32:42.344] [TRACE] 帧 高亮趟
[11:32:42.344] [TRACE] 帧 叠加趟
[11:32:42.344] [TRACE] 帧 光标趟
[11:32:42.344] [TRACE] 帧 结束
[11:32:42.351] [TRACE] 帧 公告板
[11:32:42.351] [TRACE] 帧 格网
[11:32:42.351] [TRACE] 帧 开始
[11:32:42.352] [TRACE] 帧 格网趟
[11:32:42.352] [TRACE] 帧 场景趟
[11:32:42.352] [TRACE] 帧 高亮趟
[11:32:42.352] [TRACE] 帧 叠加趟
[11:32:42.352] [TRACE] 帧 光标趟
[11:32:42.352] [TRACE] 帧 结束
[11:32:42.357] [TRACE] 帧 公告板
[11:32:42.357] [TRACE] 帧 格网
[11:32:42.358] [TRACE] 帧 开始
[11:32:42.358] [TRACE] 帧 格网趟
[11:32:42.360] [TRACE] 帧 场景趟
[11:32:42.360] [TRACE] 帧 高亮趟
[11:32:42.360] [TRACE] 帧 叠加趟
[11:32:42.360] [TRACE] 帧 光标趟
[11:32:42.360] [TRACE] 帧 结束
[11:32:42.365] [TRACE] 帧 公告板
[11:32:42.365] [TRACE] 帧 格网
[11:32:42.365] [TRACE] 帧 开始
[11:32:42.365] [TRACE] 帧 格网趟
[11:32:42.365] [TRACE] 帧 场景趟
[11:32:42.365] [TRACE] 帧 高亮趟
[11:32:42.366] [TRACE] 帧 叠加趟
[11:32:42.366] [TRACE] 帧 光标趟
[11:32:42.366] [TRACE] 帧 结束
[11:32:42.371] [TRACE] 帧 公告板
[11:32:42.371] [TRACE] 帧 格网
[11:32:42.371] [TRACE] 帧 开始
[11:32:42.372] [TRACE] 帧 格网趟
[11:32:42.372] [TRACE] 帧 场景趟
[11:32:42.372] [TRACE] 帧 高亮趟
[11:32:42.372] [TRACE] 帧 叠加趟
[11:32:42.373] [TRACE] 帧 光标趟
[11:32:42.373] [TRACE] 帧 结束
[11:32:42.378] [TRACE] 帧 公告板
[11:32:42.378] [TRACE] 帧 格网
[11:32:42.378] [TRACE] 帧 开始
[11:32:42.379] [TRACE] 帧 格网趟
[11:32:42.379] [TRACE] 帧 场景趟
[11:32:42.379] [TRACE] 帧 高亮趟
[11:32:42.379] [TRACE] 帧 叠加趟
[11:32:42.379] [TRACE] 帧 光标趟
[11:32:42.379] [TRACE] 帧 结束
[11:32:42.386] [TRACE] 帧 公告板
[11:32:42.386] [TRACE] 帧 格网
[11:32:42.386] [TRACE] 帧 开始
[11:32:42.386] [TRACE] 帧 格网趟
[11:32:42.387] [TRACE] 帧 场景趟
[11:32:42.387] [TRACE] 帧 高亮趟
[11:32:42.387] [TRACE] 帧 叠加趟
[11:32:42.387] [TRACE] 帧 光标趟
[11:32:42.387] [TRACE] 帧 结束
[11:32:42.392] [TRACE] 帧 公告板
[11:32:42.392] [TRACE] 帧 格网
[11:32:42.392] [TRACE] 帧 开始
[11:32:42.392] [TRACE] 帧 格网趟
[11:32:42.392] [TRACE] 帧 场景趟
[11:32:42.392] [TRACE] 帧 高亮趟
[11:32:42.393] [TRACE] 帧 叠加趟
[11:32:42.393] [TRACE] 帧 光标趟
[11:32:42.393] [TRACE] 帧 结束
[11:32:42.400] [TRACE] 帧 公告板
[11:32:42.400] [TRACE] 帧 格网
[11:32:42.400] [TRACE] 帧 开始
[11:32:42.400] [TRACE] 帧 格网趟
[11:32:42.400] [TRACE] 帧 场景趟
[11:32:42.401] [TRACE] 帧 高亮趟
[11:32:42.401] [TRACE] 帧 叠加趟
[11:32:42.401] [TRACE] 帧 光标趟
[11:32:42.401] [TRACE] 帧 结束
[11:32:42.406] [TRACE] 帧 公告板
[11:32:42.406] [TRACE] 帧 格网
[11:32:42.406] [TRACE] 帧 开始
[11:32:42.406] [TRACE] 帧 格网趟
[11:32:42.406] [TRACE] 帧 场景趟
[11:32:42.406] [TRACE] 帧 高亮趟
[11:32:42.407] [TRACE] 帧 叠加趟
[11:32:42.407] [TRACE] 帧 光标趟
[11:32:42.407] [TRACE] 帧 结束
[11:32:42.413] [TRACE] 帧 公告板
[11:32:42.413] [TRACE] 帧 格网
[11:32:42.413] [TRACE] 帧 开始
[11:32:42.413] [TRACE] 帧 格网趟
[11:32:42.413] [TRACE] 帧 场景趟
[11:32:42.414] [TRACE] 帧 高亮趟
[11:32:42.414] [TRACE] 帧 叠加趟
[11:32:42.414] [TRACE] 帧 光标趟
[11:32:42.414] [TRACE] 帧 结束
[11:32:42.420] [TRACE] 帧 公告板
[11:32:42.420] [TRACE] 帧 格网
[11:32:42.421] [TRACE] 帧 开始
[11:32:42.421] [TRACE] 帧 格网趟
[11:32:42.421] [TRACE] 帧 场景趟
[11:32:42.421] [TRACE] 帧 高亮趟
[11:32:42.421] [TRACE] 帧 叠加趟
[11:32:42.422] [TRACE] 帧 光标趟
[11:32:42.422] [TRACE] 帧 结束
[11:32:42.426] [TRACE] 帧 公告板
[11:32:42.427] [TRACE] 帧 格网
[11:32:42.427] [TRACE] 帧 开始
[11:32:42.427] [TRACE] 帧 格网趟
[11:32:42.427] [TRACE] 帧 场景趟
[11:32:42.427] [TRACE] 帧 高亮趟
[11:32:42.427] [TRACE] 帧 叠加趟
[11:32:42.427] [TRACE] 帧 光标趟
[11:32:42.428] [TRACE] 帧 结束
[11:32:42.434] [TRACE] 帧 公告板
[11:32:42.435] [TRACE] 帧 格网
[11:32:42.435] [TRACE] 帧 开始
[11:32:42.435] [TRACE] 帧 格网趟
[11:32:42.435] [TRACE] 帧 场景趟
[11:32:42.436] [TRACE] 帧 高亮趟
[11:32:42.436] [TRACE] 帧 叠加趟
[11:32:42.436] [TRACE] 帧 光标趟
[11:32:42.436] [TRACE] 帧 结束
[11:32:42.441] [TRACE] 帧 公告板
[11:32:42.442] [TRACE] 帧 格网
[11:32:42.442] [TRACE] 帧 开始
[11:32:42.442] [TRACE] 帧 格网趟
[11:32:42.442] [TRACE] 帧 场景趟
[11:32:42.442] [TRACE] 帧 高亮趟
[11:32:42.442] [TRACE] 帧 叠加趟
[11:32:42.442] [TRACE] 帧 光标趟
[11:32:42.442] [TRACE] 帧 结束
[11:32:42.448] [TRACE] 帧 公告板
[11:32:42.448] [TRACE] 帧 格网
[11:32:42.449] [TRACE] 帧 开始
[11:32:42.449] [TRACE] 帧 格网趟
[11:32:42.449] [TRACE] 帧 场景趟
[11:32:42.449] [TRACE] 帧 高亮趟
[11:32:42.449] [TRACE] 帧 叠加趟
[11:32:42.449] [TRACE] 帧 光标趟
[11:32:42.450] [TRACE] 帧 结束
[11:32:42.454] [TRACE] 帧 公告板
[11:32:42.454] [TRACE] 帧 格网
[11:32:42.455] [TRACE] 帧 开始
[11:32:42.455] [TRACE] 帧 格网趟
[11:32:42.455] [TRACE] 帧 场景趟
[11:32:42.455] [TRACE] 帧 高亮趟
[11:32:42.455] [TRACE] 帧 叠加趟
[11:32:42.455] [TRACE] 帧 光标趟
[11:32:42.456] [TRACE] 帧 结束
[11:32:42.461] [TRACE] 帧 公告板
[11:32:42.461] [TRACE] 帧 格网
[11:32:42.462] [TRACE] 帧 开始
[11:32:42.462] [TRACE] 帧 格网趟
[11:32:42.462] [TRACE] 帧 场景趟
[11:32:42.462] [TRACE] 帧 高亮趟
[11:32:42.462] [TRACE] 帧 叠加趟
[11:32:42.462] [TRACE] 帧 光标趟
[11:32:42.462] [TRACE] 帧 结束
[11:32:42.469] [TRACE] 帧 公告板
[11:32:42.469] [TRACE] 帧 格网
[11:32:42.470] [TRACE] 帧 开始
[11:32:42.470] [TRACE] 帧 格网趟
[11:32:42.470] [TRACE] 帧 场景趟
[11:32:42.470] [TRACE] 帧 高亮趟
[11:32:42.470] [TRACE] 帧 叠加趟
[11:32:42.470] [TRACE] 帧 光标趟
[11:32:42.470] [TRACE] 帧 结束
[11:32:42.475] [TRACE] 帧 公告板
[11:32:42.475] [TRACE] 帧 格网
[11:32:42.476] [TRACE] 帧 开始
[11:32:42.476] [TRACE] 帧 格网趟
[11:32:42.476] [TRACE] 帧 场景趟
[11:32:42.476] [TRACE] 帧 高亮趟
[11:32:42.476] [TRACE] 帧 叠加趟
[11:32:42.476] [TRACE] 帧 光标趟
[11:32:42.476] [TRACE] 帧 结束
[11:32:42.483] [TRACE] 帧 公告板
[11:32:42.484] [TRACE] 帧 格网
[11:32:42.484] [TRACE] 帧 开始
[11:32:42.484] [TRACE] 帧 格网趟
[11:32:42.484] [TRACE] 帧 场景趟
[11:32:42.485] [TRACE] 帧 高亮趟
[11:32:42.485] [TRACE] 帧 叠加趟
[11:32:42.485] [TRACE] 帧 光标趟
[11:32:42.485] [TRACE] 帧 结束
[11:32:42.489] [TRACE] 帧 公告板
[11:32:42.489] [TRACE] 帧 格网
[11:32:42.489] [TRACE] 帧 开始
[11:32:42.490] [TRACE] 帧 格网趟
[11:32:42.490] [TRACE] 帧 场景趟
[11:32:42.490] [TRACE] 帧 高亮趟
[11:32:42.490] [TRACE] 帧 叠加趟
[11:32:42.490] [TRACE] 帧 光标趟
[11:32:42.490] [TRACE] 帧 结束
[11:32:42.496] [TRACE] 帧 公告板
[11:32:42.496] [TRACE] 帧 格网
[11:32:42.496] [TRACE] 帧 开始
[11:32:42.496] [TRACE] 帧 格网趟
[11:32:42.497] [TRACE] 帧 场景趟
[11:32:42.497] [TRACE] 帧 高亮趟
[11:32:42.497] [TRACE] 帧 叠加趟
[11:32:42.497] [TRACE] 帧 光标趟
[11:32:42.497] [TRACE] 帧 结束
[11:32:42.504] [TRACE] 帧 公告板
[11:32:42.504] [TRACE] 帧 格网
[11:32:42.504] [TRACE] 帧 开始
[11:32:42.504] [TRACE] 帧 格网趟
[11:32:42.505] [TRACE] 帧 场景趟
[11:32:42.505] [TRACE] 帧 高亮趟
[11:32:42.505] [TRACE] 帧 叠加趟
[11:32:42.505] [TRACE] 帧 光标趟
[11:32:42.505] [TRACE] 帧 结束
[11:32:42.510] [TRACE] 帧 公告板
[11:32:42.510] [TRACE] 帧 格网
[11:32:42.510] [TRACE] 帧 开始
[11:32:42.511] [TRACE] 帧 格网趟
[11:32:42.511] [TRACE] 帧 场景趟
[11:32:42.511] [TRACE] 帧 高亮趟
[11:32:42.511] [TRACE] 帧 叠加趟
[11:32:42.511] [TRACE] 帧 光标趟
[11:32:42.511] [TRACE] 帧 结束
[11:32:42.518] [TRACE] 帧 公告板
[11:32:42.518] [TRACE] 帧 格网
[11:32:42.518] [TRACE] 帧 开始
[11:32:42.518] [TRACE] 帧 格网趟
[11:32:42.519] [TRACE] 帧 场景趟
[11:32:42.519] [TRACE] 帧 高亮趟
[11:32:42.519] [TRACE] 帧 叠加趟
[11:32:42.519] [TRACE] 帧 光标趟
[11:32:42.519] [TRACE] 帧 结束
[11:32:42.524] [TRACE] 帧 公告板
[11:32:42.524] [TRACE] 帧 格网
[11:32:42.525] [TRACE] 帧 开始
[11:32:42.525] [TRACE] 帧 格网趟
[11:32:42.525] [TRACE] 帧 场景趟
[11:32:42.525] [TRACE] 帧 高亮趟
[11:32:42.525] [TRACE] 帧 叠加趟
[11:32:42.525] [TRACE] 帧 光标趟
[11:32:42.525] [TRACE] 帧 结束
[11:32:42.532] [TRACE] 帧 公告板
[11:32:42.532] [TRACE] 帧 格网
[11:32:42.532] [TRACE] 帧 开始
[11:32:42.532] [TRACE] 帧 格网趟
[11:32:42.532] [TRACE] 帧 场景趟
[11:32:42.532] [TRACE] 帧 高亮趟
[11:32:42.533] [TRACE] 帧 叠加趟
[11:32:42.533] [TRACE] 帧 光标趟
[11:32:42.533] [TRACE] 帧 结束
[11:32:42.538] [TRACE] 帧 公告板
[11:32:42.538] [TRACE] 帧 格网
[11:32:42.538] [TRACE] 帧 开始
[11:32:42.538] [TRACE] 帧 格网趟
[11:32:42.538] [TRACE] 帧 场景趟
[11:32:42.538] [TRACE] 帧 高亮趟
[11:32:42.538] [TRACE] 帧 叠加趟
[11:32:42.539] [TRACE] 帧 光标趟
[11:32:42.539] [TRACE] 帧 结束
[11:32:42.545] [TRACE] 帧 公告板
[11:32:42.545] [TRACE] 帧 格网
[11:32:42.545] [TRACE] 帧 开始
[11:32:42.545] [TRACE] 帧 格网趟
[11:32:42.545] [TRACE] 帧 场景趟
[11:32:42.545] [TRACE] 帧 高亮趟
[11:32:42.545] [TRACE] 帧 叠加趟
[11:32:42.546] [TRACE] 帧 光标趟
[11:32:42.546] [TRACE] 帧 结束
[11:32:42.553] [TRACE] 帧 公告板
[11:32:42.553] [TRACE] 帧 格网
[11:32:42.553] [TRACE] 帧 开始
[11:32:42.553] [TRACE] 帧 格网趟
[11:32:42.553] [TRACE] 帧 场景趟
[11:32:42.554] [TRACE] 帧 高亮趟
[11:32:42.554] [TRACE] 帧 叠加趟
[11:32:42.554] [TRACE] 帧 光标趟
[11:32:42.554] [TRACE] 帧 结束
[11:32:42.559] [TRACE] 帧 公告板
[11:32:42.559] [TRACE] 帧 格网
[11:32:42.559] [TRACE] 帧 开始
[11:32:42.559] [TRACE] 帧 格网趟
[11:32:42.559] [TRACE] 帧 场景趟
[11:32:42.560] [TRACE] 帧 高亮趟
[11:32:42.560] [TRACE] 帧 叠加趟
[11:32:42.560] [TRACE] 帧 光标趟
[11:32:42.560] [TRACE] 帧 结束
[11:32:42.567] [TRACE] 帧 公告板
[11:32:42.567] [TRACE] 帧 格网
[11:32:42.567] [TRACE] 帧 开始
[11:32:42.567] [TRACE] 帧 格网趟
[11:32:42.567] [TRACE] 帧 场景趟
[11:32:42.568] [TRACE] 帧 高亮趟
[11:32:42.568] [TRACE] 帧 叠加趟
[11:32:42.568] [TRACE] 帧 光标趟
[11:32:42.568] [TRACE] 帧 结束
[11:32:42.572] [TRACE] 帧 公告板
[11:32:42.573] [TRACE] 帧 格网
[11:32:42.573] [TRACE] 帧 开始
[11:32:42.573] [TRACE] 帧 格网趟
[11:32:42.573] [TRACE] 帧 场景趟
[11:32:42.573] [TRACE] 帧 高亮趟
[11:32:42.574] [TRACE] 帧 叠加趟
[11:32:42.574] [TRACE] 帧 光标趟
[11:32:42.574] [TRACE] 帧 结束
[11:32:42.579] [TRACE] 帧 公告板
[11:32:42.579] [TRACE] 帧 格网
[11:32:42.580] [TRACE] 帧 开始
[11:32:42.580] [TRACE] 帧 格网趟
[11:32:42.580] [TRACE] 帧 场景趟
[11:32:42.580] [TRACE] 帧 高亮趟
[11:32:42.580] [TRACE] 帧 叠加趟
[11:32:42.580] [TRACE] 帧 光标趟
[11:32:42.581] [TRACE] 帧 结束
[11:32:42.587] [TRACE] 帧 公告板
[11:32:42.587] [TRACE] 帧 格网
[11:32:42.587] [TRACE] 帧 开始
[11:32:42.588] [TRACE] 帧 格网趟
[11:32:42.588] [TRACE] 帧 场景趟
[11:32:42.588] [TRACE] 帧 高亮趟
[11:32:42.588] [TRACE] 帧 叠加趟
[11:32:42.588] [TRACE] 帧 光标趟
[11:32:42.588] [TRACE] 帧 结束
[11:32:42.593] [TRACE] 帧 公告板
[11:32:42.594] [TRACE] 帧 格网
[11:32:42.594] [TRACE] 帧 开始
[11:32:42.594] [TRACE] 帧 格网趟
[11:32:42.594] [TRACE] 帧 场景趟
[11:32:42.594] [TRACE] 帧 高亮趟
[11:32:42.594] [TRACE] 帧 叠加趟
[11:32:42.594] [TRACE] 帧 光标趟
[11:32:42.595] [TRACE] 帧 结束
[11:32:42.601] [TRACE] 帧 公告板
[11:32:42.601] [TRACE] 帧 格网
[11:32:42.601] [TRACE] 帧 开始
[11:32:42.602] [TRACE] 帧 格网趟
[11:32:42.602] [TRACE] 帧 场景趟
[11:32:42.602] [TRACE] 帧 高亮趟
[11:32:42.602] [TRACE] 帧 叠加趟
[11:32:42.602] [TRACE] 帧 光标趟
[11:32:42.603] [TRACE] 帧 结束
[11:32:42.608] [TRACE] 帧 公告板
[11:32:42.608] [TRACE] 帧 格网
[11:32:42.609] [TRACE] 帧 开始
[11:32:42.609] [TRACE] 帧 格网趟
[11:32:42.609] [TRACE] 帧 场景趟
[11:32:42.609] [TRACE] 帧 高亮趟
[11:32:42.609] [TRACE] 帧 叠加趟
[11:32:42.609] [TRACE] 帧 光标趟
[11:32:42.609] [TRACE] 帧 结束
[11:32:42.615] [TRACE] 帧 公告板
[11:32:42.616] [TRACE] 帧 格网
[11:32:42.616] [TRACE] 帧 开始
[11:32:42.616] [TRACE] 帧 格网趟
[11:32:42.616] [TRACE] 帧 场景趟
[11:32:42.617] [TRACE] 帧 高亮趟
[11:32:42.617] [TRACE] 帧 叠加趟
[11:32:42.617] [TRACE] 帧 光标趟
[11:32:42.617] [TRACE] 帧 结束
[11:32:42.621] [TRACE] 帧 公告板
[11:32:42.621] [TRACE] 帧 格网
[11:32:42.622] [TRACE] 帧 开始
[11:32:42.622] [TRACE] 帧 格网趟
[11:32:42.622] [TRACE] 帧 场景趟
[11:32:42.622] [TRACE] 帧 高亮趟
[11:32:42.622] [TRACE] 帧 叠加趟
[11:32:42.623] [TRACE] 帧 光标趟
[11:32:42.623] [TRACE] 帧 结束
[11:32:42.628] [TRACE] 帧 公告板
[11:32:42.629] [TRACE] 帧 格网
[11:32:42.629] [TRACE] 帧 开始
[11:32:42.629] [TRACE] 帧 格网趟
[11:32:42.630] [TRACE] 帧 场景趟
[11:32:42.630] [TRACE] 帧 高亮趟
[11:32:42.630] [TRACE] 帧 叠加趟
[11:32:42.630] [TRACE] 帧 光标趟
[11:32:42.630] [TRACE] 帧 结束
[11:32:42.636] [TRACE] 帧 公告板
[11:32:42.637] [TRACE] 帧 格网
[11:32:42.637] [TRACE] 帧 开始
[11:32:42.637] [TRACE] 帧 格网趟
[11:32:42.637] [TRACE] 帧 场景趟
[11:32:42.637] [TRACE] 帧 高亮趟
[11:32:42.638] [TRACE] 帧 叠加趟
[11:32:42.638] [TRACE] 帧 光标趟
[11:32:42.638] [TRACE] 帧 结束
[11:32:42.642] [TRACE] 帧 公告板
[11:32:42.642] [TRACE] 帧 格网
[11:32:42.642] [TRACE] 帧 开始
[11:32:42.642] [TRACE] 帧 格网趟
[11:32:42.643] [TRACE] 帧 场景趟
[11:32:42.643] [TRACE] 帧 高亮趟
[11:32:42.643] [TRACE] 帧 叠加趟
[11:32:42.643] [TRACE] 帧 光标趟
[11:32:42.643] [TRACE] 帧 结束
[11:32:42.650] [TRACE] 帧 公告板
[11:32:42.650] [TRACE] 帧 格网
[11:32:42.650] [TRACE] 帧 开始
[11:32:42.650] [TRACE] 帧 格网趟
[11:32:42.651] [TRACE] 帧 场景趟
[11:32:42.651] [TRACE] 帧 高亮趟
[11:32:42.651] [TRACE] 帧 叠加趟
[11:32:42.651] [TRACE] 帧 光标趟
[11:32:42.652] [TRACE] 帧 结束
[11:32:42.656] [TRACE] 帧 公告板
[11:32:42.656] [TRACE] 帧 格网
[11:32:42.657] [TRACE] 帧 开始
[11:32:42.657] [TRACE] 帧 格网趟
[11:32:42.657] [TRACE] 帧 场景趟
[11:32:42.657] [TRACE] 帧 高亮趟
[11:32:42.657] [TRACE] 帧 叠加趟
[11:32:42.657] [TRACE] 帧 光标趟
[11:32:42.657] [TRACE] 帧 结束
[11:32:42.663] [TRACE] 帧 公告板
[11:32:42.663] [TRACE] 帧 格网
[11:32:42.664] [TRACE] 帧 开始
[11:32:42.664] [TRACE] 帧 格网趟
[11:32:42.664] [TRACE] 帧 场景趟
[11:32:42.664] [TRACE] 帧 高亮趟
[11:32:42.664] [TRACE] 帧 叠加趟
[11:32:42.665] [TRACE] 帧 光标趟
[11:32:42.665] [TRACE] 帧 结束
[11:32:42.671] [TRACE] 帧 公告板
[11:32:42.671] [TRACE] 帧 格网
[11:32:42.672] [TRACE] 帧 开始
[11:32:42.672] [TRACE] 帧 格网趟
[11:32:42.672] [TRACE] 帧 场景趟
[11:32:42.672] [TRACE] 帧 高亮趟
[11:32:42.672] [TRACE] 帧 叠加趟
[11:32:42.673] [TRACE] 帧 光标趟
[11:32:42.673] [TRACE] 帧 结束
[11:32:42.677] [TRACE] 帧 公告板
[11:32:42.677] [TRACE] 帧 格网
[11:32:42.678] [TRACE] 帧 开始
[11:32:42.678] [TRACE] 帧 格网趟
[11:32:42.678] [TRACE] 帧 场景趟
[11:32:42.678] [TRACE] 帧 高亮趟
[11:32:42.678] [TRACE] 帧 叠加趟
[11:32:42.678] [TRACE] 帧 光标趟
[11:32:42.678] [TRACE] 帧 结束
[11:32:42.685] [TRACE] 帧 公告板
[11:32:42.685] [TRACE] 帧 格网
[11:32:42.685] [TRACE] 帧 开始
[11:32:42.685] [TRACE] 帧 格网趟
[11:32:42.686] [TRACE] 帧 场景趟
[11:32:42.686] [TRACE] 帧 高亮趟
[11:32:42.686] [TRACE] 帧 叠加趟
[11:32:42.686] [TRACE] 帧 光标趟
[11:32:42.686] [TRACE] 帧 结束
[11:32:42.691] [TRACE] 帧 公告板
[11:32:42.691] [TRACE] 帧 格网
[11:32:42.691] [TRACE] 帧 开始
[11:32:42.691] [TRACE] 帧 格网趟
[11:32:42.692] [TRACE] 帧 场景趟
[11:32:42.692] [TRACE] 帧 高亮趟
[11:32:42.692] [TRACE] 帧 叠加趟
[11:32:42.692] [TRACE] 帧 光标趟
[11:32:42.692] [TRACE] 帧 结束
[11:32:42.699] [TRACE] 帧 公告板
[11:32:42.699] [TRACE] 帧 格网
[11:32:42.699] [TRACE] 帧 开始
[11:32:42.699] [TRACE] 帧 格网趟
[11:32:42.700] [TRACE] 帧 场景趟
[11:32:42.700] [TRACE] 帧 高亮趟
[11:32:42.700] [TRACE] 帧 叠加趟
[11:32:42.700] [TRACE] 帧 光标趟
[11:32:42.701] [TRACE] 帧 结束
[11:32:42.705] [TRACE] 帧 公告板
[11:32:42.705] [TRACE] 帧 格网
[11:32:42.705] [TRACE] 帧 开始
[11:32:42.705] [TRACE] 帧 格网趟
[11:32:42.705] [TRACE] 帧 场景趟
[11:32:42.705] [TRACE] 帧 高亮趟
[11:32:42.705] [TRACE] 帧 叠加趟
[11:32:42.706] [TRACE] 帧 光标趟
[11:32:42.706] [TRACE] 帧 结束
[11:32:42.711] [TRACE] 帧 公告板
[11:32:42.712] [TRACE] 帧 格网
[11:32:42.712] [TRACE] 帧 开始
[11:32:42.712] [TRACE] 帧 格网趟
[11:32:42.712] [TRACE] 帧 场景趟
[11:32:42.712] [TRACE] 帧 高亮趟
[11:32:42.713] [TRACE] 帧 叠加趟
[11:32:42.713] [TRACE] 帧 光标趟
[11:32:42.713] [TRACE] 帧 结束
[11:32:42.720] [TRACE] 帧 公告板
[11:32:42.720] [TRACE] 帧 格网
[11:32:42.720] [TRACE] 帧 开始
[11:32:42.721] [TRACE] 帧 格网趟
[11:32:42.721] [TRACE] 帧 场景趟
[11:32:42.721] [TRACE] 帧 高亮趟
[11:32:42.721] [TRACE] 帧 叠加趟
[11:32:42.721] [TRACE] 帧 光标趟
[11:32:42.721] [TRACE] 帧 结束
[11:32:42.726] [TRACE] 帧 公告板
[11:32:42.726] [TRACE] 帧 格网
[11:32:42.727] [TRACE] 帧 开始
[11:32:42.727] [TRACE] 帧 格网趟
[11:32:42.727] [TRACE] 帧 场景趟
[11:32:42.727] [TRACE] 帧 高亮趟
[11:32:42.727] [TRACE] 帧 叠加趟
[11:32:42.727] [TRACE] 帧 光标趟
[11:32:42.728] [TRACE] 帧 结束
[11:32:42.733] [TRACE] 帧 公告板
[11:32:42.734] [TRACE] 帧 格网
[11:32:42.734] [TRACE] 帧 开始
[11:32:42.734] [TRACE] 帧 格网趟
[11:32:42.734] [TRACE] 帧 场景趟
[11:32:42.734] [TRACE] 帧 高亮趟
[11:32:42.734] [TRACE] 帧 叠加趟
[11:32:42.734] [TRACE] 帧 光标趟
[11:32:42.735] [TRACE] 帧 结束
[11:32:42.739] [TRACE] 帧 公告板
[11:32:42.739] [TRACE] 帧 格网
[11:32:42.740] [TRACE] 帧 开始
[11:32:42.740] [TRACE] 帧 格网趟
[11:32:42.740] [TRACE] 帧 场景趟
[11:32:42.740] [TRACE] 帧 高亮趟
[11:32:42.741] [TRACE] 帧 叠加趟
[11:32:42.741] [TRACE] 帧 光标趟
[11:32:42.741] [TRACE] 帧 结束
[11:32:42.746] [TRACE] 帧 公告板
[11:32:42.752] [TRACE] 帧 格网
[11:32:42.752] [TRACE] 帧 开始
[11:32:42.752] [TRACE] 帧 格网趟
[11:32:42.753] [TRACE] 帧 场景趟
[11:32:42.753] [TRACE] 帧 高亮趟
[11:32:42.753] [TRACE] 帧 叠加趟
[11:32:42.753] [TRACE] 帧 光标趟
[11:32:42.753] [TRACE] 帧 结束
[11:32:42.754] [TRACE] 帧 公告板
[11:32:42.754] [TRACE] 帧 格网
[11:32:42.754] [TRACE] 帧 开始
[11:32:42.755] [TRACE] 帧 格网趟
[11:32:42.755] [TRACE] 帧 场景趟
[11:32:42.755] [TRACE] 帧 高亮趟
[11:32:42.755] [TRACE] 帧 叠加趟
[11:32:42.755] [TRACE] 帧 光标趟
[11:32:42.756] [TRACE] 帧 结束
[11:32:42.760] [TRACE] 帧 公告板
[11:32:42.761] [TRACE] 帧 格网
[11:32:42.761] [TRACE] 帧 开始
[11:32:42.761] [TRACE] 帧 格网趟
[11:32:42.761] [TRACE] 帧 场景趟
[11:32:42.761] [TRACE] 帧 高亮趟
[11:32:42.761] [TRACE] 帧 叠加趟
[11:32:42.762] [TRACE] 帧 光标趟
[11:32:42.762] [TRACE] 帧 结束
[11:32:42.768] [TRACE] 帧 公告板
[11:32:42.768] [TRACE] 帧 格网
[11:32:42.768] [TRACE] 帧 开始
[11:32:42.768] [TRACE] 帧 格网趟
[11:32:42.768] [TRACE] 帧 场景趟
[11:32:42.768] [TRACE] 帧 高亮趟
[11:32:42.768] [TRACE] 帧 叠加趟
[11:32:42.769] [TRACE] 帧 光标趟
[11:32:42.769] [TRACE] 帧 结束
[11:32:42.774] [TRACE] 帧 公告板
[11:32:42.775] [TRACE] 帧 格网
[11:32:42.775] [TRACE] 帧 开始
[11:32:42.775] [TRACE] 帧 格网趟
[11:32:42.775] [TRACE] 帧 场景趟
[11:32:42.775] [TRACE] 帧 高亮趟
[11:32:42.776] [TRACE] 帧 叠加趟
[11:32:42.776] [TRACE] 帧 光标趟
[11:32:42.776] [TRACE] 帧 结束
[11:32:42.782] [TRACE] 帧 公告板
[11:32:42.782] [TRACE] 帧 格网
[11:32:42.782] [TRACE] 帧 开始
[11:32:42.782] [TRACE] 帧 格网趟
[11:32:42.783] [TRACE] 帧 场景趟
[11:32:42.783] [TRACE] 帧 高亮趟
[11:32:42.783] [TRACE] 帧 叠加趟
[11:32:42.783] [TRACE] 帧 光标趟
[11:32:42.783] [TRACE] 帧 结束
[11:32:42.788] [TRACE] 帧 公告板
[11:32:42.788] [TRACE] 帧 格网
[11:32:42.788] [TRACE] 帧 开始
[11:32:42.788] [TRACE] 帧 格网趟
[11:32:42.789] [TRACE] 帧 场景趟
[11:32:42.789] [TRACE] 帧 高亮趟
[11:32:42.789] [TRACE] 帧 叠加趟
[11:32:42.789] [TRACE] 帧 光标趟
[11:32:42.789] [TRACE] 帧 结束
[11:32:42.795] [TRACE] 帧 公告板
[11:32:42.795] [TRACE] 帧 格网
[11:32:42.795] [TRACE] 帧 开始
[11:32:42.796] [TRACE] 帧 格网趟
[11:32:42.796] [TRACE] 帧 场景趟
[11:32:42.796] [TRACE] 帧 高亮趟
[11:32:42.796] [TRACE] 帧 叠加趟
[11:32:42.796] [TRACE] 帧 光标趟
[11:32:42.796] [TRACE] 帧 结束
[11:32:42.803] [TRACE] 帧 公告板
[11:32:42.803] [TRACE] 帧 格网
[11:32:42.803] [TRACE] 帧 开始
[11:32:42.804] [TRACE] 帧 格网趟
[11:32:42.804] [TRACE] 帧 场景趟
[11:32:42.804] [TRACE] 帧 高亮趟
[11:32:42.804] [TRACE] 帧 叠加趟
[11:32:42.805] [TRACE] 帧 光标趟
[11:32:42.805] [TRACE] 帧 结束
[11:32:42.809] [TRACE] 帧 公告板
[11:32:42.809] [TRACE] 帧 格网
[11:32:42.809] [TRACE] 帧 开始
[11:32:42.810] [TRACE] 帧 格网趟
[11:32:42.810] [TRACE] 帧 场景趟
[11:32:42.810] [TRACE] 帧 高亮趟
[11:32:42.810] [TRACE] 帧 叠加趟
[11:32:42.810] [TRACE] 帧 光标趟
[11:32:42.810] [TRACE] 帧 结束
[11:32:42.817] [TRACE] 帧 公告板
[11:32:42.817] [TRACE] 帧 格网
[11:32:42.818] [TRACE] 帧 开始
[11:32:42.818] [TRACE] 帧 格网趟
[11:32:42.818] [TRACE] 帧 场景趟
[11:32:42.818] [TRACE] 帧 高亮趟
[11:32:42.818] [TRACE] 帧 叠加趟
[11:32:42.819] [TRACE] 帧 光标趟
[11:32:42.819] [TRACE] 帧 结束
[11:32:42.823] [TRACE] 帧 公告板
[11:32:42.823] [TRACE] 帧 格网
[11:32:42.824] [TRACE] 帧 开始
[11:32:42.824] [TRACE] 帧 格网趟
[11:32:42.824] [TRACE] 帧 场景趟
[11:32:42.824] [TRACE] 帧 高亮趟
[11:32:42.824] [TRACE] 帧 叠加趟
[11:32:42.824] [TRACE] 帧 光标趟
[11:32:42.825] [TRACE] 帧 结束
[11:32:42.830] [TRACE] 帧 公告板
[11:32:42.830] [TRACE] 帧 格网
[11:32:42.830] [TRACE] 帧 开始
[11:32:42.830] [TRACE] 帧 格网趟
[11:32:42.830] [TRACE] 帧 场景趟
[11:32:42.831] [TRACE] 帧 高亮趟
[11:32:42.831] [TRACE] 帧 叠加趟
[11:32:42.831] [TRACE] 帧 光标趟
[11:32:42.831] [TRACE] 帧 结束
[11:32:42.838] [TRACE] 帧 公告板
[11:32:42.838] [TRACE] 帧 格网
[11:32:42.838] [TRACE] 帧 开始
[11:32:42.838] [TRACE] 帧 格网趟
[11:32:42.838] [TRACE] 帧 场景趟
[11:32:42.838] [TRACE] 帧 高亮趟
[11:32:42.839] [TRACE] 帧 叠加趟
[11:32:42.839] [TRACE] 帧 光标趟
[11:32:42.839] [TRACE] 帧 结束
[11:32:42.844] [TRACE] 帧 公告板
[11:32:42.844] [TRACE] 帧 格网
[11:32:42.844] [TRACE] 帧 开始
[11:32:42.844] [TRACE] 帧 格网趟
[11:32:42.845] [TRACE] 帧 场景趟
[11:32:42.845] [TRACE] 帧 高亮趟
[11:32:42.845] [TRACE] 帧 叠加趟
[11:32:42.845] [TRACE] 帧 光标趟
[11:32:42.845] [TRACE] 帧 结束
[11:32:42.851] [TRACE] 帧 公告板
[11:32:42.852] [TRACE] 帧 格网
[11:32:42.852] [TRACE] 帧 开始
[11:32:42.852] [TRACE] 帧 格网趟
[11:32:42.852] [TRACE] 帧 场景趟
[11:32:42.852] [TRACE] 帧 高亮趟
[11:32:42.853] [TRACE] 帧 叠加趟
[11:32:42.853] [TRACE] 帧 光标趟
[11:32:42.853] [TRACE] 帧 结束
[11:32:42.858] [TRACE] 帧 公告板
[11:32:42.858] [TRACE] 帧 格网
[11:32:42.858] [TRACE] 帧 开始
[11:32:42.858] [TRACE] 帧 格网趟
[11:32:42.858] [TRACE] 帧 场景趟
[11:32:42.858] [TRACE] 帧 高亮趟
[11:32:42.859] [TRACE] 帧 叠加趟
[11:32:42.859] [TRACE] 帧 光标趟
[11:32:42.859] [TRACE] 帧 结束
[11:32:42.865] [TRACE] 帧 公告板
[11:32:42.866] [TRACE] 帧 格网
[11:32:42.866] [TRACE] 帧 开始
[11:32:42.866] [TRACE] 帧 格网趟
[11:32:42.866] [TRACE] 帧 场景趟
[11:32:42.866] [TRACE] 帧 高亮趟
[11:32:42.866] [TRACE] 帧 叠加趟
[11:32:42.867] [TRACE] 帧 光标趟
[11:32:42.867] [TRACE] 帧 结束
[11:32:42.871] [TRACE] 帧 公告板
[11:32:42.872] [TRACE] 帧 格网
[11:32:42.872] [TRACE] 帧 开始
[11:32:42.872] [TRACE] 帧 格网趟
[11:32:42.872] [TRACE] 帧 场景趟
[11:32:42.872] [TRACE] 帧 高亮趟
[11:32:42.872] [TRACE] 帧 叠加趟
[11:32:42.872] [TRACE] 帧 光标趟
[11:32:42.872] [TRACE] 帧 结束
[11:32:42.878] [TRACE] 帧 公告板
[11:32:42.878] [TRACE] 帧 格网
[11:32:42.879] [TRACE] 帧 开始
[11:32:42.879] [TRACE] 帧 格网趟
[11:32:42.879] [TRACE] 帧 场景趟
[11:32:42.879] [TRACE] 帧 高亮趟
[11:32:42.879] [TRACE] 帧 叠加趟
[11:32:42.879] [TRACE] 帧 光标趟
[11:32:42.879] [TRACE] 帧 结束
[11:32:42.886] [TRACE] 帧 公告板
[11:32:42.887] [TRACE] 帧 格网
[11:32:42.887] [TRACE] 帧 开始
[11:32:42.887] [TRACE] 帧 格网趟
[11:32:42.887] [TRACE] 帧 场景趟
[11:32:42.888] [TRACE] 帧 高亮趟
[11:32:42.888] [TRACE] 帧 叠加趟
[11:32:42.888] [TRACE] 帧 光标趟
[11:32:42.888] [TRACE] 帧 结束
[11:32:42.892] [TRACE] 帧 公告板
[11:32:42.892] [TRACE] 帧 格网
[11:32:42.893] [TRACE] 帧 开始
[11:32:42.893] [TRACE] 帧 格网趟
[11:32:42.893] [TRACE] 帧 场景趟
[11:32:42.893] [TRACE] 帧 高亮趟
[11:32:42.893] [TRACE] 帧 叠加趟
[11:32:42.893] [TRACE] 帧 光标趟
[11:32:42.893] [TRACE] 帧 结束
[11:32:42.900] [TRACE] 帧 公告板
[11:32:42.900] [TRACE] 帧 格网
[11:32:42.901] [TRACE] 帧 开始
[11:32:42.901] [TRACE] 帧 格网趟
[11:32:42.901] [TRACE] 帧 场景趟
[11:32:42.901] [TRACE] 帧 高亮趟
[11:32:42.901] [TRACE] 帧 叠加趟
[11:32:42.902] [TRACE] 帧 光标趟
[11:32:42.902] [TRACE] 帧 结束
[11:32:42.906] [TRACE] 帧 公告板
[11:32:42.906] [TRACE] 帧 格网
[11:32:42.907] [TRACE] 帧 开始
[11:32:42.907] [TRACE] 帧 格网趟
[11:32:42.907] [TRACE] 帧 场景趟
[11:32:42.907] [TRACE] 帧 高亮趟
[11:32:42.907] [TRACE] 帧 叠加趟
[11:32:42.907] [TRACE] 帧 光标趟
[11:32:42.907] [TRACE] 帧 结束
[11:32:42.913] [TRACE] 帧 公告板
[11:32:42.913] [TRACE] 帧 格网
[11:32:42.913] [TRACE] 帧 开始
[11:32:42.913] [TRACE] 帧 格网趟
[11:32:42.914] [TRACE] 帧 场景趟
[11:32:42.914] [TRACE] 帧 高亮趟
[11:32:42.914] [TRACE] 帧 叠加趟
[11:32:42.914] [TRACE] 帧 光标趟
[11:32:42.914] [TRACE] 帧 结束
[11:32:42.921] [TRACE] 帧 公告板
[11:32:42.921] [TRACE] 帧 格网
[11:32:42.921] [TRACE] 帧 开始
[11:32:42.922] [TRACE] 帧 格网趟
[11:32:42.922] [TRACE] 帧 场景趟
[11:32:42.922] [TRACE] 帧 高亮趟
[11:32:42.922] [TRACE] 帧 叠加趟
[11:32:42.922] [TRACE] 帧 光标趟
[11:32:42.922] [TRACE] 帧 结束
[11:32:42.927] [TRACE] 帧 公告板
[11:32:42.927] [TRACE] 帧 格网
[11:32:42.928] [TRACE] 帧 开始
[11:32:42.929] [TRACE] 帧 格网趟
[11:32:42.929] [TRACE] 帧 场景趟
[11:32:42.929] [TRACE] 帧 高亮趟
[11:32:42.929] [TRACE] 帧 叠加趟
[11:32:42.929] [TRACE] 帧 光标趟
[11:32:42.929] [TRACE] 帧 结束
[11:32:42.935] [TRACE] 帧 公告板
[11:32:42.936] [TRACE] 帧 格网
[11:32:42.936] [TRACE] 帧 开始
[11:32:42.936] [TRACE] 帧 格网趟
[11:32:42.936] [TRACE] 帧 场景趟
[11:32:42.936] [TRACE] 帧 高亮趟
[11:32:42.937] [TRACE] 帧 叠加趟
[11:32:42.937] [TRACE] 帧 光标趟
[11:32:42.937] [TRACE] 帧 结束
[11:32:42.941] [TRACE] 帧 公告板
[11:32:42.941] [TRACE] 帧 格网
[11:32:42.941] [TRACE] 帧 开始
[11:32:42.942] [TRACE] 帧 格网趟
[11:32:42.942] [TRACE] 帧 场景趟
[11:32:42.942] [TRACE] 帧 高亮趟
[11:32:42.942] [TRACE] 帧 叠加趟
[11:32:42.942] [TRACE] 帧 光标趟
[11:32:42.942] [TRACE] 帧 结束
[11:32:42.949] [TRACE] 帧 公告板
[11:32:42.949] [TRACE] 帧 格网
[11:32:42.949] [TRACE] 帧 开始
[11:32:42.950] [TRACE] 帧 格网趟
[11:32:42.950] [TRACE] 帧 场景趟
[11:32:42.950] [TRACE] 帧 高亮趟
[11:32:42.950] [TRACE] 帧 叠加趟
[11:32:42.950] [TRACE] 帧 光标趟
[11:32:42.951] [TRACE] 帧 结束
[11:32:42.955] [TRACE] 帧 公告板
[11:32:42.955] [TRACE] 帧 格网
[11:32:42.955] [TRACE] 帧 开始
[11:32:42.955] [TRACE] 帧 格网趟
[11:32:42.955] [TRACE] 帧 场景趟
[11:32:42.955] [TRACE] 帧 高亮趟
[11:32:42.956] [TRACE] 帧 叠加趟
[11:32:42.956] [TRACE] 帧 光标趟
[11:32:42.956] [TRACE] 帧 结束
[11:32:42.962] [TRACE] 帧 公告板
[11:32:42.962] [TRACE] 帧 格网
[11:32:42.962] [TRACE] 帧 开始
[11:32:42.962] [TRACE] 帧 格网趟
[11:32:42.963] [TRACE] 帧 场景趟
[11:32:42.963] [TRACE] 帧 高亮趟
[11:32:42.963] [TRACE] 帧 叠加趟
[11:32:42.963] [TRACE] 帧 光标趟
[11:32:42.963] [TRACE] 帧 结束
[11:32:42.970] [TRACE] 帧 公告板
[11:32:42.970] [TRACE] 帧 格网
[11:32:42.970] [TRACE] 帧 开始
[11:32:42.971] [TRACE] 帧 格网趟
[11:32:42.971] [TRACE] 帧 场景趟
[11:32:42.971] [TRACE] 帧 高亮趟
[11:32:42.971] [TRACE] 帧 叠加趟
[11:32:42.971] [TRACE] 帧 光标趟
[11:32:42.972] [TRACE] 帧 结束
[11:32:42.976] [TRACE] 帧 公告板
[11:32:42.976] [TRACE] 帧 格网
[11:32:42.976] [TRACE] 帧 开始
[11:32:42.976] [TRACE] 帧 格网趟
[11:32:42.976] [TRACE] 帧 场景趟
[11:32:42.976] [TRACE] 帧 高亮趟
[11:32:42.977] [TRACE] 帧 叠加趟
[11:32:42.977] [TRACE] 帧 光标趟
[11:32:42.977] [TRACE] 帧 结束
[11:32:42.984] [TRACE] 帧 公告板
[11:32:42.984] [TRACE] 帧 格网
[11:32:42.984] [TRACE] 帧 开始
[11:32:42.984] [TRACE] 帧 格网趟
[11:32:42.984] [TRACE] 帧 场景趟
[11:32:42.985] [TRACE] 帧 高亮趟
[11:32:42.985] [TRACE] 帧 叠加趟
[11:32:42.985] [TRACE] 帧 光标趟
[11:32:42.985] [TRACE] 帧 结束
[11:32:42.990] [TRACE] 帧 公告板
[11:32:42.990] [TRACE] 帧 格网
[11:32:42.990] [TRACE] 帧 开始
[11:32:42.990] [TRACE] 帧 格网趟
[11:32:42.991] [TRACE] 帧 场景趟
[11:32:42.991] [TRACE] 帧 高亮趟
[11:32:42.991] [TRACE] 帧 叠加趟
[11:32:42.991] [TRACE] 帧 光标趟
[11:32:42.991] [TRACE] 帧 结束
[11:32:42.996] [TRACE] 帧 公告板
[11:32:42.997] [TRACE] 帧 格网
[11:32:42.997] [TRACE] 帧 开始
[11:32:42.997] [TRACE] 帧 格网趟
[11:32:42.997] [TRACE] 帧 场景趟
[11:32:42.997] [TRACE] 帧 高亮趟
[11:32:42.997] [TRACE] 帧 叠加趟
[11:32:42.997] [TRACE] 帧 光标趟
[11:32:42.998] [TRACE] 帧 结束
[11:32:43.004] [TRACE] 帧 公告板
[11:32:43.005] [TRACE] 帧 格网
[11:32:43.005] [TRACE] 帧 开始
[11:32:43.005] [TRACE] 帧 格网趟
[11:32:43.005] [TRACE] 帧 场景趟
[11:32:43.005] [TRACE] 帧 高亮趟
[11:32:43.005] [TRACE] 帧 叠加趟
[11:32:43.005] [TRACE] 帧 光标趟
[11:32:43.005] [TRACE] 帧 结束
[11:32:43.011] [TRACE] 帧 公告板
[11:32:43.011] [TRACE] 帧 格网
[11:32:43.011] [TRACE] 帧 开始
[11:32:43.011] [TRACE] 帧 格网趟
[11:32:43.012] [TRACE] 帧 场景趟
[11:32:43.012] [TRACE] 帧 高亮趟
[11:32:43.012] [TRACE] 帧 叠加趟
[11:32:43.012] [TRACE] 帧 光标趟
[11:32:43.012] [TRACE] 帧 结束
[11:32:43.018] [TRACE] 帧 公告板
[11:32:43.018] [TRACE] 帧 格网
[11:32:43.018] [TRACE] 帧 开始
[11:32:43.019] [TRACE] 帧 格网趟
[11:32:43.019] [TRACE] 帧 场景趟
[11:32:43.019] [TRACE] 帧 高亮趟
[11:32:43.019] [TRACE] 帧 叠加趟
[11:32:43.019] [TRACE] 帧 光标趟
[11:32:43.019] [TRACE] 帧 结束
[11:32:43.024] [TRACE] 帧 公告板
[11:32:43.025] [TRACE] 帧 格网
[11:32:43.025] [TRACE] 帧 开始
[11:32:43.025] [TRACE] 帧 格网趟
[11:32:43.025] [TRACE] 帧 场景趟
[11:32:43.026] [TRACE] 帧 高亮趟
[11:32:43.026] [TRACE] 帧 叠加趟
[11:32:43.026] [TRACE] 帧 光标趟
[11:32:43.026] [TRACE] 帧 结束
[11:32:43.032] [TRACE] 帧 公告板
[11:32:43.033] [TRACE] 帧 格网
[11:32:43.033] [TRACE] 帧 开始
[11:32:43.033] [TRACE] 帧 格网趟
[11:32:43.033] [TRACE] 帧 场景趟
[11:32:43.033] [TRACE] 帧 高亮趟
[11:32:43.034] [TRACE] 帧 叠加趟
[11:32:43.034] [TRACE] 帧 光标趟
[11:32:43.034] [TRACE] 帧 结束
[11:32:43.038] [TRACE] 帧 公告板
[11:32:43.038] [TRACE] 帧 格网
[11:32:43.038] [TRACE] 帧 开始
[11:32:43.038] [TRACE] 帧 格网趟
[11:32:43.039] [TRACE] 帧 场景趟
[11:32:43.039] [TRACE] 帧 高亮趟
[11:32:43.039] [TRACE] 帧 叠加趟
[11:32:43.039] [TRACE] 帧 光标趟
[11:32:43.039] [TRACE] 帧 结束
[11:32:43.045] [TRACE] 帧 公告板
[11:32:43.046] [TRACE] 帧 格网
[11:32:43.046] [TRACE] 帧 开始
[11:32:43.046] [TRACE] 帧 格网趟
[11:32:43.046] [TRACE] 帧 场景趟
[11:32:43.047] [TRACE] 帧 高亮趟
[11:32:43.047] [TRACE] 帧 叠加趟
[11:32:43.047] [TRACE] 帧 光标趟
[11:32:43.047] [TRACE] 帧 结束
[11:32:43.054] [TRACE] 帧 公告板
[11:32:43.054] [TRACE] 帧 格网
[11:32:43.054] [TRACE] 帧 开始
[11:32:43.054] [TRACE] 帧 格网趟
[11:32:43.055] [TRACE] 帧 场景趟
[11:32:43.055] [TRACE] 帧 高亮趟
[11:32:43.055] [TRACE] 帧 叠加趟
[11:32:43.055] [TRACE] 帧 光标趟
[11:32:43.055] [TRACE] 帧 结束
[11:32:43.059] [TRACE] 帧 公告板
[11:32:43.059] [TRACE] 帧 格网
[11:32:43.059] [TRACE] 帧 开始
[11:32:43.060] [TRACE] 帧 格网趟
[11:32:43.060] [TRACE] 帧 场景趟
[11:32:43.060] [TRACE] 帧 高亮趟
[11:32:43.060] [TRACE] 帧 叠加趟
[11:32:43.060] [TRACE] 帧 光标趟
[11:32:43.060] [TRACE] 帧 结束
[11:32:43.067] [TRACE] 帧 公告板
[11:32:43.068] [TRACE] 帧 格网
[11:32:43.068] [TRACE] 帧 开始
[11:32:43.068] [TRACE] 帧 格网趟
[11:32:43.068] [TRACE] 帧 场景趟
[11:32:43.068] [TRACE] 帧 高亮趟
[11:32:43.068] [TRACE] 帧 叠加趟
[11:32:43.069] [TRACE] 帧 光标趟
[11:32:43.069] [TRACE] 帧 结束
[11:32:43.073] [TRACE] 帧 公告板
[11:32:43.074] [TRACE] 帧 格网
[11:32:43.074] [TRACE] 帧 开始
[11:32:43.074] [TRACE] 帧 格网趟
[11:32:43.074] [TRACE] 帧 场景趟
[11:32:43.074] [TRACE] 帧 高亮趟
[11:32:43.074] [TRACE] 帧 叠加趟
[11:32:43.074] [TRACE] 帧 光标趟
[11:32:43.075] [TRACE] 帧 结束
[11:32:43.080] [TRACE] 帧 公告板
[11:32:43.080] [TRACE] 帧 格网
[11:32:43.080] [TRACE] 帧 开始
[11:32:43.080] [TRACE] 帧 格网趟
[11:32:43.080] [TRACE] 帧 场景趟
[11:32:43.080] [TRACE] 帧 高亮趟
[11:32:43.081] [TRACE] 帧 叠加趟
[11:32:43.081] [TRACE] 帧 光标趟
[11:32:43.081] [TRACE] 帧 结束
[11:32:43.088] [TRACE] 帧 公告板
[11:32:43.088] [TRACE] 帧 格网
[11:32:43.088] [TRACE] 帧 开始
[11:32:43.088] [TRACE] 帧 格网趟
[11:32:43.089] [TRACE] 帧 场景趟
[11:32:43.089] [TRACE] 帧 高亮趟
[11:32:43.089] [TRACE] 帧 叠加趟
[11:32:43.089] [TRACE] 帧 光标趟
[11:32:43.089] [TRACE] 帧 结束
[11:32:43.094] [TRACE] 帧 公告板
[11:32:43.094] [TRACE] 帧 格网
[11:32:43.095] [TRACE] 帧 开始
[11:32:43.095] [TRACE] 帧 格网趟
[11:32:43.095] [TRACE] 帧 场景趟
[11:32:43.095] [TRACE] 帧 高亮趟
[11:32:43.095] [TRACE] 帧 叠加趟
[11:32:43.095] [TRACE] 帧 光标趟
[11:32:43.095] [TRACE] 帧 结束
[11:32:43.102] [TRACE] 帧 公告板
[11:32:43.102] [TRACE] 帧 格网
[11:32:43.102] [TRACE] 帧 开始
[11:32:43.102] [TRACE] 帧 格网趟
[11:32:43.103] [TRACE] 帧 场景趟
[11:32:43.103] [TRACE] 帧 高亮趟
[11:32:43.103] [TRACE] 帧 叠加趟
[11:32:43.103] [TRACE] 帧 光标趟
[11:32:43.103] [TRACE] 帧 结束
[11:32:43.108] [TRACE] 帧 公告板
[11:32:43.109] [TRACE] 帧 格网
[11:32:43.109] [TRACE] 帧 开始
[11:32:43.109] [TRACE] 帧 格网趟
[11:32:43.109] [TRACE] 帧 场景趟
[11:32:43.109] [TRACE] 帧 高亮趟
[11:32:43.109] [TRACE] 帧 叠加趟
[11:32:43.110] [TRACE] 帧 光标趟
[11:32:43.110] [TRACE] 帧 结束
[11:32:43.116] [TRACE] 帧 公告板
[11:32:43.116] [TRACE] 帧 格网
[11:32:43.116] [TRACE] 帧 开始
[11:32:43.116] [TRACE] 帧 格网趟
[11:32:43.117] [TRACE] 帧 场景趟
[11:32:43.117] [TRACE] 帧 高亮趟
[11:32:43.117] [TRACE] 帧 叠加趟
[11:32:43.117] [TRACE] 帧 光标趟
[11:32:43.117] [TRACE] 帧 结束
[11:32:43.122] [TRACE] 帧 公告板
[11:32:43.122] [TRACE] 帧 格网
[11:32:43.122] [TRACE] 帧 开始
[11:32:43.122] [TRACE] 帧 格网趟
[11:32:43.122] [TRACE] 帧 场景趟
[11:32:43.122] [TRACE] 帧 高亮趟
[11:32:43.123] [TRACE] 帧 叠加趟
[11:32:43.123] [TRACE] 帧 光标趟
[11:32:43.123] [TRACE] 帧 结束
[11:32:43.129] [TRACE] 帧 公告板
[11:32:43.129] [TRACE] 帧 格网
[11:32:43.129] [TRACE] 帧 开始
[11:32:43.129] [TRACE] 帧 格网趟
[11:32:43.129] [TRACE] 帧 场景趟
[11:32:43.130] [TRACE] 帧 高亮趟
[11:32:43.130] [TRACE] 帧 叠加趟
[11:32:43.130] [TRACE] 帧 光标趟
[11:32:43.130] [TRACE] 帧 结束
[11:32:43.137] [TRACE] 帧 公告板
[11:32:43.137] [TRACE] 帧 格网
[11:32:43.137] [TRACE] 帧 开始
[11:32:43.138] [TRACE] 帧 格网趟
[11:32:43.138] [TRACE] 帧 场景趟
[11:32:43.138] [TRACE] 帧 高亮趟
[11:32:43.138] [TRACE] 帧 叠加趟
[11:32:43.138] [TRACE] 帧 光标趟
[11:32:43.138] [TRACE] 帧 结束
[11:32:43.143] [TRACE] 帧 公告板
[11:32:43.143] [TRACE] 帧 格网
[11:32:43.143] [TRACE] 帧 开始
[11:32:43.143] [TRACE] 帧 格网趟
[11:32:43.143] [TRACE] 帧 场景趟
[11:32:43.143] [TRACE] 帧 高亮趟
[11:32:43.144] [TRACE] 帧 叠加趟
[11:32:43.144] [TRACE] 帧 光标趟
[11:32:43.144] [TRACE] 帧 结束
[11:32:43.151] [TRACE] 帧 公告板
[11:32:43.151] [TRACE] 帧 格网
[11:32:43.151] [TRACE] 帧 开始
[11:32:43.151] [TRACE] 帧 格网趟
[11:32:43.152] [TRACE] 帧 场景趟
[11:32:43.152] [TRACE] 帧 高亮趟
[11:32:43.152] [TRACE] 帧 叠加趟
[11:32:43.152] [TRACE] 帧 光标趟
[11:32:43.152] [TRACE] 帧 结束
[11:32:43.157] [TRACE] 帧 公告板
[11:32:43.157] [TRACE] 帧 格网
[11:32:43.157] [TRACE] 帧 开始
[11:32:43.157] [TRACE] 帧 格网趟
[11:32:43.157] [TRACE] 帧 场景趟
[11:32:43.157] [TRACE] 帧 高亮趟
[11:32:43.157] [TRACE] 帧 叠加趟
[11:32:43.157] [TRACE] 帧 光标趟
[11:32:43.158] [TRACE] 帧 结束
[11:32:43.163] [TRACE] 帧 公告板
[11:32:43.164] [TRACE] 帧 格网
[11:32:43.164] [TRACE] 帧 开始
[11:32:43.164] [TRACE] 帧 格网趟
[11:32:43.164] [TRACE] 帧 场景趟
[11:32:43.165] [TRACE] 帧 高亮趟
[11:32:43.165] [TRACE] 帧 叠加趟
[11:32:43.165] [TRACE] 帧 光标趟
[11:32:43.165] [TRACE] 帧 结束
[11:32:43.171] [TRACE] 帧 公告板
[11:32:43.171] [TRACE] 帧 格网
[11:32:43.171] [TRACE] 帧 开始
[11:32:43.172] [TRACE] 帧 格网趟
[11:32:43.172] [TRACE] 帧 场景趟
[11:32:43.172] [TRACE] 帧 高亮趟
[11:32:43.172] [TRACE] 帧 叠加趟
[11:32:43.172] [TRACE] 帧 光标趟
[11:32:43.173] [TRACE] 帧 结束
[11:32:43.178] [TRACE] 帧 公告板
[11:32:43.178] [TRACE] 帧 格网
[11:32:43.178] [TRACE] 帧 开始
[11:32:43.178] [TRACE] 帧 格网趟
[11:32:43.178] [TRACE] 帧 场景趟
[11:32:43.179] [TRACE] 帧 高亮趟
[11:32:43.179] [TRACE] 帧 叠加趟
[11:32:43.179] [TRACE] 帧 光标趟
[11:32:43.179] [TRACE] 帧 结束
[11:32:43.185] [TRACE] 帧 公告板
[11:32:43.185] [TRACE] 帧 格网
[11:32:43.185] [TRACE] 帧 开始
[11:32:43.185] [TRACE] 帧 格网趟
[11:32:43.186] [TRACE] 帧 场景趟
[11:32:43.186] [TRACE] 帧 高亮趟
[11:32:43.186] [TRACE] 帧 叠加趟
[11:32:43.186] [TRACE] 帧 光标趟
[11:32:43.186] [TRACE] 帧 结束
[11:32:43.191] [TRACE] 帧 公告板
[11:32:43.192] [TRACE] 帧 格网
[11:32:43.192] [TRACE] 帧 开始
[11:32:43.192] [TRACE] 帧 格网趟
[11:32:43.192] [TRACE] 帧 场景趟
[11:32:43.192] [TRACE] 帧 高亮趟
[11:32:43.192] [TRACE] 帧 叠加趟
[11:32:43.192] [TRACE] 帧 光标趟
[11:32:43.193] [TRACE] 帧 结束
[11:32:43.199] [TRACE] 帧 公告板
[11:32:43.199] [TRACE] 帧 格网
[11:32:43.200] [TRACE] 帧 开始
[11:32:43.200] [TRACE] 帧 格网趟
[11:32:43.200] [TRACE] 帧 场景趟
[11:32:43.200] [TRACE] 帧 高亮趟
[11:32:43.200] [TRACE] 帧 叠加趟
[11:32:43.200] [TRACE] 帧 光标趟
[11:32:43.200] [TRACE] 帧 结束
[11:32:43.205] [TRACE] 帧 公告板
[11:32:43.205] [TRACE] 帧 格网
[11:32:43.205] [TRACE] 帧 开始
[11:32:43.205] [TRACE] 帧 格网趟
[11:32:43.205] [TRACE] 帧 场景趟
[11:32:43.206] [TRACE] 帧 高亮趟
[11:32:43.206] [TRACE] 帧 叠加趟
[11:32:43.206] [TRACE] 帧 光标趟
[11:32:43.206] [TRACE] 帧 结束
[11:32:43.212] [TRACE] 帧 公告板
[11:32:43.212] [TRACE] 帧 格网
[11:32:43.213] [TRACE] 帧 开始
[11:32:43.213] [TRACE] 帧 格网趟
[11:32:43.213] [TRACE] 帧 场景趟
[11:32:43.213] [TRACE] 帧 高亮趟
[11:32:43.213] [TRACE] 帧 叠加趟
[11:32:43.213] [TRACE] 帧 光标趟
[11:32:43.213] [TRACE] 帧 结束
[11:32:43.220] [TRACE] 帧 公告板
[11:32:43.220] [TRACE] 帧 格网
[11:32:43.221] [TRACE] 帧 开始
[11:32:43.221] [TRACE] 帧 格网趟
[11:32:43.221] [TRACE] 帧 场景趟
[11:32:43.221] [TRACE] 帧 高亮趟
[11:32:43.221] [TRACE] 帧 叠加趟
[11:32:43.222] [TRACE] 帧 光标趟
[11:32:43.222] [TRACE] 帧 结束
[11:32:43.226] [TRACE] 帧 公告板
[11:32:43.226] [TRACE] 帧 格网
[11:32:43.226] [TRACE] 帧 开始
[11:32:43.227] [TRACE] 帧 格网趟
[11:32:43.227] [TRACE] 帧 场景趟
[11:32:43.227] [TRACE] 帧 高亮趟
[11:32:43.227] [TRACE] 帧 叠加趟
[11:32:43.227] [TRACE] 帧 光标趟
[11:32:43.228] [TRACE] 帧 结束
[11:32:43.234] [TRACE] 帧 公告板
[11:32:43.234] [TRACE] 帧 格网
[11:32:43.234] [TRACE] 帧 开始
[11:32:43.235] [TRACE] 帧 格网趟
[11:32:43.235] [TRACE] 帧 场景趟
[11:32:43.235] [TRACE] 帧 高亮趟
[11:32:43.235] [TRACE] 帧 叠加趟
[11:32:43.236] [TRACE] 帧 光标趟
[11:32:43.236] [TRACE] 帧 结束
[11:32:43.240] [TRACE] 帧 公告板
[11:32:43.240] [TRACE] 帧 格网
[11:32:43.241] [TRACE] 帧 开始
[11:32:43.241] [TRACE] 帧 格网趟
[11:32:43.241] [TRACE] 帧 场景趟
[11:32:43.241] [TRACE] 帧 高亮趟
[11:32:43.241] [TRACE] 帧 叠加趟
[11:32:43.241] [TRACE] 帧 光标趟
[11:32:43.242] [TRACE] 帧 结束
[11:32:43.247] [TRACE] 帧 公告板
[11:32:43.247] [TRACE] 帧 格网
[11:32:43.247] [TRACE] 帧 开始
[11:32:43.247] [TRACE] 帧 格网趟
[11:32:43.247] [TRACE] 帧 场景趟
[11:32:43.248] [TRACE] 帧 高亮趟
[11:32:43.248] [TRACE] 帧 叠加趟
[11:32:43.248] [TRACE] 帧 光标趟
[11:32:43.248] [TRACE] 帧 结束
[11:32:43.254] [TRACE] 帧 公告板
[11:32:43.255] [TRACE] 帧 格网
[11:32:43.255] [TRACE] 帧 开始
[11:32:43.255] [TRACE] 帧 格网趟
[11:32:43.255] [TRACE] 帧 场景趟
[11:32:43.256] [TRACE] 帧 高亮趟
[11:32:43.256] [TRACE] 帧 叠加趟
[11:32:43.256] [TRACE] 帧 光标趟
[11:32:43.256] [TRACE] 帧 结束
[11:32:43.261] [TRACE] 帧 公告板
[11:32:43.261] [TRACE] 帧 格网
[11:32:43.261] [TRACE] 帧 开始
[11:32:43.261] [TRACE] 帧 格网趟
[11:32:43.262] [TRACE] 帧 场景趟
[11:32:43.262] [TRACE] 帧 高亮趟
[11:32:43.262] [TRACE] 帧 叠加趟
[11:32:43.262] [TRACE] 帧 光标趟
[11:32:43.262] [TRACE] 帧 结束
[11:32:43.269] [TRACE] 帧 公告板
[11:32:43.269] [TRACE] 帧 格网
[11:32:43.269] [TRACE] 帧 开始
[11:32:43.269] [TRACE] 帧 格网趟
[11:32:43.269] [TRACE] 帧 场景趟
[11:32:43.269] [TRACE] 帧 高亮趟
[11:32:43.269] [TRACE] 帧 叠加趟
[11:32:43.270] [TRACE] 帧 光标趟
[11:32:43.270] [TRACE] 帧 结束
[11:32:43.275] [TRACE] 帧 公告板
[11:32:43.275] [TRACE] 帧 格网
[11:32:43.275] [TRACE] 帧 开始
[11:32:43.276] [TRACE] 帧 格网趟
[11:32:43.276] [TRACE] 帧 场景趟
[11:32:43.276] [TRACE] 帧 高亮趟
[11:32:43.276] [TRACE] 帧 叠加趟
[11:32:43.276] [TRACE] 帧 光标趟
[11:32:43.276] [TRACE] 帧 结束
[11:32:43.283] [TRACE] 帧 公告板
[11:32:43.283] [TRACE] 帧 格网
[11:32:43.283] [TRACE] 帧 开始
[11:32:43.283] [TRACE] 帧 格网趟
[11:32:43.283] [TRACE] 帧 场景趟
[11:32:43.284] [TRACE] 帧 高亮趟
[11:32:43.284] [TRACE] 帧 叠加趟
[11:32:43.284] [TRACE] 帧 光标趟
[11:32:43.284] [TRACE] 帧 结束
[11:32:43.288] [TRACE] 帧 公告板
[11:32:43.289] [TRACE] 帧 格网
[11:32:43.289] [TRACE] 帧 开始
[11:32:43.289] [TRACE] 帧 格网趟
[11:32:43.289] [TRACE] 帧 场景趟
[11:32:43.289] [TRACE] 帧 高亮趟
[11:32:43.289] [TRACE] 帧 叠加趟
[11:32:43.289] [TRACE] 帧 光标趟
[11:32:43.289] [TRACE] 帧 结束
[11:32:43.296] [TRACE] 帧 公告板
[11:32:43.296] [TRACE] 帧 格网
[11:32:43.296] [TRACE] 帧 开始
[11:32:43.296] [TRACE] 帧 格网趟
[11:32:43.296] [TRACE] 帧 场景趟
[11:32:43.296] [TRACE] 帧 高亮趟
[11:32:43.296] [TRACE] 帧 叠加趟
[11:32:43.297] [TRACE] 帧 光标趟
[11:32:43.297] [TRACE] 帧 结束
[11:32:43.304] [TRACE] 帧 公告板
[11:32:43.304] [TRACE] 帧 格网
[11:32:43.304] [TRACE] 帧 开始
[11:32:43.305] [TRACE] 帧 格网趟
[11:32:43.305] [TRACE] 帧 场景趟
[11:32:43.305] [TRACE] 帧 高亮趟
[11:32:43.305] [TRACE] 帧 叠加趟
[11:32:43.305] [TRACE] 帧 光标趟
[11:32:43.305] [TRACE] 帧 结束
[11:32:43.309] [TRACE] 帧 公告板
[11:32:43.310] [TRACE] 帧 格网
[11:32:43.310] [TRACE] 帧 开始
[11:32:43.310] [TRACE] 帧 格网趟
[11:32:43.310] [TRACE] 帧 场景趟
[11:32:43.310] [TRACE] 帧 高亮趟
[11:32:43.310] [TRACE] 帧 叠加趟
[11:32:43.310] [TRACE] 帧 光标趟
[11:32:43.310] [TRACE] 帧 结束
[11:32:43.318] [TRACE] 帧 公告板
[11:32:43.318] [TRACE] 帧 格网
[11:32:43.318] [TRACE] 帧 开始
[11:32:43.318] [TRACE] 帧 格网趟
[11:32:43.318] [TRACE] 帧 场景趟
[11:32:43.318] [TRACE] 帧 高亮趟
[11:32:43.318] [TRACE] 帧 叠加趟
[11:32:43.319] [TRACE] 帧 光标趟
[11:32:43.319] [TRACE] 帧 结束
[11:32:43.324] [TRACE] 帧 公告板
[11:32:43.324] [TRACE] 帧 格网
[11:32:43.324] [TRACE] 帧 开始
[11:32:43.324] [TRACE] 帧 格网趟
[11:32:43.325] [TRACE] 帧 场景趟
[11:32:43.325] [TRACE] 帧 高亮趟
[11:32:43.325] [TRACE] 帧 叠加趟
[11:32:43.325] [TRACE] 帧 光标趟
[11:32:43.325] [TRACE] 帧 结束
[11:32:43.330] [TRACE] 帧 公告板
[11:32:43.330] [TRACE] 帧 格网
[11:32:43.331] [TRACE] 帧 开始
[11:32:43.331] [TRACE] 帧 格网趟
[11:32:43.331] [TRACE] 帧 场景趟
[11:32:43.331] [TRACE] 帧 高亮趟
[11:32:43.331] [TRACE] 帧 叠加趟
[11:32:43.331] [TRACE] 帧 光标趟
[11:32:43.331] [TRACE] 帧 结束
[11:32:43.338] [TRACE] 帧 公告板
[11:32:43.338] [TRACE] 帧 格网
[11:32:43.338] [TRACE] 帧 开始
[11:32:43.339] [TRACE] 帧 格网趟
[11:32:43.339] [TRACE] 帧 场景趟
[11:32:43.339] [TRACE] 帧 高亮趟
[11:32:43.339] [TRACE] 帧 叠加趟
[11:32:43.339] [TRACE] 帧 光标趟
[11:32:43.339] [TRACE] 帧 结束
[11:32:43.344] [TRACE] 帧 公告板
[11:32:43.344] [TRACE] 帧 格网
[11:32:43.345] [TRACE] 帧 开始
[11:32:43.345] [TRACE] 帧 格网趟
[11:32:43.345] [TRACE] 帧 场景趟
[11:32:43.345] [TRACE] 帧 高亮趟
[11:32:43.345] [TRACE] 帧 叠加趟
[11:32:43.345] [TRACE] 帧 光标趟
[11:32:43.346] [TRACE] 帧 结束
[11:32:43.352] [TRACE] 帧 公告板
[11:32:43.352] [TRACE] 帧 格网
[11:32:43.352] [TRACE] 帧 开始
[11:32:43.353] [TRACE] 帧 格网趟
[11:32:43.353] [TRACE] 帧 场景趟
[11:32:43.353] [TRACE] 帧 高亮趟
[11:32:43.353] [TRACE] 帧 叠加趟
[11:32:43.353] [TRACE] 帧 光标趟
[11:32:43.353] [TRACE] 帧 结束
[11:32:43.358] [TRACE] 帧 公告板
[11:32:43.358] [TRACE] 帧 格网
[11:32:43.359] [TRACE] 帧 开始
[11:32:43.359] [TRACE] 帧 格网趟
[11:32:43.359] [TRACE] 帧 场景趟
[11:32:43.359] [TRACE] 帧 高亮趟
[11:32:43.359] [TRACE] 帧 叠加趟
[11:32:43.360] [TRACE] 帧 光标趟
[11:32:43.360] [TRACE] 帧 结束
[11:32:43.366] [TRACE] 帧 公告板
[11:32:43.366] [TRACE] 帧 格网
[11:32:43.366] [TRACE] 帧 开始
[11:32:43.367] [TRACE] 帧 格网趟
[11:32:43.367] [TRACE] 帧 场景趟
[11:32:43.367] [TRACE] 帧 高亮趟
[11:32:43.367] [TRACE] 帧 叠加趟
[11:32:43.367] [TRACE] 帧 光标趟
[11:32:43.367] [TRACE] 帧 结束
[11:32:43.372] [TRACE] 帧 公告板
[11:32:43.372] [TRACE] 帧 格网
[11:32:43.372] [TRACE] 帧 开始
[11:32:43.372] [TRACE] 帧 格网趟
[11:32:43.372] [TRACE] 帧 场景趟
[11:32:43.372] [TRACE] 帧 高亮趟
[11:32:43.373] [TRACE] 帧 叠加趟
[11:32:43.373] [TRACE] 帧 光标趟
[11:32:43.373] [TRACE] 帧 结束
[11:32:43.379] [TRACE] 帧 公告板
[11:32:43.379] [TRACE] 帧 格网
[11:32:43.379] [TRACE] 帧 开始
[11:32:43.379] [TRACE] 帧 格网趟
[11:32:43.380] [TRACE] 帧 场景趟
[11:32:43.380] [TRACE] 帧 高亮趟
[11:32:43.380] [TRACE] 帧 叠加趟
[11:32:43.380] [TRACE] 帧 光标趟
[11:32:43.380] [TRACE] 帧 结束
[11:32:43.387] [TRACE] 帧 公告板
[11:32:43.387] [TRACE] 帧 格网
[11:32:43.387] [TRACE] 帧 开始
[11:32:43.388] [TRACE] 帧 格网趟
[11:32:43.388] [TRACE] 帧 场景趟
[11:32:43.388] [TRACE] 帧 高亮趟
[11:32:43.388] [TRACE] 帧 叠加趟
[11:32:43.388] [TRACE] 帧 光标趟
[11:32:43.389] [TRACE] 帧 结束
[11:32:43.392] [TRACE] 帧 公告板
[11:32:43.393] [TRACE] 帧 格网
[11:32:43.393] [TRACE] 帧 开始
[11:32:43.393] [TRACE] 帧 格网趟
[11:32:43.393] [TRACE] 帧 场景趟
[11:32:43.393] [TRACE] 帧 高亮趟
[11:32:43.394] [TRACE] 帧 叠加趟
[11:32:43.394] [TRACE] 帧 光标趟
[11:32:43.394] [TRACE] 帧 结束
[11:32:43.401] [TRACE] 帧 公告板
[11:32:43.401] [TRACE] 帧 格网
[11:32:43.401] [TRACE] 帧 开始
[11:32:43.402] [TRACE] 帧 格网趟
[11:32:43.402] [TRACE] 帧 场景趟
[11:32:43.402] [TRACE] 帧 高亮趟
[11:32:43.402] [TRACE] 帧 叠加趟
[11:32:43.402] [TRACE] 帧 光标趟
[11:32:43.402] [TRACE] 帧 结束
[11:32:43.407] [TRACE] 帧 公告板
[11:32:43.407] [TRACE] 帧 格网
[11:32:43.407] [TRACE] 帧 开始
[11:32:43.407] [TRACE] 帧 格网趟
[11:32:43.408] [TRACE] 帧 场景趟
[11:32:43.408] [TRACE] 帧 高亮趟
[11:32:43.408] [TRACE] 帧 叠加趟
[11:32:43.408] [TRACE] 帧 光标趟
[11:32:43.408] [TRACE] 帧 结束
[11:32:43.414] [TRACE] 帧 公告板
[11:32:43.414] [TRACE] 帧 格网
[11:32:43.414] [TRACE] 帧 开始
[11:32:43.414] [TRACE] 帧 格网趟
[11:32:43.414] [TRACE] 帧 场景趟
[11:32:43.415] [TRACE] 帧 高亮趟
[11:32:43.415] [TRACE] 帧 叠加趟
[11:32:43.415] [TRACE] 帧 光标趟
[11:32:43.415] [TRACE] 帧 结束
[11:32:43.421] [TRACE] 帧 公告板
[11:32:43.421] [TRACE] 帧 格网
[11:32:43.422] [TRACE] 帧 开始
[11:32:43.422] [TRACE] 帧 格网趟
[11:32:43.422] [TRACE] 帧 场景趟
[11:32:43.422] [TRACE] 帧 高亮趟
[11:32:43.422] [TRACE] 帧 叠加趟
[11:32:43.422] [TRACE] 帧 光标趟
[11:32:43.422] [TRACE] 帧 结束
[11:32:43.428] [TRACE] 帧 公告板
[11:32:43.428] [TRACE] 帧 格网
[11:32:43.428] [TRACE] 帧 开始
[11:32:43.428] [TRACE] 帧 格网趟
[11:32:43.428] [TRACE] 帧 场景趟
[11:32:43.428] [TRACE] 帧 高亮趟
[11:32:43.428] [TRACE] 帧 叠加趟
[11:32:43.429] [TRACE] 帧 光标趟
[11:32:43.429] [TRACE] 帧 结束
[11:32:43.435] [TRACE] 帧 公告板
[11:32:43.436] [TRACE] 帧 格网
[11:32:43.436] [TRACE] 帧 开始
[11:32:43.436] [TRACE] 帧 格网趟
[11:32:43.436] [TRACE] 帧 场景趟
[11:32:43.437] [TRACE] 帧 高亮趟
[11:32:43.437] [TRACE] 帧 叠加趟
[11:32:43.437] [TRACE] 帧 光标趟
[11:32:43.437] [TRACE] 帧 结束
[11:32:43.442] [TRACE] 帧 公告板
[11:32:43.442] [TRACE] 帧 格网
[11:32:43.442] [TRACE] 帧 开始
[11:32:43.443] [TRACE] 帧 格网趟
[11:32:43.443] [TRACE] 帧 场景趟
[11:32:43.443] [TRACE] 帧 高亮趟
[11:32:43.443] [TRACE] 帧 叠加趟
[11:32:43.443] [TRACE] 帧 光标趟
[11:32:43.443] [TRACE] 帧 结束
[11:32:43.449] [TRACE] 帧 公告板
[11:32:43.450] [TRACE] 帧 格网
[11:32:43.450] [TRACE] 帧 开始
[11:32:43.450] [TRACE] 帧 格网趟
[11:32:43.450] [TRACE] 帧 场景趟
[11:32:43.450] [TRACE] 帧 高亮趟
[11:32:43.450] [TRACE] 帧 叠加趟
[11:32:43.451] [TRACE] 帧 光标趟
[11:32:43.451] [TRACE] 帧 结束
[11:32:43.456] [TRACE] 帧 公告板
[11:32:43.456] [TRACE] 帧 格网
[11:32:43.456] [TRACE] 帧 开始
[11:32:43.456] [TRACE] 帧 格网趟
[11:32:43.456] [TRACE] 帧 场景趟
[11:32:43.456] [TRACE] 帧 高亮趟
[11:32:43.456] [TRACE] 帧 叠加趟
[11:32:43.457] [TRACE] 帧 光标趟
[11:32:43.457] [TRACE] 帧 结束
[11:32:43.463] [TRACE] 帧 公告板
[11:32:43.463] [TRACE] 帧 格网
[11:32:43.463] [TRACE] 帧 开始
[11:32:43.463] [TRACE] 帧 格网趟
[11:32:43.464] [TRACE] 帧 场景趟
[11:32:43.464] [TRACE] 帧 高亮趟
[11:32:43.464] [TRACE] 帧 叠加趟
[11:32:43.464] [TRACE] 帧 光标趟
[11:32:43.464] [TRACE] 帧 结束
[11:32:43.471] [TRACE] 帧 公告板
[11:32:43.471] [TRACE] 帧 格网
[11:32:43.471] [TRACE] 帧 开始
[11:32:43.471] [TRACE] 帧 格网趟
[11:32:43.471] [TRACE] 帧 场景趟
[11:32:43.472] [TRACE] 帧 高亮趟
[11:32:43.472] [TRACE] 帧 叠加趟
[11:32:43.472] [TRACE] 帧 光标趟
[11:32:43.472] [TRACE] 帧 结束
[11:32:43.477] [TRACE] 帧 公告板
[11:32:43.477] [TRACE] 帧 格网
[11:32:43.477] [TRACE] 帧 开始
[11:32:43.477] [TRACE] 帧 格网趟
[11:32:43.477] [TRACE] 帧 场景趟
[11:32:43.477] [TRACE] 帧 高亮趟
[11:32:43.477] [TRACE] 帧 叠加趟
[11:32:43.477] [TRACE] 帧 光标趟
[11:32:43.478] [TRACE] 帧 结束
[11:32:43.484] [TRACE] 帧 公告板
[11:32:43.484] [TRACE] 帧 格网
[11:32:43.485] [TRACE] 帧 开始
[11:32:43.485] [TRACE] 帧 格网趟
[11:32:43.485] [TRACE] 帧 场景趟
[11:32:43.485] [TRACE] 帧 高亮趟
[11:32:43.485] [TRACE] 帧 叠加趟
[11:32:43.486] [TRACE] 帧 光标趟
[11:32:43.486] [TRACE] 帧 结束
[11:32:43.491] [TRACE] 帧 公告板
[11:32:43.491] [TRACE] 帧 格网
[11:32:43.491] [TRACE] 帧 开始
[11:32:43.491] [TRACE] 帧 格网趟
[11:32:43.491] [TRACE] 帧 场景趟
[11:32:43.492] [TRACE] 帧 高亮趟
[11:32:43.492] [TRACE] 帧 叠加趟
[11:32:43.492] [TRACE] 帧 光标趟
[11:32:43.492] [TRACE] 帧 结束
[11:32:43.498] [TRACE] 帧 公告板
[11:32:43.498] [TRACE] 帧 格网
[11:32:43.498] [TRACE] 帧 开始
[11:32:43.499] [TRACE] 帧 格网趟
[11:32:43.499] [TRACE] 帧 场景趟
[11:32:43.499] [TRACE] 帧 高亮趟
[11:32:43.499] [TRACE] 帧 叠加趟
[11:32:43.499] [TRACE] 帧 光标趟
[11:32:43.499] [TRACE] 帧 结束
[11:32:43.504] [TRACE] 帧 公告板
[11:32:43.504] [TRACE] 帧 格网
[11:32:43.504] [TRACE] 帧 开始
[11:32:43.505] [TRACE] 帧 格网趟
[11:32:43.505] [TRACE] 帧 场景趟
[11:32:43.505] [TRACE] 帧 高亮趟
[11:32:43.505] [TRACE] 帧 叠加趟
[11:32:43.505] [TRACE] 帧 光标趟
[11:32:43.505] [TRACE] 帧 结束
[11:32:43.511] [TRACE] 帧 公告板
[11:32:43.511] [TRACE] 帧 格网
[11:32:43.511] [TRACE] 帧 开始
[11:32:43.512] [TRACE] 帧 格网趟
[11:32:43.512] [TRACE] 帧 场景趟
[11:32:43.512] [TRACE] 帧 高亮趟
[11:32:43.512] [TRACE] 帧 叠加趟
[11:32:43.512] [TRACE] 帧 光标趟
[11:32:43.513] [TRACE] 帧 结束
[11:32:43.519] [TRACE] 帧 公告板
[11:32:43.520] [TRACE] 帧 格网
[11:32:43.520] [TRACE] 帧 开始
[11:32:43.520] [TRACE] 帧 格网趟
[11:32:43.520] [TRACE] 帧 场景趟
[11:32:43.520] [TRACE] 帧 高亮趟
[11:32:43.520] [TRACE] 帧 叠加趟
[11:32:43.520] [TRACE] 帧 光标趟
[11:32:43.521] [TRACE] 帧 结束
[11:32:43.525] [TRACE] 帧 公告板
[11:32:43.526] [TRACE] 帧 格网
[11:32:43.526] [TRACE] 帧 开始
[11:32:43.526] [TRACE] 帧 格网趟
[11:32:43.526] [TRACE] 帧 场景趟
[11:32:43.526] [TRACE] 帧 高亮趟
[11:32:43.527] [TRACE] 帧 叠加趟
[11:32:43.527] [TRACE] 帧 光标趟
[11:32:43.527] [TRACE] 帧 结束
[11:32:43.533] [TRACE] 帧 公告板
[11:32:43.533] [TRACE] 帧 格网
[11:32:43.534] [TRACE] 帧 开始
[11:32:43.534] [TRACE] 帧 格网趟
[11:32:43.534] [TRACE] 帧 场景趟
[11:32:43.534] [TRACE] 帧 高亮趟
[11:32:43.534] [TRACE] 帧 叠加趟
[11:32:43.535] [TRACE] 帧 光标趟
[11:32:43.535] [TRACE] 帧 结束
[11:32:43.539] [TRACE] 帧 公告板
[11:32:43.539] [TRACE] 帧 格网
[11:32:43.539] [TRACE] 帧 开始
[11:32:43.539] [TRACE] 帧 格网趟
[11:32:43.540] [TRACE] 帧 场景趟
[11:32:43.540] [TRACE] 帧 高亮趟
[11:32:43.540] [TRACE] 帧 叠加趟
[11:32:43.540] [TRACE] 帧 光标趟
[11:32:43.540] [TRACE] 帧 结束
[11:32:43.546] [TRACE] 帧 公告板
[11:32:43.546] [TRACE] 帧 格网
[11:32:43.546] [TRACE] 帧 开始
[11:32:43.546] [TRACE] 帧 格网趟
[11:32:43.546] [TRACE] 帧 场景趟
[11:32:43.547] [TRACE] 帧 高亮趟
[11:32:43.547] [TRACE] 帧 叠加趟
[11:32:43.547] [TRACE] 帧 光标趟
[11:32:43.547] [TRACE] 帧 结束
[11:32:43.554] [TRACE] 帧 公告板
[11:32:43.554] [TRACE] 帧 格网
[11:32:43.555] [TRACE] 帧 开始
[11:32:43.555] [TRACE] 帧 格网趟
[11:32:43.555] [TRACE] 帧 场景趟
[11:32:43.555] [TRACE] 帧 高亮趟
[11:32:43.555] [TRACE] 帧 叠加趟
[11:32:43.556] [TRACE] 帧 光标趟
[11:32:43.556] [TRACE] 帧 结束
[11:32:43.560] [TRACE] 帧 公告板
[11:32:43.560] [TRACE] 帧 格网
[11:32:43.560] [TRACE] 帧 开始
[11:32:43.560] [TRACE] 帧 格网趟
[11:32:43.561] [TRACE] 帧 场景趟
[11:32:43.561] [TRACE] 帧 高亮趟
[11:32:43.561] [TRACE] 帧 叠加趟
[11:32:43.561] [TRACE] 帧 光标趟
[11:32:43.561] [TRACE] 帧 结束
[11:32:43.568] [TRACE] 帧 公告板
[11:32:43.568] [TRACE] 帧 格网
[11:32:43.568] [TRACE] 帧 开始
[11:32:43.568] [TRACE] 帧 格网趟
[11:32:43.568] [TRACE] 帧 场景趟
[11:32:43.569] [TRACE] 帧 高亮趟
[11:32:43.569] [TRACE] 帧 叠加趟
[11:32:43.569] [TRACE] 帧 光标趟
[11:32:43.569] [TRACE] 帧 结束
[11:32:43.573] [TRACE] 帧 公告板
[11:32:43.574] [TRACE] 帧 格网
[11:32:43.574] [TRACE] 帧 开始
[11:32:43.574] [TRACE] 帧 格网趟
[11:32:43.574] [TRACE] 帧 场景趟
[11:32:43.574] [TRACE] 帧 高亮趟
[11:32:43.574] [TRACE] 帧 叠加趟
[11:32:43.574] [TRACE] 帧 光标趟
[11:32:43.575] [TRACE] 帧 结束
[11:32:43.581] [TRACE] 帧 公告板
[11:32:43.581] [TRACE] 帧 格网
[11:32:43.582] [TRACE] 帧 开始
[11:32:43.582] [TRACE] 帧 格网趟
[11:32:43.582] [TRACE] 帧 场景趟
[11:32:43.582] [TRACE] 帧 高亮趟
[11:32:43.582] [TRACE] 帧 叠加趟
[11:32:43.583] [TRACE] 帧 光标趟
[11:32:43.583] [TRACE] 帧 结束
[11:32:43.587] [TRACE] 帧 公告板
[11:32:43.587] [TRACE] 帧 格网
[11:32:43.588] [TRACE] 帧 开始
[11:32:43.588] [TRACE] 帧 格网趟
[11:32:43.588] [TRACE] 帧 场景趟
[11:32:43.588] [TRACE] 帧 高亮趟
[11:32:43.588] [TRACE] 帧 叠加趟
[11:32:43.588] [TRACE] 帧 光标趟
[11:32:43.588] [TRACE] 帧 结束
[11:32:43.595] [TRACE] 帧 公告板
[11:32:43.595] [TRACE] 帧 格网
[11:32:43.595] [TRACE] 帧 开始
[11:32:43.595] [TRACE] 帧 格网趟
[11:32:43.596] [TRACE] 帧 场景趟
[11:32:43.596] [TRACE] 帧 高亮趟
[11:32:43.596] [TRACE] 帧 叠加趟
[11:32:43.596] [TRACE] 帧 光标趟
[11:32:43.596] [TRACE] 帧 结束
[11:32:43.602] [TRACE] 帧 公告板
[11:32:43.602] [TRACE] 帧 格网
[11:32:43.602] [TRACE] 帧 开始
[11:32:43.603] [TRACE] 帧 格网趟
[11:32:43.603] [TRACE] 帧 场景趟
[11:32:43.603] [TRACE] 帧 高亮趟
[11:32:43.603] [TRACE] 帧 叠加趟
[11:32:43.603] [TRACE] 帧 光标趟
[11:32:43.603] [TRACE] 帧 结束
[11:32:43.608] [TRACE] 帧 公告板
[11:32:43.609] [TRACE] 帧 格网
[11:32:43.609] [TRACE] 帧 开始
[11:32:43.609] [TRACE] 帧 格网趟
[11:32:43.609] [TRACE] 帧 场景趟
[11:32:43.610] [TRACE] 帧 高亮趟
[11:32:43.610] [TRACE] 帧 叠加趟
[11:32:43.610] [TRACE] 帧 光标趟
[11:32:43.610] [TRACE] 帧 结束
[11:32:43.616] [TRACE] 帧 公告板
[11:32:43.617] [TRACE] 帧 格网
[11:32:43.617] [TRACE] 帧 开始
[11:32:43.617] [TRACE] 帧 格网趟
[11:32:43.617] [TRACE] 帧 场景趟
[11:32:43.617] [TRACE] 帧 高亮趟
[11:32:43.618] [TRACE] 帧 叠加趟
[11:32:43.618] [TRACE] 帧 光标趟
[11:32:43.618] [TRACE] 帧 结束
[11:32:43.622] [TRACE] 帧 公告板
[11:32:43.622] [TRACE] 帧 格网
[11:32:43.622] [TRACE] 帧 开始
[11:32:43.622] [TRACE] 帧 格网趟
[11:32:43.622] [TRACE] 帧 场景趟
[11:32:43.622] [TRACE] 帧 高亮趟
[11:32:43.623] [TRACE] 帧 叠加趟
[11:32:43.623] [TRACE] 帧 光标趟
[11:32:43.623] [TRACE] 帧 结束
[11:32:43.629] [TRACE] 帧 公告板
[11:32:43.629] [TRACE] 帧 格网
[11:32:43.630] [TRACE] 帧 开始
[11:32:43.630] [TRACE] 帧 格网趟
[11:32:43.630] [TRACE] 帧 场景趟
[11:32:43.630] [TRACE] 帧 高亮趟
[11:32:43.630] [TRACE] 帧 叠加趟
[11:32:43.630] [TRACE] 帧 光标趟
[11:32:43.631] [TRACE] 帧 结束
[11:32:43.637] [TRACE] 帧 公告板
[11:32:43.638] [TRACE] 帧 格网
[11:32:43.638] [TRACE] 帧 开始
[11:32:43.638] [TRACE] 帧 格网趟
[11:32:43.638] [TRACE] 帧 场景趟
[11:32:43.638] [TRACE] 帧 高亮趟
[11:32:43.638] [TRACE] 帧 叠加趟
[11:32:43.639] [TRACE] 帧 光标趟
[11:32:43.639] [TRACE] 帧 结束
[11:32:43.643] [TRACE] 帧 公告板
[11:32:43.643] [TRACE] 帧 格网
[11:32:43.643] [TRACE] 帧 开始
[11:32:43.643] [TRACE] 帧 格网趟
[11:32:43.643] [TRACE] 帧 场景趟
[11:32:43.643] [TRACE] 帧 高亮趟
[11:32:43.644] [TRACE] 帧 叠加趟
[11:32:43.644] [TRACE] 帧 光标趟
[11:32:43.644] [TRACE] 帧 结束
